address,area,capacity_seated,capacity_standing,catering_options,city,cuisine,is_supervenue,lat,lng,min_attendees,mrt_distance,mrt_station,opening_hours,postcode,price,price_method,price_per_person,price_per_person_type,price_type,rating,response_rate,response_time_min,reviews,room_features,room_id,room_name,space_type,url,venue_id,venue_name,venue_part,venue_type,venue_url
"2 Finlayson Green, Raffles Place 2",Raffles Place,90,120,"[1, 16, 19, 8, 1000]",Singapore,American,False,1.2819224,103.8516356,,250 m,Raffles Place MRT Station,"[{""type"": ""OpeningHoursSpecification"", ""dayOfWeek"": [""Monday"", ""Tuesday"", ""Wednesday"", ""Thursday"", ""Friday"", ""Saturday"", ""Sunday""], ""opens"": ""07:00"", ""closes"": ""22:00""}]",049247,S$500,hire fee,2800,per morning,per session,4.4,1,28,85,"[3, 5, 6, 7, 8, 9, 10, 11, 12, 16, 17]",13546,Ascott Raffles Place Venue,Event Venue,https://www.tagvenue.com/sg/rooms/singapore/13546/raffles-place-event-venue/ascott-raffles-place-venue,6190,Raffles Place Event Venue,Whole venue,Event Venue,https://www.tagvenue.com/sg/venues/singapore/6190/raffles-place-event-venue
577a Balestier Road ,Balestier,40,40,"[7, 16, 1000, 1001]",Singapore,,True,1.3264576,103.8440056,,650 m,Novena MRT Station,"[{""type"": ""OpeningHoursSpecification"", ""dayOfWeek"": [""Monday"", ""Tuesday"", ""Wednesday"", ""Thursday"", ""Friday"", ""Saturday"", ""Sunday""], ""opens"": ""00:00"", ""closes"": ""23:59""}]",329892,S$65,hire fee,-1,NULL,per hour,5,0.9145,0,8,"[3, 5, 6, 7, 8, 12, 16, 17, 18, 19, 21, 24, 27, 28]",82654,Entire Venue,Event Venue,https://www.tagvenue.com/sg/rooms/singapore/82654/kei-studio-pet-friendly-event-space/entire-venue,49825,KEI Studio | Pet Friendly Event Space,Whole venue,Event Venue,https://www.tagvenue.com/sg/venues/singapore/49825/kei-studio-pet-friendly-event-space
76 Nanyang Drive ,Western Water Catchment,100,100,"[1, 2, 3, 9, 14, 15, 20, 21, 8, 1000, 1001]",Singapore,Asian,False,1.347429436306,103.67948062618,,,,"[{""type"": ""OpeningHoursSpecification"", ""dayOfWeek"": [""Monday"", ""Tuesday"", ""Wednesday"", ""Thursday"", ""Friday"", ""Saturday"", ""Sunday""], ""opens"": ""17:00"", ""closes"": ""20:00""}]",637331,S$28,per person,2800,per evening,per evening,4.5,0.9883,12,3,"[3, 5, 6, 7, 8, 9, 10, 12, 16, 17, 18, 21]",29206,Event Venue NTU Campus,Dining Room,https://www.tagvenue.com/sg/rooms/singapore/29206/event-venue-ntu-campus/event-venue-ntu-campus,13964,Event Venue NTU Campus,Semi-private area,Restaurant,https://www.tagvenue.com/sg/venues/singapore/13964/event-venue-ntu-campus
Pasir Panjang Road 102E,Pasir Panjang 2,90,100,"[1, 2, 7, 20, 8, 1001]",Singapore,,True,1.2760918,103.7954127,,450 m,Pasir Panjang MRT Station,"[{""type"": ""OpeningHoursSpecification"", ""dayOfWeek"": [""Monday"", ""Wednesday"", ""Thursday"", ""Friday""], ""opens"": ""10:30"", ""closes"": ""21:00""}, {""type"": ""OpeningHoursSpecification"", ""dayOfWeek"": [""Saturday"", ""Sunday""], ""opens"": ""09:00"", ""closes"": ""21:00""}]",118529,S$400,hire fee,-1,NULL,per hour,4.7,0.9748,34,30,"[3, 5, 6, 7, 8, 10, 12, 17, 19]",32524,Entire Venue,Cafe,https://www.tagvenue.com/sg/rooms/singapore/32524/knots-cafe-and-living-pasir-panjang/entire-venue,15087,Knots Cafe and Living (Pasir Panjang),Whole venue,Cafe,https://www.tagvenue.com/sg/venues/singapore/15087/knots-cafe-and-living-pasir-panjang
39 MacTaggart Road ,Joo Seng,152,180,"[1, 2, 9, 10, 8, 1000, 1001]",Singapore,,False,1.3339436,103.8832766,,550 m,Tai Seng MRT Station,"[{""type"": ""OpeningHoursSpecification"", ""dayOfWeek"": [""Monday"", ""Tuesday"", ""Wednesday"", ""Thursday"", ""Friday"", ""Saturday"", ""Sunday""], ""opens"": ""00:00"", ""closes"": ""23:59""}]",368084,S$78,per person,-1,NULL,,4.9,0.9819,327,24,"[3, 5, 6, 7, 8, 9, 10, 11, 12, 16, 17, 18, 24, 25, 27]",39302,The Outset,Event Venue,https://www.tagvenue.com/sg/rooms/singapore/39302/the-outset/the-outset?event-offer=wedding,18722,The Outset,Whole venue,Event Venue,https://www.tagvenue.com/sg/venues/singapore/18722/the-outset
Duxton Hill 10A,Tanjong Pagar,65,65,"[7, 16, 19, 8]",Singapore,,True,1.2791609645404,103.84283812209,,350 m,Outram Park MRT Station,"[{""type"": ""OpeningHoursSpecification"", ""dayOfWeek"": [""Monday"", ""Tuesday"", ""Wednesday"", ""Thursday"", ""Saturday"", ""Sunday""], ""opens"": ""09:00"", ""closes"": ""22:00""}, {""type"": ""OpeningHoursSpecification"", ""dayOfWeek"": [""Friday""], ""opens"": ""09:00"", ""closes"": ""17:00""}]",089594,S$1300,hire fee,-1,NULL,per hour,4.9,1,7,51,"[3, 5, 6, 7, 9, 12, 17, 18, 19, 20, 27]",24834,Weddings and ROM,Event Venue,https://www.tagvenue.com/sg/rooms/singapore/24834/the-secret-patio/full-venue?event-offer=wedding,11630,The Secret Patio,Whole venue,Event Venue,https://www.tagvenue.com/sg/venues/singapore/11630/the-secret-patio
Tampines Street 92 1/A,Tampines West,120,150,"[1, 2, 9, 10, 14, 16, 20, 21, 8, 1000, 1001]",Singapore,Asian,False,1.3440858099799,103.94183019511,,400 m,Tampines West MRT Station,"[{""type"": ""OpeningHoursSpecification"", ""dayOfWeek"": [""Monday"", ""Tuesday"", ""Wednesday"", ""Thursday"", ""Friday"", ""Saturday"", ""Sunday""], ""opens"": ""11:00"", ""closes"": ""23:00""}]",528882,S$2500,minimum spend,-1,NULL,per session,5,0.997,104,8,"[3, 5, 7, 8, 9, 12, 16, 17, 18, 24, 25, 26]",27689,Main Hall,Hall,https://www.tagvenue.com/sg/rooms/singapore/27689/7th-heaven-event-space/main-hall,13227,7th Heaven Event Space,Private space,Restaurant,https://www.tagvenue.com/sg/venues/singapore/13227/7th-heaven-event-space
1 Unity Street ,Singapore City Centre,90,110,"[1, 7, 15, 20, 8, 1001]",Singapore,,False,1.2913643,103.8423677,,250 m,Fort Canning MRT Station,"[{""type"": ""OpeningHoursSpecification"", ""dayOfWeek"": [""Monday"", ""Tuesday"", ""Wednesday"", ""Thursday"", ""Friday"", ""Saturday"", ""Sunday""], ""opens"": ""11:00"", ""closes"": ""22:00""}]",237983,S$2500,minimum spend,4500,per session,per session,4.5,0.9381,312,11,"[5, 6, 7, 8, 9, 10, 11, 12, 13, 16, 17, 19, 20, 28]",68464,Entrepôt,Restaurant,https://www.tagvenue.com/sg/rooms/singapore/68464/the-robertson-house-by-the-crest-collection/entrepot,36314,The Robertson House by The Crest Collection,Private space,Hotel,https://www.tagvenue.com/sg/venues/singapore/36314/the-robertson-house-by-the-crest-collection-2
Coleman Street 23A,Dhoby Ghaut,150,350,"[1, 2, 9, 14, 20, 21, 8, 1000, 1001]",Singapore,European,False,1.2925592325231,103.84915494114,,400 m,City Hall MRT Station,"[{""type"": ""OpeningHoursSpecification"", ""dayOfWeek"": [""Monday"", ""Tuesday"", ""Wednesday"", ""Thursday"", ""Friday"", ""Saturday"", ""Sunday""], ""opens"": ""10:00"", ""closes"": ""23:30""}]",179806,S$78,per person,-1,NULL,per session,4.9,0.985,54,29,"[3, 5, 6, 7, 8, 9, 10, 11, 12, 13, 16, 17, 18, 19, 20, 25, 26, 27]",24918,Whole Venue,Event Venue,https://www.tagvenue.com/sg/rooms/singapore/24918/the-masons-table/whole-venue,11594,The Masons Table,Whole venue,Event Venue,https://www.tagvenue.com/sg/venues/singapore/11594/the-masons-table
131 Neil Road ,Everton Park,25,30,"[16, 18, 1000, 1001]",Singapore,,True,1.2773446,103.8380588,,300 m,Outram Park MRT Station,"[{""type"": ""OpeningHoursSpecification"", ""dayOfWeek"": [""Monday"", ""Tuesday"", ""Wednesday"", ""Thursday"", ""Friday""], ""opens"": ""08:00"", ""closes"": ""21:00""}, {""type"": ""OpeningHoursSpecification"", ""dayOfWeek"": [""Saturday"", ""Sunday""], ""opens"": ""09:00"", ""closes"": ""20:00""}]",088860,S$100,hire fee,-1,NULL,per hour,4.7,1,0,38,"[5, 6, 7, 8, 12, 16, 17, 19, 20, 21, 22, 23, 24, 25, 26, 27, 28]",78233,RED PANDA STUDIO (A+B),Photo / Film Studio,https://www.tagvenue.com/sg/rooms/singapore/78233/red-panda/red-panda-studio-ab,46023,Red Panda,Whole venue,Photo / Film Studio,https://www.tagvenue.com/sg/venues/singapore/46023/red-panda
30 Raffles Avenue ,Marina Centre,125,200,"[1, 2, 14, 20, 8, 1000, 1001]",Singapore,,False,1.2891138,103.8625009,,450 m,Promenade MRT Station,"[{""type"": ""OpeningHoursSpecification"", ""dayOfWeek"": [""Monday"", ""Tuesday"", ""Wednesday"", ""Thursday"", ""Friday"", ""Saturday"", ""Sunday""], ""opens"": ""10:30"", ""closes"": ""22:30""}]",039803,S$70,per person,7000,per session,,5,0.9423,97,8,"[3, 5, 6, 7, 8, 9, 12, 13, 17, 18]",71644,Event Area,Event Venue,https://www.tagvenue.com/sg/rooms/singapore/71644/plume-singapore/event-area?event-offer=wedding,39759,Plume Singapore,Whole venue,Event Venue,https://www.tagvenue.com/sg/venues/singapore/39759/plume-singapore
11 Slim Barracks Rise #03-00,One North,450,450,"[1, 2, 7, 9, 10, 14, 16, 18, 20, 21, 8, 1001]",Singapore,Asian,False,1.3038359,103.7897048,,300 m,Buona Vista MRT Station,"[{""type"": ""OpeningHoursSpecification"", ""dayOfWeek"": [""Monday"", ""Tuesday"", ""Wednesday"", ""Thursday"", ""Friday"", ""Saturday"", ""Sunday""], ""opens"": ""08:00"", ""closes"": ""17:00""}]",138664,S$68,per person,6800,per session,per session,4.1,1,30,70,"[3, 5, 7, 8, 9, 10, 11, 12, 13, 16, 17, 18, 19, 21, 25, 26, 28]",46639,PEN & INC · One-North Hall,Event Venue,https://www.tagvenue.com/sg/rooms/singapore/46639/pen-inc-one-north-function-hall/pen-inc-one-north-hall,22525,PEN & INC One-North Function Hall,Whole venue,Event Venue,https://www.tagvenue.com/sg/venues/singapore/22525/pen-inc-one-north-function-hall
43 Admiralty Road West ,The Wharves,100,100,"[1, 2, 7, 9, 16, 19, 8]",Singapore,,False,1.4697594,103.8196348,,,,"[{""type"": ""OpeningHoursSpecification"", ""dayOfWeek"": [""Monday"", ""Tuesday"", ""Wednesday"", ""Thursday"", ""Friday"", ""Saturday"", ""Sunday""], ""opens"": ""10:00"", ""closes"": ""21:00""}]",759962,S$4500,hire fee,-1,NULL,per session,4.2,0.981,64,18,"[3, 5, 6, 7, 8, 10, 11, 12, 16, 17, 18]",24680,Lazarus Ballroom,Ballroom,https://www.tagvenue.com/sg/rooms/singapore/24680/saf-yacht-club/lazarus-ballroom,8906,SAF Yacht Club,Private space,Sports Club,https://www.tagvenue.com/sg/venues/singapore/8906/saf-yacht-club
71 Ubi Crescent Excalibur Centre #05-08,Kampong Ubi,40,45,"[7, 16, 1000, 1001]",Singapore,,True,1.3268908,103.8983586,,350 m,Ubi MRT Station,"[{""type"": ""OpeningHoursSpecification"", ""dayOfWeek"": [""Monday"", ""Tuesday"", ""Wednesday"", ""Thursday"", ""Friday""], ""opens"": ""17:00"", ""closes"": ""22:00""}, {""type"": ""OpeningHoursSpecification"", ""dayOfWeek"": [""Saturday""], ""opens"": ""10:00"", ""closes"": ""22:00""}, {""type"": ""OpeningHoursSpecification"", ""dayOfWeek"": [""Sunday""], ""opens"": ""10:00"", ""closes"": ""06:00""}]",408571,S$60,hire fee,-1,NULL,per hour,4.7,0.9967,0,82,"[5, 7, 9, 12, 16, 17, 18, 24]",66977,Entire Venue,Event Venue,https://www.tagvenue.com/sg/rooms/singapore/66977/bearyfun-studio/entire-venue,33229,Bearyfun Studio,Whole venue,Event Venue,https://www.tagvenue.com/sg/venues/singapore/33229/bearyfun-studio
996 Bendemeer Road B-central #05-07,Bendemeer,30,30,"[7, 16, 1000, 1001]",Singapore,,False,1.3191737,103.8653791,,400 m,Boon Keng MRT Station,"[{""type"": ""OpeningHoursSpecification"", ""dayOfWeek"": [""Monday"", ""Tuesday"", ""Wednesday"", ""Thursday"", ""Friday"", ""Saturday"", ""Sunday""], ""opens"": ""08:00"", ""closes"": ""22:00""}]",339944,S$90,hire fee,-1,NULL,per hour,4.7,0.9349,42,12,"[3, 5, 6, 7, 12, 17, 19, 21, 24, 27]",56100,POP Studio,Photo Studio,https://www.tagvenue.com/sg/rooms/singapore/56100/pop-studio/pop-studio,27359,POP Studio,Whole venue,Photo Studio,https://www.tagvenue.com/sg/venues/singapore/27359/pop-studio-2
10 Coleman Street ,City Hall,120,150,"[1, 8, 1000, 1001]",Singapore,European,False,1.2928919,103.8503844,,250 m,City Hall MRT Station,"[{""type"": ""OpeningHoursSpecification"", ""dayOfWeek"": [""Monday"", ""Tuesday"", ""Wednesday"", ""Thursday"", ""Friday"", ""Saturday"", ""Sunday""], ""opens"": ""12:00"", ""closes"": ""22:30""}]",179809,S$3600,hire fee,-1,NULL,per afternoon,4.6,0.9891,262,26,"[3, 5, 6, 8, 11, 12, 17, 18, 24]",26594,Rooftop Sky Garden,Rooftop,https://www.tagvenue.com/sg/rooms/singapore/26594/grand-park-city-hall/rooftop-sky-garden?event-offer=wedding,12594,Grand Park City Hall,Private space,Hotel,https://www.tagvenue.com/sg/venues/singapore/12594/grand-park-city-hall
118 Tagore Lane #03-02,Tagore,80,100,"[1, 7, 16, 18, 1000, 1001]",Singapore,Asian,True,1.3849679,103.8295849,,,,"[{""type"": ""OpeningHoursSpecification"", ""dayOfWeek"": [""Monday"", ""Tuesday"", ""Wednesday"", ""Thursday""], ""opens"": ""10:00"", ""closes"": ""22:00""}, {""type"": ""OpeningHoursSpecification"", ""dayOfWeek"": [""Friday"", ""Saturday"", ""Sunday""], ""opens"": ""10:00"", ""closes"": ""00:00""}]",787549,S$200,hire fee,-1,NULL,per hour,4.8,0.9681,203,28,"[3, 5, 6, 7, 9, 10, 12, 17, 18, 19, 21, 24]",78851,Lifestyle Studio,Photo Studio,https://www.tagvenue.com/sg/rooms/singapore/78851/aria-atelier/lifestyle-studio?event-offer=wedding,46637,Aria Atelier,Private space,Photo / Film Studio,https://www.tagvenue.com/sg/venues/singapore/46637/aria-atelier
6 Fort Canning Road ,Dhoby Ghaut,450,490,"[1, 2, 3, 7, 9, 10, 14, 15, 17, 1001]",Singapore,Chinese,False,1.2973558000392,103.84579687805,,150 m,Dhoby Ghaut MRT Station,"[{""type"": ""OpeningHoursSpecification"", ""dayOfWeek"": [""Monday"", ""Tuesday"", ""Wednesday"", ""Thursday"", ""Friday"", ""Saturday"", ""Sunday""], ""opens"": ""11:30"", ""closes"": ""00:00""}]",179494,S$108,per person,8500,per session,,4.7,0.9078,55,20,"[5, 6, 7, 8, 10, 11, 12, 17, 18]",21820,Meetings and Events,Ballroom,https://www.tagvenue.com/sg/rooms/singapore/21820/ywca-fort-canning/sophia-cooke-ballroom?event-offer=wedding,9605,YWCA Fort Canning,Private space,Hotel,https://www.tagvenue.com/sg/venues/singapore/9605/ywca-fort-canning
11 Cove Drive ,Sentosa,500,500,"[1, 7, 8, 1001]",Singapore,,False,1.2456806525232,103.83989810944,,,,"[{""type"": ""OpeningHoursSpecification"", ""dayOfWeek"": [""Monday"", ""Tuesday"", ""Wednesday"", ""Thursday"", ""Friday"", ""Saturday"", ""Sunday""], ""opens"": ""09:00"", ""closes"": ""18:00""}]",098497,S$10000,hire fee,-1,NULL,per day,4.6,0.984,21,26,"[3, 5, 7, 8, 11, 12, 13, 17, 18, 20]",19204,Constellation Ballroom,Ballroom,https://www.tagvenue.com/sg/rooms/singapore/19204/one15-marina-sentosa-cove/constellation-ballroom?event-offer=wedding,8606,ONE°15 Marina Sentosa Cove,Private space,Hotel,https://www.tagvenue.com/sg/venues/singapore/8606/one015-marina-sentosa-cove
Solstice Business Centre ,Tai Seng,80,80,"[7, 16, 18, 1000, 1001]",Singapore,,False,1.3433792,103.8850996,,600 m,Bartley MRT Station,"[{""type"": ""OpeningHoursSpecification"", ""dayOfWeek"": [""Monday"", ""Tuesday"", ""Wednesday"", ""Thursday"", ""Friday"", ""Saturday"", ""Sunday""], ""opens"": ""00:00"", ""closes"": ""23:59""}]",536209,S$195,hire fee,-1,NULL,per hour,4.7,0.9794,602,24,"[5, 6, 7, 8, 9, 10, 12, 16, 17, 18, 19]",81252,Kolour カラー,Event Venue,https://www.tagvenue.com/sg/rooms/singapore/81252/kolour/kolour,48948,Kolour カラー,Whole venue,Event Venue,https://www.tagvenue.com/sg/venues/singapore/48948/kolour
116 Changi Road #02-15 WIS @ Changi,Geylang East,80,100,"[1, 16, 1000, 1001]",Singapore,Singaporean,True,1.3164491,103.9012131,,450 m,Eunos MRT Station,"[{""type"": ""OpeningHoursSpecification"", ""dayOfWeek"": [""Monday"", ""Tuesday"", ""Wednesday"", ""Thursday"", ""Friday"", ""Saturday"", ""Sunday""], ""opens"": ""09:00"", ""closes"": ""22:30""}]",419718,S$100,hire fee,-1,NULL,per hour,4.7,1,0,36,"[5, 6, 7, 9, 10, 12, 17, 18, 19, 20, 24, 25]",97408,#BigMemories,Event Venue,https://www.tagvenue.com/sg/rooms/singapore/97408/our-little-space-wis/bigmemories,58114,Our Little Space (WIS),Whole venue,Event Venue,https://www.tagvenue.com/sg/venues/singapore/58114/our-little-space-wis
"23 Kaki Bukit Road 4 #01-18B, Synergy@KB",Kaki Bukit,50,50,"[7, 16, 1000, 1001]",Singapore,Singaporean,True,1.3399902866089,103.91118246931,,650 m,Kaki Bukit MRT Station,"[{""type"": ""OpeningHoursSpecification"", ""dayOfWeek"": [""Monday"", ""Tuesday"", ""Wednesday"", ""Thursday"", ""Friday"", ""Saturday"", ""Sunday""], ""opens"": ""00:00"", ""closes"": ""23:59""}]",417801,S$80,hire fee,-1,NULL,per hour,4.6,1,1,44,"[5, 6, 7, 9, 12, 17, 19, 26, 27]",82020,Kulusuk Lifestyle Studio,Event Venue,https://www.tagvenue.com/sg/rooms/singapore/82020/kulusuk/kulusuk-lifestyle-studio,49408,Kulusuk,Whole venue,Event Venue,https://www.tagvenue.com/sg/venues/singapore/49408/kulusuk
60 Stevens Road ,Nassim,200,200,"[1, 2, 7, 9, 10, 15, 16, 19, 20, 21]",Singapore,,False,1.3165108078231,103.82679820061,,400 m,Stevens MRT Station,"[{""type"": ""OpeningHoursSpecification"", ""dayOfWeek"": [""Monday"", ""Tuesday"", ""Wednesday"", ""Thursday"", ""Friday"", ""Saturday""], ""opens"": ""08:00"", ""closes"": ""22:00""}, {""type"": ""OpeningHoursSpecification"", ""dayOfWeek"": [""Sunday""], ""opens"": ""15:00"", ""closes"": ""22:00""}]",257854,S$29,per person,-1,NULL,,4.5,0.993,7,105,"[5, 7, 8, 10, 11, 12]",14256,The Vine Ballroom,Ballroom,https://www.tagvenue.com/sg/rooms/singapore/14256/metro-y-hotel-singapore/the-vine-ballroom?event-offer=wedding,6559,Metro Y Hotel Singapore,Private space,Hotel,https://www.tagvenue.com/sg/venues/singapore/6559/metro-y-hotel-singapore
40 Sam Leong Road ,Little India,80,120,"[7, 16, 1000, 1001]",Singapore,,True,1.3097843,103.8565905,,400 m,Farrer Park MRT Station,"[{""type"": ""OpeningHoursSpecification"", ""dayOfWeek"": [""Monday"", ""Tuesday"", ""Wednesday"", ""Thursday"", ""Friday"", ""Saturday"", ""Sunday""], ""opens"": ""08:00"", ""closes"": ""00:00""}]",207930,S$2100,per event,-1,NULL,,4.8,1,100,45,"[5, 6, 7, 8, 9, 10, 11, 12, 13, 16, 17, 19]",65343,Entire Venue,Event Venue,https://www.tagvenue.com/sg/rooms/singapore/65343/highfive-double-storey/entire-venue?event-offer=wedding,33802,HIGHfive Double Storey,Whole venue,Event Venue,https://www.tagvenue.com/sg/venues/singapore/33802/highfive-double-storey
20 Jalan Kilang Level 4,Alexandra Hill,150,200,"[7, 16, 18, 1000, 1001]",Singapore,,False,1.2858102,103.8087208,,,,"[{""type"": ""OpeningHoursSpecification"", ""dayOfWeek"": [""Monday"", ""Tuesday"", ""Wednesday"", ""Thursday"", ""Friday"", ""Saturday"", ""Sunday""], ""opens"": ""00:00"", ""closes"": ""23:59""}]",159418,S$500,hire fee,-1,NULL,per hour,0,0.9688,32,0,"[5, 6, 7, 8, 9, 10, 12, 13, 16, 17, 18, 19, 21, 22, 23, 24, 25, 26, 27, 28]",114802,Event Space,Event Space,https://www.tagvenue.com/sg/rooms/singapore/114802/the-vortex-space/event-space,67691,The Vortex Space,Private space,Event Venue,https://www.tagvenue.com/sg/venues/singapore/67691/the-vortex-space
2 Jurong Gateway Road ,Toh Guan,50,50,"[17, 1000, 1001, 1]",Singapore,,False,1.3367308,103.7457065,,550 m,Jurong East MRT Station,"[{""type"": ""OpeningHoursSpecification"", ""dayOfWeek"": [""Monday"", ""Tuesday"", ""Wednesday"", ""Thursday"", ""Friday"", ""Saturday"", ""Sunday""], ""opens"": ""09:00"", ""closes"": ""19:00""}]",608512,S$40,hire fee,-1,NULL,per hour,5,0.9189,11,1,"[3, 6, 7, 9, 17, 18, 19]",80744,Beige Area,Event Venue,https://www.tagvenue.com/sg/rooms/singapore/80744/climahaus-at-world-farm-jurong-play-grounds/beige-area,48556,ClimaHaus @ World Farm Jurong Play Grounds,Semi-private area,Event Venue,https://www.tagvenue.com/sg/venues/singapore/48556/climahaus-at-world-farm-jurong-play-grounds
34 South Bridge Road ,Singapore City Centre,60,100,"[1, 7, 16, 8, 1000, 1001]",Singapore,,False,1.288195,103.8485387,,200 m,Clarke Quay MRT Station,"[{""type"": ""OpeningHoursSpecification"", ""dayOfWeek"": [""Monday"", ""Tuesday"", ""Wednesday"", ""Thursday"", ""Friday"", ""Saturday"", ""Sunday""], ""opens"": ""17:00"", ""closes"": ""00:00""}]",058668,S$1000,hire fee,-1,NULL,per evening,5,0.9672,98,1,"[3, 5, 6, 7, 9, 10, 11, 12, 13, 16, 17, 18, 19]",84555,Outdoor Event Space,Outdoor Space,https://www.tagvenue.com/sg/rooms/singapore/84555/mortaf3/outdoor-event-space?event-offer=wedding,50957,Mortaf3,Private space,Event Venue,https://www.tagvenue.com/sg/venues/singapore/50957/mortaf3
"Bain Street 231, Bras Basah Complex #04-07",Bugis,80,90,"[7, 16, 1000, 1001]",Singapore,,False,1.2969044,103.8535693,,300 m,Bras Basah MRT Station,"[{""type"": ""OpeningHoursSpecification"", ""dayOfWeek"": [""Monday"", ""Tuesday"", ""Wednesday"", ""Thursday""], ""opens"": ""08:00"", ""closes"": ""22:00""}, {""type"": ""OpeningHoursSpecification"", ""dayOfWeek"": [""Friday"", ""Saturday"", ""Sunday""], ""opens"": ""08:00"", ""closes"": ""23:00""}]",180231,S$175,hire fee,-1,NULL,per hour,4.7,0.9956,10,21,"[5, 7, 8, 12, 17, 18, 19, 22]",56758,City Space with Vintage Vibe,Event Venue,https://www.tagvenue.com/sg/rooms/singapore/56758/room2f-at-bras-basah-complex/city-space-with-vintage-vibe,27722,room2f at Bras Basah Complex,Whole venue,Event Venue,https://www.tagvenue.com/sg/venues/singapore/27722/room2f-at-bras-basah-complex
11 Rhu Cross ,Tanjong Rhu,120,180,"[1, 7, 8, 1001]",Singapore,American,False,1.2949495215818,103.86658010058,,650 m,Nicoll Highway MRT Station,"[{""type"": ""OpeningHoursSpecification"", ""dayOfWeek"": [""Monday"", ""Tuesday"", ""Wednesday"", ""Thursday"", ""Friday""], ""opens"": ""17:00"", ""closes"": ""22:00""}, {""type"": ""OpeningHoursSpecification"", ""dayOfWeek"": [""Saturday"", ""Sunday""], ""opens"": ""10:00"", ""closes"": ""22:00""}]",437440,S$60,per person,6000,per session,per session,0,1,1,0,"[5, 6, 7, 8, 9, 12, 17, 18, 20]",102878,Whole Venue,Restaurant,https://www.tagvenue.com/sg/rooms/singapore/102878/kontiki-bar-restaurant/whole-venue,60392,Kontiki Bar & Restaurant,Whole venue,Restaurant,https://www.tagvenue.com/sg/venues/singapore/60392/kontiki-bar-restaurant
11 Canning Walk ,Dhoby Ghaut,700,800,"[1, 2, 7, 14, 15, 17, 20, 8, 1001]",Singapore,Chinese,False,1.295966,103.8454732,,300 m,Dhoby Ghaut MRT Station,"[{""type"": ""OpeningHoursSpecification"", ""dayOfWeek"": [""Monday"", ""Tuesday"", ""Wednesday"", ""Thursday"", ""Friday""], ""opens"": ""08:00"", ""closes"": ""23:00""}, {""type"": ""OpeningHoursSpecification"", ""dayOfWeek"": [""Saturday"", ""Sunday""], ""opens"": ""09:00"", ""closes"": ""23:00""}]",178881,S$120,per person,12000,per session,per session,4.2,0.919,313,5,"[3, 5, 6, 7, 9, 10, 11, 12, 13, 16, 17, 18, 19, 27]",103050,Grand Ballroom,Ballroom,https://www.tagvenue.com/sg/rooms/singapore/103050/mett-singapore/grand-ballroom,61251,METT Singapore,Private space,Hotel,https://www.tagvenue.com/sg/venues/singapore/61251/mett-singapore
6 Changi Village Road #01-01/02,Changi Point,200,220,"[1, 14, 15, 8, 1000, 1001]",Singapore,American,False,1.3899453,103.9885992,,,,"[{""type"": ""OpeningHoursSpecification"", ""dayOfWeek"": [""Tuesday"", ""Wednesday"", ""Thursday""], ""opens"": ""12:00"", ""closes"": ""23:00""}, {""type"": ""OpeningHoursSpecification"", ""dayOfWeek"": [""Friday"", ""Saturday""], ""opens"": ""12:00"", ""closes"": ""00:00""}, {""type"": ""OpeningHoursSpecification"", ""dayOfWeek"": [""Sunday""], ""opens"": ""12:00"", ""closes"": ""22:00""}]",509907,S$50,minimum spend,2000000,per session,per session,0,0.9667,104,0,"[5, 6, 8, 9, 12, 13, 16, 17, 18]",62405,Entire Venue,Event Space,https://www.tagvenue.com/sg/rooms/singapore/62405/little-island-brewing-co-changi-village/entire-venue?event-offer=wedding,31190,Little Island Brewing Co. - Changi Village,Whole venue,Winery / Brewery,https://www.tagvenue.com/sg/venues/singapore/31190/little-island-brewing-co-changi-village
107 Desker Road Level Two,Little India,50,50,"[7, 16, 1000, 1001]",Singapore,,True,1.3084123,103.856354,,350 m,Jalan Besar MRT Station,"[{""type"": ""OpeningHoursSpecification"", ""dayOfWeek"": [""Monday"", ""Tuesday"", ""Wednesday"", ""Thursday"", ""Friday"", ""Saturday"", ""Sunday""], ""opens"": ""06:00"", ""closes"": ""03:00""}]",209629,S$72,hire fee,-1,NULL,per hour,4.8,0.9977,0,119,"[5, 6, 7, 8, 9, 11, 17, 18]",56369,Level Two Space,Event Space,https://www.tagvenue.com/sg/rooms/singapore/56369/level-two-space/level-two-space,22203,Level Two Space,Whole venue,Event Venue,https://www.tagvenue.com/sg/venues/singapore/22203/level-two-space
36 Robinson Road #01-01 City House,Cecil,140,200,"[1, 14, 20, 8, 1000, 1001]",Singapore,Asian,False,1.2812688,103.850022,,200 m,Telok Ayer MRT Station,"[{""type"": ""OpeningHoursSpecification"", ""dayOfWeek"": [""Monday"", ""Tuesday"", ""Wednesday"", ""Thursday"", ""Friday""], ""opens"": ""11:30"", ""closes"": ""22:00""}, {""type"": ""OpeningHoursSpecification"", ""dayOfWeek"": [""Saturday""], ""opens"": ""17:00"", ""closes"": ""22:00""}]",068877,S$39,per person,7000,per session,,4.8,0.9711,282,4,"[5, 6, 7, 8, 9, 12, 17, 18]",79923,Whole Venue,Restaurant,https://www.tagvenue.com/sg/rooms/singapore/79923/vatos-city-house/whole-venue?event-offer=wedding,45926,Vatos - City House,Whole venue,Restaurant,https://www.tagvenue.com/sg/venues/singapore/45926/vatos-city-house
252 North Bridge Road #03-22B Fairmont Singapore (South Tower),City Hall,250,0,"[1, 2, 7, 20, 8, 1000, 1001]",Singapore,Chinese,False,1.29401,103.8531473,,150 m,City Hall MRT Station,"[{""type"": ""OpeningHoursSpecification"", ""dayOfWeek"": [""Monday"", ""Tuesday"", ""Wednesday"", ""Thursday"", ""Friday"", ""Saturday"", ""Sunday""], ""opens"": ""11:30"", ""closes"": ""15:00""}]",179103,S$1388,per event,-1,NULL,,0,0.6667,555,0,"[3, 5, 6, 7, 8, 12, 17, 18, 19]",101667,Restaurant,Restaurant,https://www.tagvenue.com/sg/rooms/singapore/101667/asia-grand-restaurant/restaurant?event-offer=wedding,60475,Asia Grand Restaurant,Whole venue,Restaurant,https://www.tagvenue.com/sg/venues/singapore/60475/asia-grand-restaurant
133 Pasir Ris Road ,Pasir Ris Park,150,180,"[1, 2, 3, 7, 14, 15, 17, 20, 8, 1001]",Singapore,American,False,1.3849782463414,103.94480949346,,,,"[{""type"": ""OpeningHoursSpecification"", ""dayOfWeek"": [""Monday"", ""Tuesday"", ""Wednesday"", ""Thursday""], ""opens"": ""08:00"", ""closes"": ""00:00""}, {""type"": ""OpeningHoursSpecification"", ""dayOfWeek"": [""Friday"", ""Saturday"", ""Sunday""], ""opens"": ""08:00"", ""closes"": ""23:00""}]",519149,S$50,per person,3800,per morning,,5,0.9888,13,11,"[3, 5, 6, 12, 17, 18, 20]",27883,Entire Venue,Restaurant,https://www.tagvenue.com/sg/rooms/singapore/27883/georges-at-the-cove-pasir-ris/entire-venue?event-offer=wedding,13197,Georges at The Cove (Pasir Ris),Whole venue,Restaurant,https://www.tagvenue.com/sg/venues/singapore/13197/georges-at-the-cove-pasir-ris
3 Changi Business Park Central 1 ,Xilin,70,80,"[1, 15, 20, 8, 1000, 1001]",Singapore,,False,1.3340404,103.9640063,,250 m,Expo MRT Station,"[{""type"": ""OpeningHoursSpecification"", ""dayOfWeek"": [""Monday"", ""Tuesday"", ""Wednesday"", ""Thursday"", ""Friday"", ""Saturday"", ""Sunday""], ""opens"": ""08:00"", ""closes"": ""17:00""}]",486037,S$316,hire fee,-1,NULL,per hour,0,0.8,89,0,"[3, 5, 6, 7, 8, 10, 11, 12, 16, 17, 18, 19, 20]",73844,Meeting room @ Dorsett Changi,Meeting Room,https://www.tagvenue.com/sg/rooms/singapore/73844/capri-changi-city/meeting-room-at-dorsett-changi,41876,Capri Changi City,Private space,Hotel,https://www.tagvenue.com/sg/venues/singapore/41876/capri-changi-city
382 Havelock Road ,Robertson Quay,180,300,"[1, 9, 10, 8, 1000, 1001]",Singapore,,False,1.2891821417142,103.8366432488,,,,"[{""type"": ""OpeningHoursSpecification"", ""dayOfWeek"": [""Monday"", ""Tuesday"", ""Wednesday"", ""Thursday"", ""Friday""], ""opens"": ""08:00"", ""closes"": ""17:00""}]",169629,S$88,per person,8000,per day,,4.5,0.9333,34,2,"[5, 7, 8, 10, 11, 12]",16187,Wedding,Ballroom,https://www.tagvenue.com/sg/rooms/singapore/16187/four-points-by-sheraton/jubilee-ballroom?event-offer=wedding,7268,Four Points by Sheraton,Private space,Hotel,https://www.tagvenue.com/sg/venues/singapore/7268/four-points-by-sheraton
11 Cove Drive ,Sentosa,40,40,"[1, 7, 9, 10, 16, 18, 19, 1000]",Singapore,,False,1.2455573,103.8398887,,,,"[{""type"": ""OpeningHoursSpecification"", ""dayOfWeek"": [""Monday"", ""Tuesday"", ""Wednesday"", ""Thursday""], ""opens"": ""09:00"", ""closes"": ""22:00""}, {""type"": ""OpeningHoursSpecification"", ""dayOfWeek"": [""Friday"", ""Saturday"", ""Sunday""], ""opens"": ""09:00"", ""closes"": ""13:00""}]",098497,S$540,hire fee,-1,NULL,per hour,4.4,0.9268,186,2,"[6, 7, 16, 17, 18]",46607,Synergy 1,Boat,https://www.tagvenue.com/sg/rooms/singapore/46607/one-15-marina/synergy-1,22507,One 15 Marina,Whole venue,Boat,https://www.tagvenue.com/sg/venues/singapore/22507/one-15-marina
111C King George's Avenue Ground Floor,Jalan Besar,80,100,"[7, 9, 10, 16, 21, 1000, 1001]",Singapore,,False,1.3104571,103.861815,,350 m,Lavender MRT Station,"[{""type"": ""OpeningHoursSpecification"", ""dayOfWeek"": [""Monday"", ""Tuesday"", ""Wednesday"", ""Thursday""], ""opens"": ""08:00"", ""closes"": ""00:00""}, {""type"": ""OpeningHoursSpecification"", ""dayOfWeek"": [""Friday"", ""Saturday""], ""opens"": ""08:00"", ""closes"": ""03:00""}, {""type"": ""OpeningHoursSpecification"", ""dayOfWeek"": [""Sunday""], ""opens"": ""08:00"", ""closes"": ""06:00""}]",208559,S$63,hire fee,-1,NULL,per hour,4.8,0.9988,13,44,"[5, 6, 7, 8, 9, 10, 11, 12, 16, 17, 18, 19, 27]",67604,Ground Floor Event Space,Event Venue,https://www.tagvenue.com/sg/rooms/singapore/67604/the-offline-room/ground-floor-event-space,35845,The Offline Room,Whole venue,Event Venue,https://www.tagvenue.com/sg/venues/singapore/35845/the-offline-room
1 Science Park Dr #01-07,Kent Ridge,200,0,"[1, 2, 1000, 1001]",Singapore,Singaporean,False,1.2917610225155,103.7857129741,,200 m,Kent Ridge MRT Station,"[{""type"": ""OpeningHoursSpecification"", ""dayOfWeek"": [""Monday"", ""Tuesday"", ""Wednesday"", ""Thursday"", ""Friday"", ""Saturday"", ""Sunday""], ""opens"": ""11:00"", ""closes"": ""22:00""}]",118221,S$18000,per event,5500,per session,,0,0.9861,117,0,"[3, 5, 6, 7, 8, 9, 12, 16, 17, 19, 20, 24]",100424,Exclusive Venue Booking,Event Venue,https://www.tagvenue.com/sg/rooms/singapore/100424/acacia-geneo/exclusive-venue-booking?event-offer=wedding,59741,Acacia Geneo,Whole venue,Event Venue,https://www.tagvenue.com/sg/venues/singapore/59741/acacia-geneo
"3B River Valley Road 3B River Valley Rd, #02-03",Singapore City Centre,240,320,"[1, 16, 8, 1000, 1001]",Singapore,,False,1.2910799,103.8454995,,200 m,Fort Canning MRT Station,"[{""type"": ""OpeningHoursSpecification"", ""dayOfWeek"": [""Monday"", ""Tuesday"", ""Wednesday"", ""Thursday""], ""opens"": ""10:00"", ""closes"": ""02:00""}, {""type"": ""OpeningHoursSpecification"", ""dayOfWeek"": [""Friday"", ""Saturday"", ""Sunday""], ""opens"": ""10:00"", ""closes"": ""18:00""}]",179021,S$525,hire fee,-1,NULL,per hour,5,1,118,4,"[5, 6, 7, 8, 9, 12, 16, 17, 18, 19, 25, 26, 27, 28]",104041,Versatile Event Space,Event Space,https://www.tagvenue.com/sg/rooms/singapore/104041/rhythm-room/versatile-event-space,61813,Rhythm Room,Whole venue,Hall,https://www.tagvenue.com/sg/venues/singapore/61813/rhythm-room
9 Scotts Road #01-01/02/03 Pacific Plaza,Boulevard,40,10,"[1, 7, 9, 21, 8, 1001]",Singapore,Japanese,False,1.3065981,103.8320871,,300 m,Orchard MRT Station,"[{""type"": ""OpeningHoursSpecification"", ""dayOfWeek"": [""Tuesday"", ""Wednesday"", ""Thursday"", ""Friday"", ""Saturday"", ""Sunday""], ""opens"": ""12:00"", ""closes"": ""22:30""}]",228210,S$5000,minimum spend,-1,NULL,per session,5,1,212,1,"[5, 7, 9, 12, 17]",56359,Entire Restaurant,Restaurant,https://www.tagvenue.com/sg/rooms/singapore/56359/torio-japanese-restaurant/entire-restaurant,27519,Torio Japanese Restaurant,Whole venue,Restaurant,https://www.tagvenue.com/sg/venues/singapore/27519/torio-japanese-restaurant
6 Fort Canning Road ,Dhoby Ghaut,450,500,"[1, 1000, 1001]",Singapore,,False,1.2976025,103.8449493,,200 m,Dhoby Ghaut MRT Station,"[{""type"": ""OpeningHoursSpecification"", ""dayOfWeek"": [""Monday"", ""Tuesday"", ""Wednesday"", ""Thursday"", ""Friday"", ""Saturday"", ""Sunday""], ""opens"": ""18:30"", ""closes"": ""22:30""}]",179494,S$15000,minimum spend,-1,NULL,per evening,0,1,67,0,"[5, 6, 7, 8, 10, 11, 12, 16, 17, 18, 27]",54073,Sophia Cooke Ballroom,Ballroom,https://www.tagvenue.com/sg/rooms/singapore/54073/sophia-cooke-ballroom/sophia-cooke-ballroom,26284,Sophia Cooke Ballroom,Private space,Hotel,https://www.tagvenue.com/sg/venues/singapore/26284/sophia-cooke-ballroom
201 Henderson Road #03-28,Bukit Merah,40,50,"[7, 9, 10, 16, 18, 21, 22, 1000, 1001]",Singapore,,True,1.2829346,103.8206082,,800 m,Tiong Bahru MRT Station,"[{""type"": ""OpeningHoursSpecification"", ""dayOfWeek"": [""Monday"", ""Tuesday"", ""Wednesday"", ""Thursday"", ""Friday"", ""Saturday"", ""Sunday""], ""opens"": ""00:00"", ""closes"": ""23:59""}]",159545,S$90,hire fee,-1,NULL,per hour,4.8,1,16,38,"[5, 6, 7, 8, 9, 12, 16, 17, 18, 19, 24]",81264,"Film, Photo and Events Studio",Photo / Film Studio,https://www.tagvenue.com/sg/rooms/singapore/81264/cuble-studios/film-photo-and-events-studio,48954,Cuble Studios,Whole venue,Photo / Film Studio,https://www.tagvenue.com/sg/venues/singapore/48954/cuble-studios
116 Lavender Street #02-08,Kallang Bahru,120,120,"[7, 16, 18, 1000, 1001]",Singapore,,False,1.3118762,103.8623949,,200 m,Bendemeer MRT Station,"[{""type"": ""OpeningHoursSpecification"", ""dayOfWeek"": [""Monday"", ""Tuesday"", ""Wednesday"", ""Thursday"", ""Friday"", ""Saturday"", ""Sunday""], ""opens"": ""08:00"", ""closes"": ""23:00""}]",338730,S$120,hire fee,-1,NULL,per hour,4.9,1,38,9,"[5, 7, 8, 9, 12, 16, 17, 18, 19]",102243,Ju Space,Event Venue,https://www.tagvenue.com/sg/rooms/singapore/102243/ju-space/ju-space,60796,Ju Space,Whole venue,Event Venue,https://www.tagvenue.com/sg/venues/singapore/60796/ju-space-2
217 Lavender Street ,Little India,100,100,"[7, 16, 19]",Singapore,,False,1.3145920589575,103.85968466442,,400 m,Bendemeer MRT Station,"[{""type"": ""OpeningHoursSpecification"", ""dayOfWeek"": [""Monday"", ""Tuesday"", ""Wednesday"", ""Thursday"", ""Friday""], ""opens"": ""09:00"", ""closes"": ""23:00""}, {""type"": ""OpeningHoursSpecification"", ""dayOfWeek"": [""Saturday"", ""Sunday""], ""opens"": ""09:00"", ""closes"": ""00:00""}]",338772,S$3000,hire fee,-1,NULL,per session,4.5,0.9446,62,6,"[3, 5, 6, 7, 8, 12, 17, 18]",30496,Wedding,Event Venue,https://www.tagvenue.com/sg/rooms/singapore/30496/haus217/entire-venue?event-offer=wedding,14464,HAUS217,Whole venue,Event Venue,https://www.tagvenue.com/sg/venues/singapore/14464/haus217
323 Alexandra Road ,Alexandra Hill,120,192,"[1, 9, 10, 21, 22, 8, 1000, 1001]",Singapore,,False,1.2876691,103.8053306,,,,"[{""type"": ""OpeningHoursSpecification"", ""dayOfWeek"": [""Monday"", ""Tuesday"", ""Wednesday"", ""Thursday"", ""Friday"", ""Saturday"", ""Sunday""], ""opens"": ""00:00"", ""closes"": ""23:59""}]",159972,S$950,minimum spend,-1,NULL,per session,5,0.9571,139,4,"[3, 5, 6, 7, 12, 16, 17, 19]",80866,Verandah Rooftop Rotisserie,Restaurant,https://www.tagvenue.com/sg/rooms/singapore/80866/momentus-hotel-alexandra/verandah-rooftop-rotisserie,47148,Momentus Hotel Alexandra,Private space,Hotel,https://www.tagvenue.com/sg/venues/singapore/47148/momentus-hotel-alexandra
232 Bishan Street 22 #B1-112,Marymount,60,60,"[1000, 1001]",Singapore,,False,1.3581176163117,103.84595419084,,,,"[{""type"": ""OpeningHoursSpecification"", ""dayOfWeek"": [""Monday"", ""Tuesday"", ""Wednesday"", ""Thursday"", ""Friday""], ""opens"": ""07:00"", ""closes"": ""23:00""}, {""type"": ""OpeningHoursSpecification"", ""dayOfWeek"": [""Saturday""], ""opens"": ""16:30"", ""closes"": ""23:00""}, {""type"": ""OpeningHoursSpecification"", ""dayOfWeek"": [""Sunday""], ""opens"": ""06:00"", ""closes"": ""23:00""}]",570232,S$100,hire fee,-1,NULL,per hour,5,0.9667,0,1,"[7, 10, 12, 17, 18, 25, 27]",45532,60ft by 21ft Dance Floor,Dance Studio,https://www.tagvenue.com/sg/rooms/singapore/45532/melvyn-low-dance-studio/60ft-by-21ft-dance-floor,21982,Melvyn Low Dance Studio,Private space,Dance Studio,https://www.tagvenue.com/sg/venues/singapore/21982/melvyn-low-dance-studio
"5 Straits View #01-20/21 The Heart, Marine One East Tower",Central Subzone,225,360,"[1, 20, 8, 1000, 1001]",Singapore,Singaporean,False,1.2780571867857,103.85313809067,,150 m,Downtown MRT Station,"[{""type"": ""OpeningHoursSpecification"", ""dayOfWeek"": [""Monday"", ""Tuesday"", ""Wednesday"", ""Thursday"", ""Friday"", ""Saturday""], ""opens"": ""12:00"", ""closes"": ""23:00""}]",018936,S$44,per person,4400,per session,,5,0.9854,279,1,"[5, 6, 8, 9, 12, 17, 18]",92256,Whole Venue,Restaurant,https://www.tagvenue.com/sg/rooms/singapore/92256/ola-ola/whole-venue?event-offer=wedding,55026,Ola-Ola,Whole venue,Restaurant,https://www.tagvenue.com/sg/venues/singapore/55026/ola-ola
2 Gunner Lane #02-02 Singapore Mess Hall Sentosa Island,Sentosa,65,104,"[1, 2, 14, 15, 17, 20, 8, 1000, 1001]",Singapore,Indian,False,1.2525088741966,103.8211163982,,,,"[{""type"": ""OpeningHoursSpecification"", ""dayOfWeek"": [""Monday"", ""Tuesday"", ""Wednesday"", ""Thursday"", ""Friday"", ""Saturday"", ""Sunday""], ""opens"": ""09:00"", ""closes"": ""23:00""}]",099567,S$77,per person,7700,per session,per session,0,0.875,390,0,"[3, 5, 7, 9, 12, 13, 16, 17, 18, 19]",106870,Indoor Area,Banqueting Hall,https://www.tagvenue.com/sg/rooms/singapore/106870/jalsa-event-hall/indoor-area,63475,Jalsa Event Hall,Private space,Event Venue,https://www.tagvenue.com/sg/venues/singapore/63475/jalsa-event-hall
80 Mount Pleasant Road ,Mount Pleasant,120,200,"[1, 2, 14, 15, 20, 8, 1000, 1001]",Singapore,,False,1.332249752179,103.83634016855,,700 m,Caldecott MRT Station,"[{""type"": ""OpeningHoursSpecification"", ""dayOfWeek"": [""Monday"", ""Tuesday"", ""Wednesday"", ""Thursday"", ""Friday"", ""Saturday"", ""Sunday""], ""opens"": ""11:30"", ""closes"": ""22:30""}]",298334,S$10000,minimum spend,-1,NULL,per session,4.7,1,8,3,"[3, 5, 6, 7, 16, 17, 18, 19, 20]",76646,Entire Restaurant,Restaurant,https://www.tagvenue.com/sg/rooms/singapore/76646/coriander-leaf-at-polo-club/entire-restaurant,44479,Coriander Leaf @ Polo Club,Whole venue,Restaurant,https://www.tagvenue.com/sg/venues/singapore/44479/coriander-leaf-at-polo-club
32 Netheravon Road ,Changi Point,80,110,"[1, 8, 1000, 1001]",Singapore,American,False,1.3922706,103.9796223,,,,"[{""type"": ""OpeningHoursSpecification"", ""dayOfWeek"": [""Monday"", ""Tuesday"", ""Wednesday"", ""Thursday"", ""Friday"", ""Saturday"", ""Sunday""], ""opens"": ""08:00"", ""closes"": ""23:00""}]",508508,S$40,per person,3800,per morning,,0,1,6,0,"[3, 5, 6, 12, 17, 18, 19, 25]",48165,Tekong Cove,Dining Room,https://www.tagvenue.com/sg/rooms/singapore/48165/georges-at-changi-changi-sailing-club/tekong-cove?event-offer=wedding,22835,Georges @ Changi (Changi Sailing Club),Private space,Restaurant,https://www.tagvenue.com/sg/venues/singapore/22835/georges-at-changi-changi-sailing-club
93 Stamford Road #01-04/05,Bras Basah,66,150,"[1, 7, 14, 15, 20, 8, 1001]",Singapore,European,False,1.2965216,103.848618,,250 m,Bras Basah MRT Station,"[{""type"": ""OpeningHoursSpecification"", ""dayOfWeek"": [""Monday"", ""Tuesday"", ""Wednesday"", ""Thursday"", ""Friday"", ""Saturday"", ""Sunday""], ""opens"": ""08:00"", ""closes"": ""00:00""}]",178897,S$118,per person,4800,per session,,0,0.9146,229,0,"[3, 5, 6, 7, 8, 12, 17, 18, 19]",105395,Dame Museum Cafe,Cafe,https://www.tagvenue.com/sg/rooms/singapore/105395/dame/dame-museum-cafe?event-offer=wedding,61704,Dame,Private space,Cafe,https://www.tagvenue.com/sg/venues/singapore/61704/dame
2 Keppel Bay Vista ,Bukit Merah,18,18,"[1, 2, 7, 16, 1000, 1001]",Singapore,,False,1.2640047,103.8124338,,,,"[{""type"": ""OpeningHoursSpecification"", ""dayOfWeek"": [""Monday"", ""Tuesday"", ""Wednesday"", ""Thursday"", ""Friday"", ""Saturday"", ""Sunday""], ""opens"": ""09:00"", ""closes"": ""13:00""}]",098382,S$899,hire fee,-1,NULL,per day,4.8,0.9792,15,1,"[6, 7, 9, 12, 17, 18]",46653,SunRise,Yacht,https://www.tagvenue.com/sg/rooms/singapore/46653/private-yacht-charters/sunrise,22529,Private Yacht Charters,Whole venue,Yacht,https://www.tagvenue.com/sg/venues/singapore/22529/private-yacht-charters
"20 Craig Road #01-01, Craig Place",Tanjong Pagar,60,80,"[1, 14, 15, 20, 8, 1000, 1001]",Singapore,Asian,False,1.2780316137059,103.84232746888,,350 m,Outram Park MRT Station,"[{""type"": ""OpeningHoursSpecification"", ""dayOfWeek"": [""Monday"", ""Tuesday"", ""Wednesday"", ""Thursday"", ""Friday"", ""Saturday""], ""opens"": ""12:00"", ""closes"": ""22:30""}]",089692,S$55,per person,5500,per session,per session,5,1,9,2,"[3, 5, 6, 7, 12, 16, 17, 18, 19, 25, 26]",95253,Main Dining Area,Dining Room,https://www.tagvenue.com/sg/rooms/singapore/95253/coriander-leaf-craig/main-dining-area,45580,Coriander Leaf CRAIG,Private space,Restaurant,https://www.tagvenue.com/sg/venues/singapore/45580/coriander-leaf-craig
36 Jalan Selaseh #01-02,Seletar Hills,40,60,"[7, 16, 19, 1000]",Singapore,,False,1.3852452,103.8725275,,,,"[{""type"": ""OpeningHoursSpecification"", ""dayOfWeek"": [""Monday"", ""Tuesday"", ""Wednesday"", ""Thursday"", ""Friday"", ""Saturday"", ""Sunday""], ""opens"": ""09:00"", ""closes"": ""17:00""}]",808450,S$45,hire fee,-1,NULL,per hour,0,1,0,0,"[3, 5, 6, 7, 9, 11, 12, 16, 17, 18]",96712,TGH-Seletar Event Space,Event Venue,https://www.tagvenue.com/sg/rooms/singapore/96712/the-good-husband-laundromat-drycleaners/tgh-seletar-event-space,57745,The Good Husband Laundromat & Drycleaners,Whole venue,Event Venue,https://www.tagvenue.com/sg/venues/singapore/57745/the-good-husband-laundromat-drycleaners
420 Race Course Road ,Little India,70,100,"[7, 16, 1000, 1001]",Singapore,,False,1.3155163,103.857735,,550 m,Farrer Park MRT Station,"[{""type"": ""OpeningHoursSpecification"", ""dayOfWeek"": [""Monday"", ""Tuesday"", ""Wednesday"", ""Thursday"", ""Friday""], ""opens"": ""09:00"", ""closes"": ""22:30""}, {""type"": ""OpeningHoursSpecification"", ""dayOfWeek"": [""Saturday"", ""Sunday""], ""opens"": ""11:00"", ""closes"": ""22:30""}]",218667,S$130,hire fee,-1,NULL,per hour,0,1,0,0,"[5, 6, 7, 9, 10, 12, 17, 18, 19, 20, 24, 25]",115295,#BigMemories,Event Venue,https://www.tagvenue.com/sg/rooms/singapore/115295/our-little-space-rc/bigmemories,67959,Our Little Space (RC),Whole venue,Event Venue,https://www.tagvenue.com/sg/venues/singapore/67959/our-little-space-rc
30 Raffles Avenue ,Marina Centre,60,70,"[1, 16, 20, 1000, 1001]",Singapore,Indian,False,1.2892988,103.8631368,,450 m,Promenade MRT Station,"[{""type"": ""OpeningHoursSpecification"", ""dayOfWeek"": [""Monday"", ""Tuesday"", ""Wednesday"", ""Thursday"", ""Friday"", ""Saturday"", ""Sunday""], ""opens"": ""12:00"", ""closes"": ""21:30""}]",039803,S$70,per person,5500,per session,,5,1,128,1,"[5, 6, 12, 17]",101374,Main Dining,Restaurant,https://www.tagvenue.com/sg/rooms/singapore/101374/red-chillies/main-dining?event-offer=wedding,60281,Red Chillies,Private space,Restaurant,https://www.tagvenue.com/sg/venues/singapore/60281/red-chillies
405 Havelock Road ,Singapore City Centre,800,600,"[1, 2, 10, 8, 1000, 1001]",Singapore,Asian,False,1.2880885080968,103.835917892,,,,"[{""type"": ""OpeningHoursSpecification"", ""dayOfWeek"": [""Monday"", ""Tuesday"", ""Wednesday"", ""Thursday"", ""Friday"", ""Saturday"", ""Sunday""], ""opens"": ""09:00"", ""closes"": ""22:00""}]",169633,S$88,per person,8800,per session,per session,4.2,0.9847,11,18,"[3, 5, 7, 8, 10, 11, 12, 13, 17, 18, 24]",31584,Wedding in Venus,Ballroom,https://www.tagvenue.com/sg/rooms/singapore/31584/furama-riverfront/venus?event-offer=wedding,14902,Furama RiverFront,Private space,Hotel,https://www.tagvenue.com/sg/venues/singapore/14902/furama-riverfront
38 Jalan Pemimpin #08-08,Marymount,70,90,"[7, 9, 10, 16, 21, 1000, 1001]",Singapore,,False,1.3483408,103.8416915,,250 m,Marymount MRT Station,"[{""type"": ""OpeningHoursSpecification"", ""dayOfWeek"": [""Monday"", ""Tuesday"", ""Wednesday"", ""Thursday"", ""Friday"", ""Saturday"", ""Sunday""], ""opens"": ""00:00"", ""closes"": ""23:59""}]",577178,S$185,hire fee,-1,NULL,per hour,4.8,0.9936,26,10,"[5, 6, 7, 8, 9, 11, 12, 13, 16, 17, 19, 20]",80914,Entire Venue,Event Venue,https://www.tagvenue.com/sg/rooms/singapore/80914/the-milky-way/entire-venue,48730,The Milky Way,Whole venue,Event Venue,https://www.tagvenue.com/sg/venues/singapore/48730/the-milky-way-studio
"27 New Industrial Road, Novelty Techpoint 02-06",Tai Seng,50,80,"[7, 9, 10, 16, 21, 8, 1000, 1001]",Singapore,,True,1.3439791821555,103.88551519635,,650 m,Bartley MRT Station,"[{""type"": ""OpeningHoursSpecification"", ""dayOfWeek"": [""Monday"", ""Tuesday"", ""Wednesday"", ""Thursday"", ""Friday"", ""Saturday"", ""Sunday""], ""opens"": ""10:00"", ""closes"": ""00:00""}]",536212,S$208,hire fee,-1,NULL,per hour,4.9,1,14,90,"[3, 5, 7, 8, 9, 10, 11, 12, 16, 17, 18, 20, 25, 26, 27]",48248,Entire Private Venue,Event Venue,https://www.tagvenue.com/sg/rooms/singapore/48248/the-velvet-affair-by-noble-affairs/entire-private-venue,23386,The Velvet Affair by Noble Affairs,Whole venue,Event Venue,https://www.tagvenue.com/sg/venues/singapore/23386/the-velvet-affair-by-noble-affairs
19 Kampong Bahru Road Level 2,Everton Park,10,50,"[7, 9, 16, 19, 21, 1000]",Singapore,,False,1.277176,103.8365537,,450 m,Outram Park MRT Station,"[{""type"": ""OpeningHoursSpecification"", ""dayOfWeek"": [""Monday"", ""Tuesday"", ""Wednesday"", ""Thursday"", ""Friday"", ""Saturday"", ""Sunday""], ""opens"": ""10:00"", ""closes"": ""22:00""}]",169348,S$120,hire fee,-1,NULL,per hour,0,0.9398,73,0,"[5, 6, 7, 9, 12, 17, 19]",79977,BOL Gallery,Gallery,https://www.tagvenue.com/sg/rooms/singapore/79977/bol-gallery/bol-gallery,47800,BOL Gallery,Whole venue,Gallery,https://www.tagvenue.com/sg/venues/singapore/47800/bol-gallery
12 The Oval ,Seletar Aerospace Park,195,200,"[1, 8, 1000, 1001]",Singapore,,False,1.4087117,103.8668722,,,,"[{""type"": ""OpeningHoursSpecification"", ""dayOfWeek"": [""Monday"", ""Tuesday"", ""Wednesday"", ""Thursday"", ""Friday"", ""Saturday"", ""Sunday""], ""opens"": ""10:00"", ""closes"": ""18:00""}]",797870,S$140,per person,14000,per session,per session,5,0.8523,432,1,"[3, 6, 12, 17, 18, 24]",62858,Inside Area,Banqueting Hall,https://www.tagvenue.com/sg/rooms/singapore/62858/bay-laurel/inside-area?event-offer=wedding,31104,Bay Laurel,Private space,Event Venue,https://www.tagvenue.com/sg/venues/singapore/31104/bay-laurel
"11 Cove Drive #01-01, 11 Cove Drive, Sentosa Cove, Singapore 098497",Sentosa,100,120,"[1, 21, 8, 1000, 1001]",Singapore,,False,1.2460684,103.8394685,,,,"[{""type"": ""OpeningHoursSpecification"", ""dayOfWeek"": [""Monday"", ""Tuesday"", ""Wednesday"", ""Thursday"", ""Friday"", ""Saturday"", ""Sunday""], ""opens"": ""10:00"", ""closes"": ""00:00""}]",098497,S$8000,minimum spend,-1,NULL,per session,0,0.9565,255,0,"[5, 6, 12, 17, 20]",63409,Entire Venue,Bar,https://www.tagvenue.com/sg/rooms/singapore/63409/boaters-bar/boaters-bar?event-offer=wedding,31914,Boater's Bar,Whole venue,Bar,https://www.tagvenue.com/sg/venues/singapore/31914/boater-s-bar
Bizhub28 ,Kembangan,50,60,"[7, 16, 18, 1000, 1001]",Singapore,,False,1.3274171,103.9182282,,,,"[{""type"": ""OpeningHoursSpecification"", ""dayOfWeek"": [""Monday"", ""Tuesday"", ""Wednesday"", ""Thursday"", ""Friday"", ""Saturday"", ""Sunday""], ""opens"": ""00:00"", ""closes"": ""23:59""}]",416601,S$125,hire fee,-1,NULL,per hour,4.8,0.9407,497,7,"[5, 6, 7, 9, 12, 16, 17, 18, 19]",97278,Twelve Mulberry Club,Event Venue,https://www.tagvenue.com/sg/rooms/singapore/97278/twelve-mulberry-club/twelve-mulberry-club,58055,Twelve Mulberry Club,Whole venue,Event Venue,https://www.tagvenue.com/sg/venues/singapore/58055/twelve-mulberry-club
50 Niven Road ,Singapore City Centre,30,70,"[7, 9, 16, 21, 1000, 1001]",Singapore,,False,1.303498,103.849657,,300 m,Little India MRT Station,"[{""type"": ""OpeningHoursSpecification"", ""dayOfWeek"": [""Monday"", ""Tuesday"", ""Wednesday"", ""Thursday"", ""Friday"", ""Saturday"", ""Sunday""], ""opens"": ""09:00"", ""closes"": ""21:00""}]",228398,S$300,hire fee,-1,NULL,per hour,4.9,0.936,24,17,"[5, 6, 7, 12, 17, 18, 20]",26901,Entire Venue,Event Venue,https://www.tagvenue.com/sg/rooms/singapore/26901/rawspace-raw-50/entire-venue,12717,Rawspace: Raw 50,Whole venue,Photo / Film Studio,https://www.tagvenue.com/sg/venues/singapore/12717/rawspace-raw-50
181 Kitchener Road Inside Novotel on Kitchener Road,Little India,400,400,"[1, 7, 10, 16, 21, 8, 1001]",Singapore,Asian,False,1.3106349,103.8557348,,250 m,Farrer Park MRT Station,"[{""type"": ""OpeningHoursSpecification"", ""dayOfWeek"": [""Monday"", ""Tuesday"", ""Wednesday"", ""Thursday"", ""Friday"", ""Saturday"", ""Sunday""], ""opens"": ""08:00"", ""closes"": ""23:00""}]",208533,S$500,minimum spend,-1,NULL,per morning,4.6,0.9845,82,17,"[3, 5, 6, 7, 8, 9, 10, 11, 12, 13, 16, 17, 18, 19, 20, 21, 22, 23, 24, 25, 26, 27, 28]",73187,"CALI, Novotel Banquet Hall",Banqueting Hall,https://www.tagvenue.com/sg/rooms/singapore/73187/cali-novotel-on-kitchener-road/cali-novotel-banquet-hall,41315,"CALI, Novotel on Kitchener Road",Private space,Hotel,https://www.tagvenue.com/sg/venues/singapore/41315/cali-novotel-on-kitchener-road
Solstice Business Centre ,Tai Seng,100,100,"[9, 16, 18, 21, 1000, 1001]",Singapore,,False,1.3432135190455,103.88547758717,,650 m,Bartley MRT Station,"[{""type"": ""OpeningHoursSpecification"", ""dayOfWeek"": [""Monday"", ""Tuesday"", ""Wednesday"", ""Thursday"", ""Friday"", ""Saturday"", ""Sunday""], ""opens"": ""00:00"", ""closes"": ""23:59""}]",536209,S$220,hire fee,-1,NULL,per hour,4.7,0.9494,804,45,"[5, 6, 7, 8, 9, 12, 17, 24, 28]",31827,Arcadia Lifestyle Studio,Photo / Film Studio,https://www.tagvenue.com/sg/rooms/singapore/31827/studio-arcadia-kitchen-studio/arcadia-lifestyle-studio,15124,Studio Arcadia | Kitchen Studio,Whole venue,Photo / Film Studio,https://www.tagvenue.com/sg/venues/singapore/15124/studio-arcadia-kitchen-studio
9 Lock Road #02-21,Telok Blangah Drive,175,350,"[1, 2, 7, 14, 15, 16, 18, 20, 8, 1001]",Singapore,Mediterranean,False,1.2783029,103.8043741,,700 m,Labrador Park MRT Station,"[{""type"": ""OpeningHoursSpecification"", ""dayOfWeek"": [""Monday"", ""Tuesday"", ""Wednesday"", ""Thursday"", ""Friday"", ""Saturday"", ""Sunday""], ""opens"": ""08:00"", ""closes"": ""22:00""}]",108937,S$15900,per event,-1,NULL,,4.8,0.9789,122,6,"[3, 5, 6, 7, 8, 12, 16, 17, 18, 19, 20, 24, 25, 26, 27, 28]",71559,Full Venue,Event Venue,https://www.tagvenue.com/sg/rooms/singapore/71559/idas-event-space/full-venue?event-offer=wedding,39709,Ida's Event Space,Whole venue,Event Venue,https://www.tagvenue.com/sg/venues/singapore/39709/ida-s-event-space
283A Joo Chiat Road ,Geylang East,50,80,"[7, 9, 10, 16, 18, 21, 1001]",Singapore,,False,1.3101199768504,103.90224154113,,,,"[{""type"": ""OpeningHoursSpecification"", ""dayOfWeek"": [""Monday"", ""Tuesday"", ""Wednesday"", ""Thursday"", ""Friday"", ""Saturday"", ""Sunday""], ""opens"": ""10:00"", ""closes"": ""22:00""}]",427537,S$250,hire fee,-1,NULL,per hour,0,1,387,0,"[5, 6, 7, 8, 9, 10, 11, 12, 16, 17, 18, 24]",55866,Experiential Cultural Space,Museum,https://www.tagvenue.com/sg/rooms/singapore/55866/peranakan-mansion/experiential-cultural-space,27164,Peranakan Mansion,Whole venue,Museum,https://www.tagvenue.com/sg/venues/singapore/27164/peranakan-mansion
138 Market Street Level 38 & 39,Central Water Catchment,200,350,"[1, 14, 15, 20, 21, 8, 1000, 1001]",Singapore,Mediterranean,False,1.352083,103.819836,,,,"[{""type"": ""OpeningHoursSpecification"", ""dayOfWeek"": [""Monday"", ""Tuesday"", ""Sunday""], ""opens"": ""09:00"", ""closes"": ""04:00""}, {""type"": ""OpeningHoursSpecification"", ""dayOfWeek"": [""Wednesday"", ""Thursday"", ""Friday"", ""Saturday""], ""opens"": ""09:00"", ""closes"": ""22:30""}]",048946,S$6500,minimum spend,-1,NULL,per session,5,0.9954,175,1,"[3, 5, 7, 8, 9, 12, 16, 17, 18, 19]",83230,Dashi GO-GO,Lounge,https://www.tagvenue.com/sg/rooms/singapore/83230/cotu-lifestyle-entertainment-venue/dashi-go-go,50181,COTU Lifestyle & Entertainment Venue,Private space,Entertainment Centre,https://www.tagvenue.com/sg/venues/singapore/50181/cotu-lifestyle-entertainment-venue
2A Lorong Mambong Level 2 Above Little Farms Market Singapore 277671,Holland Drive,70,90,"[1, 7, 8, 1001]",Singapore,European,False,1.3110088,103.7953496,,150 m,Holland Village MRT Station,"[{""type"": ""OpeningHoursSpecification"", ""dayOfWeek"": [""Monday"", ""Tuesday"", ""Wednesday"", ""Thursday"", ""Friday"", ""Saturday"", ""Sunday""], ""opens"": ""08:00"", ""closes"": ""21:30""}]",277671,S$2500,minimum spend,-1,NULL,per morning,2,0.9444,393,1,"[3, 5, 6, 7, 9, 12, 17, 20]",94329,Main Indoor Restaurant,Restaurant,https://www.tagvenue.com/sg/rooms/singapore/94329/little-farms-table-at-holland-village/main-indoor-restaurant,56364,Little Farms Table at Holland Village,Semi-private area,Restaurant,https://www.tagvenue.com/sg/venues/singapore/56364/little-farms-table-at-holland-village
12 Kallang Avenue #01-25,Kallang Bahru,70,80,"[1, 7, 9, 14, 15, 8, 1001]",Singapore,European,True,1.3096447,103.8643015,,300 m,Lavender MRT Station,"[{""type"": ""OpeningHoursSpecification"", ""dayOfWeek"": [""Monday"", ""Tuesday"", ""Wednesday"", ""Thursday"", ""Friday"", ""Saturday"", ""Sunday""], ""opens"": ""11:00"", ""closes"": ""21:30""}]",339511,S$30,per person,4800,per session,,4.9,0.9988,40,86,"[3, 5, 6, 7, 12]",44242,Indoor Dining Area,Cafe,https://www.tagvenue.com/sg/rooms/singapore/44242/kaeden-cafe/indoor-dining-area?event-offer=wedding,21372,Kaeden Cafe,Whole venue,Cafe,https://www.tagvenue.com/sg/venues/singapore/21372/kaeden-cafe
7 Lorong 29 Geylang 02-02A,Aljunied,80,120,"[1, 7, 9, 16, 21, 1000, 1001]",Singapore,,False,1.3143875,103.8854563,,350 m,Aljunied MRT Station,"[{""type"": ""OpeningHoursSpecification"", ""dayOfWeek"": [""Monday"", ""Tuesday"", ""Wednesday"", ""Thursday"", ""Friday"", ""Saturday"", ""Sunday""], ""opens"": ""00:00"", ""closes"": ""23:59""}]",388063,S$80,hire fee,-1,NULL,per hour,4.3,0.991,44,4,"[5, 6, 7, 8, 10, 12, 16, 17, 18, 19, 20, 25, 27]",106365,Private Event Space,Event Venue,https://www.tagvenue.com/sg/rooms/singapore/106365/dreamscape-mirage/private-event-space,63133,Dreamscape Mirage,Whole venue,Event Venue,https://www.tagvenue.com/sg/venues/singapore/63133/dreamscape-mirage
102C Jalan Jurong Kechil ,Anak Bukit,60,60,"[1, 7, 9, 15, 20, 21, 8, 1001]",Singapore,Spanish,False,1.3407894,103.7725999,,350 m,Beauty World MRT Station,"[{""type"": ""OpeningHoursSpecification"", ""dayOfWeek"": [""Monday"", ""Tuesday"", ""Wednesday"", ""Thursday"", ""Friday""], ""opens"": ""11:30"", ""closes"": ""22:30""}, {""type"": ""OpeningHoursSpecification"", ""dayOfWeek"": [""Saturday"", ""Sunday""], ""opens"": ""09:30"", ""closes"": ""22:30""}]",598602,S$20,per person,2000,per morning,per morning,4.7,1,54,5,"[6, 7, 17, 18, 20]",64614,Mikey's Taverna,Dining Room,https://www.tagvenue.com/sg/rooms/singapore/64614/micasa-kitchen-and-bar/mikeys-taverna,33002,Micasa Kitchen and Bar,Whole venue,Restaurant,https://www.tagvenue.com/sg/venues/singapore/33002/micasa-kitchen-and-bar
1 Jalan Anak Bukit #01-01A,Swiss Club,500,2000,"[1, 2, 20, 8, 1000, 1001]",Singapore,Asian,False,1.3390108955915,103.778917658,,400 m,Beauty World MRT Station,"[{""type"": ""OpeningHoursSpecification"", ""dayOfWeek"": [""Monday"", ""Tuesday"", ""Wednesday"", ""Thursday"", ""Friday"", ""Saturday"", ""Sunday""], ""opens"": ""10:30"", ""closes"": ""20:30""}]",588996,S$35,per person,3500,per session,per session,5,0.975,132,1,"[3, 5, 6, 7, 8, 10, 11, 12, 17, 18, 19]",97665,Royal Hall,Banqueting Hall,https://www.tagvenue.com/sg/rooms/singapore/97665/lagun-sari-bukit-timah-plaza-royal-hall/royal-hall,58207,Lagun Sari (Bukit Timah Plaza) - Royal Hall,Private space,Banqueting Hall,https://www.tagvenue.com/sg/venues/singapore/58207/lagun-sari-bukit-timah-plaza-royal-hall
355 Balestier Road ,Balestier,60,100,"[1, 8, 1000, 1001]",Singapore,,True,1.3244364,103.85086,,,,"[{""type"": ""OpeningHoursSpecification"", ""dayOfWeek"": [""Monday"", ""Tuesday"", ""Wednesday"", ""Thursday"", ""Friday"", ""Saturday"", ""Sunday""], ""opens"": ""07:30"", ""closes"": ""22:00""}]",329782,S$500,hire fee,-1,NULL,per session,4.8,0.9893,48,42,"[3, 5, 6, 7, 8, 9, 12, 17, 18, 19, 20]",70304,Event Space,Event Space,https://www.tagvenue.com/sg/rooms/singapore/70304/thank-you-come-again/event-space,38367,Thank You Come Again,Semi-private area,Coworking Space,https://www.tagvenue.com/sg/venues/singapore/38367/thank-you-come-again
101 Seletar Club Road ,Lower Seletar,240,380,"[1, 7, 16, 19, 8]",Singapore,Asian,False,1.4096081,103.8581298,,,,"[{""type"": ""OpeningHoursSpecification"", ""dayOfWeek"": [""Monday"", ""Tuesday"", ""Wednesday"", ""Thursday"", ""Friday"", ""Saturday"", ""Sunday""], ""opens"": ""09:00"", ""closes"": ""23:00""}]",798273,S$5395,hire fee,-1,NULL,per session,4.9,0.9923,101,7,"[5, 7, 8, 10, 11, 12, 16, 17, 18]",50726,Seletar Room,Ballroom,https://www.tagvenue.com/sg/rooms/singapore/50726/seletar-country-club/seletar-room?event-offer=wedding,24658,Seletar Country Club,Private space,Sports Club,https://www.tagvenue.com/sg/venues/singapore/24658/seletar-country-club-2
277 Orchard Road 03-17,Somerset,80,120,"[1, 2, 3, 14, 15, 16, 18, 19, 20, 8, 1000]",Singapore,,False,1.3007496,103.839206,,50 m,Somerset MRT Station,"[{""type"": ""OpeningHoursSpecification"", ""dayOfWeek"": [""Monday"", ""Tuesday"", ""Wednesday"", ""Thursday"", ""Friday"", ""Saturday"", ""Sunday""], ""opens"": ""12:00"", ""closes"": ""02:00""}]",238858,S$750,hire fee,-1,NULL,per session,0,0.975,10,0,"[5, 6, 7, 8, 9, 10, 11, 12, 13, 16, 17, 18, 25, 27]",112620,Full Venue Booking,Bar,https://www.tagvenue.com/sg/rooms/singapore/112620/tigress-premium-billiards-bar/full-venue-booking,66576,Tigress Premium Billiards & Bar,Whole venue,Bar,https://www.tagvenue.com/sg/venues/singapore/66576/tigress-premium-billiards-bar
3 Mayo Street ,Little India,10,10,"[16, 1000, 1001]",Singapore,,False,1.3037591,103.8539892,,200 m,Little India MRT Station,"[{""type"": ""OpeningHoursSpecification"", ""dayOfWeek"": [""Monday"", ""Tuesday"", ""Wednesday"", ""Thursday"", ""Friday"", ""Saturday"", ""Sunday""], ""opens"": ""10:00"", ""closes"": ""21:00""}]",208303,S$68,hire fee,-1,NULL,per hour,0,1,112,0,"[5, 6, 7, 9, 11, 12, 16, 19, 27, 28]",106680,eGe Workshop Studio,Creative Space,https://www.tagvenue.com/sg/rooms/singapore/106680/ege-experience-atelier/ege-workshop-studio,63151,eGe Experience Atelier,Private space,Event Venue,https://www.tagvenue.com/sg/venues/singapore/63151/ege-experience-atelier
402 Orchard Road ,Boulevard,50,0,"[7, 17, 1000, 1001, 1]",Singapore,,False,1.3071757328345,103.82858624064,,550 m,Orchard MRT Station,"[{""type"": ""OpeningHoursSpecification"", ""dayOfWeek"": [""Monday"", ""Tuesday"", ""Wednesday"", ""Thursday"", ""Friday"", ""Saturday"", ""Sunday""], ""opens"": ""11:00"", ""closes"": ""23:00""}]",238876,S$1800,hire fee,-1,NULL,per hour,0,1,0,0,"[5, 6, 7, 8, 16, 17, 18, 19, 20]",108280,Tang Contemporary Art SG,Gallery,https://www.tagvenue.com/sg/rooms/singapore/108280/delfi-orchard/tang-contemporary-art-sg,64298,Delfi Orchard,Whole venue,Gallery,https://www.tagvenue.com/sg/venues/singapore/64298/delfi-orchard
190 Keng Lee Road ,Newton,540,700,"[1, 14, 20, 8, 1000, 1001]",Singapore,Chinese,False,1.3139039,103.8414652,,400 m,Newton MRT Station,"[{""type"": ""OpeningHoursSpecification"", ""dayOfWeek"": [""Monday"", ""Tuesday"", ""Wednesday"", ""Thursday"", ""Friday"", ""Saturday"", ""Sunday""], ""opens"": ""11:30"", ""closes"": ""23:00""}]",308409,S$80,per person,8000,per session,per session,5,0.971,19,6,"[5, 6, 8, 12]",71254,Halls A & B,Banqueting Hall,https://www.tagvenue.com/sg/rooms/singapore/71254/chui-huay-lim-teochew-cuisine/halls-a-b,38985,Chui Huay Lim Teochew Cuisine,Private space,Restaurant,https://www.tagvenue.com/sg/venues/singapore/38985/chui-huay-lim-teochew-cuisine
3A Pasir Ris Drive 6 #03-29,Pasir Ris Drive,100,150,"[7, 9, 10, 16, 21, 1000, 1001]",Singapore,,True,1.370909773586,103.95571501772,,750 m,Pasir Ris MRT Station,"[{""type"": ""OpeningHoursSpecification"", ""dayOfWeek"": [""Monday"", ""Tuesday"", ""Wednesday"", ""Thursday"", ""Friday"", ""Saturday"", ""Sunday""], ""opens"": ""00:00"", ""closes"": ""23:59""}]",519422,S$135,hire fee,-1,NULL,per hour,4.6,1,9,12,"[5, 6, 7, 8, 9, 10, 12, 16, 17, 18, 19, 20]",82960,Vida Lounge,Event Space,https://www.tagvenue.com/sg/rooms/singapore/82960/n9-offices-vidacity-pasir-ris/vida-lounge,50008,N9 Offices (Vidacity - Pasir Ris),Private space,Coworking Space,https://www.tagvenue.com/sg/venues/singapore/50008/n9-offices-vidacity-pasir-ris
12 Orange Grove Road ,Orchard,55,150,"[1, 7, 14, 15, 17, 20, 8, 1001]",Singapore,Japanese,False,1.3101333,103.8264176,,,,"[{""type"": ""OpeningHoursSpecification"", ""dayOfWeek"": [""Monday"", ""Tuesday"", ""Wednesday"", ""Thursday"", ""Friday"", ""Saturday"", ""Sunday""], ""opens"": ""12:00"", ""closes"": ""22:00""}]",258353,S$9592,minimum spend,-1,NULL,per session,0,1,134,0,"[3, 5, 6, 7, 9, 11, 12, 17, 18, 20]",114176,Full Restaurant,Restaurant,https://www.tagvenue.com/sg/rooms/singapore/114176/kaya-at-the-standard/full-restaurant,65796,Kaya @ The Standard,Private space,Hotel,https://www.tagvenue.com/sg/venues/singapore/65796/kaya-at-the-standard
65 Chulia Street #33 floor,Phillip,160,250,"[1, 14, 20, 8, 1000, 1001]",Singapore,Chinese,False,1.2852385283101,103.84889019957,,300 m,Raffles Place MRT Station,"[{""type"": ""OpeningHoursSpecification"", ""dayOfWeek"": [""Monday"", ""Tuesday"", ""Wednesday"", ""Thursday"", ""Friday"", ""Saturday"", ""Sunday""], ""opens"": ""11:00"", ""closes"": ""22:00""}]",049513,S$138,per person,13800,per session,per session,0,1,29,0,"[5, 6, 7, 8, 12, 17, 18]",90542,Main Hall,Hall,https://www.tagvenue.com/sg/rooms/singapore/90542/peach-garden-at-ocbc-centre/main-hall,54198,Peach Garden @ OCBC Centre,Private space,Restaurant,https://www.tagvenue.com/sg/venues/singapore/54198/peach-garden-at-ocbc-centre
11 Cove Drive ,Sentosa,30,0,"[1, 7, 14, 15, 16, 18, 20, 1000, 1001]",Singapore,Thai,False,1.2455587,103.8397701,,,,"[{""type"": ""OpeningHoursSpecification"", ""dayOfWeek"": [""Monday"", ""Tuesday"", ""Wednesday"", ""Thursday"", ""Friday"", ""Saturday"", ""Sunday""], ""opens"": ""00:00"", ""closes"": ""23:59""}]",098497,S$1388,hire fee,-1,NULL,per session,0,0.9818,10,0,"[6, 7, 9, 12, 16, 17, 19]",106504,MOJO,Yacht,https://www.tagvenue.com/sg/rooms/singapore/106504/shimmering-sea-cruises/mojo,58575,Shimmering Sea Cruises,Whole venue,Yacht,https://www.tagvenue.com/sg/venues/singapore/58575/shimmering-sea-cruises
"260 Orchard Road #05-02, The Heeren",Somerset,200,0,"[1, 20, 1000, 1001]",Singapore,Chinese,False,1.3028056835377,103.83742732477,,350 m,Somerset MRT Station,"[{""type"": ""OpeningHoursSpecification"", ""dayOfWeek"": [""Monday"", ""Tuesday"", ""Wednesday"", ""Thursday"", ""Friday"", ""Saturday"", ""Sunday""], ""opens"": ""11:00"", ""closes"": ""20:30""}]",238855,S$1168,minimum spend,-1,NULL,per session,0,0.963,28,0,"[5, 7, 8, 12, 17, 19]",91430,Main Dining Hall,Banqueting Hall,https://www.tagvenue.com/sg/rooms/singapore/91430/peach-garden-at-the-heeren/main-dining-hall,54666,Peach Garden @ The Heeren,Private space,Restaurant,https://www.tagvenue.com/sg/venues/singapore/54666/peach-garden-at-the-heeren
Circular Road 69,Singapore City Centre,140,180,"[1, 2, 9, 16, 21, 8, 1000, 1001]",Singapore,American,False,1.2865958046386,103.84908299893,,350 m,Clarke Quay MRT Station,"[{""type"": ""OpeningHoursSpecification"", ""dayOfWeek"": [""Monday"", ""Tuesday"", ""Wednesday""], ""opens"": ""11:30"", ""closes"": ""22:00""}, {""type"": ""OpeningHoursSpecification"", ""dayOfWeek"": [""Thursday"", ""Friday"", ""Saturday""], ""opens"": ""17:30"", ""closes"": ""21:30""}]",049423,S$33,per person,-1,NULL,,5,0.9322,34,6,"[5, 6, 7, 8, 12, 17]",13145,Entire Indoor Section,Bar,https://www.tagvenue.com/sg/rooms/singapore/13145/heros/entire-indoor-section?event-offer=wedding,5971,Hero's,Whole venue,Bar,https://www.tagvenue.com/sg/venues/singapore/5971/hero-s
8 Raffles Avenue ,Marina Centre,300,310,"[1, 7, 9, 14, 16, 19, 21, 8]",Singapore,Chinese,False,1.2896585,103.8557631,,400 m,Esplanade MRT Station,"[{""type"": ""OpeningHoursSpecification"", ""dayOfWeek"": [""Monday"", ""Tuesday"", ""Wednesday"", ""Thursday"", ""Friday"", ""Saturday"", ""Sunday""], ""opens"": ""11:00"", ""closes"": ""21:00""}]",039802,S$22231,minimum spend,-1,NULL,per session,4.9,0.9854,13,14,"[5, 6, 7, 8, 9, 10, 11, 12, 17]",19412,Whole Venue,Restaurant,https://www.tagvenue.com/sg/rooms/singapore/19412/straits-chinese-nonya-restaurant-raffles/whole-venue,8340,Straits Chinese Nonya Restaurant - Raffles,Whole venue,Restaurant,https://www.tagvenue.com/sg/venues/singapore/8340/straits-chinese-nonya-restaurant-raffles
41 Beach Rd ,Bugis,50,75,"[1, 7, 16, 1000, 1001]",Singapore,Singaporean,False,1.2962347,103.8558084,,350 m,Esplanade MRT Station,"[{""type"": ""OpeningHoursSpecification"", ""dayOfWeek"": [""Monday"", ""Tuesday"", ""Wednesday"", ""Thursday"", ""Friday"", ""Saturday"", ""Sunday""], ""opens"": ""09:00"", ""closes"": ""22:00""}]",189680,S$340,minimum spend,-1,NULL,per session,0,1,10,0,"[3, 5, 6, 7, 8, 9, 12, 13, 16, 17, 18, 19, 25, 26, 27, 28]",109061,Enclosed Event Space,Event Venue,https://www.tagvenue.com/sg/rooms/singapore/109061/enclosed-singapore/enclosed-event-space,64772,Enclosed Singapore,Whole venue,Event Venue,https://www.tagvenue.com/sg/venues/singapore/64772/enclosed-singapore-2
3 Hyde Park Gate ,Seletar Aerospace Park,289,400,"[1, 7, 14, 15, 20, 8, 1001]",Singapore,European,False,1.407167,103.8676876,,,,"[{""type"": ""OpeningHoursSpecification"", ""dayOfWeek"": [""Monday"", ""Tuesday"", ""Wednesday"", ""Thursday""], ""opens"": ""12:00"", ""closes"": ""15:00""}, {""type"": ""OpeningHoursSpecification"", ""dayOfWeek"": [""Friday"", ""Saturday"", ""Sunday""], ""opens"": ""18:00"", ""closes"": ""21:00""}]",799531,S$2500,minimum spend,-1,NULL,per afternoon,4,0.9286,1,1,"[3, 5, 6, 7, 8, 9, 10, 11, 12, 16, 17, 18, 19, 20, 21, 22, 25, 27]",72641,Entire Restaurant,Restaurant,https://www.tagvenue.com/sg/rooms/singapore/72641/youngs-bar-restaurant/entire-restaurant,22484,Youngs Bar & Restaurant,Whole venue,Restaurant,https://www.tagvenue.com/sg/venues/singapore/22484/youngs-bar-restaurant
95 East Coast Road Dona Manis Heritage Bakehouse,Katong,50,60,"[1, 17, 20, 1000, 1001]",Singapore,Asian,False,1.3056748,103.9041734,,,,"[{""type"": ""OpeningHoursSpecification"", ""dayOfWeek"": [""Monday"", ""Tuesday"", ""Wednesday"", ""Thursday"", ""Friday"", ""Saturday"", ""Sunday""], ""opens"": ""09:00"", ""closes"": ""23:00""}]",428793,S$25.10,per person,-1,NULL,,0,0.9,151,0,"[3, 5, 6, 7, 8, 12, 17, 20]",111367,Heritage Loft,Event Space,https://www.tagvenue.com/sg/rooms/singapore/111367/dona-manis-heritage-bakehouse-event-space/heritage-loft?event-offer=wedding,65717,Dona Manis Heritage Bakehouse Event Space,Private space,Cafe,https://www.tagvenue.com/sg/venues/singapore/65717/dona-manis-heritage-bakehouse-event-space
400 Orchard Road 03-19,Boulevard,60,60,"[17, 1000, 1001, 1]",Singapore,Singaporean,False,1.3069439,103.8291434,,500 m,Orchard MRT Station,"[{""type"": ""OpeningHoursSpecification"", ""dayOfWeek"": [""Monday"", ""Tuesday"", ""Wednesday"", ""Thursday""], ""opens"": ""10:00"", ""closes"": ""19:00""}, {""type"": ""OpeningHoursSpecification"", ""dayOfWeek"": [""Friday""], ""opens"": ""10:00"", ""closes"": ""21:00""}, {""type"": ""OpeningHoursSpecification"", ""dayOfWeek"": [""Saturday""], ""opens"": ""09:00"", ""closes"": ""21:00""}, {""type"": ""OpeningHoursSpecification"", ""dayOfWeek"": [""Sunday""], ""opens"": ""08:00"", ""closes"": ""21:00""}]",238875,S$300,hire fee,-1,NULL,per hour,5,1,12,1,"[5, 7, 8, 9, 12, 13, 17, 18, 19, 21, 22, 23, 24, 25, 27, 28]",105705,Event Space,Event Space,https://www.tagvenue.com/sg/rooms/singapore/105705/oxycaffe/event-space,62750,OxyCaffe,Private space,Cafe,https://www.tagvenue.com/sg/venues/singapore/62750/oxycaffe
12 Arumugam Road #01-01A,Kampong Ubi,80,100,"[16, 1000, 1001]",Singapore,,True,1.3250644,103.8912437,,200 m,Macpherson MRT Station,"[{""type"": ""OpeningHoursSpecification"", ""dayOfWeek"": [""Monday"", ""Tuesday"", ""Wednesday"", ""Thursday"", ""Friday"", ""Saturday"", ""Sunday""], ""opens"": ""07:00"", ""closes"": ""00:00""}]",409958,S$45,hire fee,-1,NULL,per hour,4.9,0.9828,0,40,"[5, 6, 7, 9, 10, 12, 16, 17, 18, 19, 25, 27]",103374,Flexibility & Vitality,Dance Studio,https://www.tagvenue.com/sg/rooms/singapore/103374/yuanju-wellness/flexibility-vitality,61445,Yuanju Wellness,Private space,Office Space,https://www.tagvenue.com/sg/venues/singapore/61445/yuanju-wellness
26 Evans Road The Initial Sama,Nassim,250,250,"[1, 9, 10, 17, 21, 1000, 1001]",Singapore,,False,1.3187817,103.8202563,,650 m,Stevens MRT Station,"[{""type"": ""OpeningHoursSpecification"", ""dayOfWeek"": [""Monday"", ""Tuesday"", ""Wednesday"", ""Thursday"", ""Friday"", ""Saturday"", ""Sunday""], ""opens"": ""10:00"", ""closes"": ""00:00""}]",259367,S$3500,minimum spend,-1,NULL,per session,0,0.9184,62,0,"[5, 6, 18, 19, 20]",104574,Poolside Incude Lawn,Swimming Pool,https://www.tagvenue.com/sg/rooms/singapore/104574/the-initial-sama/poolside-incude-lawn,62081,The Initial Sama,Whole venue,Hotel,https://www.tagvenue.com/sg/venues/singapore/62081/the-initial-sama
71 Ubi Crescent #04-12,Kampong Ubi,70,80,"[7, 16, 1000, 1001]",Singapore,,False,1.3268908,103.8983586,,350 m,Ubi MRT Station,"[{""type"": ""OpeningHoursSpecification"", ""dayOfWeek"": [""Monday"", ""Tuesday"", ""Wednesday"", ""Thursday"", ""Friday"", ""Saturday"", ""Sunday""], ""opens"": ""00:00"", ""closes"": ""23:59""}]",408571,S$100,hire fee,-1,NULL,per hour,4.5,1,0,15,"[5, 6, 7, 9, 12, 17, 18, 20]",87039,Beary Fun Space,Event Venue,https://www.tagvenue.com/sg/rooms/singapore/87039/bearyfun-space/beary-fun-space,52320,Bearyfun Space,Whole venue,Event Venue,https://www.tagvenue.com/sg/venues/singapore/52320/bearyfun-space
92 Telok Ayer Street ,China Square,60,100,"[1, 7, 14, 20, 8, 1001]",Singapore,Italian,False,1.2825993,103.8486237,,50 m,Telok Ayer MRT Station,"[{""type"": ""OpeningHoursSpecification"", ""dayOfWeek"": [""Monday"", ""Tuesday"", ""Wednesday"", ""Thursday"", ""Saturday""], ""opens"": ""18:00"", ""closes"": ""22:00""}]",048472,S$4000,minimum spend,-1,NULL,per evening,5,0.896,358,1,"[5, 6, 7, 9, 12, 17, 18, 19]",79701,Capasso Lounge,Lounge,https://www.tagvenue.com/sg/rooms/singapore/79701/capasso-restaurant-lounge/capasso-lounge,47526,Capasso Restaurant & Lounge,Private space,Restaurant,https://www.tagvenue.com/sg/venues/singapore/47526/capasso-restaurant-lounge
Bizhub28 ,Kembangan,50,50,"[7, 9, 16, 18, 1000, 1001]",Singapore,,False,1.327409,103.9181964,,,,"[{""type"": ""OpeningHoursSpecification"", ""dayOfWeek"": [""Monday"", ""Tuesday"", ""Wednesday"", ""Thursday"", ""Friday"", ""Saturday"", ""Sunday""], ""opens"": ""06:00"", ""closes"": ""22:00""}]",416601,S$180,hire fee,-1,NULL,per hour,4.6,0.9173,754,48,"[5, 6, 7, 9, 12, 17, 18]",21859,Rooftop Pool and BBQ,Outdoor Space,https://www.tagvenue.com/sg/rooms/singapore/21859/monti-studios/rooftop-pool-and-bbq,8989,Monti Studios,Private space,Photo / Film Studio,https://www.tagvenue.com/sg/venues/singapore/8989/monti-studios
"86 East Coast Road, Floor 7, Katong Square, Singapore 428788 Hotel Indigo Singapore Katong",Marine Parade,80,110,"[1, 2, 7, 9, 10, 14, 15, 16, 20, 21, 22, 8, 1001]",Singapore,Asian,False,1.3049152535579,103.9045873893,,,,"[{""type"": ""OpeningHoursSpecification"", ""dayOfWeek"": [""Monday"", ""Tuesday"", ""Wednesday"", ""Thursday"", ""Friday"", ""Saturday"", ""Sunday""], ""opens"": ""06:00"", ""closes"": ""23:30""}]",428788,S$65,per person,6500,per day,per day,0,0.5806,188,0,"[3, 5, 7, 8, 9, 10, 11, 12, 13, 16, 17, 18, 19, 20, 26, 28]",105968,Joo Chiat Meeting Room,Meeting Room,https://www.tagvenue.com/sg/rooms/singapore/105968/hotel-indigo-singapore-katong/joo-chiat-meeting-room,62879,Hotel Indigo Singapore Katong,Whole venue,Hotel,https://www.tagvenue.com/sg/venues/singapore/62879/hotel-indigo-singapore-katong-3
39 Keppel Road ,City Terminals,250,350,"[7, 16, 8, 1000, 1001]",Singapore,,False,1.2720528614752,103.83649719427,,,,"[{""type"": ""OpeningHoursSpecification"", ""dayOfWeek"": [""Monday"", ""Tuesday"", ""Wednesday"", ""Thursday"", ""Friday"", ""Saturday"", ""Sunday""], ""opens"": ""09:00"", ""closes"": ""23:00""}]",089065,S$154.50,per person,-1,NULL,,5,0.9059,187,3,"[3, 5, 6, 7, 8, 10, 12, 13, 16, 17, 18, 19]",98877,Entire Space,Warehouse,https://www.tagvenue.com/sg/rooms/singapore/98877/cargo39/entire-space?event-offer=wedding,58928,Cargo39,Whole venue,Warehouse,https://www.tagvenue.com/sg/venues/singapore/58928/cargo39
"12 Teck Lim Road 12 Teck Lim Rd, Singapore 088390",Tanjong Pagar,50,100,"[1, 7, 9, 10, 17, 20, 21, 8, 1001]",Singapore,Mediterranean,False,1.2803746,103.841949,,250 m,Outram Park MRT Station,"[{""type"": ""OpeningHoursSpecification"", ""dayOfWeek"": [""Monday"", ""Tuesday"", ""Wednesday"", ""Thursday"", ""Friday"", ""Saturday"", ""Sunday""], ""opens"": ""12:00"", ""closes"": ""00:00""}]",088387,S$30,per person,3000,per session,per session,0,1,92,0,"[3, 5, 6, 7, 8, 9, 10, 11, 12, 13, 16, 17, 18, 19, 20, 21, 22, 23, 24, 25, 26, 27, 28]",115994,Full Venue,Restaurant,https://www.tagvenue.com/sg/rooms/singapore/115994/leila-singapore/full-venue,68314,Leila Singapore,Private space,Restaurant,https://www.tagvenue.com/sg/venues/singapore/68314/leila-singapore
120 Desker Road ,Little India,45,60,"[1, 2, 9, 10, 14, 20, 21, 22, 8, 1000, 1001]",Singapore,Thai,False,1.3080981686789,103.85636492782,,300 m,Jalan Besar MRT Station,"[{""type"": ""OpeningHoursSpecification"", ""dayOfWeek"": [""Monday"", ""Tuesday"", ""Wednesday"", ""Thursday"", ""Friday"", ""Saturday"", ""Sunday""], ""opens"": ""08:00"", ""closes"": ""23:00""}]",209639,S$80,hire fee,-1,NULL,per hour,0,0.95,233,0,"[3, 5, 6, 7, 8, 9, 10, 11, 12, 16, 17, 18, 19, 20]",85652,Event Space 2nd Floor,Event Space,https://www.tagvenue.com/sg/rooms/singapore/85652/thong-thai-bistro/event-space-2nd-floor,51586,Thong Thai Bistro,Whole venue,Restaurant,https://www.tagvenue.com/sg/venues/singapore/51586/thong-thai-bistro
100 Peck Seah Street Hotel Lobby,Tanjong Pagar,90,80,"[1, 2, 7, 9, 14, 8, 1001]",Singapore,,False,1.2758528,103.8443611,,200 m,Tanjong Pagar MRT Station,"[{""type"": ""OpeningHoursSpecification"", ""dayOfWeek"": [""Monday"", ""Tuesday"", ""Wednesday"", ""Thursday"", ""Friday"", ""Saturday"", ""Sunday""], ""opens"": ""11:30"", ""closes"": ""21:30""}]",079333,S$4000,minimum spend,-1,NULL,per session,5,0.9674,619,1,"[5, 6, 7, 12, 17, 18]",49168,Dining Venue,Restaurant,https://www.tagvenue.com/sg/rooms/singapore/49168/the-marmalade-pantry-downtown/dining-venue,23305,The Marmalade Pantry Downtown,Whole venue,Restaurant,https://www.tagvenue.com/sg/venues/singapore/23305/the-marmalade-pantry-downtown
Joo Chiat Road 237A,Geylang East,30,50,"[7, 10, 16, 18, 1000, 1001]",Singapore,,False,1.310994,103.9014396,,,,"[{""type"": ""OpeningHoursSpecification"", ""dayOfWeek"": [""Monday"", ""Tuesday"", ""Wednesday"", ""Thursday"", ""Friday""], ""opens"": ""00:00"", ""closes"": ""23:59""}, {""type"": ""OpeningHoursSpecification"", ""dayOfWeek"": [""Saturday"", ""Sunday""], ""opens"": ""09:00"", ""closes"": ""06:00""}]",427494,S$688,hire fee,-1,NULL,per session,5,0.9799,282,1,"[5, 6, 7, 9, 11, 12, 16, 17, 27]",42094,Entire Apartment,Loft,https://www.tagvenue.com/sg/rooms/singapore/42094/terra-loft/entire-apartment,20253,Terra Loft,Whole venue,Loft,https://www.tagvenue.com/sg/venues/singapore/20253/terra-loft
"252 North Bridge Road Raffles City, #03-00",City Hall,24,30,"[1, 9, 10, 16, 21, 8, 1000, 1001]",Singapore,Japanese,False,1.2942831,103.8529487,,150 m,City Hall MRT Station,"[{""type"": ""OpeningHoursSpecification"", ""dayOfWeek"": [""Monday"", ""Tuesday"", ""Wednesday"", ""Thursday"", ""Friday"", ""Saturday"", ""Sunday""], ""opens"": ""11:30"", ""closes"": ""22:30""}]",179103,S$50,minimum spend,-1,NULL,per session,4,1,50,1,"[5, 7, 8, 9, 10, 11, 12, 16, 17, 18, 19, 20]",100606,Fuyu Room,Dining Room,https://www.tagvenue.com/sg/rooms/singapore/100606/domo-modern-japanese-restaurant/fuyu-room,59111,DOMO Modern Japanese Restaurant,Private space,Restaurant,https://www.tagvenue.com/sg/venues/singapore/59111/domo-modern-japanese-restaurant
"7 Purvis Street, Level 2 ",Bugis,40,50,"[1, 7, 8, 1001]",Singapore,Japanese,False,1.2967501,103.8551743,,350 m,Bugis MRT Station,"[{""type"": ""OpeningHoursSpecification"", ""dayOfWeek"": [""Monday"", ""Tuesday"", ""Wednesday"", ""Thursday"", ""Friday"", ""Saturday"", ""Sunday""], ""opens"": ""12:00"", ""closes"": ""22:00""}]",188586,S$3000,minimum spend,-1,NULL,per afternoon,4.9,0.8898,272,4,"[3, 5, 6, 7, 12, 17, 18]",51119,Entire Venue,Restaurant,https://www.tagvenue.com/sg/rooms/singapore/51119/tanoke-modern-japanese-restaurant/entire-venue,24559,TANOKE - Modern Japanese Restaurant,Whole venue,Restaurant,https://www.tagvenue.com/sg/venues/singapore/24559/tanoke-modern-japanese-restaurant
25 Scotts Road ,Boulevard,160,120,"[1, 2, 7, 9, 10, 14, 17, 21, 8, 1000, 1001]",Singapore,Singaporean,False,1.3069418532131,103.8319730619,,350 m,Orchard MRT Station,"[{""type"": ""OpeningHoursSpecification"", ""dayOfWeek"": [""Monday"", ""Tuesday"", ""Wednesday"", ""Thursday"", ""Friday"", ""Saturday"", ""Sunday""], ""opens"": ""09:00"", ""closes"": ""17:00""}]",228220,S$1200,hire fee,16200,per day,per session,4.8,0.9605,107,6,"[3, 5, 6, 7, 8, 10, 11, 12, 13, 16, 17, 25]",16044,Wedding,Event Space,https://www.tagvenue.com/sg/rooms/singapore/16044/royal-plaza-on-scotts/balmoral-hall?event-offer=wedding,7273,Royal Plaza on Scotts,Private space,Hotel,https://www.tagvenue.com/sg/venues/singapore/7273/royal-plaza-on-scotts
4 Ang Mo Kio Avenue 12 #01-01,Serangoon North Ind Estate,100,100,"[1, 2, 7, 9, 10, 17, 20, 21, 22, 8, 1001]",Singapore,Singaporean,False,1.3725095,103.8665585,,,,"[{""type"": ""OpeningHoursSpecification"", ""dayOfWeek"": [""Monday"", ""Tuesday"", ""Wednesday"", ""Thursday"", ""Friday"", ""Saturday"", ""Sunday""], ""opens"": ""00:00"", ""closes"": ""23:59""}]",569498,S$1000,minimum spend,3000,per session,per session,5,1,0,13,"[5, 6, 7, 8, 9, 10, 11, 12, 13, 16, 17, 18, 19, 21, 22, 24, 25, 26, 27, 28]",112169,Car-themed Café,Cafe,https://www.tagvenue.com/sg/rooms/singapore/112169/rounding/car-themed-cafe,66356,Rounding,Whole venue,Cafe,https://www.tagvenue.com/sg/venues/singapore/66356/rounding
1008 Toa Payoh North 01-02,Toa Payoh West,50,100,"[7, 9, 10, 16, 21, 22, 1001]",Singapore,,False,1.3430138523542,103.84639249566,,300 m,Braddell MRT Station,"[{""type"": ""OpeningHoursSpecification"", ""dayOfWeek"": [""Monday"", ""Tuesday"", ""Thursday"", ""Friday"", ""Saturday"", ""Sunday""], ""opens"": ""06:00"", ""closes"": ""00:00""}, {""type"": ""OpeningHoursSpecification"", ""dayOfWeek"": [""Wednesday""], ""opens"": ""00:00"", ""closes"": ""23:59""}]",318996,S$200,hire fee,-1,NULL,per hour,5,0.9714,100,3,"[5, 6, 7, 9, 12, 16, 17, 18, 19, 25, 28]",83818,Entire Venue,Event Venue,https://www.tagvenue.com/sg/rooms/singapore/83818/candlescape-foundation/entire-venue,50537,Candlescape Foundation,Whole venue,Event Venue,https://www.tagvenue.com/sg/venues/singapore/50537/candlescape-foundation
124 Beach Road ,Bugis,130,208,"[1, 9, 10, 14, 20, 21, 22, 8, 1000, 1001]",Singapore,European,False,1.2968398,103.8574827,,300 m,Bugis MRT Station,"[{""type"": ""OpeningHoursSpecification"", ""dayOfWeek"": [""Monday"", ""Tuesday"", ""Wednesday"", ""Thursday"", ""Friday""], ""opens"": ""11:00"", ""closes"": ""22:00""}, {""type"": ""OpeningHoursSpecification"", ""dayOfWeek"": [""Saturday"", ""Sunday""], ""opens"": ""11:00"", ""closes"": ""21:00""}]",189771,S$3000,minimum spend,-1,NULL,per session,0,0.9492,0,0,"[5, 6, 9, 12, 17]",108092,Whole Venue,Restaurant,https://www.tagvenue.com/sg/rooms/singapore/108092/the-telegraph-by-olivia/whole-venue,64173,The Telegraph by Olivia,Whole venue,Restaurant,https://www.tagvenue.com/sg/venues/singapore/64173/the-telegraph-by-olivia
Amoy Street 45,Chinatown,22,0,"[1, 2, 7, 14, 15, 8, 1001]",Singapore,Italian,False,1.2804262,103.8468933,,250 m,Telok Ayer MRT Station,"[{""type"": ""OpeningHoursSpecification"", ""dayOfWeek"": [""Monday"", ""Tuesday"", ""Wednesday"", ""Thursday"", ""Friday"", ""Sunday""], ""opens"": ""12:00"", ""closes"": ""22:30""}, {""type"": ""OpeningHoursSpecification"", ""dayOfWeek"": [""Saturday""], ""opens"": ""18:00"", ""closes"": ""22:30""}]",069871,S$1800,minimum spend,-1,NULL,per session,0,1,133,0,"[5, 7, 12, 16]",20159,Private Dining Room,Dining Room,https://www.tagvenue.com/sg/rooms/singapore/20159/solo-ristorante/private-dining-room,8960,Solo Ristorante,Private space,Restaurant,https://www.tagvenue.com/sg/venues/singapore/8960/solo-ristorante
66 Seletar Aerospace View ,Seletar Aerospace Park,350,370,"[1, 8, 1000, 1001]",Singapore,American,False,1.4123825367084,103.86972234967,,,,"[{""type"": ""OpeningHoursSpecification"", ""dayOfWeek"": [""Monday"", ""Tuesday"", ""Wednesday"", ""Thursday"", ""Friday""], ""opens"": ""11:00"", ""closes"": ""21:00""}, {""type"": ""OpeningHoursSpecification"", ""dayOfWeek"": [""Saturday"", ""Sunday""], ""opens"": ""09:00"", ""closes"": ""21:00""}]",797509,S$3800,hire fee,-1,NULL,per session,4.9,0.7568,410,5,"[3, 5, 6, 7, 8, 12, 17, 18]",53033,Lounge,Event Space,https://www.tagvenue.com/sg/rooms/singapore/53033/wingsoverasia/clubwoa-aviators-lounge?event-offer=wedding,25595,WingsOverAsia,Whole venue,Event Venue,https://www.tagvenue.com/sg/venues/singapore/25595/wingsoverasia
56 Tras Street ,Tanjong Pagar,40,45,"[1, 2, 7, 14, 15, 16, 19, 20, 8]",Singapore,Indian,False,1.2779485,103.8442501,,250 m,Tanjong Pagar MRT Station,"[{""type"": ""OpeningHoursSpecification"", ""dayOfWeek"": [""Monday"", ""Tuesday"", ""Wednesday"", ""Thursday"", ""Friday"", ""Saturday""], ""opens"": ""12:00"", ""closes"": ""22:30""}]",078995,S$8500,minimum spend,-1,NULL,per afternoon,0,1,68,0,"[5, 7, 9, 12, 16, 17, 18]",103973,Revolver Main Dining Room,Dining Room,https://www.tagvenue.com/sg/rooms/singapore/103973/revolver/revolver-main-dining-room,61776,Revolver,Private space,Restaurant,https://www.tagvenue.com/sg/venues/singapore/61776/revolver
37 Circular Road ,Singapore City Centre,20,45,"[1, 20, 8, 1000, 1001]",Singapore,French,False,1.2865003,103.8491892,,350 m,Clarke Quay MRT Station,"[{""type"": ""OpeningHoursSpecification"", ""dayOfWeek"": [""Monday"", ""Tuesday"", ""Wednesday"", ""Thursday"", ""Friday"", ""Saturday""], ""opens"": ""12:00"", ""closes"": ""00:00""}]",049393,S$1800,minimum spend,-1,NULL,per session,0,0.9524,432,0,"[5, 6, 7, 16, 17, 19]",73515,Entire Restaurant,Restaurant,https://www.tagvenue.com/sg/rooms/singapore/73515/apero/entire-restaurant,41622,Apéro,Whole venue,Restaurant,https://www.tagvenue.com/sg/venues/singapore/41622/apero
"163 Tanglin Road 163 Tanglin Rd, #02-138 Singapore 247933",Orchard,74,90,"[1, 7, 8, 1001]",Singapore,European,False,1.305035,103.823845,,,,"[{""type"": ""OpeningHoursSpecification"", ""dayOfWeek"": [""Monday"", ""Tuesday"", ""Wednesday"", ""Thursday"", ""Friday"", ""Saturday"", ""Sunday""], ""opens"": ""18:00"", ""closes"": ""21:30""}]",247933,S$7500,minimum spend,-1,NULL,per evening,0,1,405,0,"[3, 5, 6, 7, 9, 10, 11, 12, 17, 20]",94327,Main Dining Area,Dining Room,https://www.tagvenue.com/sg/rooms/singapore/94327/little-farms-table-at-tanglin-mall/main-dining-area,56362,Little Farms Table at Tanglin Mall,Semi-private area,Restaurant,https://www.tagvenue.com/sg/venues/singapore/56362/little-farms-table-at-tanglin-mall
"River Valley Road 3E, #01-02",Singapore City Centre,80,100,"[1, 8, 1000, 1001]",Singapore,Asian,False,1.290668,103.846205,,250 m,Clarke Quay MRT Station,"[{""type"": ""OpeningHoursSpecification"", ""dayOfWeek"": [""Monday"", ""Tuesday"", ""Wednesday"", ""Thursday""], ""opens"": ""17:00"", ""closes"": ""00:00""}, {""type"": ""OpeningHoursSpecification"", ""dayOfWeek"": [""Friday"", ""Saturday"", ""Sunday""], ""opens"": ""12:00"", ""closes"": ""02:00""}]",179024,S$38,per person,3800,per session,per session,4.9,0.9953,92,7,"[5, 6, 8, 12]",56675,Alfresco,Terrace,https://www.tagvenue.com/sg/rooms/singapore/56675/little-saigon/alfresco,27639,Little Saigon,Private space,Restaurant,https://www.tagvenue.com/sg/venues/singapore/27639/little-saigon
3D River Valley Road #01-01 Clarke Quay,Singapore City Centre,100,180,"[1, 20, 8, 1000, 1001]",Singapore,British,False,1.2900340289023,103.84545045043,,200 m,Clarke Quay MRT Station,"[{""type"": ""OpeningHoursSpecification"", ""dayOfWeek"": [""Monday"", ""Tuesday"", ""Wednesday"", ""Thursday"", ""Sunday""], ""opens"": ""12:00"", ""closes"": ""23:00""}, {""type"": ""OpeningHoursSpecification"", ""dayOfWeek"": [""Friday"", ""Saturday""], ""opens"": ""12:00"", ""closes"": ""01:00""}]",179023,S$8,per person,5000,per session,,0,1,0,0,"[6, 9, 12]",113450,Entire Venue,Restaurant,https://www.tagvenue.com/sg/rooms/singapore/113450/harrys-clarke-quay/entire-venue?event-offer=wedding,67000,Harry’s Clarke Quay,Whole venue,Restaurant,https://www.tagvenue.com/sg/venues/singapore/67000/harry-s-clarke-quay
10 Tuas West Drive ,Tuas Promenade,350,600,"[1, 2, 7, 9, 10, 17, 21, 8, 1001]",Singapore,Chinese,False,1.3428742177906,103.63519522982,,350 m,Tuas Link MRT Station,"[{""type"": ""OpeningHoursSpecification"", ""dayOfWeek"": [""Monday"", ""Tuesday"", ""Wednesday"", ""Thursday"", ""Friday"", ""Saturday"", ""Sunday""], ""opens"": ""09:00"", ""closes"": ""17:00""}]",638404,S$900,hire fee,-1,NULL,per hour,5,0.8202,233,1,"[3, 5, 6, 7, 8, 10, 11, 12, 17, 18, 19, 20]",87815,Compass Ballroom,Ballroom,https://www.tagvenue.com/sg/rooms/singapore/87815/raffles-marina/compass-ballroom,52752,Raffles Marina,Private space,Event Venue,https://www.tagvenue.com/sg/venues/singapore/52752/raffles-marina
26 Beach Road B1-16,Bugis,130,140,"[1, 14, 15, 8, 1000, 1001]",Singapore,American,False,1.2944164,103.8560206,,150 m,Esplanade MRT Station,"[{""type"": ""OpeningHoursSpecification"", ""dayOfWeek"": [""Monday"", ""Tuesday"", ""Wednesday"", ""Thursday"", ""Friday"", ""Saturday"", ""Sunday""], ""opens"": ""11:00"", ""closes"": ""19:00""}]",189768,S$3000,minimum spend,-1,NULL,per session,5,0.82,83,1,"[6, 12, 17, 18]",62417,Entire Venue,Open Air / Outdoor Venue,https://www.tagvenue.com/sg/rooms/singapore/62417/little-island-brewing-co-at-south-beach/entire-venue?event-offer=wedding,31237,Little Island Brewing Co. @ South Beach,Whole venue,Open Air / Outdoor Venue,https://www.tagvenue.com/sg/venues/singapore/31237/little-island-brewing-co-at-south-beach
401 Guillemard Road ,Aljunied,70,90,"[7, 16, 1000, 1001]",Singapore,,False,1.3118884671216,103.88853670481,,400 m,Dakota MRT Station,"[{""type"": ""OpeningHoursSpecification"", ""dayOfWeek"": [""Monday"", ""Tuesday"", ""Wednesday"", ""Thursday"", ""Friday"", ""Saturday"", ""Sunday""], ""opens"": ""08:00"", ""closes"": ""00:00""}]",399794,S$150,hire fee,-1,NULL,per hour,0,0.8889,432,0,"[3, 5, 6, 7, 9, 12, 16, 17, 18, 19, 26, 27]",110867,Event Space,Event Venue,https://www.tagvenue.com/sg/rooms/singapore/110867/the-olive-cove/event-space,65713,The Olive Cove,Whole venue,Event Venue,https://www.tagvenue.com/sg/venues/singapore/65713/the-olive-cove
28 Stevens Road ,Nassim,420,450,"[1, 9, 10, 21, 8, 1000, 1001]",Singapore,,False,1.3136841602504,103.82893405298,,800 m,Stevens MRT Station,"[{""type"": ""OpeningHoursSpecification"", ""dayOfWeek"": [""Monday"", ""Tuesday"", ""Wednesday"", ""Thursday"", ""Friday"", ""Saturday"", ""Sunday""], ""opens"": ""09:00"", ""closes"": ""17:00""}]",257878,S$115,per person,11500,per day,per day,5,0.9897,23,2,"[3, 5, 7, 8, 10, 11, 12, 13, 17, 18]",75460,The Polaris,Ballroom,https://www.tagvenue.com/sg/rooms/singapore/75460/novotel-singapore-on-stevens/the-polaris,42775,Novotel Singapore on Stevens,Private space,Hotel,https://www.tagvenue.com/sg/venues/singapore/42775/novotel-singapore-on-stevens
Serangoon Road 576A,Little India,60,80,"[7, 16, 1000, 1001]",Singapore,,False,1.3147356535346,103.85783672333,,500 m,Farrer Park MRT Station,"[{""type"": ""OpeningHoursSpecification"", ""dayOfWeek"": [""Monday"", ""Tuesday"", ""Wednesday"", ""Thursday"", ""Sunday""], ""opens"": ""00:00"", ""closes"": ""23:59""}, {""type"": ""OpeningHoursSpecification"", ""dayOfWeek"": [""Friday"", ""Saturday""], ""opens"": ""18:00"", ""closes"": ""06:00""}]",218190,S$888,hire fee,-1,NULL,per session,4.9,0.9784,284,9,"[5, 6, 7, 8, 9, 10, 11, 12, 17, 18]",13675,Entire Venue,Event Venue,https://www.tagvenue.com/sg/rooms/singapore/13675/here/entire-venue,6177,HERE,Whole venue,Event Venue,https://www.tagvenue.com/sg/venues/singapore/6177/here
301 Upper Thomson Road #01-88,Upper Thomson,180,300,"[1, 20, 8, 1000, 1001]",Singapore,Chinese,False,1.3548586,103.8308906,,,,"[{""type"": ""OpeningHoursSpecification"", ""dayOfWeek"": [""Monday"", ""Tuesday"", ""Wednesday"", ""Thursday"", ""Friday""], ""opens"": ""10:30"", ""closes"": ""22:00""}, {""type"": ""OpeningHoursSpecification"", ""dayOfWeek"": [""Saturday"", ""Sunday""], ""opens"": ""09:30"", ""closes"": ""22:00""}]",574408,S$1118,minimum spend,-1,NULL,per session,0,1,153,0,"[5, 6, 7, 12, 17]",92105,Main Dining Hall,Banqueting Hall,https://www.tagvenue.com/sg/rooms/singapore/92105/peach-garden-at-thomson-plaza/main-dining-hall,55044,Peach Garden @ Thomson Plaza,Private space,Restaurant,https://www.tagvenue.com/sg/venues/singapore/55044/peach-garden-at-thomson-plaza
7 Raffles Boulevard ,Marina Centre,800,800,"[1, 10, 8, 1000, 1001]",Singapore,,False,1.2924401986761,103.85857935995,,250 m,Promenade MRT Station,"[{""type"": ""OpeningHoursSpecification"", ""dayOfWeek"": [""Monday"", ""Tuesday"", ""Wednesday"", ""Thursday"", ""Friday"", ""Saturday"", ""Sunday""], ""opens"": ""09:00"", ""closes"": ""23:00""}]",039595,S$20000,hire fee,15000,per session,per session,5,0.9679,88,8,"[5, 7, 8, 12]",15599,Pacific Ballroom,Ballroom,https://www.tagvenue.com/sg/rooms/singapore/15599/pan-pacific-singapore/pacific-ballroom,7036,Pan Paciﬁc Singapore,Private space,Hotel,https://www.tagvenue.com/sg/venues/singapore/7036/pan-paci-c-singapore
9 North Buona Vista Drive #01-06 The Metropols,One North,100,50,"[1, 16, 8, 1000, 1001]",Singapore,Japanese,False,1.3063478,103.7911554,,50 m,Buona Vista MRT Station,"[{""type"": ""OpeningHoursSpecification"", ""dayOfWeek"": [""Monday"", ""Tuesday"", ""Wednesday"", ""Thursday"", ""Friday""], ""opens"": ""10:00"", ""closes"": ""23:00""}, {""type"": ""OpeningHoursSpecification"", ""dayOfWeek"": [""Saturday"", ""Sunday""], ""opens"": ""11:00"", ""closes"": ""23:00""}]",138588,S$2000,minimum spend,-1,NULL,per session,0,0.963,14,0,"[3, 5, 6, 7, 8, 9, 12, 17, 18, 19]",85226,Entire Restaurant,Restaurant,https://www.tagvenue.com/sg/rooms/singapore/85226/ikki-izakaya/entire-restaurant,51358,Ikki Izakaya,Whole venue,Restaurant,https://www.tagvenue.com/sg/venues/singapore/51358/ikki-izakaya
1 Larkhill Road ,Sentosa,100,100,"[1, 8, 1000, 1001]",Singapore,Indian,False,1.2517312,103.8221016,,,,"[{""type"": ""OpeningHoursSpecification"", ""dayOfWeek"": [""Monday"", ""Tuesday"", ""Wednesday"", ""Thursday"", ""Friday"", ""Saturday"", ""Sunday""], ""opens"": ""10:00"", ""closes"": ""23:00""}]",099394,S$2000,minimum spend,-1,NULL,per session,0,0.88,174,0,"[5, 6, 7, 8, 9, 10, 11, 12, 13, 16, 17, 18, 19, 20]",87065,Entire Bar + Grill,Restaurant,https://www.tagvenue.com/sg/rooms/singapore/87065/verve-bar-grill/entire-bar-grill,52059,Verve Bar + Grill,Whole venue,Restaurant,https://www.tagvenue.com/sg/venues/singapore/52059/verve-bar-grill
53A Duxton Road ,Tanjong Pagar,60,80,"[1, 2, 16, 8, 1000, 1001]",Singapore,European,False,1.2781852,103.8433393,,350 m,Tanjong Pagar MRT Station,"[{""type"": ""OpeningHoursSpecification"", ""dayOfWeek"": [""Tuesday"", ""Wednesday"", ""Thursday""], ""opens"": ""16:00"", ""closes"": ""23:00""}, {""type"": ""OpeningHoursSpecification"", ""dayOfWeek"": [""Friday"", ""Saturday""], ""opens"": ""16:00"", ""closes"": ""00:00""}]",089517,S$1200,minimum spend,-1,NULL,per session,5,1,18,2,"[5, 6, 7, 8, 12, 16, 17, 18, 19]",97831,Entire 1.5 Storey Bar,Bar,https://www.tagvenue.com/sg/rooms/singapore/97831/goodbye-alibi/entire-15-storey-bar,58352,"Goodbye, Alibi",Private space,Bar,https://www.tagvenue.com/sg/venues/singapore/58352/goodbye-alibi
2 Bukit Manis Road ,Sentosa,330,320,"[1, 2, 7, 9, 10, 14, 15, 20, 21, 22, 8, 1001]",Singapore,,False,1.2456916,103.8278754,,,,"[{""type"": ""OpeningHoursSpecification"", ""dayOfWeek"": [""Monday"", ""Tuesday"", ""Wednesday"", ""Thursday"", ""Friday"", ""Saturday"", ""Sunday""], ""opens"": ""08:00"", ""closes"": ""23:00""}]",099891,S$6000,minimum spend,18000,per session,per morning,2,0.8571,222,1,"[3, 5, 6, 7, 8, 9, 10, 11, 12, 13, 16, 17, 18, 19, 20]",80090,Straits Ballroom,Ballroom,https://www.tagvenue.com/sg/rooms/singapore/80090/sofitel-singapore-sentosa-resort-and-spa/straits-ballroom?event-offer=wedding,47900,Sofitel Singapore Sentosa Resort and Spa,Whole venue,Hotel,https://www.tagvenue.com/sg/venues/singapore/47900/sofitel-singapore-sentosa-resort-and-spa
125 Pasir Ris Road ,Pasir Ris Park,150,200,"[1, 17, 20, 8, 1000, 1001]",Singapore,Chinese,False,1.3863588,103.9413631,,,,"[{""type"": ""OpeningHoursSpecification"", ""dayOfWeek"": [""Monday"", ""Tuesday"", ""Wednesday"", ""Thursday"", ""Friday"", ""Saturday"", ""Sunday""], ""opens"": ""10:00"", ""closes"": ""22:00""}]",519121,S$50,per person,-1,NULL,per session,0,1,37,0,"[5, 6, 8, 9, 10, 12, 17, 18, 20]",97541,Entire Venue,Restaurant,https://www.tagvenue.com/sg/rooms/singapore/97541/shan-zhen-hai-wei-camping/entire-venue,58186,Shan Zhen Hai Wei 山珍海味 Camping,Private space,Restaurant,https://www.tagvenue.com/sg/venues/singapore/58186/shan-zhen-hai-wei-camping
39 Keppel Road #02-01 Tanjong Pagar Distripark,City Terminals,50,50,"[7, 16, 18, 1000, 1001]",Singapore,,False,1.2719149417618,103.83597001816,,,,"[{""type"": ""OpeningHoursSpecification"", ""dayOfWeek"": [""Monday"", ""Tuesday"", ""Wednesday"", ""Thursday"", ""Friday"", ""Saturday"", ""Sunday""], ""opens"": ""06:00"", ""closes"": ""23:00""}]",089065,S$150,hire fee,-1,NULL,per hour,5,0.9167,208,1,"[5, 6, 7, 8, 9, 12, 13, 16, 17, 18, 19, 21, 22, 24, 25, 26, 28]",105229,Stunning Gallery,Gallery,https://www.tagvenue.com/sg/rooms/singapore/105229/art-agenda/stunning-gallery,62471,Art Agenda,Whole venue,Gallery,https://www.tagvenue.com/sg/venues/singapore/62471/art-agenda
182 Cecil Street #02-09/10/11 Frasers Tower,Cecil,26,26,"[1, 2, 3, 7, 14, 15, 16, 18, 20, 8, 1001]",Singapore,,False,1.2787134,103.8473114,,300 m,Tanjong Pagar MRT Station,"[{""type"": ""OpeningHoursSpecification"", ""dayOfWeek"": [""Monday"", ""Tuesday"", ""Wednesday"", ""Thursday"", ""Friday"", ""Saturday"", ""Sunday""], ""opens"": ""09:00"", ""closes"": ""22:00""}]",069547,S$290,hire fee,-1,NULL,per hour,5,0.9556,296,1,"[5, 6, 7, 9, 16, 17, 18]",68091,Kitchen Studio - Large,Kitchen,https://www.tagvenue.com/sg/rooms/singapore/68091/commune-kitchen/kitchen-studio-large,35479,Commune Kitchen,Private space,Restaurant,https://www.tagvenue.com/sg/venues/singapore/35479/commune-kitchen
"10 Artillery Avenue #02-01 Palawan Ridge, Sentosa Island",Sentosa,240,300,"[1, 2, 9, 10, 15, 20, 21, 8, 1000, 1001]",Singapore,Asian,False,1.2531701111078,103.82026773551,,,,"[{""type"": ""OpeningHoursSpecification"", ""dayOfWeek"": [""Monday"", ""Tuesday"", ""Wednesday"", ""Thursday"", ""Friday"", ""Saturday"", ""Sunday""], ""opens"": ""09:00"", ""closes"": ""23:00""}]",099951,S$98,per person,9800,per morning,per morning,0,1,36,0,"[3, 5, 6, 7, 8, 9, 10, 11, 12, 13, 17, 18, 20, 22, 25, 26, 28]",108230,Revelry Hall,Banqueting Hall,https://www.tagvenue.com/sg/rooms/singapore/108230/the-events-centre-sentosa/revelry-hall,64287,The Events Centre - Sentosa,Private space,Event Venue,https://www.tagvenue.com/sg/venues/singapore/64287/the-events-centre-sentosa
22 Camden Park ,Dunearn,150,200,"[1, 8, 1000, 1001]",Singapore,,False,1.3297906478342,103.81638840059,,,,"[{""type"": ""OpeningHoursSpecification"", ""dayOfWeek"": [""Monday"", ""Tuesday"", ""Wednesday"", ""Thursday"", ""Friday"", ""Saturday"", ""Sunday""], ""opens"": ""07:00"", ""closes"": ""23:00""}]",299814,S$350,hire fee,-1,NULL,per hour,4.8,0.9761,36,14,"[3, 5, 7, 12]",29619,Asia 1,Function Room,https://www.tagvenue.com/sg/rooms/singapore/29619/hollandse-club/asia-1,14093,Hollandse Club,Private space,Sports Club,https://www.tagvenue.com/sg/venues/singapore/14093/hollandse-club
190 Clemenceau Avenue #06-01,Dhoby Ghaut,50,100,"[7, 9, 10, 16, 19, 21, 22]",Singapore,,False,1.2982631271001,103.84414002299,,200 m,Dhoby Ghaut MRT Station,"[{""type"": ""OpeningHoursSpecification"", ""dayOfWeek"": [""Monday"", ""Tuesday"", ""Wednesday"", ""Thursday"", ""Friday"", ""Saturday"", ""Sunday""], ""opens"": ""09:00"", ""closes"": ""22:00""}]",239924,S$351,hire fee,-1,NULL,per hour,4.9,0.9534,60,17,"[5, 6, 7, 8, 9, 10, 11, 12, 16, 17, 24]",15722,The Dining Hall,Event Space,https://www.tagvenue.com/sg/rooms/singapore/15722/workcentral/the-dining-hall,7102,Workcentral,Private space,Coworking Space,https://www.tagvenue.com/sg/venues/singapore/7102/workcentral
9 Raffles Place 01-01,Raffles Place,85,120,"[1, 7, 9, 15, 16, 20, 21, 8, 1001]",Singapore,American,False,1.283202,103.8508675,,100 m,Raffles Place MRT Station,"[{""type"": ""OpeningHoursSpecification"", ""dayOfWeek"": [""Monday"", ""Tuesday"", ""Wednesday"", ""Thursday"", ""Friday"", ""Saturday"", ""Sunday""], ""opens"": ""07:00"", ""closes"": ""01:00""}]",048619,S$50,per person,-1,NULL,,4.6,0.9932,96,14,"[5, 6, 7, 8, 9, 10, 12, 17]",63853,Entire Venue,Restaurant,https://www.tagvenue.com/sg/rooms/singapore/63853/social-bar-bistro/entire-venue?event-offer=wedding,32473,Social Bar & Bistro,Whole venue,Restaurant,https://www.tagvenue.com/sg/venues/singapore/32473/social-bar-bistro
62 Circular Road #01-01,Singapore City Centre,40,50,"[16, 21, 8, 1000, 1001]",Singapore,British,False,1.286274,103.8491763,,350 m,Raffles Place MRT Station,"[{""type"": ""OpeningHoursSpecification"", ""dayOfWeek"": [""Monday"", ""Tuesday"", ""Wednesday"", ""Thursday"", ""Friday"", ""Saturday""], ""opens"": ""18:00"", ""closes"": ""22:00""}]",049416,S$14,per person,1400,per session,per session,0,1,34,0,"[3, 7, 9, 12, 18]",84549,Tiki Bar,Karaoke Bar,https://www.tagvenue.com/sg/rooms/singapore/84549/waka-62/tiki-bar,50955,Waka 62,Whole venue,Karaoke Bar,https://www.tagvenue.com/sg/venues/singapore/50955/waka-62-2
10A Exeter Road ,Somerset,200,250,"[1, 16, 19, 8, 1000]",Singapore,Italian,False,1.2997663,103.8389143,,50 m,Somerset MRT Station,"[{""type"": ""OpeningHoursSpecification"", ""dayOfWeek"": [""Monday"", ""Tuesday"", ""Wednesday"", ""Thursday"", ""Friday"", ""Saturday"", ""Sunday""], ""opens"": ""08:00"", ""closes"": ""22:00""}]",239958,S$1500,hire fee,-1,NULL,per hour,0,0.973,305,0,"[5, 6, 8, 12, 16, 17, 18, 20]",81957,Roof Deck @ TRIFECTA,Rooftop,https://www.tagvenue.com/sg/rooms/singapore/81957/trifecta-singapore/roof-deck-at-trifecta,47580,TRIFECTA Singapore,Private space,Entertainment Centre,https://www.tagvenue.com/sg/venues/singapore/47580/trifecta-singapore
100 Loewen Road ,Ridout,200,400,"[16, 19, 8, 1000]",Singapore,,False,1.3026870957478,103.81246591534,,,,"[{""type"": ""OpeningHoursSpecification"", ""dayOfWeek"": [""Monday"", ""Tuesday"", ""Wednesday"", ""Thursday"", ""Friday"", ""Saturday"", ""Sunday""], ""opens"": ""10:00"", ""closes"": ""22:00""}]",248837,S$21800,hire fee,-1,NULL,per day,0,0.975,864,0,"[5, 7, 9, 16, 17, 18]",70139,Museum,Museum,https://www.tagvenue.com/sg/rooms/singapore/70139/museum-of-ice-cream/museum,38209,Museum of Ice Cream,Whole venue,Museum,https://www.tagvenue.com/sg/venues/singapore/38209/museum-of-ice-cream
11 Cove Drive ,Sentosa,20,50,"[1, 7, 9, 10, 16, 18, 19, 21, 8, 1000]",Singapore,,False,1.2455712140314,103.83973970169,,,,"[{""type"": ""OpeningHoursSpecification"", ""dayOfWeek"": [""Monday"", ""Tuesday"", ""Wednesday"", ""Thursday"", ""Friday"", ""Saturday"", ""Sunday""], ""opens"": ""10:00"", ""closes"": ""01:00""}]",098497,S$3852,hire fee,-1,NULL,per session,0,0,0,0,"[3, 6, 7, 8, 9, 12, 17, 18, 19, 25]",111015,One15 Marina,Yacht,https://www.tagvenue.com/sg/rooms/singapore/111015/eagle-wings-at-one15-marina/one15-marina,65787,Eagle Wings @ One15 Marina,Private space,Yacht,https://www.tagvenue.com/sg/venues/singapore/65787/eagle-wings-at-one15-marina
160 Paya Lebar Road ,Kampong Ubi,80,90,"[1, 2, 7, 20, 8, 1001]",Singapore,,False,1.3292743,103.8902034,,350 m,Macpherson MRT Station,"[{""type"": ""OpeningHoursSpecification"", ""dayOfWeek"": [""Tuesday"", ""Wednesday"", ""Thursday"", ""Friday"", ""Saturday"", ""Sunday""], ""opens"": ""10:00"", ""closes"": ""21:00""}]",409022,S$436,hire fee,-1,NULL,per hour,4.7,0.9769,188,3,"[3, 5, 6, 7, 8, 10, 11, 12, 16, 17, 19]",71350,Entire Venue,Cafe,https://www.tagvenue.com/sg/rooms/singapore/71350/knots-cafe-living-paya-lebar/entire-venue,39451,Knots Cafe & Living (Paya Lebar),Whole venue,Cafe,https://www.tagvenue.com/sg/venues/singapore/39451/knots-cafe-living-paya-lebar
1 Scotts Road Shaw Centre,Boulevard,200,250,"[1, 7, 15, 16, 20, 8, 1000, 1001]",Singapore,Asian,False,1.3062286,103.8321432,,250 m,Orchard MRT Station,"[{""type"": ""OpeningHoursSpecification"", ""dayOfWeek"": [""Monday"", ""Tuesday"", ""Wednesday"", ""Thursday"", ""Friday"", ""Saturday"", ""Sunday""], ""opens"": ""06:00"", ""closes"": ""00:00""}]",228208,S$25000,minimum spend,-1,NULL,per day,0,1,13,0,"[5, 6, 7, 8, 9, 11, 12, 16, 17, 18, 19, 20, 25, 28]",117217,Experiential Venue,Event Venue,https://www.tagvenue.com/sg/rooms/singapore/117217/67-on-scotts/experiential-venue,68954,67 On Scotts,Whole venue,Event Venue,https://www.tagvenue.com/sg/venues/singapore/68954/67-on-scotts
328 North Bridge Road ,Bugis,74,110,"[1, 14, 15, 20, 8, 1000, 1001]",Singapore,American,False,1.2955754,103.8540192,,300 m,Esplanade MRT Station,"[{""type"": ""OpeningHoursSpecification"", ""dayOfWeek"": [""Tuesday""], ""opens"": ""18:00"", ""closes"": ""21:30""}, {""type"": ""OpeningHoursSpecification"", ""dayOfWeek"": [""Wednesday"", ""Thursday"", ""Friday"", ""Saturday""], ""opens"": ""12:00"", ""closes"": ""21:30""}]",188719,S$30000,minimum spend,-1,NULL,per session,0,1,16,0,"[5, 6, 7, 12, 16, 17, 18]",107993,Entire Venue,Restaurant,https://www.tagvenue.com/sg/rooms/singapore/107993/butchers-block/entire-venue,64119,Butcher's Block,Whole venue,Restaurant,https://www.tagvenue.com/sg/venues/singapore/64119/butcher-s-block
101 Lorong 23 Geylang ,Aljunied,25,30,"[16, 1000, 1001]",Singapore,,False,1.3176618,103.8809156,,250 m,Aljunied MRT Station,"[{""type"": ""OpeningHoursSpecification"", ""dayOfWeek"": [""Tuesday"", ""Wednesday"", ""Thursday"", ""Friday"", ""Saturday"", ""Sunday""], ""opens"": ""00:00"", ""closes"": ""23:59""}]",388399,S$88,hire fee,-1,NULL,per hour,0,0.7368,756,0,"[4, 5, 6, 7, 8, 12, 16, 17, 18, 27]",60063,Entire Studio,Yoga / Pilates Studio,https://www.tagvenue.com/sg/rooms/singapore/60063/strongfit-studio/entire-studio,29483,Strongfit Studio,Whole venue,Yoga / Pilates Studio,https://www.tagvenue.com/sg/venues/singapore/29483/strongfit-studio
7 Raffles Boulevard Level 3,Marina Centre,164,170,"[1, 20, 8, 1000, 1001]",Singapore,Chinese,False,1.2919681,103.8587186,,250 m,Promenade MRT Station,"[{""type"": ""OpeningHoursSpecification"", ""dayOfWeek"": [""Monday"", ""Tuesday"", ""Wednesday"", ""Thursday"", ""Friday"", ""Saturday"", ""Sunday""], ""opens"": ""11:30"", ""closes"": ""22:00""}]",039595,S$60,per person,6000,per session,per session,0,1,336,0,"[5, 7, 27, 28]",15629,Entire Venue,Restaurant,https://www.tagvenue.com/sg/rooms/singapore/15629/hai-tien-lo/entire-venue,7097,Hai Tien Lo,Whole venue,Restaurant,https://www.tagvenue.com/sg/venues/singapore/7097/hai-tien-lo
382 Havelock Road ,Robertson Quay,110,130,"[1, 8, 1000, 1001]",Singapore,Asian,False,1.2895240367766,103.8363468647,,,,"[{""type"": ""OpeningHoursSpecification"", ""dayOfWeek"": [""Monday"", ""Tuesday"", ""Wednesday"", ""Thursday"", ""Friday"", ""Saturday"", ""Sunday""], ""opens"": ""06:00"", ""closes"": ""22:00""}]",169629,S$55,per person,5500,per morning,per morning,4,0.8797,80,1,"[5, 6]",17551,Four Points Eatery Outdoor,Outdoor Space,https://www.tagvenue.com/sg/rooms/singapore/17551/four-points-eatery/four-points-eatery-outdoor,7270,Four Points Eatery,Private space,Restaurant,https://www.tagvenue.com/sg/venues/singapore/7270/four-points-eatery
42 Carpenter Street Rooftop,Central Water Catchment,80,15,"[1, 14, 15, 16, 18, 19, 20, 8, 1000]",Singapore,American,False,1.351616,103.808053,,,,"[{""type"": ""OpeningHoursSpecification"", ""dayOfWeek"": [""Monday"", ""Tuesday"", ""Wednesday"", ""Thursday"", ""Friday"", ""Saturday"", ""Sunday""], ""opens"": ""17:00"", ""closes"": ""00:00""}]",059221,S$45,per person,4500,per session,per session,0,0.9818,432,0,"[3, 5, 6, 12, 17, 18, 19, 20]",86823,Rooftop Bar and Grill,Rooftop,https://www.tagvenue.com/sg/rooms/singapore/86823/lvlr-rooftop-bar-and-grill/rooftop-bar-and-grill,52198,LVLR - Rooftop Bar and Grill,Private space,Restaurant,https://www.tagvenue.com/sg/venues/singapore/52198/lvlr-rooftop-bar-and-grill
1 Old Parliament Lane The Arts House The Arts House / Unit 01-04,City Hall,20,30,"[1, 7, 17, 20, 8, 1001]",Singapore,Asian,False,1.287911555654,103.85077366485,,450 m,Raffles Place MRT Station,"[{""type"": ""OpeningHoursSpecification"", ""dayOfWeek"": [""Monday"", ""Tuesday""], ""opens"": ""17:00"", ""closes"": ""19:30""}, {""type"": ""OpeningHoursSpecification"", ""dayOfWeek"": [""Saturday"", ""Sunday""], ""opens"": ""12:00"", ""closes"": ""23:00""}, {""type"": ""OpeningHoursSpecification"", ""dayOfWeek"": [""Wednesday"", ""Thursday"", ""Friday""], ""opens"": ""11:30"", ""closes"": ""23:00""}]",179429,S$3950,minimum spend,-1,NULL,per session,0,1,96,0,"[5, 6, 7, 8, 12, 13, 16, 17, 18, 19, 24, 28]",109660,Main Hall,Restaurant,https://www.tagvenue.com/sg/rooms/singapore/109660/jeju-haenyeo/main-hall,65093,JEJU HAENYEO,Whole venue,Restaurant,https://www.tagvenue.com/sg/venues/singapore/65093/jeju-haenyeo
"10 Marina Boulevard #01-04  Marina Bay Financial Centre, Tower 2",Central Subzone,100,120,"[1, 7, 15, 16, 20, 8, 1001]",Singapore,European,False,1.2797474,103.8538191,,100 m,Downtown MRT Station,"[{""type"": ""OpeningHoursSpecification"", ""dayOfWeek"": [""Monday"", ""Tuesday"", ""Wednesday"", ""Thursday"", ""Friday""], ""opens"": ""08:00"", ""closes"": ""21:30""}, {""type"": ""OpeningHoursSpecification"", ""dayOfWeek"": [""Saturday"", ""Sunday""], ""opens"": ""10:00"", ""closes"": ""21:30""}]",018983,S$2900,minimum spend,-1,NULL,per session,4,0.9854,54,2,"[5, 6, 7, 8, 13, 17]",86957,Indoor Main Dining Area,Dining Room,https://www.tagvenue.com/sg/rooms/singapore/86957/liberty-singapore/indoor-main-dining-area,52270,Liberty Singapore,Semi-private area,Restaurant,https://www.tagvenue.com/sg/venues/singapore/52270/liberty-singapore-2
405 Havelock Road ,Singapore City Centre,30,30,"[1, 21, 8, 1000, 1001]",Singapore,,False,1.2877413,103.8363894,,750 m,Outram Park MRT Station,"[{""type"": ""OpeningHoursSpecification"", ""dayOfWeek"": [""Monday"", ""Tuesday"", ""Wednesday"", ""Thursday"", ""Friday"", ""Saturday"", ""Sunday""], ""opens"": ""00:00"", ""closes"": ""23:59""}]",169633,S$1000,minimum spend,5800,per session,per day,0,0,0,0,"[5, 6, 9, 19]",116302,Private Dining Room,Dining Room,https://www.tagvenue.com/sg/rooms/singapore/116302/apollo/private-dining-room,64552,Apollo,Private space,Hotel,https://www.tagvenue.com/sg/venues/singapore/64552/apollo
16 Enggor Street ,Anson,100,120,"[1, 7, 14, 15, 20, 8, 1001]",Singapore,Thai,False,1.2745196,103.8443043,,300 m,Tanjong Pagar MRT Station,"[{""type"": ""OpeningHoursSpecification"", ""dayOfWeek"": [""Monday"", ""Tuesday"", ""Wednesday"", ""Thursday"", ""Friday"", ""Saturday""], ""opens"": ""11:00"", ""closes"": ""21:00""}]",079717,S$106,per person,10600,per session,per session,0,1,0,0,"[5, 6, 12, 17, 18, 19, 20]",107493,Outdoor Space,Outdoor Space,https://www.tagvenue.com/sg/rooms/singapore/107493/im-jai-sky-garden/outdoor-space,63848,IM JAI Sky Garden,Whole venue,Restaurant,https://www.tagvenue.com/sg/venues/singapore/63848/im-jai-sky-garden
6 Fort Canning Road ,Dhoby Ghaut,175,0,"[1, 2, 9, 15, 17, 21, 1000, 1001]",Singapore,,False,1.2976178,103.8449424,,200 m,Dhoby Ghaut MRT Station,"[{""type"": ""OpeningHoursSpecification"", ""dayOfWeek"": [""Monday"", ""Tuesday"", ""Wednesday"", ""Thursday"", ""Friday"", ""Saturday"", ""Sunday""], ""opens"": ""12:00"", ""closes"": ""22:00""}]",179494,S$7000,minimum spend,-1,NULL,per session,0,1,35,0,"[3, 5, 6, 7, 8, 9, 10, 11, 12, 16, 17, 18, 19, 20, 25]",101349,Cafe Lodge,Cafe,https://www.tagvenue.com/sg/rooms/singapore/101349/cafe-lodge/cafe-lodge,60267,Cafe Lodge,Whole venue,Cafe,https://www.tagvenue.com/sg/venues/singapore/60267/cafe-lodge
70 Anson Road #27-01 Hub Synergy Point,Anson,98,151,"[1, 9, 8, 1000, 1001]",Singapore,,False,1.2740087,103.844753,,300 m,Tanjong Pagar MRT Station,"[{""type"": ""OpeningHoursSpecification"", ""dayOfWeek"": [""Monday"", ""Tuesday"", ""Wednesday"", ""Thursday"", ""Friday"", ""Saturday"", ""Sunday""], ""opens"": ""07:30"", ""closes"": ""00:00""}]",079905,S$3000,minimum spend,-1,NULL,per session,4.9,0.9937,95,15,"[5, 6, 7, 8, 12, 13, 16, 17, 18, 19]",55268,Entire Venue,Bar,https://www.tagvenue.com/sg/rooms/singapore/55268/moon-rooftop-bar-and-lounge/entire-venue,26859,Moon Rooftop Bar and Lounge,Whole venue,Bar,https://www.tagvenue.com/sg/venues/singapore/26859/moon-rooftop-bar-and-lounge
2A Norris Road ,Little India,30,60,"[7, 16, 1000, 1001]",Singapore,,False,1.3079614,103.8532302,,400 m,Jalan Besar MRT Station,"[{""type"": ""OpeningHoursSpecification"", ""dayOfWeek"": [""Monday"", ""Tuesday"", ""Wednesday"", ""Thursday"", ""Friday""], ""opens"": ""00:00"", ""closes"": ""23:59""}, {""type"": ""OpeningHoursSpecification"", ""dayOfWeek"": [""Saturday"", ""Sunday""], ""opens"": ""09:00"", ""closes"": ""06:00""}]",208247,S$788,hire fee,-1,NULL,per session,4.6,0.9859,260,10,"[5, 6, 7, 8, 10, 12, 17]",48683,Event Room,House,https://www.tagvenue.com/sg/rooms/singapore/48683/norris-house/event-room,23596,NORRIS House,Whole venue,House,https://www.tagvenue.com/sg/venues/singapore/23596/norris-house
31 Rochester Drive ,One North,80,100,"[1, 15, 16, 8, 1000, 1001]",Singapore,American,False,1.3055112665556,103.78898441792,,200 m,Buona Vista MRT Station,"[{""type"": ""OpeningHoursSpecification"", ""dayOfWeek"": [""Monday"", ""Tuesday"", ""Wednesday"", ""Thursday"", ""Friday"", ""Saturday"", ""Sunday""], ""opens"": ""11:30"", ""closes"": ""22:30""}]",138637,S$1000,hire fee,4800,per afternoon,per afternoon,5,0.9769,95,4,"[5, 6, 7, 8, 9, 10, 11, 12, 16, 17, 18, 20]",13545,"Pet-Friendly Venue, Rochester",Restaurant,https://www.tagvenue.com/sg/rooms/singapore/13545/pets-friendly-event-venue/pet-friendly-venue-rochester,6188,Pets Friendly Event Venue,Whole venue,Restaurant,https://www.tagvenue.com/sg/venues/singapore/6188/pets-friendly-event-venue
30 Victoria Street #01-32,City Hall,100,0,"[1, 14, 15, 20, 8, 1000, 1001]",Singapore,Italian,False,1.2950557,103.8524905,,250 m,City Hall MRT Station,"[{""type"": ""OpeningHoursSpecification"", ""dayOfWeek"": [""Monday"", ""Tuesday"", ""Wednesday"", ""Thursday"", ""Friday"", ""Saturday"", ""Sunday""], ""opens"": ""17:30"", ""closes"": ""23:30""}]",187996,S$1000,minimum spend,-1,NULL,per session,0,0.8636,254,0,"[3, 5, 6, 8, 12, 13, 16, 17, 19]",91131,Outdoor,Terrace,https://www.tagvenue.com/sg/rooms/singapore/91131/duomo-ristorante/outdoor,54519,Duomo Ristorante,Semi-private area,Restaurant,https://www.tagvenue.com/sg/venues/singapore/54519/duomo-ristorante
27 Cosford Road ,Changi West,80,200,"[1, 7, 9, 21, 8, 1001]",Singapore,European,False,1.3652841290198,103.980000715,,,,"[{""type"": ""OpeningHoursSpecification"", ""dayOfWeek"": [""Monday"", ""Tuesday"", ""Wednesday"", ""Thursday"", ""Friday"", ""Saturday"", ""Sunday""], ""opens"": ""11:00"", ""closes"": ""23:00""}]",499549,S$2000,minimum spend,-1,NULL,per session,0,1,864,0,"[3, 5, 6, 7, 8, 9, 12, 13, 16, 17, 18, 19, 21, 22, 25, 26, 27, 28]",115886,Full Restaurant,Restaurant,https://www.tagvenue.com/sg/rooms/singapore/115886/smoke-barrel/full-restaurant,68258,Smoke & Barrel,Whole venue,Restaurant,https://www.tagvenue.com/sg/venues/singapore/68258/smoke-barrel
1 Fusionopolis Way 02-04/05 ,One North,20,30,"[1, 9, 21, 8, 1000, 1001]",Singapore,Italian,False,1.2988520478795,103.78768298541,,100 m,one-north MRT Station,"[{""type"": ""OpeningHoursSpecification"", ""dayOfWeek"": [""Monday"", ""Tuesday"", ""Wednesday"", ""Thursday"", ""Friday"", ""Saturday""], ""opens"": ""11:30"", ""closes"": ""14:30""}]",138632,S$1000,minimum spend,-1,NULL,per afternoon,0,0.9,0,0,"[5, 6, 7, 12, 17, 19]",45941,Event Area,Restaurant,https://www.tagvenue.com/sg/rooms/singapore/45941/casa-pietrasanta/event-area,22163,Casa Pietrasanta,Semi-private area,Restaurant,https://www.tagvenue.com/sg/venues/singapore/22163/casa-pietrasanta
30 Cosford Road ,Changi West,80,120,"[17, 8, 1000, 1001, 1]",Singapore,American,False,1.3652545,103.9812318,,,,"[{""type"": ""OpeningHoursSpecification"", ""dayOfWeek"": [""Monday"", ""Tuesday"", ""Wednesday"", ""Thursday"", ""Sunday""], ""opens"": ""09:00"", ""closes"": ""23:00""}, {""type"": ""OpeningHoursSpecification"", ""dayOfWeek"": [""Friday"", ""Saturday""], ""opens"": ""09:00"", ""closes"": ""01:00""}]",499550,S$20,hire fee,-1,NULL,per hour,3,0.95,20,2,"[3, 5, 6, 7, 8, 9, 10, 12, 17, 18, 19]",86869,Stardine,Event Space,https://www.tagvenue.com/sg/rooms/singapore/86869/cosford-container-park/stardine,52218,Cosford Container Park,Private space,Entertainment Centre,https://www.tagvenue.com/sg/venues/singapore/52218/cosford-container-park-2
180 Orchard Road Peranakan Place,Somerset,150,180,"[1, 9, 8, 1000, 1001]",Singapore,,False,1.3014058671508,103.83912295103,,150 m,Somerset MRT Station,"[{""type"": ""OpeningHoursSpecification"", ""dayOfWeek"": [""Monday"", ""Tuesday"", ""Wednesday"", ""Thursday"", ""Sunday""], ""opens"": ""12:00"", ""closes"": ""01:00""}, {""type"": ""OpeningHoursSpecification"", ""dayOfWeek"": [""Friday"", ""Saturday""], ""opens"": ""12:00"", ""closes"": ""02:00""}]",238846,S$100,per person,10000,per session,per session,0,0.792,70,0,"[5, 7, 8, 12, 17]",17738,Entire Venue (Closed Door),Live Music Venue,https://www.tagvenue.com/sg/rooms/singapore/17738/acid-bar/entire-venue-closed-door,7967,Acid Bar,Whole venue,Live Music Venue,https://www.tagvenue.com/sg/venues/singapore/7967/acid-bar
176 Orchard Road ,Somerset,80,125,"[1, 2, 9, 14, 15, 8, 1000, 1001]",Singapore,Indian,False,1.3011167420967,103.83974631531,,100 m,Somerset MRT Station,"[{""type"": ""OpeningHoursSpecification"", ""dayOfWeek"": [""Monday""], ""opens"": ""11:30"", ""closes"": ""22:00""}, {""type"": ""OpeningHoursSpecification"", ""dayOfWeek"": [""Tuesday"", ""Wednesday"", ""Thursday"", ""Sunday""], ""opens"": ""11:30"", ""closes"": ""23:00""}, {""type"": ""OpeningHoursSpecification"", ""dayOfWeek"": [""Friday"", ""Saturday""], ""opens"": ""11:30"", ""closes"": ""00:00""}]",238843,S$2000,minimum spend,-1,NULL,per session,0,1,15,0,"[4, 5, 7, 8, 9, 11, 12, 16, 17]",20380,Whole Venue,Restaurant,https://www.tagvenue.com/sg/rooms/singapore/20380/the-awadh/whole-venue,9160,The Awadh,Whole venue,Restaurant,https://www.tagvenue.com/sg/venues/singapore/9160/the-awadh
32 Tras Street ST Signature Level 4,Tanjong Pagar,300,300,"[1, 2, 9, 14, 15, 20, 21, 8, 1000, 1001]",Singapore,,False,1.278634,103.84433,,300 m,Tanjong Pagar MRT Station,"[{""type"": ""OpeningHoursSpecification"", ""dayOfWeek"": [""Monday"", ""Tuesday"", ""Wednesday"", ""Thursday"", ""Friday"", ""Saturday"", ""Sunday""], ""opens"": ""09:00"", ""closes"": ""00:00""}]",078972,S$45,per person,-1,NULL,per session,2,0.972,152,3,"[3, 5, 6, 7, 8, 9, 10, 11, 12, 13, 16, 17, 18, 19, 20]",74712,Abriza Rooftop Restaurant,Rooftop,https://www.tagvenue.com/sg/rooms/singapore/74712/abriza-rooftop-restaurant/abriza-rooftop-restaurant,42633,Abriza Rooftop Restaurant,Whole venue,Restaurant,https://www.tagvenue.com/sg/venues/singapore/42633/abriza-rooftop-restaurant
83 Neil Road ,Tanjong Pagar,78,150,"[1, 8, 1000, 1001]",Singapore,Mediterranean,False,1.2789527,103.8419489,,300 m,Outram Park MRT Station,"[{""type"": ""OpeningHoursSpecification"", ""dayOfWeek"": [""Monday"", ""Tuesday"", ""Wednesday"", ""Thursday"", ""Friday"", ""Saturday"", ""Sunday""], ""opens"": ""12:00"", ""closes"": ""22:30""}]",089813,S$98,per person,9800,per session,per session,5,1,14,4,"[5, 6, 7, 8, 9, 12, 17, 18, 19, 25, 27]",84219,Whole Venue,Restaurant,https://www.tagvenue.com/sg/rooms/singapore/84219/noa-by-olivia/whole-venue,50733,Noa by Olivia,Whole venue,Restaurant,https://www.tagvenue.com/sg/venues/singapore/50733/noa-by-olivia
5 Telok Paku Road ,Changi Point,150,150,"[1, 7, 9, 10, 20, 21, 8, 1001]",Singapore,,False,1.389339,103.9890265,,,,"[{""type"": ""OpeningHoursSpecification"", ""dayOfWeek"": [""Monday"", ""Tuesday"", ""Wednesday"", ""Thursday"", ""Friday""], ""opens"": ""09:00"", ""closes"": ""22:00""}]",508883,S$10000,minimum spend,-1,NULL,per session,0,0.8889,84,0,"[3, 5, 6, 7, 8, 12, 13, 16, 17, 18, 19, 20]",70722,Full Venue Hire,Hotel,https://www.tagvenue.com/sg/rooms/singapore/70722/the-bus-collective/full-venue-hire,38815,The Bus Collective,Private space,Hotel,https://www.tagvenue.com/sg/venues/singapore/38815/the-bus-collective
11 Kelantan Road ,Sungei Road,40,80,"[1, 7, 9, 16, 19, 8]",Singapore,Asian,False,1.3059313,103.8563859,,100 m,Jalan Besar MRT Station,"[{""type"": ""OpeningHoursSpecification"", ""dayOfWeek"": [""Monday"", ""Tuesday"", ""Wednesday"", ""Thursday"", ""Friday"", ""Saturday"", ""Sunday""], ""opens"": ""09:00"", ""closes"": ""22:00""}]",208604,S$950,hire fee,6200,per session,per hour,5,0.8789,222,1,"[3, 4, 5, 6, 7, 8, 12, 17]",46764,Indoor Event Space (Area A),Event Space,https://www.tagvenue.com/sg/rooms/singapore/46764/msdurian/indoor-event-space-area-a,22586,Ms.Durian,Private space,Cafe,https://www.tagvenue.com/sg/venues/singapore/22586/ms-durian
38 Cleantech Loop #01-31,Western Water Catchment,30,100,"[7, 16, 1000, 1001]",Singapore,,False,1.3530989,103.6914425,,,,"[{""type"": ""OpeningHoursSpecification"", ""dayOfWeek"": [""Monday"", ""Tuesday"", ""Wednesday"", ""Thursday"", ""Friday"", ""Saturday"", ""Sunday""], ""opens"": ""09:00"", ""closes"": ""18:00""}]",636741,S$200,hire fee,-1,NULL,per hour,4.6,0.9645,432,14,"[4, 5, 6, 7, 8, 9, 10, 11, 12, 17, 18, 19, 24, 23]",63854,TROPICAL GROVE,Event Space,https://www.tagvenue.com/sg/rooms/singapore/63854/surbana-jurong-campus/tropical-grove,31863,Surbana Jurong Campus,Private space,Office Space,https://www.tagvenue.com/sg/venues/singapore/31863/surbana-jurong-campus
9A Lock Road ,Telok Blangah Drive,230,0,"[1, 14, 20, 8, 1000, 1001]",Singapore,Italian,False,1.278388,103.8039196,,700 m,Labrador Park MRT Station,"[{""type"": ""OpeningHoursSpecification"", ""dayOfWeek"": [""Tuesday"", ""Wednesday""], ""opens"": ""16:00"", ""closes"": ""23:00""}, {""type"": ""OpeningHoursSpecification"", ""dayOfWeek"": [""Thursday""], ""opens"": ""11:30"", ""closes"": ""23:00""}, {""type"": ""OpeningHoursSpecification"", ""dayOfWeek"": [""Friday""], ""opens"": ""11:30"", ""closes"": ""00:00""}, {""type"": ""OpeningHoursSpecification"", ""dayOfWeek"": [""Saturday""], ""opens"": ""09:00"", ""closes"": ""00:00""}, {""type"": ""OpeningHoursSpecification"", ""dayOfWeek"": [""Sunday""], ""opens"": ""09:00"", ""closes"": ""23:00""}]",108926,S$25000,hire fee,-1,NULL,per session,0,0.8571,352,0,"[3, 5, 6, 12]",98521,Level 1&2,Event Space,https://www.tagvenue.com/sg/rooms/singapore/98521/wheelers-tropikana/level-12,58416,Wheeler's Tropikana,Whole venue,Restaurant,https://www.tagvenue.com/sg/venues/singapore/58416/wheeler-s-tropikana
"62 Ubi Road 1 62 Ubi Road, Oxley Bizhub 2, Rooftop, Level #11-19, Singapore 408734",Kampong Ubi,50,50,"[1, 7, 20, 8, 1001]",Singapore,Japanese,False,1.3322686,103.892106,,550 m,Tai Seng MRT Station,"[{""type"": ""OpeningHoursSpecification"", ""dayOfWeek"": [""Monday"", ""Tuesday"", ""Wednesday"", ""Thursday""], ""opens"": ""11:30"", ""closes"": ""23:30""}, {""type"": ""OpeningHoursSpecification"", ""dayOfWeek"": [""Friday"", ""Saturday"", ""Sunday""], ""opens"": ""11:30"", ""closes"": ""01:00""}]",408734,S$800,minimum spend,-1,NULL,per day,5,0.9474,10,2,"[5, 7, 8, 9, 12, 17, 18, 19, 26]",110901,The Mezzanine + Karaoke,Event Space,https://www.tagvenue.com/sg/rooms/singapore/110901/tora-tora-tora/the-mezzanine-karaoke,65728,Tora Tora Tora,Whole venue,Restaurant,https://www.tagvenue.com/sg/venues/singapore/65728/tora-tora-tora
"30 Biopolis Street Matrix (Building), #01-01",One North,300,300,"[1, 2, 16, 19, 8, 1000]",Singapore,Indian,False,1.3033935,103.79256,,400 m,Buona Vista MRT Station,"[{""type"": ""OpeningHoursSpecification"", ""dayOfWeek"": [""Monday"", ""Tuesday"", ""Wednesday"", ""Thursday"", ""Friday""], ""opens"": ""17:30"", ""closes"": ""21:30""}, {""type"": ""OpeningHoursSpecification"", ""dayOfWeek"": [""Saturday"", ""Sunday""], ""opens"": ""11:00"", ""closes"": ""21:30""}]",138671,S$200,hire fee,-1,NULL,per hour,4.7,1,322,3,"[5, 6, 7, 8, 9, 12, 17, 18]",100200,Entire Space,Restaurant,https://www.tagvenue.com/sg/rooms/singapore/100200/foodini-biopolis/entire-space,59582,Foodini Biopolis,Whole venue,Restaurant,https://www.tagvenue.com/sg/venues/singapore/59582/foodini-biopolis
270 Orchard Road ,Somerset,180,0,"[1, 16, 19, 21, 1000]",Singapore,Asian,False,1.3031051185807,103.83607195368,,450 m,Orchard MRT Station,"[{""type"": ""OpeningHoursSpecification"", ""dayOfWeek"": [""Monday"", ""Tuesday"", ""Wednesday"", ""Thursday"", ""Friday""], ""opens"": ""09:00"", ""closes"": ""18:00""}]",238857,S$12000,hire fee,-1,NULL,per day,0,1,9,0,"[3, 5, 6, 7, 8, 9, 10, 12, 13, 16, 17, 18, 24, 26, 27]",104447,The Gallery,Ballroom,https://www.tagvenue.com/sg/rooms/singapore/104447/pullman-singapore-orchard/the-gallery,62043,Pullman Singapore Orchard,Whole venue,Hotel,https://www.tagvenue.com/sg/venues/singapore/62043/pullman-singapore-orchard
7 Fraser Street #01-59 & 60 Duo Galleria,Bugis,120,120,"[1, 9, 14, 17, 20, 21, 8, 1000, 1001]",Singapore,,False,1.2997111213762,103.8571856582,,50 m,Bugis MRT Station,"[{""type"": ""OpeningHoursSpecification"", ""dayOfWeek"": [""Monday"", ""Tuesday"", ""Wednesday"", ""Thursday"", ""Friday"", ""Saturday"", ""Sunday""], ""opens"": ""11:00"", ""closes"": ""23:00""}]",189356,S$50,per person,5000,per session,per session,5,0.9208,22,1,"[5, 6, 8, 9, 11, 12, 17]",45270,Outdoor Area,Outdoor Space,https://www.tagvenue.com/sg/rooms/singapore/45270/the-gong-duo-galleria/outdoor-area,20216,The Gong (Duo Galleria),Semi-private area,Restaurant,https://www.tagvenue.com/sg/venues/singapore/20216/the-gong-duo-galleria
40 Pasir Panjang Road Mapletree Business City #02-36,Pasir Panjang 2,50,40,"[1, 2, 7, 9, 10, 14, 15, 16, 18, 19, 20, 21, 22, 8]",Singapore,Asian,False,1.2756422,103.7995973,,500 m,Labrador Park MRT Station,"[{""type"": ""OpeningHoursSpecification"", ""dayOfWeek"": [""Monday"", ""Tuesday"", ""Wednesday"", ""Thursday"", ""Friday"", ""Saturday"", ""Sunday""], ""opens"": ""08:00"", ""closes"": ""22:30""}]",117383,S$35,per person,3500,per session,per session,4,0.973,6,1,"[5, 6, 7, 8, 9, 10, 11, 12, 13, 16, 17, 18, 19]",96809,Entire Venue,Restaurant,https://www.tagvenue.com/sg/rooms/singapore/96809/gravy-bistro-and-bar/entire-venue,57816,Gravy Bistro and Bar,Whole venue,Restaurant,https://www.tagvenue.com/sg/venues/singapore/57816/gravy-bistro-and-bar
30 Victoria Street #01-21/22 CHIJMES,City Hall,80,120,"[1, 20, 8, 1000, 1001]",Singapore,European,False,1.2949824350646,103.85261480464,,250 m,City Hall MRT Station,"[{""type"": ""OpeningHoursSpecification"", ""dayOfWeek"": [""Monday"", ""Tuesday"", ""Wednesday"", ""Thursday"", ""Friday"", ""Saturday"", ""Sunday""], ""opens"": ""11:00"", ""closes"": ""00:00""}]",187996,S$50,per person,5000,per session,per session,1,0.8974,50,1,"[5, 6]",95123,Outdoor Area,Outdoor Space,https://www.tagvenue.com/sg/rooms/singapore/95123/drinksco-grill-cocktails/outdoor-area,56773,Drinks&Co. Grill & Cocktails,Semi-private area,Restaurant,https://www.tagvenue.com/sg/venues/singapore/56773/drinks-co-grill-cocktails
318 KING GEORGE'S AVENUE KING GEORGE'S BUILDING,Central Water Catchment,55,70,"[1, 7, 9, 10, 15, 17, 20, 21, 8, 1001]",Singapore,Italian,False,1.351616,103.808053,,,,"[{""type"": ""OpeningHoursSpecification"", ""dayOfWeek"": [""Monday"", ""Tuesday"", ""Wednesday"", ""Thursday"", ""Saturday"", ""Sunday""], ""opens"": ""11:00"", ""closes"": ""23:00""}, {""type"": ""OpeningHoursSpecification"", ""dayOfWeek"": [""Friday""], ""opens"": ""11:00"", ""closes"": ""23:30""}]",208563,S$2250,minimum spend,-1,NULL,per session,0,0.9583,226,0,"[3, 5, 6, 7, 8, 9, 12, 16, 17, 18, 19, 20]",96044,Dining at The Upper Room,Dining Room,https://www.tagvenue.com/sg/rooms/singapore/96044/the-upper-room-restaurant-cafe/dining-at-the-upper-room,57249,The Upper Room Restaurant & Cafe,Semi-private area,Restaurant,https://www.tagvenue.com/sg/venues/singapore/57249/the-upper-room-restaurant-cafe-3
28 Boat Quay ,Singapore City Centre,85,100,"[1, 20, 8, 1000, 1001]",Singapore,British,False,1.2859348,103.8499858,,250 m,Raffles Place MRT Station,"[{""type"": ""OpeningHoursSpecification"", ""dayOfWeek"": [""Monday"", ""Tuesday"", ""Wednesday"", ""Thursday"", ""Sunday""], ""opens"": ""11:30"", ""closes"": ""00:00""}, {""type"": ""OpeningHoursSpecification"", ""dayOfWeek"": [""Friday"", ""Saturday""], ""opens"": ""11:30"", ""closes"": ""01:00""}]",049818,S$50,per person,5000,per session,per session,0,1,11,0,"[5, 8, 12]",113966,Level 2,Event Space,https://www.tagvenue.com/sg/rooms/singapore/113966/harrys-boat-quay/level-2,67236,Harry’s Boat Quay,Private space,Restaurant,https://www.tagvenue.com/sg/venues/singapore/67236/harry-s-boat-quay
55 Keong Saik Road ,Tanjong Pagar,80,120,"[1, 8, 1000, 1001]",Singapore,Spanish,False,1.280762,103.8415174,,250 m,Outram Park MRT Station,"[{""type"": ""OpeningHoursSpecification"", ""dayOfWeek"": [""Tuesday"", ""Wednesday"", ""Thursday"", ""Friday"", ""Saturday"", ""Sunday""], ""opens"": ""12:00"", ""closes"": ""22:30""}]",089158,S$6000,minimum spend,-1,NULL,per afternoon,5,1,50,1,"[5, 6, 7, 8, 9, 12, 17, 18]",85377,Whole Venue,Restaurant,https://www.tagvenue.com/sg/rooms/singapore/85377/olivia-restaurant/whole-venue,51428,Olivia Restaurant,Whole venue,Restaurant,https://www.tagvenue.com/sg/venues/singapore/51428/olivia-restaurant
23 Yong Siak Street ,Tiong Bahru,0,100,"[7, 16, 1000, 1001]",Singapore,,False,1.282848,103.830107,,500 m,Tiong Bahru MRT Station,"[{""type"": ""OpeningHoursSpecification"", ""dayOfWeek"": [""Monday"", ""Tuesday"", ""Wednesday"", ""Thursday"", ""Friday"", ""Saturday"", ""Sunday""], ""opens"": ""10:00"", ""closes"": ""18:00""}]",168652,S$150,hire fee,-1,NULL,per hour,0,0.8667,382,0,"[5, 6, 7, 17, 18, 19, 20]",24815,The Space,Gallery,https://www.tagvenue.com/sg/rooms/singapore/24815/artblue-studio/the-space,11629,ArtBlue Studio,Private space,Gallery,https://www.tagvenue.com/sg/venues/singapore/11629/artblue-studio
8A Marina Boulevard #01-03 Ground Plaza,Central Subzone,130,300,"[1, 20, 8, 1000, 1001]",Singapore,American,False,1.2799447,103.8547618,,200 m,Downtown MRT Station,"[{""type"": ""OpeningHoursSpecification"", ""dayOfWeek"": [""Monday"", ""Tuesday"", ""Wednesday"", ""Thursday"", ""Friday""], ""opens"": ""11:00"", ""closes"": ""22:30""}]",018984,S$50,per person,5000,per session,per session,0,1,2,0,"[6, 9, 12]",113438,Entire Venue,Restaurant,https://www.tagvenue.com/sg/rooms/singapore/113438/harrys-marina-bay-link-mall/entire-venue,66988,Harry's Marina Bay Link Mall,Whole venue,Restaurant,https://www.tagvenue.com/sg/venues/singapore/66988/harry-s-marina-bay-link-mall
"1 Claymore Drive # 01-05, ORCHARD",Boulevard,30,40,"[1, 14, 15, 20, 8, 1000, 1001]",Singapore,Indian,False,1.3074858,103.8293518,,500 m,Orchard MRT Station,"[{""type"": ""OpeningHoursSpecification"", ""dayOfWeek"": [""Tuesday"", ""Wednesday"", ""Thursday"", ""Friday"", ""Saturday"", ""Sunday""], ""opens"": ""12:00"", ""closes"": ""23:00""}]",229594,S$1000,minimum spend,-1,NULL,per afternoon,0,0.9091,283,0,"[5, 6, 7, 8, 9, 10, 11, 12, 13, 16, 17, 18, 19, 20, 25, 26, 27]",104641,MEZZANINE @ BHOOMI,Dining Room,https://www.tagvenue.com/sg/rooms/singapore/104641/bhoomi/mezzanine-at-bhoomi,62162,Bhoomi,Private space,Restaurant,https://www.tagvenue.com/sg/venues/singapore/62162/bhoomi
"9 Raffles Boulevard #01-01, Millenia Walk",Marina Centre,250,400,"[1, 20, 8, 1000, 1001]",Singapore,European,False,1.293067865537,103.85827874424,,300 m,Promenade MRT Station,"[{""type"": ""OpeningHoursSpecification"", ""dayOfWeek"": [""Monday"", ""Tuesday"", ""Wednesday"", ""Thursday"", ""Sunday""], ""opens"": ""11:00"", ""closes"": ""00:00""}, {""type"": ""OpeningHoursSpecification"", ""dayOfWeek"": [""Friday"", ""Saturday""], ""opens"": ""11:00"", ""closes"": ""01:00""}]",039596,S$50,per person,5000,per session,per session,4.8,0.9771,400,5,"[5, 6, 7, 8, 9, 12, 17, 18, 19, 24, 25, 28]",69953,One of our spacious areas,Dining Room,https://www.tagvenue.com/sg/rooms/singapore/69953/paulaner-brauhaus/one-of-our-spacious-areas,37541,PAULANER Bräuhaus,Shared space,Restaurant,https://www.tagvenue.com/sg/venues/singapore/37541/paulaner-braeuhaus
397 River Valley Road ,Chatsworth,50,80,"[1, 7, 9, 16, 21, 8, 1001]",Singapore,American,False,1.2953896,103.8302869,,,,"[{""type"": ""OpeningHoursSpecification"", ""dayOfWeek"": [""Monday"", ""Tuesday"", ""Wednesday"", ""Thursday"", ""Friday"", ""Saturday"", ""Sunday""], ""opens"": ""11:00"", ""closes"": ""00:00""}]",248292,S$900,minimum spend,2000,per session,per session,4.9,0.9853,319,3,"[5, 6, 7, 8, 9, 12, 17]",62894,Indoor Space,Bar,https://www.tagvenue.com/sg/rooms/singapore/62894/partners-in-crime/indoor-space,31553,Partners In Crime,Whole venue,Bar,https://www.tagvenue.com/sg/venues/singapore/31553/partners-in-crime
65 Pasir Panjang Road ,Port,80,120,"[7, 16, 8, 1000, 1001]",Singapore,,False,1.273813,103.7963193,,600 m,Pasir Panjang MRT Station,"[{""type"": ""OpeningHoursSpecification"", ""dayOfWeek"": [""Saturday"", ""Sunday""], ""opens"": ""09:00"", ""closes"": ""18:00""}]",118506,S$300,hire fee,-1,NULL,per hour,4.8,0.9299,151,8,"[3, 5, 6, 7, 9, 12, 13, 17, 18, 19, 24]",67443,Multipurpose Hall,Hall,https://www.tagvenue.com/sg/rooms/singapore/67443/assembly/multipurpose-hall,35687,Assembly,Whole venue,Hall,https://www.tagvenue.com/sg/venues/singapore/35687/assembly-2
Orchard Road 333A,Somerset,90,150,"[1, 2, 9, 14, 15, 21, 8, 1000, 1001]",Singapore,American,False,1.3018664176786,103.83702345192,,300 m,Somerset MRT Station,"[{""type"": ""OpeningHoursSpecification"", ""dayOfWeek"": [""Monday"", ""Tuesday"", ""Wednesday"", ""Thursday""], ""opens"": ""11:30"", ""closes"": ""22:00""}, {""type"": ""OpeningHoursSpecification"", ""dayOfWeek"": [""Friday"", ""Saturday"", ""Sunday""], ""opens"": ""11:30"", ""closes"": ""22:30""}]",238897,S$5000,minimum spend,-1,NULL,per afternoon,4.8,0.9675,298,5,"[5, 6, 7, 8, 12, 16]",18664,Main Dining Hall,Dining Room,https://www.tagvenue.com/sg/rooms/singapore/18664/lawrys-the-prime-rib/main-dining-hall,7991,Lawry's The Prime Rib,Shared space,Restaurant,https://www.tagvenue.com/sg/venues/singapore/7991/lawry-s-the-prime-rib
1 Larkhill Road ,Sentosa,120,120,"[1, 2, 14, 15, 17, 20, 8, 1000, 1001]",Singapore,Indian,False,1.2517312,103.8221016,,,,"[{""type"": ""OpeningHoursSpecification"", ""dayOfWeek"": [""Monday"", ""Tuesday"", ""Wednesday"", ""Thursday"", ""Friday"", ""Saturday"", ""Sunday""], ""opens"": ""09:00"", ""closes"": ""23:00""}]",099394,S$4000,minimum spend,6000,per session,per session,0,0.8,197,0,"[3, 5, 6, 7, 8, 10, 11, 12, 13, 16, 17, 18, 19, 25, 27]",107229,Indoor Area,Function Room,https://www.tagvenue.com/sg/rooms/singapore/107229/jubilee-events/indoor-area,63418,Jubilee Events,Private space,Event Venue,https://www.tagvenue.com/sg/venues/singapore/63418/jubilee-events
Tessensohn Road Level R,Kampong Java,200,210,"[17, 8, 1000, 1001, 1]",Singapore,Asian,False,1.3166269,103.8569974,,550 m,Farrer Park MRT Station,"[{""type"": ""OpeningHoursSpecification"", ""dayOfWeek"": [""Monday"", ""Tuesday"", ""Wednesday"", ""Thursday"", ""Friday"", ""Saturday"", ""Sunday""], ""opens"": ""11:00"", ""closes"": ""20:00""}]",217646,S$5000,hire fee,-1,NULL,per session,0,1,397,0,"[3, 5, 7, 8, 12, 18, 25, 28]",106867,Entire Venue,Terrace,https://www.tagvenue.com/sg/rooms/singapore/106867/twilight-terrace/entire-venue,63416,Twilight Terrace,Whole venue,Open Air / Outdoor Venue,https://www.tagvenue.com/sg/venues/singapore/63416/twilight-terrace
"23 Beach View, Palawan Ridge #01-01, Sentosa Island",Sentosa,182,240,"[1, 7, 9, 10, 17, 21, 8, 1001]",Singapore,Asian,False,1.2531481862123,103.81941010801,,,,"[{""type"": ""OpeningHoursSpecification"", ""dayOfWeek"": [""Monday"", ""Tuesday"", ""Wednesday"", ""Thursday"", ""Friday"", ""Saturday"", ""Sunday""], ""opens"": ""09:00"", ""closes"": ""22:30""}]",098679,S$88,per person,8800,per morning,per morning,0,0.9583,48,0,"[3, 5, 6, 7, 8, 9, 10, 11, 12, 13, 17, 18, 20, 25, 26]",108477,The Aloes Ballroom,Ballroom,https://www.tagvenue.com/sg/rooms/singapore/108477/oasia-resort-sentosa/the-aloes-ballroom,64416,Oasia Resort Sentosa,Private space,Hotel,https://www.tagvenue.com/sg/venues/singapore/64416/oasia-resort-sentosa-2
5 Kadayanallur Street ,Chinatown,25,40,"[1, 2, 7, 14, 20, 8, 1001]",Singapore,Mediterranean,False,1.2805585,103.8451894,,400 m,Telok Ayer MRT Station,"[{""type"": ""OpeningHoursSpecification"", ""dayOfWeek"": [""Wednesday"", ""Thursday"", ""Friday""], ""opens"": ""17:30"", ""closes"": ""23:30""}, {""type"": ""OpeningHoursSpecification"", ""dayOfWeek"": [""Saturday""], ""opens"": ""17:00"", ""closes"": ""23:30""}]",069183,S$6000,minimum spend,-1,NULL,per session,0,0.875,164,0,"[5, 6]",97812,Outdoor Area,Outdoor Space,https://www.tagvenue.com/sg/rooms/singapore/97812/proud-potato-peeler/outdoor-area,58345,Proud Potato Peeler,Private space,Restaurant,https://www.tagvenue.com/sg/venues/singapore/58345/proud-potato-peeler
16 Jalan Kelulut ,Trafalgar,12,0,"[1, 7, 8, 1000, 1001]",Singapore,Chinese,False,1.3833251,103.8759137,,,,"[{""type"": ""OpeningHoursSpecification"", ""dayOfWeek"": [""Monday"", ""Tuesday"", ""Wednesday"", ""Thursday"", ""Friday"", ""Saturday"", ""Sunday""], ""opens"": ""11:00"", ""closes"": ""22:00""}]",809033,S$1800,minimum spend,-1,NULL,per session,0,0,0,0,[7],117028,VIP Room,Dining Room,https://www.tagvenue.com/sg/rooms/singapore/117028/orchid-live-seafood-signature-at-kelulut/vip-room,68864,Orchid Live Seafood Signature @ Kelulut,Private space,Restaurant,https://www.tagvenue.com/sg/venues/singapore/68864/orchid-live-seafood-signature-at-kelulut
Blk D River Valley #01-05 Clarke Quay,Singapore City Centre,100,160,"[1, 2, 14, 20, 8, 1000, 1001]",Singapore,Middle Eastern,False,1.2899489134902,103.84571247828,,200 m,Clarke Quay MRT Station,"[{""type"": ""OpeningHoursSpecification"", ""dayOfWeek"": [""Monday"", ""Tuesday"", ""Wednesday"", ""Thursday"", ""Friday"", ""Saturday"", ""Sunday""], ""opens"": ""11:00"", ""closes"": ""23:30""}]",179023,S$35,per person,3500,per session,per session,0,1,442,0,"[5, 6, 12, 27]",107872,Entire Venue,Restaurant,https://www.tagvenue.com/sg/rooms/singapore/107872/grand-konak-turkish-and-lebanese-restaurants/entire-venue,64034,Grand Konak Turkish and Lebanese Restaurants,Whole venue,Restaurant,https://www.tagvenue.com/sg/venues/singapore/64034/grand-konak-turkish-and-lebanese-restaurants
333 New Bridge Road #01-01 Dorsett Singapore,Tanjong Pagar,82,0,"[8, 1000, 1001]",Singapore,,False,1.2796464,103.8400603,,50 m,Outram Park MRT Station,"[{""type"": ""OpeningHoursSpecification"", ""dayOfWeek"": [""Monday"", ""Tuesday"", ""Wednesday"", ""Thursday"", ""Friday"", ""Saturday"", ""Sunday""], ""opens"": ""11:30"", ""closes"": ""22:00""}]",088765,S$48,per person,4800,per session,per session,0,0,0,0,"[5, 6, 7, 12]",115887,Dining Area,Function Room,https://www.tagvenue.com/sg/rooms/singapore/115887/lucent-dining/dining-area,68217,Lucent Dining,Semi-private area,Restaurant,https://www.tagvenue.com/sg/venues/singapore/68217/lucent-dining-2
36H Dunearn Road #02-45,Moulmein,30,0,"[1, 7, 9, 16, 19, 21, 8]",Singapore,Singaporean,False,1.3173957232831,103.83615262619,,450 m,Newton MRT Station,"[{""type"": ""OpeningHoursSpecification"", ""dayOfWeek"": [""Tuesday"", ""Wednesday"", ""Thursday""], ""opens"": ""11:00"", ""closes"": ""14:00""}]",309433,S$300,hire fee,-1,NULL,per hour,0,0,0,0,"[3, 5, 6, 7, 12, 17, 20]",113948,Dining Hall,Restaurant,https://www.tagvenue.com/sg/rooms/singapore/113948/pastaro/dining-hall,67230,Pastaro,Whole venue,Restaurant,https://www.tagvenue.com/sg/venues/singapore/67230/pastaro
10 Artillery Avenue #02-01 Palawan Ridge,Sentosa,200,200,"[1, 7, 8, 1001]",Sentosa Island,Asian,False,1.2524119594966,103.82019628617,,,,"[{""type"": ""OpeningHoursSpecification"", ""dayOfWeek"": [""Monday"", ""Tuesday"", ""Wednesday"", ""Thursday"", ""Friday"", ""Saturday"", ""Sunday""], ""opens"": ""09:00"", ""closes"": ""22:00""}]",099951,S$98,per person,9800,per morning,per morning,0,1,38,0,"[3, 5, 6, 7, 8, 9, 10, 11, 12, 13, 16, 17, 18, 20, 25, 26]",108287,Village Square,Event Space,https://www.tagvenue.com/sg/rooms/sentosa-island/108287/the-village-hotel-sentosa/village-square,64283,The Village Hotel Sentosa,Private space,Hotel,https://www.tagvenue.com/sg/venues/sentosa-island/64283/the-village-hotel-sentosa
382 Havelock Road ,Robertson Quay,70,90,"[1, 8, 1000, 1001]",Singapore,,False,1.2894569985326,103.83686184883,,,,"[{""type"": ""OpeningHoursSpecification"", ""dayOfWeek"": [""Monday"", ""Tuesday"", ""Wednesday"", ""Thursday"", ""Friday"", ""Saturday"", ""Sunday""], ""opens"": ""11:00"", ""closes"": ""00:00""}]",169629,S$65,per person,6500,per afternoon,per afternoon,4,0.8515,91,1,"[5, 6, 7, 12]",17474,Indoor Area,Event Space,https://www.tagvenue.com/sg/rooms/singapore/17474/the-best-brew/indoor-area,7269,The Best Brew,Semi-private area,Bar,https://www.tagvenue.com/sg/venues/singapore/7269/the-best-brew
"11 Jalan Ubi Block 5, Kembangan Chai Chee Community Hub",Geylang East,48,70,"[17, 1000, 1001, 1]",Singapore,,False,1.3177004,103.8998538,,450 m,Eunos MRT Station,"[{""type"": ""OpeningHoursSpecification"", ""dayOfWeek"": [""Monday"", ""Tuesday"", ""Wednesday"", ""Thursday"", ""Friday"", ""Saturday"", ""Sunday""], ""opens"": ""09:00"", ""closes"": ""22:00""}]",409074,S$80,hire fee,-1,NULL,per hour,5,1,106,4,"[5, 7, 8, 9, 10, 12, 16, 17, 21, 22]",60708,The Serenity Room,Training Room,https://www.tagvenue.com/sg/rooms/singapore/60708/we-care-training-and-events-space/the-serenity-room,29913,We Care Training and Events Space,Private space,Community Centre,https://www.tagvenue.com/sg/venues/singapore/29913/we-care-training-and-events-space
40 Kim Keat Road ,Balestier,30,40,"[1, 20, 8, 1000, 1001]",Singapore,Singaporean,False,1.32472,103.8534904,,,,"[{""type"": ""OpeningHoursSpecification"", ""dayOfWeek"": [""Monday"", ""Tuesday"", ""Wednesday"", ""Thursday""], ""opens"": ""12:00"", ""closes"": ""22:00""}, {""type"": ""OpeningHoursSpecification"", ""dayOfWeek"": [""Friday"", ""Saturday"", ""Sunday""], ""opens"": ""11:00"", ""closes"": ""22:00""}]",328815,S$150,hire fee,2800,per session,per session,0,0,0,0,"[5, 7, 9, 17, 18]",114007,Creative Cafe Space,Cafe,https://www.tagvenue.com/sg/rooms/singapore/114007/ralovs-cafe/creative-cafe-space,67267,RALOVS Cafe,Whole venue,Cafe,https://www.tagvenue.com/sg/venues/singapore/67267/ralovs-cafe
104 Amoy Street ,Chinatown,45,65,"[1, 8, 1000, 1001]",Singapore,,False,1.2817752,103.8473774,,100 m,Telok Ayer MRT Station,"[{""type"": ""OpeningHoursSpecification"", ""dayOfWeek"": [""Tuesday"", ""Wednesday"", ""Thursday"", ""Friday"", ""Saturday""], ""opens"": ""11:30"", ""closes"": ""22:00""}]",069924,S$5000,minimum spend,-1,NULL,per session,0,0,0,0,"[5, 7, 12, 17]",93451,Entire Venue,Restaurant,https://www.tagvenue.com/sg/rooms/singapore/93451/hayop/entire-venue,55789,Hayop,Whole venue,Restaurant,https://www.tagvenue.com/sg/venues/singapore/55789/hayop
451 Joo Chiat Road #01-04,Katong,44,50,"[1, 7, 8, 1001]",Singapore,European,False,1.3069216,103.9045661,,,,"[{""type"": ""OpeningHoursSpecification"", ""dayOfWeek"": [""Monday"", ""Tuesday"", ""Wednesday"", ""Thursday"", ""Friday"", ""Saturday""], ""opens"": ""07:30"", ""closes"": ""21:30""}, {""type"": ""OpeningHoursSpecification"", ""dayOfWeek"": [""Sunday""], ""opens"": ""07:30"", ""closes"": ""21:00""}]",427664,S$2500,minimum spend,-1,NULL,per morning,0,1,48,0,"[3, 5, 7, 9, 12, 17, 20]",94323,Main Dining Area,Dining Room,https://www.tagvenue.com/sg/rooms/singapore/94323/little-farms-bistro-at-katong-point/main-dining-area,56360,Little Farms Bistro at Katong Point,Semi-private area,Restaurant,https://www.tagvenue.com/sg/venues/singapore/56360/little-farms-bistro-at-katong-point
125 Pasir Ris Road ,Pasir Ris Park,500,600,"[7, 16, 8, 1000, 1001]",Singapore,,False,1.3861040647182,103.94158304114,,,,"[{""type"": ""OpeningHoursSpecification"", ""dayOfWeek"": [""Monday"", ""Tuesday"", ""Wednesday"", ""Thursday"", ""Friday"", ""Saturday"", ""Sunday""], ""opens"": ""09:00"", ""closes"": ""23:00""}]",519121,S$1090,hire fee,-1,NULL,per day,0,0.5,180,0,"[6, 16, 17, 18, 19, 20]",115163,TSC - Central Green,Outdoor Space,https://www.tagvenue.com/sg/rooms/singapore/115163/tee-side-chalet/tsc-central-green,67865,Tee Side Chalet,Private space,Event Venue,https://www.tagvenue.com/sg/venues/singapore/67865/tee-side-chalet
35A Keong Saik Road ,Tanjong Pagar,50,50,"[1, 7, 15, 20, 8, 1000, 1001]",Singapore,Italian,False,1.2801509,103.8414587,,200 m,Outram Park MRT Station,"[{""type"": ""OpeningHoursSpecification"", ""dayOfWeek"": [""Tuesday"", ""Wednesday"", ""Thursday"", ""Friday"", ""Saturday"", ""Sunday""], ""opens"": ""11:00"", ""closes"": ""22:00""}]",089142,S$1250,minimum spend,-1,NULL,per session,0,0,0,0,"[3, 5, 7, 12, 17, 19]",117200,Restaurant,Restaurant,https://www.tagvenue.com/sg/rooms/singapore/117200/acqua-e-farina-keong-saik/restaurant,68560,Acqua e Farina - Keong Saik,Whole venue,Restaurant,https://www.tagvenue.com/sg/venues/singapore/68560/acqua-e-farina-keong-saik
"1 Paya Lebar Link, #01-08 Paya Lebar Quarters PLQ Mall",Geylang East,128,180,"[1, 8, 1000, 1001]",Singapore,Asian,False,1.3175318,103.8936912,,100 m,Paya Lebar MRT Station,"[{""type"": ""OpeningHoursSpecification"", ""dayOfWeek"": [""Monday"", ""Tuesday"", ""Wednesday"", ""Thursday"", ""Friday"", ""Saturday"", ""Sunday""], ""opens"": ""12:00"", ""closes"": ""01:00""}]",408533,S$50,per person,5000,per session,per session,0,1,616,0,"[5, 6, 7, 8, 12, 17, 20]",110274,Whole Venue,Pub,https://www.tagvenue.com/sg/rooms/singapore/110274/tipsy-bird/whole-venue,65404,Tipsy Bird,Whole venue,Pub,https://www.tagvenue.com/sg/venues/singapore/65404/tipsy-bird-3
130 Beach Road Guoco Midtwon #01-15,Bugis,90,110,"[1, 9, 10, 14, 15, 20, 21, 22, 8, 1000, 1001]",Singapore,Indian,False,1.2975739913226,103.85794665615,,250 m,Bugis MRT Station,"[{""type"": ""OpeningHoursSpecification"", ""dayOfWeek"": [""Monday"", ""Tuesday"", ""Wednesday"", ""Thursday"", ""Friday""], ""opens"": ""15:00"", ""closes"": ""18:00""}, {""type"": ""OpeningHoursSpecification"", ""dayOfWeek"": [""Saturday"", ""Sunday""], ""opens"": ""11:30"", ""closes"": ""23:00""}]",189774,S$30,per person,3000,per afternoon,per afternoon,0,0.9545,204,0,"[5, 6, 7, 9, 10, 11, 12, 17, 18, 19]",65939,Entire Restaurant,Restaurant,https://www.tagvenue.com/sg/rooms/singapore/65939/british-indian-curry-hut/entire-restaurant,34193,British Indian Curry Hut,Whole venue,Restaurant,https://www.tagvenue.com/sg/venues/singapore/34193/british-indian-curry-hut
250 Orchard Road Design Orchard 03-01,Somerset,100,100,"[1, 9, 10, 17, 20, 21, 8, 1000, 1001]",Singapore,European,False,1.302084,103.8377866,,250 m,Somerset MRT Station,"[{""type"": ""OpeningHoursSpecification"", ""dayOfWeek"": [""Monday"", ""Sunday""], ""opens"": ""16:00"", ""closes"": ""23:00""}, {""type"": ""OpeningHoursSpecification"", ""dayOfWeek"": [""Tuesday"", ""Wednesday"", ""Thursday"", ""Friday"", ""Saturday""], ""opens"": ""11:00"", ""closes"": ""23:00""}]",238905,S$4000,minimum spend,-1,NULL,per day,0,0.9667,432,0,"[3, 5, 6, 7, 8, 9, 10, 11, 12, 13, 16, 17, 18, 19, 25, 26, 27]",104392,Third Floor Social,Cocktail Bar,https://www.tagvenue.com/sg/rooms/singapore/104392/third-floor/third-floor-social,62008,Third Floor,Whole venue,Restaurant,https://www.tagvenue.com/sg/venues/singapore/62008/third-floor
30 Maxwell Road ,Tanjong Pagar,90,0,"[1, 16, 20, 8, 1000, 1001]",Singapore,Chinese,False,1.2778266,103.8453449,,150 m,Tanjong Pagar MRT Station,"[{""type"": ""OpeningHoursSpecification"", ""dayOfWeek"": [""Monday"", ""Tuesday"", ""Wednesday"", ""Thursday"", ""Friday""], ""opens"": ""11:00"", ""closes"": ""22:00""}, {""type"": ""OpeningHoursSpecification"", ""dayOfWeek"": [""Saturday"", ""Sunday""], ""opens"": ""09:00"", ""closes"": ""22:00""}]",069114,S$8000,minimum spend,-1,NULL,per session,0,1,96,0,"[5, 12, 17, 18]",103758,Entire Venue,Restaurant,https://www.tagvenue.com/sg/rooms/singapore/103758/mansion-7-cantonese-cuisine/entire-venue,61493,Mansion 7 Cantonese Cuisine,Whole venue,Restaurant,https://www.tagvenue.com/sg/venues/singapore/61493/mansion-7-cantonese-cuisine
83 Neil Road 01-08,Tanjong Pagar,16,45,"[1, 2, 7, 14, 15, 20, 8, 1001]",Singapore,Latin American,False,1.2787792937156,103.84205082394,,300 m,Outram Park MRT Station,"[{""type"": ""OpeningHoursSpecification"", ""dayOfWeek"": [""Monday"", ""Saturday""], ""opens"": ""18:30"", ""closes"": ""22:30""}, {""type"": ""OpeningHoursSpecification"", ""dayOfWeek"": [""Tuesday"", ""Wednesday"", ""Thursday"", ""Friday""], ""opens"": ""12:00"", ""closes"": ""22:30""}]",089813,S$5500,minimum spend,-1,NULL,per afternoon,0,0.5,0,0,"[5, 6, 7, 12, 16, 17, 18, 19, 25, 26]",104211,The Restaurant,Dining Room,https://www.tagvenue.com/sg/rooms/singapore/104211/araya/the-restaurant,61902,Araya,Whole venue,Restaurant,https://www.tagvenue.com/sg/venues/singapore/61902/araya
62 Boat Quay ,Singapore City Centre,40,64,"[1, 8, 1000, 1001]",Singapore,Chinese,False,1.2875423,103.8492294,,300 m,Clarke Quay MRT Station,"[{""type"": ""OpeningHoursSpecification"", ""dayOfWeek"": [""Monday"", ""Tuesday"", ""Wednesday"", ""Thursday"", ""Friday"", ""Saturday"", ""Sunday""], ""opens"": ""11:00"", ""closes"": ""04:00""}]",049850,S$80,hire fee,-1,NULL,per session,0,1,0,0,[6],107798,Outdoor Area,Outdoor Space,https://www.tagvenue.com/sg/rooms/singapore/107798/marina-sea-food-house/outdoor-area,63972,Marina Sea Food House 玛丽娜海鲜餐厅,Private space,Restaurant,https://www.tagvenue.com/sg/venues/singapore/63972/marina-sea-food-house
491 River Valley Road #01-24,Chatsworth,40,50,"[1, 3, 7, 14, 15, 20, 8, 1001]",Singapore,European,False,1.2928755,103.827015,,750 m,Tiong Bahru MRT Station,"[{""type"": ""OpeningHoursSpecification"", ""dayOfWeek"": [""Monday"", ""Tuesday"", ""Wednesday"", ""Thursday"", ""Sunday""], ""opens"": ""07:30"", ""closes"": ""21:30""}, {""type"": ""OpeningHoursSpecification"", ""dayOfWeek"": [""Friday"", ""Saturday""], ""opens"": ""07:30"", ""closes"": ""22:00""}]",248371,S$2000,minimum spend,-1,NULL,per morning,0,1,316,0,"[3, 5, 6, 7, 9, 12, 17]",94319,Main Dining Area,Dining Room,https://www.tagvenue.com/sg/rooms/singapore/94319/little-farms-cafe-at-valley-point/main-dining-area,56359,Little Farms Café at Valley Point,Semi-private area,Cafe,https://www.tagvenue.com/sg/venues/singapore/56359/little-farms-cafe-at-valley-point
5 Changi Business Park Central 1 #01:72/73,Xilin,100,100,"[1, 14, 15, 17, 20, 8, 1000, 1001]",Singapore,Italian,False,1.3335588,103.9633703,,250 m,Expo MRT Station,"[{""type"": ""OpeningHoursSpecification"", ""dayOfWeek"": [""Monday"", ""Tuesday"", ""Wednesday"", ""Thursday"", ""Friday"", ""Saturday"", ""Sunday""], ""opens"": ""17:00"", ""closes"": ""21:00""}]",486038,S$3000,minimum spend,-1,NULL,per evening,0,1,335,0,"[3, 5, 6, 7, 8, 9, 12, 18]",99598,Front Dining (Main Area),Dining Room,https://www.tagvenue.com/sg/rooms/singapore/99598/blvd-at-changi/front-dining-main-area,59286,BLVD @ Changi,Private space,Restaurant,https://www.tagvenue.com/sg/venues/singapore/59286/blvd-at-changi
4A Jalan Klapa ,Kampong Glam,25,35,"[9, 10, 16, 18, 21, 1000, 1001]",Singapore,,True,1.3041615,103.8599587,,500 m,Lavender MRT Station,"[{""type"": ""OpeningHoursSpecification"", ""dayOfWeek"": [""Monday"", ""Tuesday"", ""Wednesday"", ""Thursday"", ""Friday"", ""Saturday"", ""Sunday""], ""opens"": ""11:00"", ""closes"": ""22:00""}]",199316,S$150,hire fee,-1,NULL,per hour,5,0.9886,55,7,"[3, 5, 6, 7, 8, 9, 10, 11, 12, 13, 16, 17, 18, 19, 20, 24]",106715,Whole Space booking,Event Venue,https://www.tagvenue.com/sg/rooms/singapore/106715/meownistry-of-meow-cat-friendly-co-working/whole-space-booking,62337,Meownistry of Meow | Cat-friendly co-working,Whole venue,Coworking Space,https://www.tagvenue.com/sg/venues/singapore/62337/meownistry-of-meow-cat-friendly-co-working
1382 Ang Mo Kio Avenue 1 Bishan Park 2,Townsville,250,350,"[1, 2, 7, 9, 10, 14, 15, 17, 20, 21, 22, 8, 1001]",Singapore,,False,1.3624521921849,103.84744397739,,,,"[{""type"": ""OpeningHoursSpecification"", ""dayOfWeek"": [""Monday"", ""Tuesday"", ""Wednesday"", ""Thursday"", ""Friday"", ""Saturday"", ""Sunday""], ""opens"": ""08:00"", ""closes"": ""23:30""}]",569931,S$9000,minimum spend,5000,per session,per session,5,0.8618,765,1,"[3, 5, 6, 7, 8, 9, 12, 16, 17, 18, 19]",78316,Entire Restaurant,Restaurant,https://www.tagvenue.com/sg/rooms/singapore/78316/palm-garden/entire-restaurant,46099,Palm Garden,Whole venue,Restaurant,https://www.tagvenue.com/sg/venues/singapore/46099/palm-garden
9 North Buona Vista Drive #02-02,One North,100,120,"[1, 20, 8, 1000, 1001]",Singapore,Chinese,False,1.3060240597928,103.79127507262,,100 m,Buona Vista MRT Station,"[{""type"": ""OpeningHoursSpecification"", ""dayOfWeek"": [""Monday"", ""Tuesday"", ""Wednesday"", ""Thursday"", ""Friday"", ""Saturday"", ""Sunday""], ""opens"": ""11:00"", ""closes"": ""22:00""}]",138588,S$1118,minimum spend,-1,NULL,per session,0,1,23,0,"[5, 6, 7, 8, 12, 17]",92099,Main Dining Hall,Banqueting Hall,https://www.tagvenue.com/sg/rooms/singapore/92099/peach-garden-at-the-metropolis/main-dining-hall,55041,Peach Garden @ The Metropolis,Private space,Restaurant,https://www.tagvenue.com/sg/venues/singapore/55041/peach-garden-at-the-metropolis
41 Hongkong Street ,Singapore City Centre,45,72,"[1, 20, 8, 1000, 1001]",Singapore,Asian,False,1.2873696,103.847522,,150 m,Clarke Quay MRT Station,"[{""type"": ""OpeningHoursSpecification"", ""dayOfWeek"": [""Monday"", ""Tuesday"", ""Wednesday"", ""Thursday"", ""Friday"", ""Saturday"", ""Sunday""], ""opens"": ""11:00"", ""closes"": ""21:00""}]",059680,S$1635,minimum spend,-1,NULL,per session,0,1,97,0,"[6, 7]",111777,Restaurant,Restaurant,https://www.tagvenue.com/sg/rooms/singapore/111777/city-peramakan/restaurant,66145,City PeraMakan,Whole venue,Restaurant,https://www.tagvenue.com/sg/venues/singapore/66145/city-peramakan
2 Gunner Lane ,Sentosa,400,0,"[1, 7, 9, 10, 17, 21, 8, 1001]",Singapore,Asian,False,1.251962371073,103.82092746257,,,,"[{""type"": ""OpeningHoursSpecification"", ""dayOfWeek"": [""Monday"", ""Tuesday"", ""Wednesday"", ""Thursday"", ""Friday"", ""Saturday"", ""Sunday""], ""opens"": ""09:00"", ""closes"": ""22:00""}]",099567,S$128000,minimum spend,-1,NULL,per session,0,0,0,0,"[3, 5, 6, 9, 12, 17, 18, 20, 25]",108364,Barracks Lawn,Garden,https://www.tagvenue.com/sg/rooms/singapore/108364/the-barracks-hotel-sentosa/barracks-lawn,64369,The Barracks Hotel Sentosa,Semi-private area,Hotel,https://www.tagvenue.com/sg/venues/singapore/64369/the-barracks-hotel-sentosa
73 Sultan Gate ,Kampong Glam,150,150,"[1, 2, 8, 1000, 1001]",Singapore,Asian,False,1.3023199758122,103.86022029021,,450 m,Nicoll Highway MRT Station,"[{""type"": ""OpeningHoursSpecification"", ""dayOfWeek"": [""Monday"", ""Tuesday"", ""Wednesday"", ""Thursday"", ""Friday"", ""Saturday"", ""Sunday""], ""opens"": ""11:30"", ""closes"": ""22:30""}]",198497,S$58,per person,5800,per session,per session,5,0.9139,168,3,"[3, 6, 12, 17, 18]",30235,Wedding Room,Event Venue,https://www.tagvenue.com/sg/rooms/singapore/30235/gedung-kuning/wedding-room,14368,Gedung Kuning,Private space,Event Venue,https://www.tagvenue.com/sg/venues/singapore/14368/gedung-kuning
2 Cook Street ,Tanjong Pagar,50,65,"[1, 7, 14, 15, 8, 1001]",Singapore,,False,1.2785327,103.8445376,,250 m,Tanjong Pagar MRT Station,"[{""type"": ""OpeningHoursSpecification"", ""dayOfWeek"": [""Monday"", ""Tuesday"", ""Wednesday"", ""Thursday"", ""Friday"", ""Saturday"", ""Sunday""], ""opens"": ""07:00"", ""closes"": ""21:00""}]",078857,S$1000,minimum spend,15000,per session,per session,5,0.7086,395,2,"[5, 7]",37014,Cultivate Cafe,Cafe,https://www.tagvenue.com/sg/rooms/singapore/37014/maxwell-reserve-autograph-collection/cultivate-cafe,17530,"Maxwell Reserve, Autograph Collection",Private space,Hotel,https://www.tagvenue.com/sg/venues/singapore/17530/maxwell-reserve-autograph-collection
1 Beach Road ,Bugis,60,96,"[1, 14, 15, 20, 8, 1000, 1001]",Singapore,Indian,False,1.29481,103.8545,,200 m,Esplanade MRT Station,"[{""type"": ""OpeningHoursSpecification"", ""dayOfWeek"": [""Monday"", ""Tuesday"", ""Wednesday"", ""Thursday"", ""Friday"", ""Saturday"", ""Sunday""], ""opens"": ""12:00"", ""closes"": ""21:00""}]",189673,S$30000,minimum spend,-1,NULL,per session,0,1,105,0,"[5, 6, 12, 16, 17, 18]",107994,Entire Venue,Restaurant,https://www.tagvenue.com/sg/rooms/singapore/107994/tiffin-room/entire-venue,64121,Tiffin Room,Whole venue,Restaurant,https://www.tagvenue.com/sg/venues/singapore/64121/tiffin-room
11 Kent Ridge Drive #01-02,National University of S'pore,70,80,"[1, 20, 1000, 1001]",Singapore,Australian,False,1.2931828,103.7736341,,,,"[{""type"": ""OpeningHoursSpecification"", ""dayOfWeek"": [""Monday"", ""Tuesday"", ""Wednesday"", ""Thursday"", ""Friday""], ""opens"": ""08:00"", ""closes"": ""16:00""}, {""type"": ""OpeningHoursSpecification"", ""dayOfWeek"": [""Saturday""], ""opens"": ""09:00"", ""closes"": ""16:00""}]",119244,S$50,per person,5000,per session,per session,0,0,0,0,"[5, 6, 7, 12, 16, 17, 18]",116816,Entire Venue,Cafe,https://www.tagvenue.com/sg/rooms/singapore/116816/old-hen-coffee/entire-venue,68729,Old Hen Coffee,Whole venue,Cafe,https://www.tagvenue.com/sg/venues/singapore/68729/old-hen-coffee
20 Kallang Avenue Pico Creative Centre,Kallang Bahru,140,180,"[7, 16, 1000, 1001]",Singapore,,False,1.3096883,103.8650884,,350 m,Lavender MRT Station,"[{""type"": ""OpeningHoursSpecification"", ""dayOfWeek"": [""Monday"", ""Tuesday"", ""Wednesday"", ""Thursday"", ""Friday"", ""Saturday"", ""Sunday""], ""opens"": ""00:00"", ""closes"": ""23:59""}]",339411,S$200,hire fee,-1,NULL,per hour,5,0.933,154,3,"[3, 5, 6, 7, 8, 9, 10, 11, 12, 17, 18, 19, 27]",99875,Pico Event Halls,Hall,https://www.tagvenue.com/sg/rooms/singapore/99875/pico/pico-event-halls,59435,Pico,Whole venue,Event Venue,https://www.tagvenue.com/sg/venues/singapore/59435/pico
428 River Valley Road #01-04 Loft@Nathan,Chatsworth,18,25,"[1, 7, 9, 8, 1001]",Singapore,Italian,False,1.2945057,103.8276359,,,,"[{""type"": ""OpeningHoursSpecification"", ""dayOfWeek"": [""Tuesday"", ""Wednesday"", ""Thursday"", ""Friday"", ""Saturday""], ""opens"": ""18:00"", ""closes"": ""22:00""}]",248327,S$1500,minimum spend,-1,NULL,per session,5,1,12,1,"[5, 7, 17, 27]",56495,Private Dining Room,Dining Room,https://www.tagvenue.com/sg/rooms/singapore/56495/8picure/private-dining-room,27603,8picure,Private space,Restaurant,https://www.tagvenue.com/sg/venues/singapore/27603/8picure
69 Tras Street ,Tanjong Pagar,55,90,"[1, 8, 1000, 1001]",Singapore,European,False,1.2775973,103.8444653,,200 m,Tanjong Pagar MRT Station,"[{""type"": ""OpeningHoursSpecification"", ""dayOfWeek"": [""Monday"", ""Tuesday"", ""Wednesday"", ""Thursday"", ""Friday"", ""Saturday""], ""opens"": ""12:00"", ""closes"": ""00:00""}]",079008,S$2500,minimum spend,-1,NULL,per day,0,1,316,0,"[6, 7, 12, 17, 18]",98657,Entire Venue,Bar,https://www.tagvenue.com/sg/rooms/singapore/98657/madame/entire-venue,58585,Madame,Whole venue,Restaurant,https://www.tagvenue.com/sg/venues/singapore/58585/madame
9 Raffles Boulevard #02-08/09 Millenia Walk,Marina Centre,100,150,"[1, 20, 8, 1000, 1001]",Singapore,American,False,1.2920715,103.859851,,150 m,Promenade MRT Station,"[{""type"": ""OpeningHoursSpecification"", ""dayOfWeek"": [""Monday"", ""Tuesday"", ""Wednesday"", ""Thursday"", ""Friday"", ""Saturday""], ""opens"": ""11:00"", ""closes"": ""22:00""}]",039596,S$2500,minimum spend,-1,NULL,per session,0,0.9091,379,0,"[5, 7, 12, 16, 17, 18, 19, 28]",114155,Indoor Seating,Cafe,https://www.tagvenue.com/sg/rooms/singapore/114155/notes-cafe-at-millenia-walk/indoor-seating,67348,Notes Cafe @ Millenia Walk,Whole venue,Cafe,https://www.tagvenue.com/sg/venues/singapore/67348/notes-cafe-at-millenia-walk
51 Kampong Bugis #01-04,Kampong Bugis,60,90,"[1, 7, 14, 17, 20, 8, 1001]",Singapore,American,False,1.3071782,103.8670728,,450 m,Lavender MRT Station,"[{""type"": ""OpeningHoursSpecification"", ""dayOfWeek"": [""Tuesday"", ""Wednesday"", ""Thursday"", ""Friday"", ""Saturday"", ""Sunday""], ""opens"": ""12:00"", ""closes"": ""23:30""}]",338986,S$4000,minimum spend,-1,NULL,per session,0,1,864,0,"[3, 5, 6, 7, 9, 12, 16, 17, 18, 19, 20, 25]",112492,Full Venue,Restaurant,https://www.tagvenue.com/sg/rooms/singapore/112492/ziggy-zaggy/full-venue,66493,Ziggy Zaggy,Whole venue,Restaurant,https://www.tagvenue.com/sg/venues/singapore/66493/ziggy-zaggy
3D River Valley Road #01-08 Clarke Quay,Singapore City Centre,65,104,"[1, 20, 8, 1000, 1001]",Singapore,,False,1.2895900192583,103.84524214189,,200 m,Clarke Quay MRT Station,"[{""type"": ""OpeningHoursSpecification"", ""dayOfWeek"": [""Monday"", ""Tuesday"", ""Wednesday"", ""Thursday"", ""Sunday""], ""opens"": ""12:00"", ""closes"": ""23:00""}, {""type"": ""OpeningHoursSpecification"", ""dayOfWeek"": [""Friday"", ""Saturday""], ""opens"": ""12:00"", ""closes"": ""02:00""}]",179023,S$50,per person,5000,per session,per session,0,0.8889,263,0,[6],95106,Riverside,Outdoor Space,https://www.tagvenue.com/sg/rooms/singapore/95106/chapters-by-drinksco/riverside,56771,Chapters by Drinks&Co.,Private space,Bar,https://www.tagvenue.com/sg/venues/singapore/56771/chapters-by-drinks-co
"1 Nanson Road InterContinental Robertson Quay Hotel, #02-01",Singapore City Centre,100,180,"[1, 7, 20, 8, 1001]",Singapore,American,False,1.2901492,103.8386544,,700 m,Fort Canning MRT Station,"[{""type"": ""OpeningHoursSpecification"", ""dayOfWeek"": [""Monday"", ""Tuesday"", ""Wednesday"", ""Thursday"", ""Friday"", ""Saturday"", ""Sunday""], ""opens"": ""12:00"", ""closes"": ""23:00""}]",238909,S$11000,minimum spend,-1,NULL,per day,0,0.75,432,0,"[5, 6, 7, 12, 17, 18, 19]",86367,Entire Restaurant,Restaurant,https://www.tagvenue.com/sg/rooms/singapore/86367/wolfgangs-steakhouse-singapore/entire-restaurant,52000,Wolfgang's Steakhouse Singapore,Whole venue,Restaurant,https://www.tagvenue.com/sg/venues/singapore/52000/wolfgang-s-steakhouse-singapore
2 Mayo Street ,Little India,80,100,"[16, 18, 19, 21, 1000]",Singapore,,False,1.3040405,103.8539485,,150 m,Little India MRT Station,"[{""type"": ""OpeningHoursSpecification"", ""dayOfWeek"": [""Monday"", ""Tuesday"", ""Wednesday"", ""Thursday"", ""Friday"", ""Saturday"", ""Sunday""], ""opens"": ""07:00"", ""closes"": ""02:30""}]",208302,S$1000,hire fee,-1,NULL,per hour,0,0.3333,522,0,"[3, 5, 6, 8, 9, 10, 11, 12, 13, 16, 17, 18, 19, 20, 22, 23, 24, 25, 26, 27, 28]",108226,The Happi Loft,Event Venue,https://www.tagvenue.com/sg/rooms/singapore/108226/the-happi-loft/the-happi-loft,64285,The Happi Loft,Whole venue,Event Venue,https://www.tagvenue.com/sg/venues/singapore/64285/the-happi-loft
79 Robinson Road CapitaSky,Cecil,50,80,"[1, 7, 9, 10, 14, 15, 20, 21, 8, 1001]",Singapore,Indian,False,1.2769299,103.8480148,,250 m,Tanjong Pagar MRT Station,"[{""type"": ""OpeningHoursSpecification"", ""dayOfWeek"": [""Monday"", ""Tuesday"", ""Wednesday"", ""Thursday"", ""Friday"", ""Saturday""], ""opens"": ""17:00"", ""closes"": ""21:00""}]",068897,S$1500,hire fee,6000,per evening,per session,0,0.9143,16,0,"[3, 5, 6, 7, 8, 17, 18, 19, 20]",82649,Bar and Lounge,Bar,https://www.tagvenue.com/sg/rooms/singapore/82649/akasa/bar-and-lounge,49820,Akasa,Semi-private area,Restaurant,https://www.tagvenue.com/sg/venues/singapore/49820/akasa
"6 Raffles Boulevard #03-129, Marina Square",Marina Centre,150,50,"[1, 21, 8, 1000, 1001]",Singapore,Japanese,False,1.2912061,103.8576768,,350 m,Esplanade MRT Station,"[{""type"": ""OpeningHoursSpecification"", ""dayOfWeek"": [""Monday"", ""Tuesday"", ""Wednesday"", ""Thursday"", ""Friday"", ""Sunday""], ""opens"": ""09:00"", ""closes"": ""22:00""}, {""type"": ""OpeningHoursSpecification"", ""dayOfWeek"": [""Saturday""], ""opens"": ""11:30"", ""closes"": ""22:00""}]",039594,S$800,hire fee,3500,per session,per session,0,0.9444,163,0,"[5, 6, 7, 9, 12, 16, 17, 18, 19, 20]",76829,The Whole Venue,Restaurant,https://www.tagvenue.com/sg/rooms/singapore/76829/tenkaichi-japanese-restaurant/the-whole-venue,44630,Tenkaichi Japanese Restaurant,Whole venue,Restaurant,https://www.tagvenue.com/sg/venues/singapore/44630/tenkaichi-japanese-restaurant
42 South Bridge Road #01-01,Singapore City Centre,40,50,"[1, 9, 17, 21, 8, 1000, 1001]",Singapore,Australian,False,1.2879867,103.8484485,,200 m,Clarke Quay MRT Station,"[{""type"": ""OpeningHoursSpecification"", ""dayOfWeek"": [""Monday"", ""Tuesday"", ""Wednesday"", ""Thursday"", ""Friday"", ""Saturday"", ""Sunday""], ""opens"": ""10:00"", ""closes"": ""23:30""}]",058676,S$2500,minimum spend,-1,NULL,per session,0,1,1296,0,"[3, 5, 7, 12, 17, 18, 19, 21, 22, 25, 27]",108254,Bar.ter,Bar,https://www.tagvenue.com/sg/rooms/singapore/108254/barter-singapore/barter,64305,Bar.ter Singapore,Whole venue,Bar,https://www.tagvenue.com/sg/venues/singapore/64305/bar-ter-singapore
18 Marina Gardens Drive #01-21 Bayfront Plaza (Next to Bayfront MRT Station),Marina South,100,150,"[1, 14, 15, 20, 8, 1000, 1001]",Singapore,Singaporean,False,1.2812552,103.861362,,250 m,Bayfront MRT Station,"[{""type"": ""OpeningHoursSpecification"", ""dayOfWeek"": [""Monday"", ""Tuesday"", ""Wednesday"", ""Thursday"", ""Friday"", ""Saturday"", ""Sunday""], ""opens"": ""12:00"", ""closes"": ""22:00""}]",018953,S$42,per person,4200,per session,per session,0,0.875,228,0,"[5, 6, 7, 8, 9, 12, 16, 17, 18]",115182,Entire Venue,Restaurant,https://www.tagvenue.com/sg/rooms/singapore/115182/hopscotch-gardens-by-the-bay/entire-venue,67880,Hopscotch (Gardens by the Bay),Whole venue,Restaurant,https://www.tagvenue.com/sg/venues/singapore/67880/hopscotch-gardens-by-the-bay
30 Merchant Road #01-01/02 Riverside Point,Singapore City Centre,100,0,"[1, 7, 9, 10, 15, 20, 21, 8, 1001]",Singapore,Chinese,False,1.2889111907067,103.84466027384,,200 m,Clarke Quay MRT Station,"[{""type"": ""OpeningHoursSpecification"", ""dayOfWeek"": [""Monday"", ""Tuesday"", ""Wednesday"", ""Thursday"", ""Friday"", ""Saturday"", ""Sunday""], ""opens"": ""11:00"", ""closes"": ""22:00""}]",058282,S$145,per person,14500,per session,per session,0,1,39,0,"[5, 6, 7, 8, 12, 16, 17, 19, 27]",111037,Main Hall Exclusive,Event Space,https://www.tagvenue.com/sg/rooms/singapore/111037/jumbo-riverside-point/main-hall-exclusive,65673,Jumbo Riverside Point,Private space,Restaurant,https://www.tagvenue.com/sg/venues/singapore/65673/jumbo-riverside-point
5 Kadayanallur Street ,Chinatown,100,150,"[1, 16, 8, 1000, 1001]",Singapore,,False,1.28052,103.845203,,400 m,Telok Ayer MRT Station,"[{""type"": ""OpeningHoursSpecification"", ""dayOfWeek"": [""Monday"", ""Tuesday"", ""Wednesday"", ""Thursday"", ""Friday"", ""Saturday"", ""Sunday""], ""opens"": ""08:30"", ""closes"": ""22:00""}]",069183,S$6540,minimum spend,19400,per session,per session,5,0.9444,360,1,[6],108359,Rooftop Dining,Outdoor Space,https://www.tagvenue.com/sg/rooms/singapore/108359/kada/rooftop-dining,55859,KADA,Private space,Event Venue,https://www.tagvenue.com/sg/venues/singapore/55859/kada
27a Lorong Mambong ,Holland Drive,62,0,"[9, 17, 21, 8, 1000, 1001, 1]",Singapore,,False,1.3115269,103.7945346,,200 m,Holland Village MRT Station,"[{""type"": ""OpeningHoursSpecification"", ""dayOfWeek"": [""Monday"", ""Tuesday"", ""Wednesday"", ""Thursday"", ""Friday"", ""Saturday"", ""Sunday""], ""opens"": ""16:00"", ""closes"": ""01:00""}]",277686,S$2000,minimum spend,-1,NULL,per afternoon,0,0.9167,211,0,"[5, 6, 7, 9, 16, 17, 18, 19]",71352,Karaoke Bar,Karaoke Bar,https://www.tagvenue.com/sg/rooms/singapore/71352/v-lounge/karaoke-bar,39388,V Lounge,Whole venue,Karaoke Bar,https://www.tagvenue.com/sg/venues/singapore/39388/v-lounge
30 Victoria Street #01-14,City Hall,80,120,"[1, 20, 8, 1000, 1001]",Singapore,British,False,1.294692,103.8526249,,200 m,City Hall MRT Station,"[{""type"": ""OpeningHoursSpecification"", ""dayOfWeek"": [""Monday"", ""Tuesday"", ""Wednesday"", ""Thursday"", ""Sunday""], ""opens"": ""12:00"", ""closes"": ""00:00""}, {""type"": ""OpeningHoursSpecification"", ""dayOfWeek"": [""Friday"", ""Saturday""], ""opens"": ""12:00"", ""closes"": ""01:00""}]",187996,S$50,per person,5000,per session,per session,0,0.8,404,0,"[6, 9, 12]",113445,Entire Venue,Restaurant,https://www.tagvenue.com/sg/rooms/singapore/113445/harrys-chijmes/entire-venue,66994,Harry’s Chijmes,Whole venue,Restaurant,https://www.tagvenue.com/sg/venues/singapore/66994/harry-s-chijmes
2 Emerald Hill Road ,Somerset,26,50,"[1, 9, 8, 1000, 1001]",Singapore,British,False,1.3015184908685,103.83914172649,,150 m,Somerset MRT Station,"[{""type"": ""OpeningHoursSpecification"", ""dayOfWeek"": [""Monday"", ""Tuesday"", ""Wednesday"", ""Thursday"", ""Friday"", ""Saturday"", ""Sunday""], ""opens"": ""17:00"", ""closes"": ""22:00""}]",229287,S$1200,minimum spend,-1,NULL,per session,5,0.7631,43,3,"[5, 7, 8, 12, 17]",17725,Private Room,Lounge,https://www.tagvenue.com/sg/rooms/singapore/17725/alley-bar/private-room,7966,Alley Bar,Private space,Bar,https://www.tagvenue.com/sg/venues/singapore/7966/alley-bar
90 Goodman Road ,Mountbatten,120,200,"[1, 20, 8, 1000, 1001]",Singapore,Australian,False,1.3033397790541,103.88488024656,,400 m,Mountbatten MRT Station,"[{""type"": ""OpeningHoursSpecification"", ""dayOfWeek"": [""Monday"", ""Tuesday"", ""Wednesday"", ""Thursday"", ""Friday"", ""Saturday"", ""Sunday""], ""opens"": ""08:00"", ""closes"": ""22:00""}]",439053,S$1200,minimum spend,3500,per session,per session,4.5,0.9565,130,2,"[5, 6, 7, 9, 12, 16, 17, 18, 24, 25, 27]",77777,Event Area,Cafe,https://www.tagvenue.com/sg/rooms/singapore/77777/cafe-melba-at-goodman-arts-centre/event-area,45376,Café Melba at Goodman Arts Centre,Whole venue,Cafe,https://www.tagvenue.com/sg/venues/singapore/45376/cafe-melba-at-goodman-arts-centre
"18 Marina Gardens Drive Flower Dome, Level 2",Marina South,50,70,"[1, 20, 8, 1000, 1001]",Singapore,Mediterranean,False,1.284821929583,103.86420863704,,650 m,Bayfront MRT Station,"[{""type"": ""OpeningHoursSpecification"", ""dayOfWeek"": [""Monday"", ""Tuesday"", ""Wednesday"", ""Thursday"", ""Friday""], ""opens"": ""11:30"", ""closes"": ""22:00""}, {""type"": ""OpeningHoursSpecification"", ""dayOfWeek"": [""Saturday"", ""Sunday""], ""opens"": ""11:00"", ""closes"": ""22:00""}]",018953,S$12000,minimum spend,-1,NULL,per session,0,0.8,87,0,"[6, 12, 17]",114045,Entire Venue,Restaurant,https://www.tagvenue.com/sg/rooms/singapore/114045/hortus/entire-venue,67291,Hortus,Whole venue,Restaurant,https://www.tagvenue.com/sg/venues/singapore/67291/hortus
7 Raffles Boulevard Level 4 Pan Pacific Singapore,Marina Centre,140,160,"[1, 20, 8, 1000, 1001]",Singapore,Japanese,False,1.2919681,103.8587186,,250 m,Promenade MRT Station,"[{""type"": ""OpeningHoursSpecification"", ""dayOfWeek"": [""Monday"", ""Tuesday"", ""Wednesday"", ""Thursday"", ""Friday"", ""Saturday"", ""Sunday""], ""opens"": ""11:30"", ""closes"": ""22:00""}]",039595,S$80,per person,8000,per session,per session,0,1,204,0,"[5, 6, 7, 28]",15627,Entire Venue,Restaurant,https://www.tagvenue.com/sg/rooms/singapore/15627/keyaki/entire-venue,7094,Keyaki,Whole venue,Restaurant,https://www.tagvenue.com/sg/venues/singapore/7094/keyaki
181 South Bridge Road 01-05,China Square,45,50,"[1, 7, 9, 14, 20, 21, 1001]",Singapore,,False,1.2837367228733,103.84722343625,,200 m,Telok Ayer MRT Station,"[{""type"": ""OpeningHoursSpecification"", ""dayOfWeek"": [""Monday"", ""Tuesday"", ""Wednesday"", ""Thursday""], ""opens"": ""08:00"", ""closes"": ""18:00""}, {""type"": ""OpeningHoursSpecification"", ""dayOfWeek"": [""Friday"", ""Saturday""], ""opens"": ""08:00"", ""closes"": ""22:00""}, {""type"": ""OpeningHoursSpecification"", ""dayOfWeek"": [""Sunday""], ""opens"": ""08:00"", ""closes"": ""17:00""}]",058743,S$50,per person,5000,per session,per session,0,0.8125,180,0,"[5, 6, 7, 8, 10, 11, 12, 16, 17]",14507,Entire Venue,Cafe,https://www.tagvenue.com/sg/rooms/singapore/14507/group-therapy-cross-st-exchange/entire-venue,6528,Group Therapy (Cross St Exchange),Whole venue,Cafe,https://www.tagvenue.com/sg/venues/singapore/6528/group-therapy-cross-st-exchange
133 Cecil Street ,Cecil,200,240,"[1, 9, 16, 18, 21, 1000, 1001]",Singapore,Chinese,False,1.2804135723373,103.84883932758,,200 m,Telok Ayer MRT Station,"[{""type"": ""OpeningHoursSpecification"", ""dayOfWeek"": [""Monday"", ""Tuesday"", ""Wednesday"", ""Thursday"", ""Friday"", ""Saturday"", ""Sunday""], ""opens"": ""11:30"", ""closes"": ""21:00""}]",069535,S$1688,minimum spend,-1,NULL,per session,4.5,1,296,2,"[5, 6, 7, 8, 9, 10, 11, 12, 17]",18753,Entire Restaurant,Restaurant,https://www.tagvenue.com/sg/rooms/singapore/18753/straits-chinese-nonya-restaurant-keck-seng/entire-restaurant,8339,Straits Chinese Nonya Restaurant - Keck Seng,Whole venue,Restaurant,https://www.tagvenue.com/sg/venues/singapore/8339/straits-chinese-nonya-restaurant-keck-seng
5 Jiak Kim Street ,River Valley,240,350,"[16, 1000, 1001]",Singapore,,False,1.2910971,103.8352666,,,,"[{""type"": ""OpeningHoursSpecification"", ""dayOfWeek"": [""Monday"", ""Tuesday"", ""Wednesday"", ""Thursday"", ""Friday"", ""Saturday"", ""Sunday""], ""opens"": ""09:00"", ""closes"": ""22:00""}]",169425,S$10900,hire fee,-1,NULL,per day,5,0.9016,132,4,"[3, 6, 7, 9, 12, 17, 18, 20]",76952,Main Event Space,Hall,https://www.tagvenue.com/sg/rooms/singapore/76952/warehouse-on-river-promenade/main-event-space,44636,Warehouse on River Promenade,Whole venue,Warehouse,https://www.tagvenue.com/sg/venues/singapore/44636/warehouse-on-river-promenade
9 Penang Road #01-08/09,Dhoby Ghaut,100,120,"[1, 7, 14, 15, 20, 8, 1001]",Singapore,Asian,False,1.2979041,103.845453,,100 m,Dhoby Ghaut MRT Station,"[{""type"": ""OpeningHoursSpecification"", ""dayOfWeek"": [""Monday"", ""Tuesday"", ""Wednesday"", ""Thursday"", ""Friday"", ""Saturday"", ""Sunday""], ""opens"": ""07:30"", ""closes"": ""22:00""}]",238459,S$800,minimum spend,2500,per session,per morning,0,0.3333,1232,0,"[3, 5, 6, 7, 8, 9, 11, 12, 16, 17, 18, 19]",115166,Indoor Seating Area,Event Space,https://www.tagvenue.com/sg/rooms/singapore/115166/estuary-restaurant/indoor-seating-area,67866,Estuary Restaurant,Private space,Restaurant,https://www.tagvenue.com/sg/venues/singapore/67866/estuary-restaurant
1 Marina Boulevard ,Central Subzone,550,0,"[16, 1000, 1001]",Singapore,,False,1.2822004,103.8526513,,250 m,Raffles Place MRT Station,"[{""type"": ""OpeningHoursSpecification"", ""dayOfWeek"": [""Monday"", ""Tuesday"", ""Wednesday"", ""Thursday"", ""Friday"", ""Saturday"", ""Sunday""], ""opens"": ""08:30"", ""closes"": ""22:30""}]",018989,S$875,hire fee,-1,NULL,per hour,5,0.8799,212,2,"[3, 5, 6, 7, 8, 12, 16, 17, 18, 19]",73129,Stephen Riady Auditorium,Auditorium / Conference Room,https://www.tagvenue.com/sg/rooms/singapore/73129/ntuc-centre/stephen-riady-auditorium,41133,NTUC Centre,Private space,Conference Centre,https://www.tagvenue.com/sg/venues/singapore/41133/ntuc-centre
23 Church Street Level 7,China Square,90,100,"[1, 9, 10, 16, 1000, 1001]",Singapore,,False,1.283932,103.8485482,,200 m,Telok Ayer MRT Station,"[{""type"": ""OpeningHoursSpecification"", ""dayOfWeek"": [""Monday"", ""Tuesday"", ""Wednesday"", ""Thursday"", ""Friday""], ""opens"": ""16:00"", ""closes"": ""22:00""}]",049481,S$600,hire fee,-1,NULL,per hour,4.8,0.9907,10,5,"[5, 6, 7, 9, 12, 17, 18]",49534,Event Space,Event Space,https://www.tagvenue.com/sg/rooms/singapore/49534/capital-square/event-space,22743,Capital Square,Private space,Office Space,https://www.tagvenue.com/sg/venues/singapore/22743/capital-square
81 Choa Chu Kang Walk Italian Patio,Western Water Catchment,80,20,"[1, 7, 16, 19, 20, 21, 8]",Singapore,Italian,False,1.3831937,103.7363274,,,,"[{""type"": ""OpeningHoursSpecification"", ""dayOfWeek"": [""Tuesday"", ""Wednesday"", ""Thursday"", ""Friday"", ""Saturday"", ""Sunday""], ""opens"": ""12:00"", ""closes"": ""21:30""}]",688263,S$50,per person,5000,per session,per session,5,0.7143,755,1,"[3, 5, 6, 7, 12, 13, 16, 17, 18, 19, 20, 25, 26, 27]",111291,Indoor,Event Venue,https://www.tagvenue.com/sg/rooms/singapore/111291/italian-patio/indoor,65932,Italian Patio,Whole venue,Restaurant,https://www.tagvenue.com/sg/venues/singapore/65932/italian-patio
60 Jalan Lam Huat #01-27,Kranji,100,200,"[1, 16, 8, 1000, 1001]",Singapore,Singaporean,False,1.430726,103.7527495,,,,"[{""type"": ""OpeningHoursSpecification"", ""dayOfWeek"": [""Monday"", ""Tuesday"", ""Wednesday"", ""Thursday"", ""Friday"", ""Saturday"", ""Sunday""], ""opens"": ""09:00"", ""closes"": ""00:00""}]",737869,S$150,hire fee,-1,NULL,per hour,5,0.8462,239,1,"[5, 6, 7, 8, 12, 16, 17, 18]",98963,Whole Venue,Restaurant,https://www.tagvenue.com/sg/rooms/singapore/98963/pourhouse-bistro/whole-venue,58974,Pourhouse Bistro,Whole venue,Restaurant,https://www.tagvenue.com/sg/venues/singapore/58974/pourhouse-bistro
"Oasia Hotel Downtown, 100 Peck Seah Street, #01-02 ",Tanjong Pagar,70,100,"[1, 9, 8, 1000, 1001]",Singapore,,False,1.2758528,103.8443611,,200 m,Tanjong Pagar MRT Station,"[{""type"": ""OpeningHoursSpecification"", ""dayOfWeek"": [""Monday"", ""Tuesday"", ""Wednesday"", ""Thursday""], ""opens"": ""17:00"", ""closes"": ""23:00""}, {""type"": ""OpeningHoursSpecification"", ""dayOfWeek"": [""Friday""], ""opens"": ""17:00"", ""closes"": ""00:00""}, {""type"": ""OpeningHoursSpecification"", ""dayOfWeek"": [""Saturday""], ""opens"": ""15:00"", ""closes"": ""00:00""}]",079333,S$3000,minimum spend,-1,NULL,per session,4.9,0.8983,216,1,"[5, 6, 7, 12, 17, 27]",53022,Entire Venue,Bar,https://www.tagvenue.com/sg/rooms/singapore/53022/cin-cin/entire-venue,25773,CIN CIN,Whole venue,Bar,https://www.tagvenue.com/sg/venues/singapore/25773/cin-cin
60 Jalan Lam Huat #07-28/29,Kranji,50,120,"[7, 8, 1001]",Singapore,,False,1.430726,103.7527495,,,,"[{""type"": ""OpeningHoursSpecification"", ""dayOfWeek"": [""Monday"", ""Tuesday"", ""Wednesday"", ""Thursday""], ""opens"": ""10:00"", ""closes"": ""02:00""}, {""type"": ""OpeningHoursSpecification"", ""dayOfWeek"": [""Friday"", ""Saturday"", ""Sunday""], ""opens"": ""10:00"", ""closes"": ""03:00""}]",737869,S$400,hire fee,-1,NULL,per hour,0,0.5652,864,0,"[5, 6, 7, 8, 9, 10, 12, 13, 16, 17, 18, 19]",76942,99 Bends VIP Lounge,Lounge,https://www.tagvenue.com/sg/rooms/singapore/76942/carros/99-bends-vip-lounge,44786,Carros,Whole venue,Entertainment Centre,https://www.tagvenue.com/sg/venues/singapore/44786/carros
"78 Airport Boulevard #01-207 Jewel Singapore Changi Airport, Singapore 819666",Changi Airport,56,80,"[1, 7, 20, 8, 1001]",Singapore,American,False,1.3603912,103.989642,,350 m,Changi Airport MRT Station,"[{""type"": ""OpeningHoursSpecification"", ""dayOfWeek"": [""Monday"", ""Tuesday"", ""Wednesday"", ""Thursday"", ""Friday"", ""Saturday"", ""Sunday""], ""opens"": ""18:00"", ""closes"": ""22:00""}]",819666,S$8000,minimum spend,20000,per session,per day,0,0,0,0,"[5, 6, 7, 12, 16, 17, 18, 19, 25]",107612,The Coach Restaurant,Restaurant,https://www.tagvenue.com/sg/rooms/singapore/107612/the-coach-restaurant/the-coach-restaurant,63921,The Coach Restaurant,Whole venue,Restaurant,https://www.tagvenue.com/sg/venues/singapore/63921/the-coach-restaurant
33 Tras Street ,Tanjong Pagar,134,214,"[1, 8, 1000, 1001]",Singapore,Asian,False,1.278499,103.8445327,,250 m,Tanjong Pagar MRT Station,"[{""type"": ""OpeningHoursSpecification"", ""dayOfWeek"": [""Monday"", ""Tuesday"", ""Wednesday"", ""Thursday"", ""Friday"", ""Saturday"", ""Sunday""], ""opens"": ""12:00"", ""closes"": ""01:00""}]",078973,S$5500,minimum spend,-1,NULL,per session,2,0.75,429,1,"[5, 6, 7, 12, 17]",90734,Entire 2nd floor,Dining Room,https://www.tagvenue.com/sg/rooms/singapore/90734/hansik-dining-collective/entire-2nd-floor,53733,Hansik Dining Collective,Private space,Restaurant,https://www.tagvenue.com/sg/venues/singapore/53733/hansik-dining-collective
18 Tai Seng Street #01-K4/23-25 18,Tai Seng,80,120,"[1, 20, 8, 1000, 1001]",Singapore,British,False,1.3362549,103.889089,,150 m,Tai Seng MRT Station,"[{""type"": ""OpeningHoursSpecification"", ""dayOfWeek"": [""Monday"", ""Tuesday"", ""Wednesday"", ""Thursday"", ""Friday"", ""Saturday"", ""Sunday""], ""opens"": ""11:00"", ""closes"": ""22:00""}]",539775,S$50,per person,5000,per session,per session,0,1,0,0,"[6, 9, 12]",113448,Entire Venue,Restaurant,https://www.tagvenue.com/sg/rooms/singapore/113448/harrys-tai-seng/entire-venue,66997,Harry’s Tai Seng,Whole venue,Restaurant,https://www.tagvenue.com/sg/venues/singapore/66997/harry-s-tai-seng
3 Temasek Boulevard ,Marina Centre,125,200,"[8, 1000, 1001]",Singapore,,False,1.295825,103.8587866,,400 m,Promenade MRT Station,"[{""type"": ""OpeningHoursSpecification"", ""dayOfWeek"": [""Monday"", ""Tuesday"", ""Wednesday"", ""Sunday""], ""opens"": ""11:00"", ""closes"": ""22:30""}, {""type"": ""OpeningHoursSpecification"", ""dayOfWeek"": [""Thursday"", ""Friday"", ""Saturday""], ""opens"": ""11:00"", ""closes"": ""23:00""}]",038983,S$8000,hire fee,-1,NULL,per session,0,0,0,0,"[5, 12]",99486,Entire Venue,Museum,https://www.tagvenue.com/sg/rooms/singapore/99486/the-grande-whisky-museum/entire-venue,58997,The Grande Whisky Museum,Private space,Museum,https://www.tagvenue.com/sg/venues/singapore/58997/the-grande-whisky-museum
8 Raffles Avenue #01 - 05 / 07 Esplanade Mall,Marina Centre,120,250,"[1, 20, 8, 1000, 1001]",Singapore,American,False,1.2896693,103.856284,,400 m,Esplanade MRT Station,"[{""type"": ""OpeningHoursSpecification"", ""dayOfWeek"": [""Monday"", ""Tuesday"", ""Wednesday"", ""Thursday"", ""Friday"", ""Saturday"", ""Sunday""], ""opens"": ""12:00"", ""closes"": ""23:00""}]",039802,S$50,per person,5000,per session,per session,0,1,255,0,"[6, 8, 12]",113440,Entire Venue,Restaurant,https://www.tagvenue.com/sg/rooms/singapore/113440/harrys-esplanade/entire-venue,66990,Harry’s Esplanade,Whole venue,Restaurant,https://www.tagvenue.com/sg/venues/singapore/66990/harry-s-esplanade
2 Leng Kee Road #01-04 Thye Hong Industrial Centre,Alexandra Hill,110,176,"[1, 20, 8, 1000, 1001]",Singapore,Chinese,False,1.2909945,103.8150277,,250 m,Redhill MRT Station,"[{""type"": ""OpeningHoursSpecification"", ""dayOfWeek"": [""Monday"", ""Tuesday"", ""Wednesday"", ""Thursday"", ""Friday"", ""Saturday"", ""Sunday""], ""opens"": ""11:30"", ""closes"": ""22:30""}]",159086,S$1635,minimum spend,-1,NULL,per session,0,0,0,0,[6],117401,Whole Venues,Restaurant,https://www.tagvenue.com/sg/rooms/singapore/117401/yi-qian-private-dining/whole-venues,67656,Yi Qian Private Dining,Whole venue,Restaurant,https://www.tagvenue.com/sg/venues/singapore/67656/yi-qian-private-dining
"138 Robinson Road Oxley Tower Lobby 1, #19-01",Cecil,100,120,"[1, 20, 8, 1000, 1001]",Singapore,Chinese,False,1.2788927855705,103.8484235814,,400 m,Telok Ayer MRT Station,"[{""type"": ""OpeningHoursSpecification"", ""dayOfWeek"": [""Monday"", ""Tuesday"", ""Wednesday"", ""Thursday"", ""Friday"", ""Sunday""], ""opens"": ""11:00"", ""closes"": ""21:30""}]",068906,S$6000,minimum spend,-1,NULL,per session,0,0,0,0,"[5, 6, 7, 12, 16, 17, 18]",114670,Entire Venue,Restaurant,https://www.tagvenue.com/sg/rooms/singapore/114670/myo-restobar/entire-venue,67630,MYO restobar,Whole venue,Restaurant,https://www.tagvenue.com/sg/venues/singapore/67630/myo-restobar
15 Stamford Road #01-83 Arcade @ The Capitol Kempinski,City Hall,60,110,"[1, 14, 15, 20, 8, 1000, 1001]",Singapore,Asian,False,1.2934493,103.8518286,,100 m,City Hall MRT Station,"[{""type"": ""OpeningHoursSpecification"", ""dayOfWeek"": [""Monday"", ""Tuesday"", ""Wednesday"", ""Thursday"", ""Saturday"", ""Sunday""], ""opens"": ""12:00"", ""closes"": ""22:30""}, {""type"": ""OpeningHoursSpecification"", ""dayOfWeek"": [""Friday""], ""opens"": ""12:00"", ""closes"": ""00:00""}]",178906,S$42,per person,4200,per session,per session,0,1,193,0,"[5, 6, 7, 12, 16]",115036,Entire Venue,Restaurant,https://www.tagvenue.com/sg/rooms/singapore/115036/hopscotch-capitol/entire-venue,67806,Hopscotch (Capitol),Whole venue,Restaurant,https://www.tagvenue.com/sg/venues/singapore/67806/hopscotch-capitol
1 Stars Avenue ,One North,70,120,"[1, 14, 20, 8, 1000, 1001]",Singapore,,False,1.2954941,103.7922842,,700 m,one-north MRT Station,"[{""type"": ""OpeningHoursSpecification"", ""dayOfWeek"": [""Monday"", ""Tuesday"", ""Wednesday"", ""Thursday"", ""Friday"", ""Saturday"", ""Sunday""], ""opens"": ""08:00"", ""closes"": ""22:00""}]",138507,S$30,per person,3000,per session,per session,0,0.9234,161,0,"[5, 6, 7, 8, 9, 12, 17, 18, 19]",77786,Event Area,Event Space,https://www.tagvenue.com/sg/rooms/singapore/77786/cafe-melba-at-mediapolis/event-area,45565,Cafe Melba at Mediapolis,Private space,Cafe,https://www.tagvenue.com/sg/venues/singapore/45565/cafe-melba-at-mediapolis
333 Joo Chiat Road ,Katong,65,104,"[1, 20, 8, 1000, 1001]",Singapore,French,False,1.309038,103.902772,,,,"[{""type"": ""OpeningHoursSpecification"", ""dayOfWeek"": [""Monday"", ""Tuesday"", ""Wednesday"", ""Thursday"", ""Friday"", ""Saturday"", ""Sunday""], ""opens"": ""12:00"", ""closes"": ""23:00""}]",427588,S$5000,minimum spend,-1,NULL,per session,0,1,719,0,"[5, 6, 7, 12, 17, 19]",104721,Entire Venue,Restaurant,https://www.tagvenue.com/sg/rooms/singapore/104721/braseiro-singapore-joo-chiat/entire-venue,62208,BRASEIRO SINGAPORE (JOO CHIAT),Whole venue,Restaurant,https://www.tagvenue.com/sg/venues/singapore/62208/braseiro-singapore-joo-chiat
East Coast Road 115A,Katong,40,12,"[1, 16, 19, 8, 1000]",Singapore,,False,1.3058071,103.9045241,,,,"[{""type"": ""OpeningHoursSpecification"", ""dayOfWeek"": [""Monday"", ""Tuesday"", ""Wednesday"", ""Thursday"", ""Friday"", ""Saturday"", ""Sunday""], ""opens"": ""17:00"", ""closes"": ""00:00""}]",428804,S$40,per person,4000,per session,per session,0,0.8,432,0,"[6, 7, 12, 17, 18]",50775,Entire Space,Bar,https://www.tagvenue.com/sg/rooms/singapore/50775/the-hidden-story-speakeasy-katong/entire-space,24563,The Hidden Story Speakeasy Katong,Whole venue,Bar,https://www.tagvenue.com/sg/venues/singapore/24563/the-hidden-story-speakeasy-katong
9 Tampines Grande #01-19,Tampines East,80,120,"[1, 20, 8, 1000, 1001]",Singapore,British,False,1.3557701,103.9414999,,500 m,Tampines MRT Station,"[{""type"": ""OpeningHoursSpecification"", ""dayOfWeek"": [""Monday"", ""Tuesday"", ""Wednesday"", ""Thursday"", ""Friday"", ""Saturday"", ""Sunday""], ""opens"": ""12:00"", ""closes"": ""22:00""}]",528735,S$50,per person,5000,per session,per session,0,0,0,0,"[6, 9, 12]",113447,Entire Venue,Restaurant,https://www.tagvenue.com/sg/rooms/singapore/113447/harrys-tampines/entire-venue,66996,Harry’s Tampines,Whole venue,Restaurant,https://www.tagvenue.com/sg/venues/singapore/66996/harry-s-tampines
94 Lorong 4 Toa Payoh #01-22,Braddell,35,0,"[1, 16, 20, 1000, 1001]",Singapore,Asian,False,1.3388227,103.8496748,,350 m,Braddell MRT Station,"[{""type"": ""OpeningHoursSpecification"", ""dayOfWeek"": [""Monday"", ""Tuesday"", ""Wednesday"", ""Thursday"", ""Friday"", ""Saturday"", ""Sunday""], ""opens"": ""11:00"", ""closes"": ""21:00""}]",310094,S$1000,minimum spend,-1,NULL,per day,0,0,0,0,"[5, 6, 7, 12, 17]",97901,Entire Café,Cafe,https://www.tagvenue.com/sg/rooms/singapore/97901/three-by-garamika/entire-cafe,58376,THREE. by Garamika,Whole venue,Cafe,https://www.tagvenue.com/sg/venues/singapore/58376/three-by-garamika
7 Fraser Street ,Bugis,40,50,"[1, 9, 8, 1000, 1001]",Singapore,European,False,1.2995177539263,103.85845255503,,200 m,Bugis MRT Station,"[{""type"": ""OpeningHoursSpecification"", ""dayOfWeek"": [""Monday"", ""Tuesday"", ""Wednesday"", ""Thursday"", ""Friday"", ""Saturday""], ""opens"": ""11:30"", ""closes"": ""22:00""}]",189356,S$2000,minimum spend,-1,NULL,per session,0,1,423,0,"[6, 7, 12, 17]",52032,Restaurant,Restaurant,https://www.tagvenue.com/sg/rooms/singapore/52032/meating-place/restaurant,25262,Meating Place,Whole venue,Restaurant,https://www.tagvenue.com/sg/venues/singapore/25262/meating-place
42 Tras Street ,Tanjong Pagar,30,60,"[1, 15, 20, 8, 1000, 1001]",Singapore,Japanese,False,1.2782924,103.8442963,,250 m,Tanjong Pagar MRT Station,"[{""type"": ""OpeningHoursSpecification"", ""dayOfWeek"": [""Monday"", ""Tuesday"", ""Wednesday"", ""Thursday"", ""Friday""], ""opens"": ""12:00"", ""closes"": ""00:00""}, {""type"": ""OpeningHoursSpecification"", ""dayOfWeek"": [""Saturday"", ""Sunday""], ""opens"": ""12:00"", ""closes"": ""23:00""}]",078981,S$3000,minimum spend,-1,NULL,per day,0,0,0,0,"[5, 6, 7, 12, 16, 17, 18]",107038,Entire Venue,Restaurant,https://www.tagvenue.com/sg/rooms/singapore/107038/teppan-works/entire-venue,63609,Teppan Works,Whole venue,Restaurant,https://www.tagvenue.com/sg/venues/singapore/63609/teppan-works-2
40 Pasir Panjang Road ,Pasir Panjang 2,80,150,"[1, 20, 8, 1000, 1001]",Singapore,British,False,1.2756788,103.7995597,,550 m,Labrador Park MRT Station,"[{""type"": ""OpeningHoursSpecification"", ""dayOfWeek"": [""Monday"", ""Tuesday"", ""Wednesday"", ""Thursday"", ""Friday""], ""opens"": ""11:30"", ""closes"": ""22:00""}]",117383,S$50,per person,5000,per session,per session,0,1,0,0,"[6, 8, 12]",113441,Entire Venue,Restaurant,https://www.tagvenue.com/sg/rooms/singapore/113441/harrys-mapletree-business-city/entire-venue,66991,Harry’s MapleTree Business City,Whole venue,Restaurant,https://www.tagvenue.com/sg/venues/singapore/66991/harry-s-mapletree-business-city
340 Joo Chiat Road ,Katong,50,80,"[1, 20, 8, 1000, 1001]",Singapore,Italian,False,1.3089554,103.9026378,,,,"[{""type"": ""OpeningHoursSpecification"", ""dayOfWeek"": [""Monday"", ""Tuesday"", ""Wednesday"", ""Thursday"", ""Friday"", ""Saturday"", ""Sunday""], ""opens"": ""12:00"", ""closes"": ""23:00""}]",427592,S$1500,minimum spend,-1,NULL,per session,0,1,247,0,"[6, 7, 12, 17, 19]",104341,Entire Restaurant,Restaurant,https://www.tagvenue.com/sg/rooms/singapore/104341/dough-it-yourself/entire-restaurant,61967,Dough it Yourself,Whole venue,Restaurant,https://www.tagvenue.com/sg/venues/singapore/61967/dough-it-yourself
97 East Coast Road ,Katong,80,80,"[1, 14, 20, 8, 1000, 1001]",Singapore,Indian,False,1.3056658,103.9041394,,,,"[{""type"": ""OpeningHoursSpecification"", ""dayOfWeek"": [""Monday"", ""Tuesday"", ""Wednesday"", ""Thursday"", ""Sunday""], ""opens"": ""11:30"", ""closes"": ""23:00""}, {""type"": ""OpeningHoursSpecification"", ""dayOfWeek"": [""Friday"", ""Saturday""], ""opens"": ""11:30"", ""closes"": ""00:00""}]",428794,S$40,per person,4000,per session,per session,0,0,0,0,"[5, 6, 7, 9, 12, 16, 17, 18]",107651,Entire Venue,Restaurant,https://www.tagvenue.com/sg/rooms/singapore/107651/bombay-garden/entire-venue,63932,BOMBAY GARDEN,Whole venue,Restaurant,https://www.tagvenue.com/sg/venues/singapore/63932/bombay-garden
41 Robertson Quay 76/76A,Singapore City Centre,18,28,"[1, 2, 3, 14, 15, 8, 1000, 1001]",Singapore,French,False,1.2910762872385,103.84027939663,,500 m,Fort Canning MRT Station,"[{""type"": ""OpeningHoursSpecification"", ""dayOfWeek"": [""Monday"", ""Tuesday"", ""Sunday""], ""opens"": ""18:00"", ""closes"": ""00:00""}, {""type"": ""OpeningHoursSpecification"", ""dayOfWeek"": [""Wednesday"", ""Thursday"", ""Friday"", ""Saturday""], ""opens"": ""12:00"", ""closes"": ""00:00""}]",238236,S$3564,minimum spend,21000,per afternoon,per afternoon,0,0.7407,0,0,"[3, 5, 7, 16, 17]",14043,The Dining Room at JAG,Dining Room,https://www.tagvenue.com/sg/rooms/singapore/14043/restaurant-jag/the-dining-room-at-jag,6370,Restaurant JAG,Private space,Restaurant,https://www.tagvenue.com/sg/venues/singapore/6370/restaurant-jag
58 Palawan Beach Walk ,Sentosa,110,110,"[1, 2, 20, 8, 1000, 1001]",Singapore,Greek,False,1.2501783374947,103.82083854321,,,,"[{""type"": ""OpeningHoursSpecification"", ""dayOfWeek"": [""Monday""], ""opens"": ""12:00"", ""closes"": ""21:00""}, {""type"": ""OpeningHoursSpecification"", ""dayOfWeek"": [""Tuesday"", ""Wednesday"", ""Thursday""], ""opens"": ""12:30"", ""closes"": ""21:00""}, {""type"": ""OpeningHoursSpecification"", ""dayOfWeek"": [""Friday"", ""Saturday""], ""opens"": ""11:00"", ""closes"": ""21:00""}, {""type"": ""OpeningHoursSpecification"", ""dayOfWeek"": [""Sunday""], ""opens"": ""11:00"", ""closes"": ""20:00""}]",098235,S$15000,minimum spend,-1,NULL,per day,0,0,0,0,"[6, 7, 12, 17]",117397,Entire Venue,Restaurant,https://www.tagvenue.com/sg/rooms/singapore/117397/blu-kouzina-sentosa/entire-venue,67633,Blu Kouzina Sentosa,Whole venue,Restaurant,https://www.tagvenue.com/sg/venues/singapore/67633/blu-kouzina-sentosa
3A River Valley Road #02-03,Singapore City Centre,200,200,"[1, 21, 8, 1000, 1001]",Singapore,Asian,False,1.2903646,103.8448929,,250 m,Fort Canning MRT Station,"[{""type"": ""OpeningHoursSpecification"", ""dayOfWeek"": [""Monday"", ""Tuesday"", ""Wednesday"", ""Thursday"", ""Friday"", ""Saturday"", ""Sunday""], ""opens"": ""17:00"", ""closes"": ""01:00""}]",179020,S$10000,minimum spend,-1,NULL,per evening,0,0.726,393,0,"[5, 6, 7, 9, 12, 13, 16, 17, 18, 19]",71139,Event Space,Event Space,https://www.tagvenue.com/sg/rooms/singapore/71139/home-dawn-dusk/event-space,39222,HOME Dawn & Dusk,Whole venue,Restaurant,https://www.tagvenue.com/sg/venues/singapore/39222/home-dawn-dusk
39 Syed Alwi Road ,Jalan Besar,20,35,"[1, 8, 1000, 1001]",Singapore,,False,1.3069437,103.8584695,,350 m,Jalan Besar MRT Station,"[{""type"": ""OpeningHoursSpecification"", ""dayOfWeek"": [""Monday"", ""Tuesday"", ""Wednesday"", ""Thursday"", ""Friday"", ""Saturday"", ""Sunday""], ""opens"": ""17:30"", ""closes"": ""22:30""}]",207630,S$2000,hire fee,-1,NULL,per session,5,0.8,293,1,"[5, 12]",32605,Whiskey Library & Jazz Club,Bar,https://www.tagvenue.com/sg/rooms/singapore/32605/the-vagabond-club-singapore/whiskey-library-jazz-club,8946,The Vagabond Club Singapore,Private space,Hotel,https://www.tagvenue.com/sg/venues/singapore/8946/the-vagabond-club-singapore
5 Straits View #04-02,Central Subzone,70,120,"[1, 20, 8, 1000, 1001]",Singapore,Singaporean,False,1.2777581,103.852778,,200 m,Downtown MRT Station,"[{""type"": ""OpeningHoursSpecification"", ""dayOfWeek"": [""Monday"", ""Tuesday"", ""Wednesday"", ""Thursday"", ""Friday"", ""Saturday"", ""Sunday""], ""opens"": ""11:30"", ""closes"": ""22:30""}]",018935,S$5500,minimum spend,-1,NULL,per session,0,1,230,0,"[5, 6, 7, 8, 12, 17, 18]",74977,Full Buyout,Restaurant,https://www.tagvenue.com/sg/rooms/singapore/74977/wakanui-grill-dining-singapore/full-buyout,42727,WAKANUI GRILL DINING SINGAPORE,Whole venue,Restaurant,https://www.tagvenue.com/sg/venues/singapore/42727/wakanui-grill-dining-singapore
26 Sentosa Gateway #01-71/83/84/85,Sentosa,80,150,"[1, 20, 8, 1000, 1001]",Singapore,British,False,1.2562424134,103.82108958901,,,,"[{""type"": ""OpeningHoursSpecification"", ""dayOfWeek"": [""Monday"", ""Tuesday"", ""Wednesday"", ""Thursday"", ""Friday"", ""Saturday"", ""Sunday""], ""opens"": ""11:00"", ""closes"": ""23:00""}]",098138,S$50,per person,5000,per session,per session,0,1,0,0,"[6, 9, 12]",113443,Entire Venue,Restaurant,https://www.tagvenue.com/sg/rooms/singapore/113443/harrys-resort-world-sentosa/entire-venue,66993,Harry’s Resort World Sentosa,Whole venue,Restaurant,https://www.tagvenue.com/sg/venues/singapore/66993/harry-s-resort-world-sentosa
26 Beach Road ,Bugis,37,60,"[1, 15, 20, 8, 1000, 1001]",Singapore,Indian,False,1.2941884296097,103.85578715218,,100 m,Esplanade MRT Station,"[{""type"": ""OpeningHoursSpecification"", ""dayOfWeek"": [""Monday"", ""Tuesday"", ""Wednesday"", ""Thursday"", ""Friday"", ""Saturday"", ""Sunday""], ""opens"": ""12:00"", ""closes"": ""22:00""}]",189768,S$75,per person,7500,per session,per session,0,1,576,0,"[5, 6, 12]",90495,Indoor Area,Dining Room,https://www.tagvenue.com/sg/rooms/singapore/90495/bombay-brasserie/indoor-area,53413,Bombay Brasserie,Private space,Restaurant,https://www.tagvenue.com/sg/venues/singapore/53413/bombay-brasserie
3D River Valley Road #01-07,Singapore City Centre,35,60,"[1, 8, 1000, 1001]",Singapore,Mexican,False,1.2896351285187,103.84533822462,,200 m,Clarke Quay MRT Station,"[{""type"": ""OpeningHoursSpecification"", ""dayOfWeek"": [""Monday"", ""Tuesday"", ""Wednesday"", ""Thursday"", ""Sunday""], ""opens"": ""12:00"", ""closes"": ""23:00""}, {""type"": ""OpeningHoursSpecification"", ""dayOfWeek"": [""Friday"", ""Saturday""], ""opens"": ""12:00"", ""closes"": ""01:00""}]",179023,S$35,per person,3500,per session,per session,0,1,0,0,"[5, 7, 12, 17, 18]",92401,Indoor Space,Dining Room,https://www.tagvenue.com/sg/rooms/singapore/92401/rico-rico/indoor-space,55208,Rico Rico,Private space,Restaurant,https://www.tagvenue.com/sg/venues/singapore/55208/rico-rico
18 Marina Gardens Drive Flower Dome,Marina South,50,80,"[1, 20, 8, 1000, 1001]",Singapore,Australian,False,1.2848354,103.8641817,,650 m,Bayfront MRT Station,"[{""type"": ""OpeningHoursSpecification"", ""dayOfWeek"": [""Wednesday""], ""opens"": ""18:00"", ""closes"": ""22:30""}, {""type"": ""OpeningHoursSpecification"", ""dayOfWeek"": [""Thursday"", ""Friday"", ""Saturday"", ""Sunday""], ""opens"": ""12:00"", ""closes"": ""22:30""}]",018953,S$12000,minimum spend,-1,NULL,per session,0,0,0,0,"[7, 12]",114028,Entire Venue,Restaurant,https://www.tagvenue.com/sg/rooms/singapore/114028/marguerite/entire-venue,67282,Marguerite,Whole venue,Restaurant,https://www.tagvenue.com/sg/venues/singapore/67282/marguerite-2
1 Equestrian Walk ,Turf Club,120,140,"[1, 8, 1000, 1001]",Singapore,,False,1.4281783678991,103.76741402278,,650 m,Kranji MRT Station,"[{""type"": ""OpeningHoursSpecification"", ""dayOfWeek"": [""Monday"", ""Tuesday"", ""Wednesday"", ""Thursday"", ""Saturday"", ""Sunday""], ""opens"": ""11:00"", ""closes"": ""23:00""}, {""type"": ""OpeningHoursSpecification"", ""dayOfWeek"": [""Friday""], ""opens"": ""11:00"", ""closes"": ""00:00""}]",737863,S$55,per person,5500,per session,per session,0,0.75,975,0,"[5, 6, 7, 9, 12, 16, 17, 18]",61113,Entire Venue,Restaurant,https://www.tagvenue.com/sg/rooms/singapore/61113/cheval-equestrian-walk/entire-venue,30119,Cheval Equestrian Walk,Whole venue,Restaurant,https://www.tagvenue.com/sg/venues/singapore/30119/cheval-equestrian-walk
Seah Street ,Bugis,30,50,"[9, 16, 18, 19, 8, 1000]",Singapore,Italian,False,1.2957255,103.8550701,,250 m,Esplanade MRT Station,"[{""type"": ""OpeningHoursSpecification"", ""dayOfWeek"": [""Tuesday"", ""Wednesday"", ""Thursday"", ""Friday"", ""Saturday"", ""Sunday""], ""opens"": ""11:30"", ""closes"": ""23:00""}]",189768,S$1200,hire fee,-1,NULL,per session,0,0.9423,381,0,"[5, 8, 12, 16]",13929,The Public House,Event Space,https://www.tagvenue.com/sg/rooms/singapore/13929/the-public-gallery-rooftop-level/the-public-house,6392,The Public Gallery (Rooftop Level),Private space,Gallery,https://www.tagvenue.com/sg/venues/singapore/6392/the-public-gallery-rooftop-level
28 Clementi Road ,Pasir Panjang 1,40,0,"[1, 2, 3, 14, 15, 20, 8, 1000, 1001]",Singapore,,False,1.2930834,103.7687374,,,,"[{""type"": ""OpeningHoursSpecification"", ""dayOfWeek"": [""Monday"", ""Tuesday"", ""Wednesday"", ""Thursday"", ""Friday"", ""Saturday"", ""Sunday""], ""opens"": ""12:00"", ""closes"": ""00:00""}]",129754,S$1000,minimum spend,-1,NULL,per session,0,0.5714,801,0,"[5, 6, 7, 9, 12, 16, 17, 18]",74241,Restaurant Space,Dining Room,https://www.tagvenue.com/sg/rooms/singapore/74241/lazy-lizard-pasir-panjang/restaurant-space,41823,Lazy Lizard - Pasir Panjang,Private space,Restaurant,https://www.tagvenue.com/sg/venues/singapore/41823/lazy-lizard-pasir-panjang
2 Jurong Gateway Road #01-02,Toh Guan,40,100,"[1, 7, 14, 15, 17, 20, 8, 1001]",Singapore,Singaporean,False,1.3367313,103.7456762,,550 m,Jurong East MRT Station,"[{""type"": ""OpeningHoursSpecification"", ""dayOfWeek"": [""Monday"", ""Tuesday"", ""Wednesday"", ""Thursday"", ""Friday"", ""Saturday"", ""Sunday""], ""opens"": ""11:30"", ""closes"": ""23:00""}]",608512,S$3000,minimum spend,-1,NULL,per session,0,0.7391,300,0,"[3, 5, 6, 7, 8, 10, 12, 17, 18, 19, 24, 26]",106148,Indoor Event Space,Event Space,https://www.tagvenue.com/sg/rooms/singapore/106148/van-kafe/indoor-event-space,62989,Van Kafe,Private space,Cafe,https://www.tagvenue.com/sg/venues/singapore/62989/van-kafe
40 Pekin Street ,China Square,250,250,"[1, 7, 14, 20, 8, 1000, 1001]",Singapore,Asian,False,1.2834781,103.8485685,,150 m,Telok Ayer MRT Station,"[{""type"": ""OpeningHoursSpecification"", ""dayOfWeek"": [""Monday"", ""Tuesday"", ""Wednesday""], ""opens"": ""11:30"", ""closes"": ""23:00""}, {""type"": ""OpeningHoursSpecification"", ""dayOfWeek"": [""Thursday""], ""opens"": ""11:30"", ""closes"": ""00:00""}, {""type"": ""OpeningHoursSpecification"", ""dayOfWeek"": [""Friday""], ""opens"": ""11:30"", ""closes"": ""01:00""}, {""type"": ""OpeningHoursSpecification"", ""dayOfWeek"": [""Saturday""], ""opens"": ""17:30"", ""closes"": ""23:30""}]",048770,S$120,per person,12000,per session,per session,0,1,666,0,"[5, 6, 9, 12, 16, 17, 18]",107649,Entire Venue,Restaurant,https://www.tagvenue.com/sg/rooms/singapore/107649/offbeat-by-coq-balls/entire-venue,63804,Offbeat by Coq & Balls,Whole venue,Restaurant,https://www.tagvenue.com/sg/venues/singapore/63804/offbeat-by-coq-balls
26 Tanjong Pagar Road ,Tanjong Pagar,100,160,"[1, 20, 8, 1000, 1001]",Singapore,Thai,False,1.2797914,103.8437907,,450 m,Tanjong Pagar MRT Station,"[{""type"": ""OpeningHoursSpecification"", ""dayOfWeek"": [""Monday"", ""Tuesday"", ""Wednesday"", ""Thursday"", ""Friday"", ""Saturday""], ""opens"": ""11:30"", ""closes"": ""22:00""}, {""type"": ""OpeningHoursSpecification"", ""dayOfWeek"": [""Sunday""], ""opens"": ""11:30"", ""closes"": ""23:00""}]",088449,S$105,per person,10500,per session,per session,0,0,0,0,"[5, 6, 7, 9, 12, 16, 17, 18]",106848,Entire Venue,Restaurant,https://www.tagvenue.com/sg/rooms/singapore/106848/kin-leaw-chill-authentic-thai-food/entire-venue,63373,Kin Leaw Chill - Authentic Thai Food,Whole venue,Restaurant,https://www.tagvenue.com/sg/venues/singapore/63373/kin-leaw-chill-authentic-thai-food
30 Stevens Road ,Nassim,50,80,"[1, 7, 9, 8, 1001]",Singapore,Asian,False,1.3135010483834,103.82822251898,,750 m,Stevens MRT Station,"[{""type"": ""OpeningHoursSpecification"", ""dayOfWeek"": [""Monday"", ""Tuesday"", ""Wednesday"", ""Thursday"", ""Friday"", ""Saturday"", ""Sunday""], ""opens"": ""11:00"", ""closes"": ""00:00""}]",257840,S$2000,minimum spend,-1,NULL,per afternoon,0,0.6429,784,0,"[3, 4, 6, 7, 12, 17]",36572,Restaurant,Restaurant,https://www.tagvenue.com/sg/rooms/singapore/36572/enjoy-eating-house-and-bar/restaurant,17179,Enjoy Eating House and Bar,Whole venue,Restaurant,https://www.tagvenue.com/sg/venues/singapore/17179/enjoy-eating-house-and-bar
5 Ang Mo Kio Central 2 #01-06,Ang Mo Kio Town Centre,68,80,"[1, 8, 1000, 1001]",Singapore,Thai,False,1.3728749,103.8476211,,400 m,Ang Mo Kio MRT Station,"[{""type"": ""OpeningHoursSpecification"", ""dayOfWeek"": [""Monday"", ""Tuesday"", ""Wednesday"", ""Thursday"", ""Friday""], ""opens"": ""11:00"", ""closes"": ""21:30""}, {""type"": ""OpeningHoursSpecification"", ""dayOfWeek"": [""Saturday"", ""Sunday""], ""opens"": ""11:00"", ""closes"": ""16:00""}]",569663,S$2000,minimum spend,-1,NULL,per session,0,0,0,0,"[5, 6, 7, 12, 17, 18]",91084,Khao Hom by Rung Mama,Restaurant,https://www.tagvenue.com/sg/rooms/singapore/91084/khao-hom-by-rung-mama-amk/khao-hom-by-rung-mama,54455,Khao Hom by Rung Mama - AMK,Whole venue,Restaurant,https://www.tagvenue.com/sg/venues/singapore/54455/khao-hom-by-rung-mama-amk
9 Bras Basah Road #02-03,Bras Basah,116,200,"[1, 7, 9, 16, 19, 20, 21, 8]",Singapore,Asian,False,1.2984927,103.8492521,,150 m,Bencoolen MRT Station,"[{""type"": ""OpeningHoursSpecification"", ""dayOfWeek"": [""Monday"", ""Tuesday"", ""Wednesday"", ""Thursday"", ""Friday"", ""Sunday""], ""opens"": ""18:00"", ""closes"": ""03:00""}, {""type"": ""OpeningHoursSpecification"", ""dayOfWeek"": [""Saturday""], ""opens"": ""20:00"", ""closes"": ""04:00""}]",189559,S$7194,minimum spend,-1,NULL,per session,0,0.8636,142,0,"[3, 5, 6, 7, 8, 12, 17, 18]",98345,Entire Venue,Bar,https://www.tagvenue.com/sg/rooms/singapore/98345/another-bar/entire-venue,58620,Another Bar,Whole venue,Bar,https://www.tagvenue.com/sg/venues/singapore/58620/another-bar
8 Robinson Road #01-01,Raffles Place,30,50,"[1, 8, 1000, 1001]",Singapore,French,False,1.2821229,103.8509053,,250 m,Raffles Place MRT Station,"[{""type"": ""OpeningHoursSpecification"", ""dayOfWeek"": [""Monday"", ""Tuesday"", ""Wednesday"", ""Thursday"", ""Friday""], ""opens"": ""08:00"", ""closes"": ""21:00""}]",048544,S$28,per person,2800,per session,per session,5,0.85,638,1,"[5, 6, 7, 8, 9, 12, 17, 19]",98934,Level 2,Cafe,https://www.tagvenue.com/sg/rooms/singapore/98934/paul/level-2,58672,PAUL,Private space,Cafe,https://www.tagvenue.com/sg/venues/singapore/58672/paul
86 East Coast Road ,Marine Parade,80,80,"[1, 2, 9, 10, 14, 15, 8, 1000, 1001]",Singapore,,False,1.3044294,103.9047046,,,,"[{""type"": ""OpeningHoursSpecification"", ""dayOfWeek"": [""Monday"", ""Tuesday"", ""Wednesday"", ""Thursday"", ""Friday"", ""Saturday"", ""Sunday""], ""opens"": ""09:00"", ""closes"": ""18:00""}]",428788,S$7800,hire fee,-1,NULL,per day,0,0.8889,140,0,"[4, 5, 7, 8, 9, 10, 11, 12, 13, 16, 17, 18]",47196,Joo Chiat Meeting Room,Meeting Room,https://www.tagvenue.com/sg/rooms/singapore/47196/hotel-indigo-singapore-katong/joo-chiat-meeting-room,22802,Hotel Indigo Singapore Katong,Private space,Hotel,https://www.tagvenue.com/sg/venues/singapore/22802/hotel-indigo-singapore-katong-2
14 Jalan Pari Burong ,Bedok North,45,50,"[1, 8, 1000, 1001]",Singapore,,False,1.3335456,103.9482646,,750 m,Tanah Merah MRT Station,"[{""type"": ""OpeningHoursSpecification"", ""dayOfWeek"": [""Monday"", ""Tuesday"", ""Wednesday"", ""Thursday"", ""Friday"", ""Saturday""], ""opens"": ""17:00"", ""closes"": ""00:00""}]",488680,S$1200,minimum spend,-1,NULL,per session,5,0.9333,181,1,"[6, 7, 12, 17, 27]",57173,Entire Venue,Bar,https://www.tagvenue.com/sg/rooms/singapore/57173/nuvo-bar/entire-venue,27878,Nuvo Bar,Whole venue,Bar,https://www.tagvenue.com/sg/venues/singapore/27878/nuvo-bar-2
5 Kadayanallur Street ,Chinatown,25,40,"[1, 20, 1000, 1001]",Singapore,Greek,False,1.2804655,103.8451844,,400 m,Telok Ayer MRT Station,"[{""type"": ""OpeningHoursSpecification"", ""dayOfWeek"": [""Thursday"", ""Friday""], ""opens"": ""11:00"", ""closes"": ""15:00""}, {""type"": ""OpeningHoursSpecification"", ""dayOfWeek"": [""Saturday"", ""Sunday""], ""opens"": ""09:30"", ""closes"": ""14:30""}]",069183,S$6000,minimum spend,-1,NULL,per session,0,0.75,246,0,"[5, 6, 12, 17]",97886,Outdoor Area,Rooftop,https://www.tagvenue.com/sg/rooms/singapore/97886/alani/outdoor-area,58378,Alani,Private space,Cafe,https://www.tagvenue.com/sg/venues/singapore/58378/alani
2 Perumal Road ,Little India,100,130,"[1, 7, 8, 1001]",Singapore,Italian,False,1.3126963,103.8556448,,150 m,Farrer Park MRT Station,"[{""type"": ""OpeningHoursSpecification"", ""dayOfWeek"": [""Wednesday"", ""Thursday"", ""Friday"", ""Saturday"", ""Sunday""], ""opens"": ""09:00"", ""closes"": ""23:30""}]",218773,S$30,per person,3000,per session,per session,0,0.7895,568,0,"[5, 6, 7, 8, 12, 18]",50840,Dining Area,Dining Room,https://www.tagvenue.com/sg/rooms/singapore/50840/yeast-side-lyf-at-farrer/dining-area,24567,Yeast Side LYF at Farrer,Semi-private area,Restaurant,https://www.tagvenue.com/sg/venues/singapore/24567/yeast-side-lyf-at-farrer-2
400 East Coast Road ,Frankel,100,120,"[1, 7, 9, 14, 15, 8, 1000, 1001]",Singapore,Italian,False,1.3088711998137,103.91190737486,,,,"[{""type"": ""OpeningHoursSpecification"", ""dayOfWeek"": [""Monday"", ""Tuesday"", ""Wednesday"", ""Thursday"", ""Friday"", ""Saturday"", ""Sunday""], ""opens"": ""11:30"", ""closes"": ""22:00""}]",428996,S$2000,minimum spend,-1,NULL,per session,5,0.8235,352,1,"[3, 5, 6, 7, 8, 12, 17, 18, 19]",16203,Whole Venue or Private Dining,Restaurant,https://www.tagvenue.com/sg/rooms/singapore/16203/al-forno-east-coast/whole-venue-or-private-dining,7327,Al Forno (East Coast),Whole venue,Restaurant,https://www.tagvenue.com/sg/venues/singapore/7327/al-forno-east-coast
127 Owen Road ,Kampong Java,70,80,"[1, 20, 8, 1000, 1001]",Singapore,Australian,False,1.3140338,103.8526624,,250 m,Farrer Park MRT Station,"[{""type"": ""OpeningHoursSpecification"", ""dayOfWeek"": [""Monday"", ""Tuesday"", ""Saturday"", ""Sunday""], ""opens"": ""09:30"", ""closes"": ""22:00""}, {""type"": ""OpeningHoursSpecification"", ""dayOfWeek"": [""Wednesday"", ""Thursday"", ""Friday""], ""opens"": ""09:30"", ""closes"": ""17:00""}]",218931,S$50,per person,5000,per session,per session,0,0,0,0,"[5, 6, 7, 12, 16, 17, 18]",116815,Entire Venue,Cafe,https://www.tagvenue.com/sg/rooms/singapore/116815/old-hen-kitchen/entire-venue,65357,Old Hen Kitchen,Whole venue,Cafe,https://www.tagvenue.com/sg/venues/singapore/65357/old-hen-kitchen
86 East Coast Road ,Marine Parade,80,90,"[1, 9, 10, 14, 15, 21, 8, 1000, 1001]",Singapore,Asian,False,1.3050948,103.9042942,,,,"[{""type"": ""OpeningHoursSpecification"", ""dayOfWeek"": [""Monday"", ""Tuesday"", ""Wednesday"", ""Thursday"", ""Friday"", ""Saturday"", ""Sunday""], ""opens"": ""10:00"", ""closes"": ""22:30""}]",428788,S$3000,minimum spend,-1,NULL,per session,0,0.9091,46,0,"[5, 6, 7, 9, 11, 12, 16, 17, 27]",25293,Whole Space,Restaurant,https://www.tagvenue.com/sg/rooms/singapore/25293/baba-chews-restaurant/whole-space,11774,Baba Chews Restaurant,Whole venue,Restaurant,https://www.tagvenue.com/sg/venues/singapore/11774/baba-chews-restaurant
85 Beach Road #01-02,Bugis,20,50,"[1, 9, 10, 17, 21, 8, 1000, 1001]",Singapore,European,False,1.2973072,103.8565727,,250 m,Bugis MRT Station,"[{""type"": ""OpeningHoursSpecification"", ""dayOfWeek"": [""Monday"", ""Tuesday"", ""Wednesday"", ""Thursday"", ""Friday"", ""Saturday"", ""Sunday""], ""opens"": ""11:00"", ""closes"": ""23:00""}]",189694,S$1000,minimum spend,-1,NULL,per session,0,1,0,0,"[3, 5, 6, 7, 12, 16, 17, 18, 19]",104580,Indoor & Outdoor,Cafe,https://www.tagvenue.com/sg/rooms/singapore/104580/basq-bean/indoor-outdoor,62128,Basq & Bean (巴斯克与豆豆),Whole venue,Cafe,https://www.tagvenue.com/sg/venues/singapore/62128/basq-bean
1010 Dover Road ,Singapore Polytechnic,200,256,"[1, 2, 7, 14, 20, 8, 1001]",Singapore,Asian,False,1.3097556,103.7745444,,500 m,Dover MRT Station,"[{""type"": ""OpeningHoursSpecification"", ""dayOfWeek"": [""Monday"", ""Tuesday"", ""Wednesday"", ""Thursday"", ""Friday"", ""Saturday"", ""Sunday""], ""opens"": ""08:00"", ""closes"": ""21:00""}]",139658,S$3741,hire fee,-1,NULL,per day,0,0.9091,312,0,"[5, 7, 8, 11, 12, 17, 18, 25]",105422,Grand Ballroom,Ballroom,https://www.tagvenue.com/sg/rooms/singapore/105422/singapore-polytechnic-graduates-guild/grand-ballroom,62585,Singapore Polytechnic Graduates' Guild,Private space,Sports Club,https://www.tagvenue.com/sg/venues/singapore/62585/singapore-polytechnic-graduates-guild
"G1, 5 Ridgewood Close ",Ulu Pandan,28,40,"[1, 20, 8, 1000, 1001]",Singapore,Mediterranean,False,1.3166128,103.778971,,600 m,Dover MRT Station,"[{""type"": ""OpeningHoursSpecification"", ""dayOfWeek"": [""Monday"", ""Tuesday"", ""Wednesday"", ""Thursday""], ""opens"": ""17:00"", ""closes"": ""21:00""}, {""type"": ""OpeningHoursSpecification"", ""dayOfWeek"": [""Friday"", ""Saturday"", ""Sunday""], ""opens"": ""12:00"", ""closes"": ""21:00""}]",276696,S$2200,minimum spend,-1,NULL,per session,0,1,536,0,"[5, 6, 7, 8, 12, 17, 18]",98265,Event Space,Restaurant,https://www.tagvenue.com/sg/rooms/singapore/98265/hapiha-mediterranean-taverna/event-space,58571,Hapiha Mediterranean Taverna,Whole venue,Restaurant,https://www.tagvenue.com/sg/venues/singapore/58571/hapiha-mediterranean-taverna
31 Ocean Way ,Sentosa,35,50,"[1, 8, 1000, 1001]",Singapore,Mediterranean,False,1.2479236,103.841749,,,,"[{""type"": ""OpeningHoursSpecification"", ""dayOfWeek"": [""Monday"", ""Tuesday"", ""Wednesday"", ""Thursday"", ""Friday"", ""Saturday""], ""opens"": ""09:30"", ""closes"": ""20:30""}, {""type"": ""OpeningHoursSpecification"", ""dayOfWeek"": [""Sunday""], ""opens"": ""09:30"", ""closes"": ""21:30""}]",098375,S$1000,minimum spend,-1,NULL,per session,0,0.4286,0,0,"[5, 6, 7, 12]",51295,Outdoor Area,Outdoor Space,https://www.tagvenue.com/sg/rooms/singapore/51295/miska-cafe/outdoor-area,24835,Miska Cafe,Semi-private area,Cafe,https://www.tagvenue.com/sg/venues/singapore/24835/miska-cafe
315 Jalan Besar ,Little India,80,100,"[1, 20, 8, 1000, 1001]",Singapore,,False,1.3115937,103.8590526,,500 m,Bendemeer MRT Station,"[{""type"": ""OpeningHoursSpecification"", ""dayOfWeek"": [""Monday"", ""Tuesday"", ""Wednesday"", ""Thursday""], ""opens"": ""08:30"", ""closes"": ""22:00""}, {""type"": ""OpeningHoursSpecification"", ""dayOfWeek"": [""Friday""], ""opens"": ""08:30"", ""closes"": ""00:00""}]",208973,S$550,hire fee,-1,NULL,per hour,0,0.75,267,0,"[5, 6, 7, 8, 12, 17]",95012,Entire Venue,Cafe,https://www.tagvenue.com/sg/rooms/singapore/95012/average-service/entire-venue,56095,Average Service,Whole venue,Cafe,https://www.tagvenue.com/sg/venues/singapore/56095/average-service
20 Gemmill Lane ,Chinatown,40,60,"[1, 14, 15, 8, 1000, 1001]",Singapore,Italian,False,1.2823482531479,103.8471186161,,150 m,Telok Ayer MRT Station,"[{""type"": ""OpeningHoursSpecification"", ""dayOfWeek"": [""Monday"", ""Tuesday"", ""Wednesday"", ""Thursday"", ""Friday""], ""opens"": ""11:30"", ""closes"": ""23:00""}, {""type"": ""OpeningHoursSpecification"", ""dayOfWeek"": [""Saturday""], ""opens"": ""17:30"", ""closes"": ""23:00""}]",069256,S$3000,minimum spend,-1,NULL,per session,5,0.8095,260,2,"[5, 6, 7]",19550,Whole Venue,Restaurant,https://www.tagvenue.com/sg/rooms/singapore/19550/guccio-ristorante/whole-venue,8778,Guccio Ristorante,Whole venue,Restaurant,https://www.tagvenue.com/sg/venues/singapore/8778/guccio-ristorante
45 Malan Road ,Telok Blangah Drive,90,110,"[1, 14, 15, 20, 8, 1000, 1001]",Singapore,Asian,False,1.27463294077,103.80394020966,,300 m,Labrador Park MRT Station,"[{""type"": ""OpeningHoursSpecification"", ""dayOfWeek"": [""Monday"", ""Tuesday"", ""Wednesday"", ""Thursday"", ""Sunday""], ""opens"": ""12:00"", ""closes"": ""22:30""}, {""type"": ""OpeningHoursSpecification"", ""dayOfWeek"": [""Friday""], ""opens"": ""12:00"", ""closes"": ""23:30""}, {""type"": ""OpeningHoursSpecification"", ""dayOfWeek"": [""Saturday""], ""opens"": ""12:00"", ""closes"": ""23:00""}]",109455,S$42,per person,4200,per session,per session,0,0.3103,0,0,"[5, 6, 7, 8, 12, 17, 18]",28107,Entire Venue,Restaurant,https://www.tagvenue.com/sg/rooms/singapore/28107/hopscotch-gillman/entire-venue,9046,Hopscotch Gillman,Whole venue,Restaurant,https://www.tagvenue.com/sg/venues/singapore/9046/hopscotch-gillman
533 Upper Cross Street #04-29,China Square,36,36,"[1000, 1001]",Singapore,,False,1.2845605498834,103.84497363683,,50 m,Chinatown MRT Station,"[{""type"": ""OpeningHoursSpecification"", ""dayOfWeek"": [""Monday"", ""Tuesday"", ""Wednesday"", ""Thursday"", ""Friday"", ""Saturday"", ""Sunday""], ""opens"": ""09:00"", ""closes"": ""22:00""}]",050533,S$480,hire fee,-1,NULL,per hour,0,0.896,108,0,"[5, 6, 12, 17, 18]",35062,Wedding Solemnisation Space,Event Venue,https://www.tagvenue.com/sg/rooms/singapore/35062/white-rabbit-hole-chinatown/wedding-solemnisation-space,16517,White Rabbit Hole Chinatown,Whole venue,Event Venue,https://www.tagvenue.com/sg/venues/singapore/16517/white-rabbit-hole-chinatown
32 Jalan Pari Burong ,Bedok North,45,60,"[1, 2, 7, 9, 21, 1000, 1001]",Singapore,Italian,False,1.333873962946,103.94893219511,,800 m,Tanah Merah MRT Station,"[{""type"": ""OpeningHoursSpecification"", ""dayOfWeek"": [""Tuesday"", ""Wednesday"", ""Thursday"", ""Friday"", ""Saturday"", ""Sunday""], ""opens"": ""12:00"", ""closes"": ""22:30""}]",488698,S$2500,minimum spend,-1,NULL,per session,0,1,0,0,"[5, 6, 7]",20112,Whole Venue,Restaurant,https://www.tagvenue.com/sg/rooms/singapore/20112/porta-porta-italian-restaurant/whole-venue,9037,Porta-Porta Italian Restaurant,Whole venue,Restaurant,https://www.tagvenue.com/sg/venues/singapore/9037/porta-porta-italian-restaurant
275 Thomson Road ,Moulmein,34,54,"[1, 20, 8, 1000, 1001]",Singapore,French,False,1.3208647,103.8417567,,250 m,Novena MRT Station,"[{""type"": ""OpeningHoursSpecification"", ""dayOfWeek"": [""Monday"", ""Tuesday"", ""Wednesday"", ""Thursday"", ""Friday"", ""Saturday"", ""Sunday""], ""opens"": ""12:00"", ""closes"": ""23:00""}]",307645,S$1500,minimum spend,-1,NULL,per session,0,0,0,0,"[5, 6, 7, 12, 17]",105242,Entire Venue,Restaurant,https://www.tagvenue.com/sg/rooms/singapore/105242/braseiro-singapore-novena/entire-venue,62480,BRASEIRO SINGAPORE (NOVENA),Whole venue,Restaurant,https://www.tagvenue.com/sg/venues/singapore/62480/braseiro-singapore-novena-2
51 Chander Road ,Little India,50,80,"[1, 14, 20, 8, 1000, 1001]",Singapore,Indian,False,1.308597,103.8515601,,300 m,Rochor MRT Station,"[{""type"": ""OpeningHoursSpecification"", ""dayOfWeek"": [""Monday"", ""Tuesday"", ""Wednesday"", ""Thursday"", ""Friday"", ""Saturday"", ""Sunday""], ""opens"": ""11:00"", ""closes"": ""22:30""}]",219548,S$38,per person,3800,per session,per session,0,0,0,0,"[5, 7, 8, 12, 17, 18]",107426,Function hall,Function Room,https://www.tagvenue.com/sg/rooms/singapore/107426/gurkha-palace/function-hall,63747,Gurkha Palace,Private space,Restaurant,https://www.tagvenue.com/sg/venues/singapore/63747/gurkha-palace
486 Serangoon Road ,Little India,30,0,"[1, 14, 15, 20, 8, 1000, 1001]",Singapore,Indian,False,1.313845,103.8572848,,400 m,Farrer Park MRT Station,"[{""type"": ""OpeningHoursSpecification"", ""dayOfWeek"": [""Monday"", ""Wednesday"", ""Thursday"", ""Friday""], ""opens"": ""11:00"", ""closes"": ""22:00""}, {""type"": ""OpeningHoursSpecification"", ""dayOfWeek"": [""Saturday"", ""Sunday""], ""opens"": ""11:00"", ""closes"": ""22:30""}]",218151,S$44,per person,4400,per session,per session,0,0,0,0,"[5, 6, 7, 12, 17]",97828,Indoor Area,Dining Room,https://www.tagvenue.com/sg/rooms/singapore/97828/podi-poriyal/indoor-area,58347,Podi & Poriyal,Private space,Restaurant,https://www.tagvenue.com/sg/venues/singapore/58347/podi-poriyal
"500 Jalan Sultan Hotel Boss, #01-17",Lavender,100,160,"[1, 20, 8, 1000, 1001]",Singapore,Indian,False,1.3056188,103.8603467,,350 m,Lavender MRT Station,"[{""type"": ""OpeningHoursSpecification"", ""dayOfWeek"": [""Monday"", ""Tuesday"", ""Wednesday"", ""Thursday"", ""Friday"", ""Saturday"", ""Sunday""], ""opens"": ""07:00"", ""closes"": ""22:00""}]",199020,S$4000,minimum spend,-1,NULL,per session,0,0.6667,295,0,"[5, 6, 7, 12, 17]",97768,Entire Venue,Restaurant,https://www.tagvenue.com/sg/rooms/singapore/97768/salt-pepper-pte-ltd/entire-venue,58261,Salt & Pepper Pte Ltd,Whole venue,Restaurant,https://www.tagvenue.com/sg/venues/singapore/58261/salt-pepper-pte-ltd
"168 Robinson Road 168 Robinson Road, #01-01/01-02",Cecil,65,120,"[1, 7, 20, 8, 1001]",Singapore,Asian,False,1.277782,103.8475296,,250 m,Tanjong Pagar MRT Station,"[{""type"": ""OpeningHoursSpecification"", ""dayOfWeek"": [""Monday"", ""Tuesday"", ""Wednesday"", ""Thursday"", ""Friday"", ""Saturday"", ""Sunday""], ""opens"": ""11:00"", ""closes"": ""23:30""}]",068912,S$7000,minimum spend,-1,NULL,per session,0,0.625,342,0,"[5, 6, 7, 8, 12, 17, 18]",87902,Main Dining Area,Dining Room,https://www.tagvenue.com/sg/rooms/singapore/87902/hathaway-capital-tower/main-dining-area,52805,Hathaway Capital Tower,Semi-private area,Restaurant,https://www.tagvenue.com/sg/venues/singapore/52805/hathaway-capital-tower
159W Jalan Loyang Besar ,Pasir Ris Park,180,200,"[1, 2, 7, 14, 17, 20, 8, 1001]",Singapore,Asian,False,1.3803602,103.9620089,,,,"[{""type"": ""OpeningHoursSpecification"", ""dayOfWeek"": [""Monday"", ""Tuesday"", ""Wednesday"", ""Thursday"", ""Friday"", ""Saturday"", ""Sunday""], ""opens"": ""00:00"", ""closes"": ""23:59""}]",507020,S$15,per person,-1,NULL,per day,0,0.6,0,0,"[3, 5, 6, 7, 9, 10, 12, 13, 16, 17, 18, 19, 20, 21, 22, 24, 25, 27, 28]",111573,Events Venue,Restaurant,https://www.tagvenue.com/sg/rooms/singapore/111573/ohana-beach-house/events-venue,66108,Ohana Beach House,Whole venue,Restaurant,https://www.tagvenue.com/sg/venues/singapore/66108/ohana-beach-house
8 Club Street ,Chinatown,100,180,"[1, 20, 8, 1000, 1001]",Singapore,Italian,False,1.2826167,103.8464189,,200 m,Telok Ayer MRT Station,"[{""type"": ""OpeningHoursSpecification"", ""dayOfWeek"": [""Monday"", ""Tuesday"", ""Wednesday"", ""Thursday"", ""Friday"", ""Saturday""], ""opens"": ""12:00"", ""closes"": ""23:00""}, {""type"": ""OpeningHoursSpecification"", ""dayOfWeek"": [""Sunday""], ""opens"": ""12:00"", ""closes"": ""22:00""}]",069472,S$15000,minimum spend,-1,NULL,per session,0,0,0,0,"[5, 6, 7, 12, 16, 17, 18]",106694,Entire Venue,Restaurant,https://www.tagvenue.com/sg/rooms/singapore/106694/lantica-pizzeria-da-michele-singapore/entire-venue,63349,"L'antica Pizzeria Da Michele, Singapore",Whole venue,Restaurant,https://www.tagvenue.com/sg/venues/singapore/63349/l-antica-pizzeria-da-michele-singapore
137 Telok Ayer Street ,Chinatown,100,140,"[1, 2, 1000, 1001]",Singapore,Asian,False,1.2809413,103.8479737,,150 m,Telok Ayer MRT Station,"[{""type"": ""OpeningHoursSpecification"", ""dayOfWeek"": [""Monday"", ""Tuesday"", ""Wednesday"", ""Thursday"", ""Friday""], ""opens"": ""11:00"", ""closes"": ""21:30""}, {""type"": ""OpeningHoursSpecification"", ""dayOfWeek"": [""Saturday"", ""Sunday""], ""opens"": ""12:00"", ""closes"": ""21:30""}]",068602,S$70,per person,7000,per session,per session,0,0,0,0,"[6, 12, 17, 27]",107165,Entire Venue,Restaurant,https://www.tagvenue.com/sg/rooms/singapore/107165/royz-et-vous/entire-venue,63502,Royz et Vous,Whole venue,Restaurant,https://www.tagvenue.com/sg/venues/singapore/63502/royz-et-vous
"101 Seletar Club Road #01-01, Seletar Country Club",Lower Seletar,50,55,"[1, 8, 1000, 1001]",Singapore,Japanese,False,1.4096081,103.8581298,,,,"[{""type"": ""OpeningHoursSpecification"", ""dayOfWeek"": [""Monday"", ""Tuesday"", ""Wednesday"", ""Thursday"", ""Friday"", ""Saturday"", ""Sunday""], ""opens"": ""11:30"", ""closes"": ""22:00""}]",798273,S$98,per person,9800,per session,per session,0,0.4,0,0,"[5, 6, 7, 8, 12]",57674,Entire Venue,Restaurant,https://www.tagvenue.com/sg/rooms/singapore/57674/jo-japanese-restaurant/entire-venue,27925,Jo Japanese Restaurant,Whole venue,Restaurant,https://www.tagvenue.com/sg/venues/singapore/27925/jo-japanese-restaurant
351 Changi Road ,Frankel,45,60,"[1, 8, 1000, 1001]",Singapore,,False,1.3185593292755,103.90959605523,,450 m,Kembangan MRT Station,"[{""type"": ""OpeningHoursSpecification"", ""dayOfWeek"": [""Tuesday"", ""Wednesday"", ""Thursday""], ""opens"": ""11:00"", ""closes"": ""22:00""}, {""type"": ""OpeningHoursSpecification"", ""dayOfWeek"": [""Friday"", ""Saturday"", ""Sunday""], ""opens"": ""09:00"", ""closes"": ""22:00""}]",419818,S$2200,minimum spend,-1,NULL,per session,0,0.7234,0,0,"[5, 6, 7, 8, 12, 17]",27949,Entire Venue,Restaurant,https://www.tagvenue.com/sg/rooms/singapore/27949/simplicite/entire-venue,13363,Simplicité,Whole venue,Restaurant,https://www.tagvenue.com/sg/venues/singapore/13363/simplicite
6 Marina Boulevard #01-17,Central Subzone,65,70,"[1, 20, 8, 1000, 1001]",Singapore,,False,1.2805924682938,103.85284421395,,150 m,Downtown MRT Station,"[{""type"": ""OpeningHoursSpecification"", ""dayOfWeek"": [""Monday"", ""Tuesday"", ""Wednesday"", ""Thursday"", ""Friday"", ""Saturday""], ""opens"": ""12:00"", ""closes"": ""00:00""}]",018987,S$4000,minimum spend,-1,NULL,per session,0,0.2,0,0,"[5, 7, 12, 17, 18]",90848,Entire Venue,Cocktail Bar,https://www.tagvenue.com/sg/rooms/singapore/90848/fitz-wine-bar/entire-venue,54277,Fitz Wine Bar,Whole venue,Cocktail Bar,https://www.tagvenue.com/sg/venues/singapore/54277/fitz-wine-bar
53 Armenian Street ,Bras Basah,80,80,"[1, 20, 8, 1000, 1001]",Singapore,French,False,1.2946317,103.8493965,,300 m,Bras Basah MRT Station,"[{""type"": ""OpeningHoursSpecification"", ""dayOfWeek"": [""Monday"", ""Tuesday"", ""Wednesday"", ""Thursday"", ""Friday"", ""Saturday""], ""opens"": ""12:00"", ""closes"": ""22:30""}]",179940,S$86,per person,8600,per session,per session,0,0,0,0,"[6, 7, 8, 9, 12, 17]",117556,Entire Venue,Restaurant,https://www.tagvenue.com/sg/rooms/singapore/117556/le-bistrot-du-sommelier/entire-venue,69119,Le Bistrot du Sommelier,Whole venue,Restaurant,https://www.tagvenue.com/sg/venues/singapore/69119/le-bistrot-du-sommelier
46 Charlton Road ,Lorong Ah Soo,20,40,"[7, 16, 18, 19]",Singapore,,False,1.3533658,103.88212,,,,"[{""type"": ""OpeningHoursSpecification"", ""dayOfWeek"": [""Monday"", ""Tuesday"", ""Wednesday"", ""Thursday"", ""Friday""], ""opens"": ""06:00"", ""closes"": ""21:00""}, {""type"": ""OpeningHoursSpecification"", ""dayOfWeek"": [""Saturday"", ""Sunday""], ""opens"": ""06:00"", ""closes"": ""12:00""}]",539622,S$80,hire fee,-1,NULL,per hour,0,0,0,0,"[5, 6, 7, 9, 16, 17, 18, 19, 20, 24]",117232,The Moon Court,House,https://www.tagvenue.com/sg/rooms/singapore/117232/moon-gate-residence/the-moon-court,68960,Moon Gate Residence,Whole venue,House,https://www.tagvenue.com/sg/venues/singapore/68960/moon-gate-residence
