name,slug,url,vendor_id,pdf_count,pdf_filenames,room_name,room_types,room_id,day,menu,capacity_min,capacity_max,price
1-Alfaro,1-alfaro,https://wedded.sg/venues/1-alfaro,019ba4e0-67ad-76db-a02c-7aa760cd89c3,1,1 Alfaro Year End Promo 2026.pdf,1-Alfaro,"Event Venue, Garden & Greenery, Glasshouse, Indoor, Outdoor, Rooftop",d1f4fd67-1b31-4719-8ea5-0790b873d484,Saturday,Wedding Banquet (Italian menu),108,120,"$16,200++"
1-Alfaro,1-alfaro,https://wedded.sg/venues/1-alfaro,019ba4e0-67ad-76db-a02c-7aa760cd89c3,1,1 Alfaro Year End Promo 2026.pdf,1-Alfaro,"Event Venue, Garden & Greenery, Glasshouse, Indoor, Outdoor, Rooftop",d1f4fd67-1b31-4719-8ea5-0790b873d484,Sunday,Wedding Banquet (Italian menu),108,120,"$16,200++"
1-Altitude Coast,1-altitude-coast,https://wedded.sg/venues/1-altitude-coast,019b888d-ff43-7ef5-9ff6-82ec188056b2,1,1 Altitude Coast year end promo 2026.pdf,1-Altitude Coast,"Garden & Greenery, Outdoor, Restaurant, Rooftop",,Saturday,Wedding Banquet (Italian menu),80,170,"$12,960++"
1-Altitude Coast,1-altitude-coast,https://wedded.sg/venues/1-altitude-coast,019b888d-ff43-7ef5-9ff6-82ec188056b2,1,1 Altitude Coast year end promo 2026.pdf,1-Altitude Coast,"Garden & Greenery, Outdoor, Restaurant, Rooftop",,Sunday,Wedding Banquet (Italian menu),80,170,"$12,960++"
1-Arden,1-arden,https://wedded.sg/venues/1-arden,019b2db3-ceb0-7952-a6a0-a54678ea0984,0,,Karla & Oumi Restaurant,"Garden & Greenery, Indoor, Outdoor, Restaurant, Rooftop",,Saturday,4-course Australian or Asian menu,118,178,"$19,500++"
1-Arden,1-arden,https://wedded.sg/venues/1-arden,019b2db3-ceb0-7952-a6a0-a54678ea0984,0,,Karla & Oumi Restaurant,"Garden & Greenery, Indoor, Outdoor, Restaurant, Rooftop",,Sunday,4-course Australian or Asian menu,118,178,"$19,500++"
1-Atico,1-atico,https://wedded.sg/venues/1-atico,019b1833-c9fb-7adc-a732-35775759c998,1,1 Atico 2025 Packages.pdf,1-Atico,"Glasshouse, Indoor, Restaurant, Rooftop",,Saturday,4-Course Lunch Menu,140,242,"$25,500++"
1-Atico,1-atico,https://wedded.sg/venues/1-atico,019b1833-c9fb-7adc-a732-35775759c998,1,1 Atico 2025 Packages.pdf,1-Atico,"Glasshouse, Indoor, Restaurant, Rooftop",,Sunday,4-Course Lunch Menu,140,242,"$25,500++"
1-Flowerhill,1-flowerhill,https://wedded.sg/venues/1-flowerhill,019b2d3f-88a4-7c5c-8d65-7a206c1f2e7e,3,Wedding Kit.pdf | Entire Venue Package.pdf | Camille Package.pdf,Camille Restaurant,"Colonial/Historical, Garden & Greenery, Glasshouse, Indoor, Restaurant",e37704fb-96b9-4099-b3bf-bb754037d071,Saturday,French-Japanese Fusion Set Menu,80,120,"$12,400++"
1-Flowerhill,1-flowerhill,https://wedded.sg/venues/1-flowerhill,019b2d3f-88a4-7c5c-8d65-7a206c1f2e7e,3,Wedding Kit.pdf | Entire Venue Package.pdf | Camille Package.pdf,Camille Restaurant,"Colonial/Historical, Garden & Greenery, Glasshouse, Indoor, Restaurant",e37704fb-96b9-4099-b3bf-bb754037d071,Sunday,French-Japanese Fusion Set Menu,80,120,"$12,400++"
1-Flowerhill,1-flowerhill,https://wedded.sg/venues/1-flowerhill,019b2d3f-88a4-7c5c-8d65-7a206c1f2e7e,3,Wedding Kit.pdf | Entire Venue Package.pdf | Camille Package.pdf,Entire Venue (Camille + Grand Terrace + Wildseed Bar and Grill),"Colonial/Historical, Garden & Greenery, Glasshouse, Indoor, Outdoor, Restaurant",088379d0-66f6-4b9d-b45b-d9c0e3ee2a8a,Saturday,French-Japanese Fusion Set Menu,160,300,"$24,800++"
1-Flowerhill,1-flowerhill,https://wedded.sg/venues/1-flowerhill,019b2d3f-88a4-7c5c-8d65-7a206c1f2e7e,3,Wedding Kit.pdf | Entire Venue Package.pdf | Camille Package.pdf,Entire Venue (Camille + Grand Terrace + Wildseed Bar and Grill),"Colonial/Historical, Garden & Greenery, Glasshouse, Indoor, Outdoor, Restaurant",088379d0-66f6-4b9d-b45b-d9c0e3ee2a8a,Sunday,French-Japanese Fusion Set Menu,160,300,"$24,800++"
Ah Yat Seafood Restaurant,ah-yat-seafood-restaurant,https://wedded.sg/venues/ah-yat-seafood-restaurant,019b5077-07fc-7db0-963d-338b342c94e9,0,,Ah Yat Abalone Banquet Hall,"Indoor, Restaurant",0a34085e-b1f4-4174-9cdf-3c36cc4cba34,Mon-Thu,Crystal Set,100,400,$74++/pax
Ah Yat Seafood Restaurant,ah-yat-seafood-restaurant,https://wedded.sg/venues/ah-yat-seafood-restaurant,019b5077-07fc-7db0-963d-338b342c94e9,0,,Ah Yat Abalone Banquet Hall,"Indoor, Restaurant",0a34085e-b1f4-4174-9cdf-3c36cc4cba34,Friday,Crystal Set,100,400,$74++/pax
Ah Yat Seafood Restaurant,ah-yat-seafood-restaurant,https://wedded.sg/venues/ah-yat-seafood-restaurant,019b5077-07fc-7db0-963d-338b342c94e9,0,,Ah Yat Abalone Banquet Hall,"Indoor, Restaurant",0a34085e-b1f4-4174-9cdf-3c36cc4cba34,Saturday,Crystal Set,100,400,$82++/pax
Ah Yat Seafood Restaurant,ah-yat-seafood-restaurant,https://wedded.sg/venues/ah-yat-seafood-restaurant,019b5077-07fc-7db0-963d-338b342c94e9,0,,Ah Yat Abalone Banquet Hall,"Indoor, Restaurant",0a34085e-b1f4-4174-9cdf-3c36cc4cba34,Sunday,Crystal Set,100,400,$82++/pax
Aloft Singapore Novena,aloft-singapore-novena,https://wedded.sg/venues/aloft-singapore-novena,019b5089-9667-72e5-b870-1db92d9694ba,0,,Balestier Ballroom,"Ballroom, Indoor",c5a7276b-2a58-42e2-9c93-d27a5dfa3f0d,Friday,8-Course Chinese Set Menu,180,260,$139++/pax
Aloft Singapore Novena,aloft-singapore-novena,https://wedded.sg/venues/aloft-singapore-novena,019b5089-9667-72e5-b870-1db92d9694ba,0,,Balestier Ballroom,"Ballroom, Indoor",c5a7276b-2a58-42e2-9c93-d27a5dfa3f0d,Saturday,8-Course Chinese Set Menu,180,260,$139++/pax
Aloft Singapore Novena,aloft-singapore-novena,https://wedded.sg/venues/aloft-singapore-novena,019b5089-9667-72e5-b870-1db92d9694ba,0,,Balestier Ballroom,"Ballroom, Indoor",c5a7276b-2a58-42e2-9c93-d27a5dfa3f0d,Sunday,8-Course Chinese Set Menu,180,260,$139++/pax
Aloft Singapore Novena,aloft-singapore-novena,https://wedded.sg/venues/aloft-singapore-novena,019b5089-9667-72e5-b870-1db92d9694ba,0,,Zhongshan Room,"Garden & Greenery, Glasshouse, Indoor",61d94560-0606-4f3d-8a5e-6aeaec190f63,Friday,8-Course Chinese Set Menu,100,120,$139++/pax
Aloft Singapore Novena,aloft-singapore-novena,https://wedded.sg/venues/aloft-singapore-novena,019b5089-9667-72e5-b870-1db92d9694ba,0,,Zhongshan Room,"Garden & Greenery, Glasshouse, Indoor",61d94560-0606-4f3d-8a5e-6aeaec190f63,Saturday,8-Course Chinese Set Menu,100,120,$139++/pax
Aloft Singapore Novena,aloft-singapore-novena,https://wedded.sg/venues/aloft-singapore-novena,019b5089-9667-72e5-b870-1db92d9694ba,0,,Zhongshan Room,"Garden & Greenery, Glasshouse, Indoor",61d94560-0606-4f3d-8a5e-6aeaec190f63,Sunday,8-Course Chinese Set Menu,100,120,$139++/pax
Altro Zafferano,altro-zafferano,https://wedded.sg/venues/altro-zafferano,019bcd66-0001-7197-82cf-2c82c6b14c49,0,,Exclusive Venue,"Garden & Greenery, Glasshouse, Indoor, Outdoor, Restaurant, Rooftop, Waterfront",cea884e6-b8e2-421e-90e6-ed56e9114205,Mon-Thu,4-Course Menu,1,200,"$8,000++"
Altro Zafferano,altro-zafferano,https://wedded.sg/venues/altro-zafferano,019bcd66-0001-7197-82cf-2c82c6b14c49,0,,Exclusive Venue,"Garden & Greenery, Glasshouse, Indoor, Outdoor, Restaurant, Rooftop, Waterfront",cea884e6-b8e2-421e-90e6-ed56e9114205,Friday,4-Course Menu,1,200,"$8,000++"
Altro Zafferano,altro-zafferano,https://wedded.sg/venues/altro-zafferano,019bcd66-0001-7197-82cf-2c82c6b14c49,0,,Exclusive Venue,"Garden & Greenery, Glasshouse, Indoor, Outdoor, Restaurant, Rooftop, Waterfront",cea884e6-b8e2-421e-90e6-ed56e9114205,Saturday,4-Course Menu,1,200,"$8,000++"
Altro Zafferano,altro-zafferano,https://wedded.sg/venues/altro-zafferano,019bcd66-0001-7197-82cf-2c82c6b14c49,0,,Exclusive Venue,"Garden & Greenery, Glasshouse, Indoor, Outdoor, Restaurant, Rooftop, Waterfront",cea884e6-b8e2-421e-90e6-ed56e9114205,Sunday,4-Course Menu,1,200,"$8,000++"
Amara Sanctuary Sentosa,amara-sanctuary-sentosa,https://wedded.sg/venues/amara-sanctuary-sentosa,019b50b3-40d5-7886-8fe2-dfa0d2c86478,2,Amara Sanctuary Solemnisation Package 2026 2027.pdf | Amara Santuary 2026 & 2027 Wedding Packages.pdf,Glass Pavilion,"Garden & Greenery, Glasshouse, Indoor",4fd427c3-d173-4772-9ff2-7e5dc1a7a1c3,Mon-Thu,Solemnisation - Buffet Menu,1,30,"$3,188++"
Amara Sanctuary Sentosa,amara-sanctuary-sentosa,https://wedded.sg/venues/amara-sanctuary-sentosa,019b50b3-40d5-7886-8fe2-dfa0d2c86478,2,Amara Sanctuary Solemnisation Package 2026 2027.pdf | Amara Santuary 2026 & 2027 Wedding Packages.pdf,Glass Pavilion,"Garden & Greenery, Glasshouse, Indoor",4fd427c3-d173-4772-9ff2-7e5dc1a7a1c3,Friday,Solemnisation - Buffet Menu,1,30,"$3,188++"
Amara Sanctuary Sentosa,amara-sanctuary-sentosa,https://wedded.sg/venues/amara-sanctuary-sentosa,019b50b3-40d5-7886-8fe2-dfa0d2c86478,2,Amara Sanctuary Solemnisation Package 2026 2027.pdf | Amara Santuary 2026 & 2027 Wedding Packages.pdf,Glass Pavilion,"Garden & Greenery, Glasshouse, Indoor",4fd427c3-d173-4772-9ff2-7e5dc1a7a1c3,Saturday,Solemnisation - Buffet Menu,1,30,"$3,188++"
Amara Sanctuary Sentosa,amara-sanctuary-sentosa,https://wedded.sg/venues/amara-sanctuary-sentosa,019b50b3-40d5-7886-8fe2-dfa0d2c86478,2,Amara Sanctuary Solemnisation Package 2026 2027.pdf | Amara Santuary 2026 & 2027 Wedding Packages.pdf,Glass Pavilion,"Garden & Greenery, Glasshouse, Indoor",4fd427c3-d173-4772-9ff2-7e5dc1a7a1c3,Sunday,Solemnisation - Buffet Menu,1,30,"$3,188++"
Amara Sanctuary Sentosa,amara-sanctuary-sentosa,https://wedded.sg/venues/amara-sanctuary-sentosa,019b50b3-40d5-7886-8fe2-dfa0d2c86478,2,Amara Sanctuary Solemnisation Package 2026 2027.pdf | Amara Santuary 2026 & 2027 Wedding Packages.pdf,Grand Ballroom,"Ballroom, Indoor",60e1cbcc-789f-43c0-9fca-30050e02042d,Mon-Thu,Blissful / Elegant Celebration - 8-Course Chinese Menu,150,400,$199++/pax
Amara Sanctuary Sentosa,amara-sanctuary-sentosa,https://wedded.sg/venues/amara-sanctuary-sentosa,019b50b3-40d5-7886-8fe2-dfa0d2c86478,2,Amara Sanctuary Solemnisation Package 2026 2027.pdf | Amara Santuary 2026 & 2027 Wedding Packages.pdf,Grand Ballroom,"Ballroom, Indoor",60e1cbcc-789f-43c0-9fca-30050e02042d,Friday,Blissful / Elegant Celebration - 8-Course Chinese Menu,150,400,$199++/pax
Amara Sanctuary Sentosa,amara-sanctuary-sentosa,https://wedded.sg/venues/amara-sanctuary-sentosa,019b50b3-40d5-7886-8fe2-dfa0d2c86478,2,Amara Sanctuary Solemnisation Package 2026 2027.pdf | Amara Santuary 2026 & 2027 Wedding Packages.pdf,Grand Ballroom,"Ballroom, Indoor",60e1cbcc-789f-43c0-9fca-30050e02042d,Saturday,Blissful / Elegant Celebration - 8-Course Chinese Menu,150,400,$199++/pax
Amara Sanctuary Sentosa,amara-sanctuary-sentosa,https://wedded.sg/venues/amara-sanctuary-sentosa,019b50b3-40d5-7886-8fe2-dfa0d2c86478,2,Amara Sanctuary Solemnisation Package 2026 2027.pdf | Amara Santuary 2026 & 2027 Wedding Packages.pdf,Grand Ballroom,"Ballroom, Indoor",60e1cbcc-789f-43c0-9fca-30050e02042d,Sunday,Blissful / Elegant Celebration - 8-Course Chinese Menu,150,400,$199++/pax
Amara Sanctuary Sentosa,amara-sanctuary-sentosa,https://wedded.sg/venues/amara-sanctuary-sentosa,019b50b3-40d5-7886-8fe2-dfa0d2c86478,2,Amara Sanctuary Solemnisation Package 2026 2027.pdf | Amara Santuary 2026 & 2027 Wedding Packages.pdf,Spiral Stairway,"Glasshouse, Indoor",bcb25eea-f974-4d68-8860-4baa6e6c9b18,Mon-Thu,Solemnisation - Buffet Menu,1,30,"$3,188++"
Amara Sanctuary Sentosa,amara-sanctuary-sentosa,https://wedded.sg/venues/amara-sanctuary-sentosa,019b50b3-40d5-7886-8fe2-dfa0d2c86478,2,Amara Sanctuary Solemnisation Package 2026 2027.pdf | Amara Santuary 2026 & 2027 Wedding Packages.pdf,Spiral Stairway,"Glasshouse, Indoor",bcb25eea-f974-4d68-8860-4baa6e6c9b18,Friday,Solemnisation - Buffet Menu,1,30,"$3,188++"
Amara Sanctuary Sentosa,amara-sanctuary-sentosa,https://wedded.sg/venues/amara-sanctuary-sentosa,019b50b3-40d5-7886-8fe2-dfa0d2c86478,2,Amara Sanctuary Solemnisation Package 2026 2027.pdf | Amara Santuary 2026 & 2027 Wedding Packages.pdf,Spiral Stairway,"Glasshouse, Indoor",bcb25eea-f974-4d68-8860-4baa6e6c9b18,Saturday,Solemnisation - Buffet Menu,1,30,"$3,188++"
Amara Sanctuary Sentosa,amara-sanctuary-sentosa,https://wedded.sg/venues/amara-sanctuary-sentosa,019b50b3-40d5-7886-8fe2-dfa0d2c86478,2,Amara Sanctuary Solemnisation Package 2026 2027.pdf | Amara Santuary 2026 & 2027 Wedding Packages.pdf,Spiral Stairway,"Glasshouse, Indoor",bcb25eea-f974-4d68-8860-4baa6e6c9b18,Sunday,Solemnisation - Buffet Menu,1,30,"$3,188++"
Amara Singapore,amara-singapore,https://wedded.sg/venues/amara-singapore,019b50d7-1aa2-794f-a1d5-d5a6292e6323,3,2026 27 Wedding Package Adore.pdf | 2026 27 Wedding Package Cherish.pdf | 2026 27 Wedding Package Blissful.pdf,Grand Ballroom,"Ballroom, Indoor",02d1dc87-1ee4-4f0b-9fb4-a5d8913c1b30,Saturday,Blissful - 7-Course Chinese Menu,200,400,$199++/pax
Amara Singapore,amara-singapore,https://wedded.sg/venues/amara-singapore,019b50d7-1aa2-794f-a1d5-d5a6292e6323,3,2026 27 Wedding Package Adore.pdf | 2026 27 Wedding Package Cherish.pdf | 2026 27 Wedding Package Blissful.pdf,Grand Ballroom,"Ballroom, Indoor",02d1dc87-1ee4-4f0b-9fb4-a5d8913c1b30,Sunday,Blissful - 7-Course Chinese Menu,200,400,$199++/pax
Andaz Singapore,andaz,https://wedded.sg/venues/andaz,019b07c0-2ba7-7001-9a6b-f7dc9db5fb69,1,2026 Wedding Package Andaz Singapore.pdf,Garden Studio,"Garden & Greenery, Glasshouse, Indoor",235731f6-df01-40af-ba13-d17d1d4077a0,Mon-Thu,6-course Chinese or 4-course Western cuisine,70,130,$238++/pax
Andaz Singapore,andaz,https://wedded.sg/venues/andaz,019b07c0-2ba7-7001-9a6b-f7dc9db5fb69,1,2026 Wedding Package Andaz Singapore.pdf,Garden Studio,"Garden & Greenery, Glasshouse, Indoor",235731f6-df01-40af-ba13-d17d1d4077a0,Friday,6-course Chinese or 4-course Western cuisine,70,130,$238++/pax
Andaz Singapore,andaz,https://wedded.sg/venues/andaz,019b07c0-2ba7-7001-9a6b-f7dc9db5fb69,1,2026 Wedding Package Andaz Singapore.pdf,Garden Studio,"Garden & Greenery, Glasshouse, Indoor",235731f6-df01-40af-ba13-d17d1d4077a0,Saturday,6-course Chinese or 4-course Western cuisine,70,130,$238++/pax
Andaz Singapore,andaz,https://wedded.sg/venues/andaz,019b07c0-2ba7-7001-9a6b-f7dc9db5fb69,1,2026 Wedding Package Andaz Singapore.pdf,Garden Studio,"Garden & Greenery, Glasshouse, Indoor",235731f6-df01-40af-ba13-d17d1d4077a0,Sunday,6-course Chinese or 4-course Western cuisine,70,130,$238++/pax
Andaz Singapore,andaz,https://wedded.sg/venues/andaz,019b07c0-2ba7-7001-9a6b-f7dc9db5fb69,1,2026 Wedding Package Andaz Singapore.pdf,The Glasshouse,"Garden & Greenery, Glasshouse, Indoor",54612a0e-0974-4fdc-8191-d211d90b10b1,Mon-Thu,6-course Chinese or 4-course Western cuisine,190,280,$238++/pax
Andaz Singapore,andaz,https://wedded.sg/venues/andaz,019b07c0-2ba7-7001-9a6b-f7dc9db5fb69,1,2026 Wedding Package Andaz Singapore.pdf,The Glasshouse,"Garden & Greenery, Glasshouse, Indoor",54612a0e-0974-4fdc-8191-d211d90b10b1,Friday,6-course Chinese or 4-course Western cuisine,190,280,$238++/pax
Andaz Singapore,andaz,https://wedded.sg/venues/andaz,019b07c0-2ba7-7001-9a6b-f7dc9db5fb69,1,2026 Wedding Package Andaz Singapore.pdf,The Glasshouse,"Garden & Greenery, Glasshouse, Indoor",54612a0e-0974-4fdc-8191-d211d90b10b1,Saturday,6-course Chinese or 4-course Western cuisine,190,280,$238++/pax
Andaz Singapore,andaz,https://wedded.sg/venues/andaz,019b07c0-2ba7-7001-9a6b-f7dc9db5fb69,1,2026 Wedding Package Andaz Singapore.pdf,The Glasshouse,"Garden & Greenery, Glasshouse, Indoor",54612a0e-0974-4fdc-8191-d211d90b10b1,Sunday,6-course Chinese or 4-course Western cuisine,190,280,$238++/pax
Artemis,artemis-grill-and-sky-bar,https://wedded.sg/venues/artemis-grill-and-sky-bar,019ba911-2070-79b9-b6ae-3e736c33426d,1,Artemis Wedding Kit 2026 Updated.pdf,Artemis Grill & Sky Bar,"Garden & Greenery, Glasshouse, Indoor, Outdoor, Restaurant, Rooftop",da133c96-8b83-4ae2-99a1-1c91941cafec,Saturday,4-Course Menu,1,170,"$20,000++"
Artemis,artemis-grill-and-sky-bar,https://wedded.sg/venues/artemis-grill-and-sky-bar,019ba911-2070-79b9-b6ae-3e736c33426d,1,Artemis Wedding Kit 2026 Updated.pdf,Artemis Grill & Sky Bar,"Garden & Greenery, Glasshouse, Indoor, Outdoor, Restaurant, Rooftop",da133c96-8b83-4ae2-99a1-1c91941cafec,Sunday,4-Course Menu,1,170,"$25,000++"
Ban Heng @ Orchid Country Club,ban-heng-at-orchid-country-club,https://wedded.sg/venues/ban-heng-at-orchid-country-club,019b7db8-e3db-7998-aa86-130d7646474e,1,BH OCC WEDDING FLYER 20252026.pdf,Grand Ballroom,"Ballroom, Indoor, Restaurant",aa0d54d7-4235-473e-be18-98fe7aaf7cdb,Friday,9-Course Chinese Cuisine (Cupid - Grand Ballroom),400,1000,$91++/pax
Ban Heng @ Orchid Country Club,ban-heng-at-orchid-country-club,https://wedded.sg/venues/ban-heng-at-orchid-country-club,019b7db8-e3db-7998-aa86-130d7646474e,1,BH OCC WEDDING FLYER 20252026.pdf,Grand Ballroom,"Ballroom, Indoor, Restaurant",aa0d54d7-4235-473e-be18-98fe7aaf7cdb,Saturday,9-Course Chinese Cuisine (Cupid - Grand Ballroom),400,1000,$91++/pax
Ban Heng @ Orchid Country Club,ban-heng-at-orchid-country-club,https://wedded.sg/venues/ban-heng-at-orchid-country-club,019b7db8-e3db-7998-aa86-130d7646474e,1,BH OCC WEDDING FLYER 20252026.pdf,Grand Ballroom,"Ballroom, Indoor, Restaurant",aa0d54d7-4235-473e-be18-98fe7aaf7cdb,Sunday,9-Course Chinese Cuisine (Cupid - Grand Ballroom),400,1000,$91++/pax
Ban Heng @ Orchid Country Club,ban-heng-at-orchid-country-club,https://wedded.sg/venues/ban-heng-at-orchid-country-club,019b7db8-e3db-7998-aa86-130d7646474e,1,BH OCC WEDDING FLYER 20252026.pdf,Spring & Summer Palace,"Indoor, Restaurant",6e8a976b-7213-493d-8bd3-5240f2963f7e,Mon-Thu,9-Course Chinese Cuisine (Cupid - Spring & Summer Palace),250,450,$70++/pax
Ban Heng @ Orchid Country Club,ban-heng-at-orchid-country-club,https://wedded.sg/venues/ban-heng-at-orchid-country-club,019b7db8-e3db-7998-aa86-130d7646474e,1,BH OCC WEDDING FLYER 20252026.pdf,Spring & Summer Palace,"Indoor, Restaurant",6e8a976b-7213-493d-8bd3-5240f2963f7e,Friday,9-Course Chinese Cuisine (Cupid - Spring & Summer Palace),250,450,$91++/pax
Ban Heng @ Orchid Country Club,ban-heng-at-orchid-country-club,https://wedded.sg/venues/ban-heng-at-orchid-country-club,019b7db8-e3db-7998-aa86-130d7646474e,1,BH OCC WEDDING FLYER 20252026.pdf,Spring & Summer Palace,"Indoor, Restaurant",6e8a976b-7213-493d-8bd3-5240f2963f7e,Saturday,9-Course Chinese Cuisine (Cupid - Spring & Summer Palace),250,450,$91++/pax
Ban Heng @ Orchid Country Club,ban-heng-at-orchid-country-club,https://wedded.sg/venues/ban-heng-at-orchid-country-club,019b7db8-e3db-7998-aa86-130d7646474e,1,BH OCC WEDDING FLYER 20252026.pdf,Spring & Summer Palace,"Indoor, Restaurant",6e8a976b-7213-493d-8bd3-5240f2963f7e,Sunday,9-Course Chinese Cuisine (Cupid - Spring & Summer Palace),250,450,$91++/pax
Ban Heng @ Orchid Country Club,ban-heng-at-orchid-country-club,https://wedded.sg/venues/ban-heng-at-orchid-country-club,019b7db8-e3db-7998-aa86-130d7646474e,1,BH OCC WEDDING FLYER 20252026.pdf,Spring Palace,"Indoor, Restaurant",2c6abf2f-dd50-47e4-8ba9-d86d1d8b4b55,Mon-Thu,9-Course Chinese Cuisine (Cupid - Spring Palace),100,160,$70++/pax
Ban Heng @ Orchid Country Club,ban-heng-at-orchid-country-club,https://wedded.sg/venues/ban-heng-at-orchid-country-club,019b7db8-e3db-7998-aa86-130d7646474e,1,BH OCC WEDDING FLYER 20252026.pdf,Spring Palace,"Indoor, Restaurant",2c6abf2f-dd50-47e4-8ba9-d86d1d8b4b55,Friday,9-Course Chinese Cuisine (Cupid - Spring Palace),100,160,$91++/pax
Ban Heng @ Orchid Country Club,ban-heng-at-orchid-country-club,https://wedded.sg/venues/ban-heng-at-orchid-country-club,019b7db8-e3db-7998-aa86-130d7646474e,1,BH OCC WEDDING FLYER 20252026.pdf,Spring Palace,"Indoor, Restaurant",2c6abf2f-dd50-47e4-8ba9-d86d1d8b4b55,Saturday,9-Course Chinese Cuisine (Cupid - Spring Palace),100,160,$91++/pax
Ban Heng @ Orchid Country Club,ban-heng-at-orchid-country-club,https://wedded.sg/venues/ban-heng-at-orchid-country-club,019b7db8-e3db-7998-aa86-130d7646474e,1,BH OCC WEDDING FLYER 20252026.pdf,Spring Palace,"Indoor, Restaurant",2c6abf2f-dd50-47e4-8ba9-d86d1d8b4b55,Sunday,9-Course Chinese Cuisine (Cupid - Spring Palace),100,160,$91++/pax
Ban Heng @ Orchid Country Club,ban-heng-at-orchid-country-club,https://wedded.sg/venues/ban-heng-at-orchid-country-club,019b7db8-e3db-7998-aa86-130d7646474e,1,BH OCC WEDDING FLYER 20252026.pdf,Summer Palace,"Indoor, Restaurant",aed5d623-48de-431b-88fd-d0f49b8e83e2,Mon-Thu,9-Course Chinese Cuisine (Cupid - Summer Palace),100,180,$70++/pax
Ban Heng @ Orchid Country Club,ban-heng-at-orchid-country-club,https://wedded.sg/venues/ban-heng-at-orchid-country-club,019b7db8-e3db-7998-aa86-130d7646474e,1,BH OCC WEDDING FLYER 20252026.pdf,Summer Palace,"Indoor, Restaurant",aed5d623-48de-431b-88fd-d0f49b8e83e2,Friday,9-Course Chinese Cuisine (Cupid - Summer Palace),100,180,$91++/pax
Ban Heng @ Orchid Country Club,ban-heng-at-orchid-country-club,https://wedded.sg/venues/ban-heng-at-orchid-country-club,019b7db8-e3db-7998-aa86-130d7646474e,1,BH OCC WEDDING FLYER 20252026.pdf,Summer Palace,"Indoor, Restaurant",aed5d623-48de-431b-88fd-d0f49b8e83e2,Saturday,9-Course Chinese Cuisine (Cupid - Summer Palace),100,180,$91++/pax
Ban Heng @ Orchid Country Club,ban-heng-at-orchid-country-club,https://wedded.sg/venues/ban-heng-at-orchid-country-club,019b7db8-e3db-7998-aa86-130d7646474e,1,BH OCC WEDDING FLYER 20252026.pdf,Summer Palace,"Indoor, Restaurant",aed5d623-48de-431b-88fd-d0f49b8e83e2,Sunday,9-Course Chinese Cuisine (Cupid - Summer Palace),100,180,$91++/pax
Beaulieu House,beaulieu-house,https://wedded.sg/venues/beaulieu-house,019bd593-4845-7764-8415-933daa60919f,0,,Full Venue,"Colonial/Historical, Indoor, Restaurant",52791f5e-b37f-48c0-a13e-07a436a74d47,Mon-Thu,Chinese Banquet Including Solemnisation,160,180,$99++/pax
Beaulieu House,beaulieu-house,https://wedded.sg/venues/beaulieu-house,019bd593-4845-7764-8415-933daa60919f,0,,Full Venue,"Colonial/Historical, Indoor, Restaurant",52791f5e-b37f-48c0-a13e-07a436a74d47,Friday,Chinese Banquet Including Solemnisation,160,180,$99++/pax
Beaulieu House,beaulieu-house,https://wedded.sg/venues/beaulieu-house,019bd593-4845-7764-8415-933daa60919f,0,,Full Venue,"Colonial/Historical, Indoor, Restaurant",52791f5e-b37f-48c0-a13e-07a436a74d47,Saturday,Chinese Banquet Including Solemnisation,160,180,$109++/pax
Beaulieu House,beaulieu-house,https://wedded.sg/venues/beaulieu-house,019bd593-4845-7764-8415-933daa60919f,0,,Full Venue,"Colonial/Historical, Indoor, Restaurant",52791f5e-b37f-48c0-a13e-07a436a74d47,Sunday,Chinese Banquet Including Solemnisation,160,180,$109++/pax
Capella Singapore,capella-singapore,https://wedded.sg/venues/capella-singapore,019bcf12-9fb4-798b-ab1c-fcaa4c097ad4,3,Capella Solemnisation.pdf | Capella Grand Ballroom.pdf | Capella Sentosa Room.pdf,Garden of Dreams (Solemnisation Venue),"Garden & Greenery, Outdoor",699d5c33-d8e9-4998-a0ec-9253f55a6e3c,Mon-Thu,Solemnisation (No food included),1,80,"$9,888++"
Capella Singapore,capella-singapore,https://wedded.sg/venues/capella-singapore,019bcf12-9fb4-798b-ab1c-fcaa4c097ad4,3,Capella Solemnisation.pdf | Capella Grand Ballroom.pdf | Capella Sentosa Room.pdf,Garden of Dreams (Solemnisation Venue),"Garden & Greenery, Outdoor",699d5c33-d8e9-4998-a0ec-9253f55a6e3c,Friday,Solemnisation (No food included),1,80,"$9,888++"
Capella Singapore,capella-singapore,https://wedded.sg/venues/capella-singapore,019bcf12-9fb4-798b-ab1c-fcaa4c097ad4,3,Capella Solemnisation.pdf | Capella Grand Ballroom.pdf | Capella Sentosa Room.pdf,Garden of Dreams (Solemnisation Venue),"Garden & Greenery, Outdoor",699d5c33-d8e9-4998-a0ec-9253f55a6e3c,Saturday,Solemnisation (No food included),1,80,"$9,888++"
Capella Singapore,capella-singapore,https://wedded.sg/venues/capella-singapore,019bcf12-9fb4-798b-ab1c-fcaa4c097ad4,3,Capella Solemnisation.pdf | Capella Grand Ballroom.pdf | Capella Sentosa Room.pdf,Garden of Dreams (Solemnisation Venue),"Garden & Greenery, Outdoor",699d5c33-d8e9-4998-a0ec-9253f55a6e3c,Sunday,Solemnisation (No food included),1,80,"$9,888++"
Capella Singapore,capella-singapore,https://wedded.sg/venues/capella-singapore,019bcf12-9fb4-798b-ab1c-fcaa4c097ad4,3,Capella Solemnisation.pdf | Capella Grand Ballroom.pdf | Capella Sentosa Room.pdf,Grand Ballroom,"Ballroom, Indoor",d4b7f1d1-1740-4034-bdeb-2709f858b34b,Mon-Thu,6-Course Chinese or 4-Course Western,300,400,$218++/pax
Capella Singapore,capella-singapore,https://wedded.sg/venues/capella-singapore,019bcf12-9fb4-798b-ab1c-fcaa4c097ad4,3,Capella Solemnisation.pdf | Capella Grand Ballroom.pdf | Capella Sentosa Room.pdf,Grand Ballroom,"Ballroom, Indoor",d4b7f1d1-1740-4034-bdeb-2709f858b34b,Friday,6-Course Chinese or 4-Course Western,300,400,$218++/pax
Capella Singapore,capella-singapore,https://wedded.sg/venues/capella-singapore,019bcf12-9fb4-798b-ab1c-fcaa4c097ad4,3,Capella Solemnisation.pdf | Capella Grand Ballroom.pdf | Capella Sentosa Room.pdf,Grand Ballroom,"Ballroom, Indoor",d4b7f1d1-1740-4034-bdeb-2709f858b34b,Saturday,6-Course Chinese or 4-Course Western,300,400,$218++/pax
Capella Singapore,capella-singapore,https://wedded.sg/venues/capella-singapore,019bcf12-9fb4-798b-ab1c-fcaa4c097ad4,3,Capella Solemnisation.pdf | Capella Grand Ballroom.pdf | Capella Sentosa Room.pdf,Grand Ballroom,"Ballroom, Indoor",d4b7f1d1-1740-4034-bdeb-2709f858b34b,Sunday,6-Course Chinese or 4-Course Western,300,400,$218++/pax
Capella Singapore,capella-singapore,https://wedded.sg/venues/capella-singapore,019bcf12-9fb4-798b-ab1c-fcaa4c097ad4,3,Capella Solemnisation.pdf | Capella Grand Ballroom.pdf | Capella Sentosa Room.pdf,Horizon's Verge (Solemnsation Venue),"Garden & Greenery, Outdoor, Waterfront",0e98006a-0004-485b-8816-95eb6f41f9ce,Mon-Thu,Solemnisation (No food included),1,80,"$8,888++"
Capella Singapore,capella-singapore,https://wedded.sg/venues/capella-singapore,019bcf12-9fb4-798b-ab1c-fcaa4c097ad4,3,Capella Solemnisation.pdf | Capella Grand Ballroom.pdf | Capella Sentosa Room.pdf,Horizon's Verge (Solemnsation Venue),"Garden & Greenery, Outdoor, Waterfront",0e98006a-0004-485b-8816-95eb6f41f9ce,Friday,Solemnisation (No food included),1,80,"$8,888++"
Capella Singapore,capella-singapore,https://wedded.sg/venues/capella-singapore,019bcf12-9fb4-798b-ab1c-fcaa4c097ad4,3,Capella Solemnisation.pdf | Capella Grand Ballroom.pdf | Capella Sentosa Room.pdf,Horizon's Verge (Solemnsation Venue),"Garden & Greenery, Outdoor, Waterfront",0e98006a-0004-485b-8816-95eb6f41f9ce,Saturday,Solemnisation (No food included),1,80,"$8,888++"
Capella Singapore,capella-singapore,https://wedded.sg/venues/capella-singapore,019bcf12-9fb4-798b-ab1c-fcaa4c097ad4,3,Capella Solemnisation.pdf | Capella Grand Ballroom.pdf | Capella Sentosa Room.pdf,Horizon's Verge (Solemnsation Venue),"Garden & Greenery, Outdoor, Waterfront",0e98006a-0004-485b-8816-95eb6f41f9ce,Sunday,Solemnisation (No food included),1,80,"$8,888++"
Capella Singapore,capella-singapore,https://wedded.sg/venues/capella-singapore,019bcf12-9fb4-798b-ab1c-fcaa4c097ad4,3,Capella Solemnisation.pdf | Capella Grand Ballroom.pdf | Capella Sentosa Room.pdf,Sentosa Room,"Ballroom, Garden & Greenery, Glasshouse, Indoor, Waterfront",3ccbaacc-8d91-47ff-88bd-ee7b07bd6b76,Mon-Thu,6-Course Chinese or 4-Course Western,150,180,$209++/pax
Capella Singapore,capella-singapore,https://wedded.sg/venues/capella-singapore,019bcf12-9fb4-798b-ab1c-fcaa4c097ad4,3,Capella Solemnisation.pdf | Capella Grand Ballroom.pdf | Capella Sentosa Room.pdf,Sentosa Room,"Ballroom, Garden & Greenery, Glasshouse, Indoor, Waterfront",3ccbaacc-8d91-47ff-88bd-ee7b07bd6b76,Friday,6-Course Chinese or 4-Course Western,150,180,$209++/pax
Capella Singapore,capella-singapore,https://wedded.sg/venues/capella-singapore,019bcf12-9fb4-798b-ab1c-fcaa4c097ad4,3,Capella Solemnisation.pdf | Capella Grand Ballroom.pdf | Capella Sentosa Room.pdf,Sentosa Room,"Ballroom, Garden & Greenery, Glasshouse, Indoor, Waterfront",3ccbaacc-8d91-47ff-88bd-ee7b07bd6b76,Saturday,6-Course Chinese or 4-Course Western,150,180,$209++/pax
Capella Singapore,capella-singapore,https://wedded.sg/venues/capella-singapore,019bcf12-9fb4-798b-ab1c-fcaa4c097ad4,3,Capella Solemnisation.pdf | Capella Grand Ballroom.pdf | Capella Sentosa Room.pdf,Sentosa Room,"Ballroom, Garden & Greenery, Glasshouse, Indoor, Waterfront",3ccbaacc-8d91-47ff-88bd-ee7b07bd6b76,Sunday,6-Course Chinese or 4-Course Western,150,180,$209++/pax
Carlton Hotel,carlton-hotel,https://wedded.sg/venues/carlton-hotel,019b50f1-0dc1-708f-8d56-7ff56809dc58,2,Esplanade Wedding Package 2026.pdf | empress ballroom wedding package 2026.pdf,Empress Ballroom 1-3,"Ballroom, Indoor",5ad6ad2d-3bec-47b6-bb13-8f9de820ea13,Mon-Thu,Truly Yours,180,280,$160++/pax
Carlton Hotel,carlton-hotel,https://wedded.sg/venues/carlton-hotel,019b50f1-0dc1-708f-8d56-7ff56809dc58,2,Esplanade Wedding Package 2026.pdf | empress ballroom wedding package 2026.pdf,Empress Ballroom 1-3,"Ballroom, Indoor",5ad6ad2d-3bec-47b6-bb13-8f9de820ea13,Friday,Truly Yours,180,280,$160++/pax
Carlton Hotel,carlton-hotel,https://wedded.sg/venues/carlton-hotel,019b50f1-0dc1-708f-8d56-7ff56809dc58,2,Esplanade Wedding Package 2026.pdf | empress ballroom wedding package 2026.pdf,Empress Ballroom 1-3,"Ballroom, Indoor",5ad6ad2d-3bec-47b6-bb13-8f9de820ea13,Saturday,Truly Yours,180,280,$160++/pax
Carlton Hotel,carlton-hotel,https://wedded.sg/venues/carlton-hotel,019b50f1-0dc1-708f-8d56-7ff56809dc58,2,Esplanade Wedding Package 2026.pdf | empress ballroom wedding package 2026.pdf,Empress Ballroom 1-3,"Ballroom, Indoor",5ad6ad2d-3bec-47b6-bb13-8f9de820ea13,Sunday,Truly Yours,180,280,$160++/pax
Carlton Hotel,carlton-hotel,https://wedded.sg/venues/carlton-hotel,019b50f1-0dc1-708f-8d56-7ff56809dc58,2,Esplanade Wedding Package 2026.pdf | empress ballroom wedding package 2026.pdf,Empress Ballroom 4-5,"Ballroom, Indoor",7c7e21a8-edd4-49cc-a12a-a340c9ee3e27,Mon-Thu,Truly Yours,250,320,$160++/pax
Carlton Hotel,carlton-hotel,https://wedded.sg/venues/carlton-hotel,019b50f1-0dc1-708f-8d56-7ff56809dc58,2,Esplanade Wedding Package 2026.pdf | empress ballroom wedding package 2026.pdf,Empress Ballroom 4-5,"Ballroom, Indoor",7c7e21a8-edd4-49cc-a12a-a340c9ee3e27,Friday,Truly Yours,250,320,$160++/pax
Carlton Hotel,carlton-hotel,https://wedded.sg/venues/carlton-hotel,019b50f1-0dc1-708f-8d56-7ff56809dc58,2,Esplanade Wedding Package 2026.pdf | empress ballroom wedding package 2026.pdf,Empress Ballroom 4-5,"Ballroom, Indoor",7c7e21a8-edd4-49cc-a12a-a340c9ee3e27,Saturday,Truly Yours,250,320,$160++/pax
Carlton Hotel,carlton-hotel,https://wedded.sg/venues/carlton-hotel,019b50f1-0dc1-708f-8d56-7ff56809dc58,2,Esplanade Wedding Package 2026.pdf | empress ballroom wedding package 2026.pdf,Empress Ballroom 4-5,"Ballroom, Indoor",7c7e21a8-edd4-49cc-a12a-a340c9ee3e27,Sunday,Truly Yours,250,320,$160++/pax
Carlton Hotel,carlton-hotel,https://wedded.sg/venues/carlton-hotel,019b50f1-0dc1-708f-8d56-7ff56809dc58,2,Esplanade Wedding Package 2026.pdf | empress ballroom wedding package 2026.pdf,Esplanade Room,Indoor,19c38c35-947e-4eaa-b7a5-ca1148d227da,Mon-Thu,Infinitely Yours,100,120,$147++/pax
Carlton Hotel,carlton-hotel,https://wedded.sg/venues/carlton-hotel,019b50f1-0dc1-708f-8d56-7ff56809dc58,2,Esplanade Wedding Package 2026.pdf | empress ballroom wedding package 2026.pdf,Esplanade Room,Indoor,19c38c35-947e-4eaa-b7a5-ca1148d227da,Friday,Infinitely Yours,100,120,$147++/pax
Carlton Hotel,carlton-hotel,https://wedded.sg/venues/carlton-hotel,019b50f1-0dc1-708f-8d56-7ff56809dc58,2,Esplanade Wedding Package 2026.pdf | empress ballroom wedding package 2026.pdf,Esplanade Room,Indoor,19c38c35-947e-4eaa-b7a5-ca1148d227da,Saturday,Infinitely Yours,100,120,$147++/pax
Carlton Hotel,carlton-hotel,https://wedded.sg/venues/carlton-hotel,019b50f1-0dc1-708f-8d56-7ff56809dc58,2,Esplanade Wedding Package 2026.pdf | empress ballroom wedding package 2026.pdf,Esplanade Room,Indoor,19c38c35-947e-4eaa-b7a5-ca1148d227da,Sunday,Infinitely Yours,100,120,$147++/pax
Changi Cove Hotel,changi-cove,https://wedded.sg/venues/changi-cove,019b5124-77cd-7bb6-a089-c1a4c2c67f41,1,Changi Cove Chinese Western Wedding Package 20262027.pdf,Conservatory,"Garden & Greenery, Indoor",7e5d6e94-e0a3-49bc-a8eb-1b65f6059391,Mon-Thu,Buffet Menu,30,70,$88++/pax
Changi Cove Hotel,changi-cove,https://wedded.sg/venues/changi-cove,019b5124-77cd-7bb6-a089-c1a4c2c67f41,1,Changi Cove Chinese Western Wedding Package 20262027.pdf,Conservatory,"Garden & Greenery, Indoor",7e5d6e94-e0a3-49bc-a8eb-1b65f6059391,Friday,Buffet Menu,30,70,$88++/pax
Changi Cove Hotel,changi-cove,https://wedded.sg/venues/changi-cove,019b5124-77cd-7bb6-a089-c1a4c2c67f41,1,Changi Cove Chinese Western Wedding Package 20262027.pdf,Conservatory,"Garden & Greenery, Indoor",7e5d6e94-e0a3-49bc-a8eb-1b65f6059391,Saturday,Buffet Menu,30,70,$88++/pax
Changi Cove Hotel,changi-cove,https://wedded.sg/venues/changi-cove,019b5124-77cd-7bb6-a089-c1a4c2c67f41,1,Changi Cove Chinese Western Wedding Package 20262027.pdf,Conservatory,"Garden & Greenery, Indoor",7e5d6e94-e0a3-49bc-a8eb-1b65f6059391,Sunday,Buffet Menu,30,70,$88++/pax
Changi Cove Hotel,changi-cove,https://wedded.sg/venues/changi-cove,019b5124-77cd-7bb6-a089-c1a4c2c67f41,1,Changi Cove Chinese Western Wedding Package 20262027.pdf,The Auditorium,"Garden & Greenery, Glasshouse, Indoor",fe1e0fb3-d22d-4fdc-8885-0895272d6e66,Mon-Thu,Chinese Banquet,130,220,$127++/pax
Changi Cove Hotel,changi-cove,https://wedded.sg/venues/changi-cove,019b5124-77cd-7bb6-a089-c1a4c2c67f41,1,Changi Cove Chinese Western Wedding Package 20262027.pdf,The Auditorium,"Garden & Greenery, Glasshouse, Indoor",fe1e0fb3-d22d-4fdc-8885-0895272d6e66,Friday,Chinese Banquet,130,220,$127++/pax
Changi Cove Hotel,changi-cove,https://wedded.sg/venues/changi-cove,019b5124-77cd-7bb6-a089-c1a4c2c67f41,1,Changi Cove Chinese Western Wedding Package 20262027.pdf,The Auditorium,"Garden & Greenery, Glasshouse, Indoor",fe1e0fb3-d22d-4fdc-8885-0895272d6e66,Saturday,Chinese Banquet,130,220,$127++/pax
Changi Cove Hotel,changi-cove,https://wedded.sg/venues/changi-cove,019b5124-77cd-7bb6-a089-c1a4c2c67f41,1,Changi Cove Chinese Western Wedding Package 20262027.pdf,The Auditorium,"Garden & Greenery, Glasshouse, Indoor",fe1e0fb3-d22d-4fdc-8885-0895272d6e66,Sunday,Chinese Banquet,130,220,$127++/pax
CHIJMES,chijmes-hall-singapore,https://wedded.sg/venues/chijmes-hall-singapore,019b7ddb-678d-75ba-9df3-d8c31e68e319,1,Wedding Events Kit.pdf,Alcove,"Colonial/Historical, Event Venue, Indoor",c856ebdd-70ac-4276-805e-22dd95f21f15,Saturday,Buffet Reception - Deluxe 10-Course,50,79,"$6,288++"
CHIJMES,chijmes-hall-singapore,https://wedded.sg/venues/chijmes-hall-singapore,019b7ddb-678d-75ba-9df3-d8c31e68e319,1,Wedding Events Kit.pdf,Alcove,"Colonial/Historical, Event Venue, Indoor",c856ebdd-70ac-4276-805e-22dd95f21f15,Sunday,Buffet Reception - Deluxe 10-Course,50,79,"$6,288++"
CHIJMES,chijmes-hall-singapore,https://wedded.sg/venues/chijmes-hall-singapore,019b7ddb-678d-75ba-9df3-d8c31e68e319,1,Wedding Events Kit.pdf,CHIJMES Hall,"Colonial/Historical, Event Venue, Indoor",34020325-7008-4985-9d76-265f91de2aaa,Saturday,Solemnisation Standing Reception - Canapes Cocktail Buffet,200,308,$130++/pax
CHIJMES,chijmes-hall-singapore,https://wedded.sg/venues/chijmes-hall-singapore,019b7ddb-678d-75ba-9df3-d8c31e68e319,1,Wedding Events Kit.pdf,CHIJMES Hall,"Colonial/Historical, Event Venue, Indoor",34020325-7008-4985-9d76-265f91de2aaa,Sunday,Solemnisation Standing Reception - Canapes Cocktail Buffet,200,308,$120++/pax
Chui Huay Lim Teochew Cuisine,chui-huay-lim-teochew-cuisine,https://wedded.sg/venues/chui-huay-lim-teochew-cuisine,019b5139-56b9-723e-a50f-7b3dfcaaaeb7,0,,Hall A,"Glasshouse, Indoor, Restaurant",d1249f1e-a78b-4347-810c-41164bb54aaa,Mon-Thu,Bliss - 8-Course,150,260,$100++/pax
Chui Huay Lim Teochew Cuisine,chui-huay-lim-teochew-cuisine,https://wedded.sg/venues/chui-huay-lim-teochew-cuisine,019b5139-56b9-723e-a50f-7b3dfcaaaeb7,0,,Hall A,"Glasshouse, Indoor, Restaurant",d1249f1e-a78b-4347-810c-41164bb54aaa,Friday,Bliss - 8-Course,150,260,$100++/pax
Chui Huay Lim Teochew Cuisine,chui-huay-lim-teochew-cuisine,https://wedded.sg/venues/chui-huay-lim-teochew-cuisine,019b5139-56b9-723e-a50f-7b3dfcaaaeb7,0,,Hall A,"Glasshouse, Indoor, Restaurant",d1249f1e-a78b-4347-810c-41164bb54aaa,Saturday,Bliss - 8-Course,150,260,$100++/pax
Chui Huay Lim Teochew Cuisine,chui-huay-lim-teochew-cuisine,https://wedded.sg/venues/chui-huay-lim-teochew-cuisine,019b5139-56b9-723e-a50f-7b3dfcaaaeb7,0,,Hall A,"Glasshouse, Indoor, Restaurant",d1249f1e-a78b-4347-810c-41164bb54aaa,Sunday,Bliss - 8-Course,150,260,$100++/pax
Chui Huay Lim Teochew Cuisine,chui-huay-lim-teochew-cuisine,https://wedded.sg/venues/chui-huay-lim-teochew-cuisine,019b5139-56b9-723e-a50f-7b3dfcaaaeb7,0,,Hall A & B,"Glasshouse, Indoor, Restaurant",1a3c5ed5-973e-4ded-800a-93ff295f33e5,Mon-Thu,Bliss - 8-Course,300,360,$100++/pax
Chui Huay Lim Teochew Cuisine,chui-huay-lim-teochew-cuisine,https://wedded.sg/venues/chui-huay-lim-teochew-cuisine,019b5139-56b9-723e-a50f-7b3dfcaaaeb7,0,,Hall A & B,"Glasshouse, Indoor, Restaurant",1a3c5ed5-973e-4ded-800a-93ff295f33e5,Friday,Bliss - 8-Course,300,360,$100++/pax
Chui Huay Lim Teochew Cuisine,chui-huay-lim-teochew-cuisine,https://wedded.sg/venues/chui-huay-lim-teochew-cuisine,019b5139-56b9-723e-a50f-7b3dfcaaaeb7,0,,Hall A & B,"Glasshouse, Indoor, Restaurant",1a3c5ed5-973e-4ded-800a-93ff295f33e5,Saturday,Bliss - 8-Course,300,360,$100++/pax
Chui Huay Lim Teochew Cuisine,chui-huay-lim-teochew-cuisine,https://wedded.sg/venues/chui-huay-lim-teochew-cuisine,019b5139-56b9-723e-a50f-7b3dfcaaaeb7,0,,Hall A & B,"Glasshouse, Indoor, Restaurant",1a3c5ed5-973e-4ded-800a-93ff295f33e5,Sunday,Bliss - 8-Course,300,360,$100++/pax
Chui Huay Lim Teochew Cuisine,chui-huay-lim-teochew-cuisine,https://wedded.sg/venues/chui-huay-lim-teochew-cuisine,019b5139-56b9-723e-a50f-7b3dfcaaaeb7,0,,Hall B,"Indoor, Restaurant",8d1c337f-5729-463e-98d5-59d5e58a77e2,Mon-Thu,Bliss - 8-Course,60,100,$100++/pax
Chui Huay Lim Teochew Cuisine,chui-huay-lim-teochew-cuisine,https://wedded.sg/venues/chui-huay-lim-teochew-cuisine,019b5139-56b9-723e-a50f-7b3dfcaaaeb7,0,,Hall B,"Indoor, Restaurant",8d1c337f-5729-463e-98d5-59d5e58a77e2,Friday,Bliss - 8-Course,60,100,$100++/pax
Chui Huay Lim Teochew Cuisine,chui-huay-lim-teochew-cuisine,https://wedded.sg/venues/chui-huay-lim-teochew-cuisine,019b5139-56b9-723e-a50f-7b3dfcaaaeb7,0,,Hall B,"Indoor, Restaurant",8d1c337f-5729-463e-98d5-59d5e58a77e2,Saturday,Bliss - 8-Course,60,100,$100++/pax
Chui Huay Lim Teochew Cuisine,chui-huay-lim-teochew-cuisine,https://wedded.sg/venues/chui-huay-lim-teochew-cuisine,019b5139-56b9-723e-a50f-7b3dfcaaaeb7,0,,Hall B,"Indoor, Restaurant",8d1c337f-5729-463e-98d5-59d5e58a77e2,Sunday,Bliss - 8-Course,60,100,$100++/pax
Chui Huay Lim Teochew Cuisine,chui-huay-lim-teochew-cuisine,https://wedded.sg/venues/chui-huay-lim-teochew-cuisine,019b5139-56b9-723e-a50f-7b3dfcaaaeb7,0,,Hall C,"Indoor, Restaurant",e22dd361-0fc6-4223-9221-1ce906c203d8,Mon-Thu,Bliss - 8-Course,60,150,$100++/pax
Chui Huay Lim Teochew Cuisine,chui-huay-lim-teochew-cuisine,https://wedded.sg/venues/chui-huay-lim-teochew-cuisine,019b5139-56b9-723e-a50f-7b3dfcaaaeb7,0,,Hall C,"Indoor, Restaurant",e22dd361-0fc6-4223-9221-1ce906c203d8,Friday,Bliss - 8-Course,60,150,$100++/pax
Chui Huay Lim Teochew Cuisine,chui-huay-lim-teochew-cuisine,https://wedded.sg/venues/chui-huay-lim-teochew-cuisine,019b5139-56b9-723e-a50f-7b3dfcaaaeb7,0,,Hall C,"Indoor, Restaurant",e22dd361-0fc6-4223-9221-1ce906c203d8,Saturday,Bliss - 8-Course,60,150,$100++/pax
Chui Huay Lim Teochew Cuisine,chui-huay-lim-teochew-cuisine,https://wedded.sg/venues/chui-huay-lim-teochew-cuisine,019b5139-56b9-723e-a50f-7b3dfcaaaeb7,0,,Hall C,"Indoor, Restaurant",e22dd361-0fc6-4223-9221-1ce906c203d8,Sunday,Bliss - 8-Course,60,150,$100++/pax
Chui Huay Lim Teochew Cuisine,chui-huay-lim-teochew-cuisine,https://wedded.sg/venues/chui-huay-lim-teochew-cuisine,019b5139-56b9-723e-a50f-7b3dfcaaaeb7,0,,Hall C & J,"Indoor, Restaurant",9d801329-5f8e-4edd-b1d4-725d35da6dcd,Mon-Thu,Bliss - 8-Course,180,200,$100++/pax
Chui Huay Lim Teochew Cuisine,chui-huay-lim-teochew-cuisine,https://wedded.sg/venues/chui-huay-lim-teochew-cuisine,019b5139-56b9-723e-a50f-7b3dfcaaaeb7,0,,Hall C & J,"Indoor, Restaurant",9d801329-5f8e-4edd-b1d4-725d35da6dcd,Friday,Bliss - 8-Course,180,200,$100++/pax
Chui Huay Lim Teochew Cuisine,chui-huay-lim-teochew-cuisine,https://wedded.sg/venues/chui-huay-lim-teochew-cuisine,019b5139-56b9-723e-a50f-7b3dfcaaaeb7,0,,Hall C & J,"Indoor, Restaurant",9d801329-5f8e-4edd-b1d4-725d35da6dcd,Saturday,Bliss - 8-Course,180,200,$100++/pax
Chui Huay Lim Teochew Cuisine,chui-huay-lim-teochew-cuisine,https://wedded.sg/venues/chui-huay-lim-teochew-cuisine,019b5139-56b9-723e-a50f-7b3dfcaaaeb7,0,,Hall C & J,"Indoor, Restaurant",9d801329-5f8e-4edd-b1d4-725d35da6dcd,Sunday,Bliss - 8-Course,180,200,$100++/pax
Chui Huay Lim Teochew Cuisine,chui-huay-lim-teochew-cuisine,https://wedded.sg/venues/chui-huay-lim-teochew-cuisine,019b5139-56b9-723e-a50f-7b3dfcaaaeb7,0,,Hall J,"Indoor, Restaurant",a88907e0-ffdf-41cd-a692-c447c56e1124,Mon-Thu,Bliss - 8-Course,60,90,$100++/pax
Chui Huay Lim Teochew Cuisine,chui-huay-lim-teochew-cuisine,https://wedded.sg/venues/chui-huay-lim-teochew-cuisine,019b5139-56b9-723e-a50f-7b3dfcaaaeb7,0,,Hall J,"Indoor, Restaurant",a88907e0-ffdf-41cd-a692-c447c56e1124,Friday,Bliss - 8-Course,60,90,$100++/pax
Chui Huay Lim Teochew Cuisine,chui-huay-lim-teochew-cuisine,https://wedded.sg/venues/chui-huay-lim-teochew-cuisine,019b5139-56b9-723e-a50f-7b3dfcaaaeb7,0,,Hall J,"Indoor, Restaurant",a88907e0-ffdf-41cd-a692-c447c56e1124,Saturday,Bliss - 8-Course,60,90,$100++/pax
Chui Huay Lim Teochew Cuisine,chui-huay-lim-teochew-cuisine,https://wedded.sg/venues/chui-huay-lim-teochew-cuisine,019b5139-56b9-723e-a50f-7b3dfcaaaeb7,0,,Hall J,"Indoor, Restaurant",a88907e0-ffdf-41cd-a692-c447c56e1124,Sunday,Bliss - 8-Course,60,90,$100++/pax
Claudine Restaurant,claudine-restaurant,https://wedded.sg/venues/claudine-restaurant,019bd022-707a-7dd4-8a0e-3fd8d7989e2f,1,CLD+Events+Kit+2026.pdf,La Terrace,"Garden & Greenery, Glasshouse, Indoor, Restaurant",2842ad4e-c793-4fc3-b9b9-22eb00d702a9,Mon-Thu,3-Course,1,30,"$5,000++"
Claudine Restaurant,claudine-restaurant,https://wedded.sg/venues/claudine-restaurant,019bd022-707a-7dd4-8a0e-3fd8d7989e2f,1,CLD+Events+Kit+2026.pdf,La Terrace,"Garden & Greenery, Glasshouse, Indoor, Restaurant",2842ad4e-c793-4fc3-b9b9-22eb00d702a9,Friday,3-Course,1,30,"$5,000++"
Claudine Restaurant,claudine-restaurant,https://wedded.sg/venues/claudine-restaurant,019bd022-707a-7dd4-8a0e-3fd8d7989e2f,1,CLD+Events+Kit+2026.pdf,La Terrace,"Garden & Greenery, Glasshouse, Indoor, Restaurant",2842ad4e-c793-4fc3-b9b9-22eb00d702a9,Saturday,3-Course,1,30,"$5,000++"
Claudine Restaurant,claudine-restaurant,https://wedded.sg/venues/claudine-restaurant,019bd022-707a-7dd4-8a0e-3fd8d7989e2f,1,CLD+Events+Kit+2026.pdf,La Terrace,"Garden & Greenery, Glasshouse, Indoor, Restaurant",2842ad4e-c793-4fc3-b9b9-22eb00d702a9,Sunday,3-Course,1,30,"$5,000++"
Claudine Restaurant,claudine-restaurant,https://wedded.sg/venues/claudine-restaurant,019bd022-707a-7dd4-8a0e-3fd8d7989e2f,1,CLD+Events+Kit+2026.pdf,Main Dining Room (Full Buyout),"Garden & Greenery, Glasshouse, Indoor, Restaurant",d28b1642-1086-4c9b-9c8d-583f49554233,Mon-Thu,3-Course,1,104,"$10,000++"
Claudine Restaurant,claudine-restaurant,https://wedded.sg/venues/claudine-restaurant,019bd022-707a-7dd4-8a0e-3fd8d7989e2f,1,CLD+Events+Kit+2026.pdf,Main Dining Room (Full Buyout),"Garden & Greenery, Glasshouse, Indoor, Restaurant",d28b1642-1086-4c9b-9c8d-583f49554233,Friday,3-Course,1,104,"$10,000++"
Claudine Restaurant,claudine-restaurant,https://wedded.sg/venues/claudine-restaurant,019bd022-707a-7dd4-8a0e-3fd8d7989e2f,1,CLD+Events+Kit+2026.pdf,Main Dining Room (Full Buyout),"Garden & Greenery, Glasshouse, Indoor, Restaurant",d28b1642-1086-4c9b-9c8d-583f49554233,Saturday,3-Course,1,104,"$20,000++"
Claudine Restaurant,claudine-restaurant,https://wedded.sg/venues/claudine-restaurant,019bd022-707a-7dd4-8a0e-3fd8d7989e2f,1,CLD+Events+Kit+2026.pdf,Main Dining Room (Full Buyout),"Garden & Greenery, Glasshouse, Indoor, Restaurant",d28b1642-1086-4c9b-9c8d-583f49554233,Sunday,3-Course,1,104,"$20,000++"
Concorde Hotel Singapore,concorde-hotel-singapore,https://wedded.sg/venues/concorde-hotel-singapore,019b518e-efe9-7c70-ac59-9682e00eeb83,0,,Concorde Ballroom,"Ballroom, Indoor",7a74b7d5-7251-414d-bf4b-c43129e47c62,Mon-Thu,8-Course Chinese Menu,150,440,$140++/pax
Concorde Hotel Singapore,concorde-hotel-singapore,https://wedded.sg/venues/concorde-hotel-singapore,019b518e-efe9-7c70-ac59-9682e00eeb83,0,,Concorde Ballroom,"Ballroom, Indoor",7a74b7d5-7251-414d-bf4b-c43129e47c62,Friday,8-Course Chinese Menu,150,440,$140++/pax
Concorde Hotel Singapore,concorde-hotel-singapore,https://wedded.sg/venues/concorde-hotel-singapore,019b518e-efe9-7c70-ac59-9682e00eeb83,0,,Concorde Ballroom,"Ballroom, Indoor",7a74b7d5-7251-414d-bf4b-c43129e47c62,Saturday,8-Course Chinese Menu,150,440,$140++/pax
Concorde Hotel Singapore,concorde-hotel-singapore,https://wedded.sg/venues/concorde-hotel-singapore,019b518e-efe9-7c70-ac59-9682e00eeb83,0,,Concorde Ballroom,"Ballroom, Indoor",7a74b7d5-7251-414d-bf4b-c43129e47c62,Sunday,8-Course Chinese Menu,150,440,$140++/pax
Conrad Singapore Orchard,conrad-orchard,https://wedded.sg/venues/conrad-orchard,019ae82e-b731-7501-a912-d354e3f8f7f7,0,,Cuscaden Room,Indoor,d7e2304a-57bb-4780-bfc5-e62d1c5aca46,Mon-Thu,Silver Collection - Chinese Set Menu A,40,60,$239++/pax
Conrad Singapore Orchard,conrad-orchard,https://wedded.sg/venues/conrad-orchard,019ae82e-b731-7501-a912-d354e3f8f7f7,0,,Cuscaden Room,Indoor,d7e2304a-57bb-4780-bfc5-e62d1c5aca46,Friday,Silver Collection - Chinese Set Menu A,40,60,$239++/pax
Conrad Singapore Orchard,conrad-orchard,https://wedded.sg/venues/conrad-orchard,019ae82e-b731-7501-a912-d354e3f8f7f7,0,,Cuscaden Room,Indoor,d7e2304a-57bb-4780-bfc5-e62d1c5aca46,Saturday,Silver Collection - Chinese Set Menu A,40,60,$239++/pax
Conrad Singapore Orchard,conrad-orchard,https://wedded.sg/venues/conrad-orchard,019ae82e-b731-7501-a912-d354e3f8f7f7,0,,Cuscaden Room,Indoor,d7e2304a-57bb-4780-bfc5-e62d1c5aca46,Sunday,Silver Collection - Chinese Set Menu A,40,60,$239++/pax
Conrad Singapore Orchard,conrad-orchard,https://wedded.sg/venues/conrad-orchard,019ae82e-b731-7501-a912-d354e3f8f7f7,0,,Nassim Room,Indoor,276f42ff-49e2-44ca-bf55-9d550e1173b5,Mon-Thu,Silver Collection,100,160,$194++/pax
Conrad Singapore Orchard,conrad-orchard,https://wedded.sg/venues/conrad-orchard,019ae82e-b731-7501-a912-d354e3f8f7f7,0,,Nassim Room,Indoor,276f42ff-49e2-44ca-bf55-9d550e1173b5,Friday,Silver Collection,100,160,$194++/pax
Conrad Singapore Orchard,conrad-orchard,https://wedded.sg/venues/conrad-orchard,019ae82e-b731-7501-a912-d354e3f8f7f7,0,,Nassim Room,Indoor,276f42ff-49e2-44ca-bf55-9d550e1173b5,Saturday,Silver Collection,100,160,$194++/pax
Conrad Singapore Orchard,conrad-orchard,https://wedded.sg/venues/conrad-orchard,019ae82e-b731-7501-a912-d354e3f8f7f7,0,,Nassim Room,Indoor,276f42ff-49e2-44ca-bf55-9d550e1173b5,Sunday,Silver Collection,100,160,$194++/pax
Conrad Singapore Orchard,conrad-orchard,https://wedded.sg/venues/conrad-orchard,019ae82e-b731-7501-a912-d354e3f8f7f7,0,,Paterson Room,Indoor,6045c0d4-9462-4193-b006-f86bb112d81a,Mon-Thu,Silver Collection,100,140,$201++/pax
Conrad Singapore Orchard,conrad-orchard,https://wedded.sg/venues/conrad-orchard,019ae82e-b731-7501-a912-d354e3f8f7f7,0,,Paterson Room,Indoor,6045c0d4-9462-4193-b006-f86bb112d81a,Friday,Silver Collection,100,140,$201++/pax
Conrad Singapore Orchard,conrad-orchard,https://wedded.sg/venues/conrad-orchard,019ae82e-b731-7501-a912-d354e3f8f7f7,0,,Paterson Room,Indoor,6045c0d4-9462-4193-b006-f86bb112d81a,Saturday,Silver Collection,100,140,$201++/pax
Conrad Singapore Orchard,conrad-orchard,https://wedded.sg/venues/conrad-orchard,019ae82e-b731-7501-a912-d354e3f8f7f7,0,,Paterson Room,Indoor,6045c0d4-9462-4193-b006-f86bb112d81a,Sunday,Silver Collection,100,140,$201++/pax
Conrad Singapore Orchard,conrad-orchard,https://wedded.sg/venues/conrad-orchard,019ae82e-b731-7501-a912-d354e3f8f7f7,0,,Royal Pavilion Ballroom,"Ballroom, Indoor",2fcee6dd-7888-4d1f-8c68-e8e80c58eb4e,Mon-Thu,Silver Collection - Chinese Set Menu A,220,500,$194++/pax
Conrad Singapore Orchard,conrad-orchard,https://wedded.sg/venues/conrad-orchard,019ae82e-b731-7501-a912-d354e3f8f7f7,0,,Royal Pavilion Ballroom,"Ballroom, Indoor",2fcee6dd-7888-4d1f-8c68-e8e80c58eb4e,Friday,Silver Collection - Chinese Set Menu A,220,500,$194++/pax
Conrad Singapore Orchard,conrad-orchard,https://wedded.sg/venues/conrad-orchard,019ae82e-b731-7501-a912-d354e3f8f7f7,0,,Royal Pavilion Ballroom,"Ballroom, Indoor",2fcee6dd-7888-4d1f-8c68-e8e80c58eb4e,Saturday,Silver Collection - Chinese Set Menu A,220,500,$194++/pax
Conrad Singapore Orchard,conrad-orchard,https://wedded.sg/venues/conrad-orchard,019ae82e-b731-7501-a912-d354e3f8f7f7,0,,Royal Pavilion Ballroom,"Ballroom, Indoor",2fcee6dd-7888-4d1f-8c68-e8e80c58eb4e,Sunday,Silver Collection - Chinese Set Menu A,220,500,$194++/pax
Conrad Singapore Orchard,conrad-orchard,https://wedded.sg/venues/conrad-orchard,019ae82e-b731-7501-a912-d354e3f8f7f7,0,,Tanglin Room,Indoor,9033ccc2-1ef0-4028-b978-19cb5d42653d,Mon-Thu,Silver Collection,150,200,$194++/pax
Conrad Singapore Orchard,conrad-orchard,https://wedded.sg/venues/conrad-orchard,019ae82e-b731-7501-a912-d354e3f8f7f7,0,,Tanglin Room,Indoor,9033ccc2-1ef0-4028-b978-19cb5d42653d,Friday,Silver Collection,150,200,$194++/pax
Conrad Singapore Orchard,conrad-orchard,https://wedded.sg/venues/conrad-orchard,019ae82e-b731-7501-a912-d354e3f8f7f7,0,,Tanglin Room,Indoor,9033ccc2-1ef0-4028-b978-19cb5d42653d,Saturday,Silver Collection,150,200,$194++/pax
Conrad Singapore Orchard,conrad-orchard,https://wedded.sg/venues/conrad-orchard,019ae82e-b731-7501-a912-d354e3f8f7f7,0,,Tanglin Room,Indoor,9033ccc2-1ef0-4028-b978-19cb5d42653d,Sunday,Silver Collection,150,200,$194++/pax
Conrad Singapore Marina Bay,conrad-singapore-marina-bay,https://wedded.sg/venues/conrad-singapore-marina-bay,019af7d0-3505-75ec-8c11-f721c66c22e2,0,,Grand Ballroom,"Ballroom, Indoor",a3c18809-80dc-4964-a840-5833569bf595,Mon-Thu,6-course or 8-course Chinese Menu by Golden Peony,170,408,$223++/pax
Conrad Singapore Marina Bay,conrad-singapore-marina-bay,https://wedded.sg/venues/conrad-singapore-marina-bay,019af7d0-3505-75ec-8c11-f721c66c22e2,0,,Grand Ballroom,"Ballroom, Indoor",a3c18809-80dc-4964-a840-5833569bf595,Friday,6-course or 8-course Chinese Menu by Golden Peony,170,408,$223++/pax
Conrad Singapore Marina Bay,conrad-singapore-marina-bay,https://wedded.sg/venues/conrad-singapore-marina-bay,019af7d0-3505-75ec-8c11-f721c66c22e2,0,,Grand Ballroom,"Ballroom, Indoor",a3c18809-80dc-4964-a840-5833569bf595,Saturday,6-course or 8-course Chinese Menu by Golden Peony,170,408,$223++/pax
Conrad Singapore Marina Bay,conrad-singapore-marina-bay,https://wedded.sg/venues/conrad-singapore-marina-bay,019af7d0-3505-75ec-8c11-f721c66c22e2,0,,Grand Ballroom,"Ballroom, Indoor",a3c18809-80dc-4964-a840-5833569bf595,Sunday,6-course or 8-course Chinese Menu by Golden Peony,170,408,$223++/pax
Conrad Singapore Marina Bay,conrad-singapore-marina-bay,https://wedded.sg/venues/conrad-singapore-marina-bay,019af7d0-3505-75ec-8c11-f721c66c22e2,0,,Half Grand Ballroom,"Ballroom, Indoor",56afb455-17b3-483b-9c09-0fef8dc80ed4,Mon-Thu,6-course or 8-course Chinese Menu by Golden Peony,120,160,$243++/pax
Conrad Singapore Marina Bay,conrad-singapore-marina-bay,https://wedded.sg/venues/conrad-singapore-marina-bay,019af7d0-3505-75ec-8c11-f721c66c22e2,0,,Half Grand Ballroom,"Ballroom, Indoor",56afb455-17b3-483b-9c09-0fef8dc80ed4,Friday,6-course or 8-course Chinese Menu by Golden Peony,120,160,$243++/pax
Conrad Singapore Marina Bay,conrad-singapore-marina-bay,https://wedded.sg/venues/conrad-singapore-marina-bay,019af7d0-3505-75ec-8c11-f721c66c22e2,0,,Half Grand Ballroom,"Ballroom, Indoor",56afb455-17b3-483b-9c09-0fef8dc80ed4,Saturday,6-course or 8-course Chinese Menu by Golden Peony,120,160,$243++/pax
Conrad Singapore Marina Bay,conrad-singapore-marina-bay,https://wedded.sg/venues/conrad-singapore-marina-bay,019af7d0-3505-75ec-8c11-f721c66c22e2,0,,Half Grand Ballroom,"Ballroom, Indoor",56afb455-17b3-483b-9c09-0fef8dc80ed4,Sunday,6-course or 8-course Chinese Menu by Golden Peony,120,160,$243++/pax
Conrad Singapore Marina Bay,conrad-singapore-marina-bay,https://wedded.sg/venues/conrad-singapore-marina-bay,019af7d0-3505-75ec-8c11-f721c66c22e2,0,,The Pavilion,"Glasshouse, Indoor",f11e8faf-3020-42fb-82b1-071b0b0bd476,Mon-Thu,6-course or 8-course Chinese Menu by Golden Peony,110,140,$233++/pax
Conrad Singapore Marina Bay,conrad-singapore-marina-bay,https://wedded.sg/venues/conrad-singapore-marina-bay,019af7d0-3505-75ec-8c11-f721c66c22e2,0,,The Pavilion,"Glasshouse, Indoor",f11e8faf-3020-42fb-82b1-071b0b0bd476,Friday,6-course or 8-course Chinese Menu by Golden Peony,110,140,$233++/pax
Conrad Singapore Marina Bay,conrad-singapore-marina-bay,https://wedded.sg/venues/conrad-singapore-marina-bay,019af7d0-3505-75ec-8c11-f721c66c22e2,0,,The Pavilion,"Glasshouse, Indoor",f11e8faf-3020-42fb-82b1-071b0b0bd476,Saturday,6-course or 8-course Chinese Menu by Golden Peony,110,140,$233++/pax
Conrad Singapore Marina Bay,conrad-singapore-marina-bay,https://wedded.sg/venues/conrad-singapore-marina-bay,019af7d0-3505-75ec-8c11-f721c66c22e2,0,,The Pavilion,"Glasshouse, Indoor",f11e8faf-3020-42fb-82b1-071b0b0bd476,Sunday,6-course or 8-course Chinese Menu by Golden Peony,110,140,$233++/pax
Copthorne King's Hotel Singapore,copthorne-kings-hotel-singapore,https://wedded.sg/venues/copthorne-kings-hotel-singapore,019b53e1-3200-7c38-ab42-8eb9e4a032b4,1,CKS Wedding Package 20252026 (5).pdf,Ballroom,"Ballroom, Indoor",d96b8e18-1731-45b8-8cd4-cc31d0897cb4,Mon-Thu,8-Course Teochew Gastronomy,150,300,$114++/pax
Copthorne King's Hotel Singapore,copthorne-kings-hotel-singapore,https://wedded.sg/venues/copthorne-kings-hotel-singapore,019b53e1-3200-7c38-ab42-8eb9e4a032b4,1,CKS Wedding Package 20252026 (5).pdf,Ballroom,"Ballroom, Indoor",d96b8e18-1731-45b8-8cd4-cc31d0897cb4,Friday,8-Course Teochew Gastronomy,150,300,$139++/pax
Copthorne King's Hotel Singapore,copthorne-kings-hotel-singapore,https://wedded.sg/venues/copthorne-kings-hotel-singapore,019b53e1-3200-7c38-ab42-8eb9e4a032b4,1,CKS Wedding Package 20252026 (5).pdf,Ballroom,"Ballroom, Indoor",d96b8e18-1731-45b8-8cd4-cc31d0897cb4,Saturday,8-Course Teochew Gastronomy,150,300,$139++/pax
Copthorne King's Hotel Singapore,copthorne-kings-hotel-singapore,https://wedded.sg/venues/copthorne-kings-hotel-singapore,019b53e1-3200-7c38-ab42-8eb9e4a032b4,1,CKS Wedding Package 20252026 (5).pdf,Ballroom,"Ballroom, Indoor",d96b8e18-1731-45b8-8cd4-cc31d0897cb4,Sunday,8-Course Teochew Gastronomy,150,300,$139++/pax
Copthorne King's Hotel Singapore,copthorne-kings-hotel-singapore,https://wedded.sg/venues/copthorne-kings-hotel-singapore,019b53e1-3200-7c38-ab42-8eb9e4a032b4,1,CKS Wedding Package 20252026 (5).pdf,Queen Room,,925cccea-41ef-4e85-8973-4da8c465ea15,,,,,
Crowne Plaza Changi Airport,crowne-plaza-changi-airport,https://wedded.sg/venues/crowne-plaza-changi-airport,019b53f5-2cfc-7151-ae5a-5d6423c4c97d,0,,Camellia Ballroom,"Ballroom, Indoor",b4dda4de-51ad-4381-af0b-c7fd64062953,Mon-Thu,Chinese Set,80,140,$169++/pax
Crowne Plaza Changi Airport,crowne-plaza-changi-airport,https://wedded.sg/venues/crowne-plaza-changi-airport,019b53f5-2cfc-7151-ae5a-5d6423c4c97d,0,,Camellia Ballroom,"Ballroom, Indoor",b4dda4de-51ad-4381-af0b-c7fd64062953,Friday,Chinese Set,80,140,$169++/pax
Crowne Plaza Changi Airport,crowne-plaza-changi-airport,https://wedded.sg/venues/crowne-plaza-changi-airport,019b53f5-2cfc-7151-ae5a-5d6423c4c97d,0,,Camellia Ballroom,"Ballroom, Indoor",b4dda4de-51ad-4381-af0b-c7fd64062953,Saturday,Chinese Set,80,140,$169++/pax
Crowne Plaza Changi Airport,crowne-plaza-changi-airport,https://wedded.sg/venues/crowne-plaza-changi-airport,019b53f5-2cfc-7151-ae5a-5d6423c4c97d,0,,Camellia Ballroom,"Ballroom, Indoor",b4dda4de-51ad-4381-af0b-c7fd64062953,Sunday,Chinese Set,80,140,$169++/pax
Crowne Plaza Changi Airport,crowne-plaza-changi-airport,https://wedded.sg/venues/crowne-plaza-changi-airport,019b53f5-2cfc-7151-ae5a-5d6423c4c97d,0,,Chengal Ballroom,"Ballroom, Indoor",ef12c895-177e-4a12-8421-7735fdda8225,Mon-Thu,Chinese Set,180,300,$177++/pax
Crowne Plaza Changi Airport,crowne-plaza-changi-airport,https://wedded.sg/venues/crowne-plaza-changi-airport,019b53f5-2cfc-7151-ae5a-5d6423c4c97d,0,,Chengal Ballroom,"Ballroom, Indoor",ef12c895-177e-4a12-8421-7735fdda8225,Friday,Chinese Set,180,300,$177++/pax
Crowne Plaza Changi Airport,crowne-plaza-changi-airport,https://wedded.sg/venues/crowne-plaza-changi-airport,019b53f5-2cfc-7151-ae5a-5d6423c4c97d,0,,Chengal Ballroom,"Ballroom, Indoor",ef12c895-177e-4a12-8421-7735fdda8225,Saturday,Chinese Set,180,300,$177++/pax
Crowne Plaza Changi Airport,crowne-plaza-changi-airport,https://wedded.sg/venues/crowne-plaza-changi-airport,019b53f5-2cfc-7151-ae5a-5d6423c4c97d,0,,Chengal Ballroom,"Ballroom, Indoor",ef12c895-177e-4a12-8421-7735fdda8225,Sunday,Chinese Set,180,300,$177++/pax
Dusit Thani Laguna Singapore,dusit-thani-laguna-singapore,https://wedded.sg/venues/dusit-thani-laguna-singapore,019b69df-419f-73c0-9d75-025effb2a131,1,DTLS package.pdf,Albatross & Birdie,"Garden & Greenery, Indoor",3ac708d7-6204-425b-baae-45d8db7aab4a,Mon-Thu,Laguna Lawn Solemn Add-On,30,80,"$2,500++"
Dusit Thani Laguna Singapore,dusit-thani-laguna-singapore,https://wedded.sg/venues/dusit-thani-laguna-singapore,019b69df-419f-73c0-9d75-025effb2a131,1,DTLS package.pdf,Albatross & Birdie,"Garden & Greenery, Indoor",3ac708d7-6204-425b-baae-45d8db7aab4a,Friday,Laguna Lawn Solemn Add-On,30,80,"$2,500++"
Dusit Thani Laguna Singapore,dusit-thani-laguna-singapore,https://wedded.sg/venues/dusit-thani-laguna-singapore,019b69df-419f-73c0-9d75-025effb2a131,1,DTLS package.pdf,Albatross & Birdie,"Garden & Greenery, Indoor",3ac708d7-6204-425b-baae-45d8db7aab4a,Saturday,Laguna Lawn Solemn Add-On,30,80,"$2,500++"
Dusit Thani Laguna Singapore,dusit-thani-laguna-singapore,https://wedded.sg/venues/dusit-thani-laguna-singapore,019b69df-419f-73c0-9d75-025effb2a131,1,DTLS package.pdf,Albatross & Birdie,"Garden & Greenery, Indoor",3ac708d7-6204-425b-baae-45d8db7aab4a,Sunday,Laguna Lawn Solemn Add-On,30,80,"$2,500++"
Dusit Thani Laguna Singapore,dusit-thani-laguna-singapore,https://wedded.sg/venues/dusit-thani-laguna-singapore,019b69df-419f-73c0-9d75-025effb2a131,1,DTLS package.pdf,Laguna Ballroom,"Ballroom, Indoor",cb83abca-89dd-441f-b8d4-bea589d66e5e,Mon-Thu,Chorus of Hearts - 4-Course Western Set Menu,250,380,$199++/pax
Dusit Thani Laguna Singapore,dusit-thani-laguna-singapore,https://wedded.sg/venues/dusit-thani-laguna-singapore,019b69df-419f-73c0-9d75-025effb2a131,1,DTLS package.pdf,Laguna Ballroom,"Ballroom, Indoor",cb83abca-89dd-441f-b8d4-bea589d66e5e,Friday,Chorus of Hearts - 4-Course Western Set Menu,250,380,$199++/pax
Dusit Thani Laguna Singapore,dusit-thani-laguna-singapore,https://wedded.sg/venues/dusit-thani-laguna-singapore,019b69df-419f-73c0-9d75-025effb2a131,1,DTLS package.pdf,Laguna Ballroom,"Ballroom, Indoor",cb83abca-89dd-441f-b8d4-bea589d66e5e,Saturday,Chorus of Hearts - 4-Course Western Set Menu,250,380,$199++/pax
Dusit Thani Laguna Singapore,dusit-thani-laguna-singapore,https://wedded.sg/venues/dusit-thani-laguna-singapore,019b69df-419f-73c0-9d75-025effb2a131,1,DTLS package.pdf,Laguna Ballroom,"Ballroom, Indoor",cb83abca-89dd-441f-b8d4-bea589d66e5e,Sunday,Chorus of Hearts - 4-Course Western Set Menu,250,380,$199++/pax
Empress at ACM,empress-at-acm,https://wedded.sg/venues/empress-at-acm,019b18d5-0dc8-7561-95d0-15c2852a1ad1,1,EMPRESS Wedding 2026 Package.pdf,Full Restaurant Exclusive (Outdoor and Indoor),"Garden & Greenery, Glasshouse, Indoor, Outdoor, Restaurant, Waterfront",5ec8e7f7-39f1-4697-ad51-988fcb419df3,Mon-Thu,Empress Set Menu - Harmony Feast,1,180,"$15,800++"
Empress at ACM,empress-at-acm,https://wedded.sg/venues/empress-at-acm,019b18d5-0dc8-7561-95d0-15c2852a1ad1,1,EMPRESS Wedding 2026 Package.pdf,Full Restaurant Exclusive (Outdoor and Indoor),"Garden & Greenery, Glasshouse, Indoor, Outdoor, Restaurant, Waterfront",5ec8e7f7-39f1-4697-ad51-988fcb419df3,Friday,Empress Set Menu - Harmony Feast,1,180,"$15,800++"
Empress at ACM,empress-at-acm,https://wedded.sg/venues/empress-at-acm,019b18d5-0dc8-7561-95d0-15c2852a1ad1,1,EMPRESS Wedding 2026 Package.pdf,Full Restaurant Exclusive (Outdoor and Indoor),"Garden & Greenery, Glasshouse, Indoor, Outdoor, Restaurant, Waterfront",5ec8e7f7-39f1-4697-ad51-988fcb419df3,Saturday,Empress Set Menu - Harmony Feast,1,180,"$15,800++"
Empress at ACM,empress-at-acm,https://wedded.sg/venues/empress-at-acm,019b18d5-0dc8-7561-95d0-15c2852a1ad1,1,EMPRESS Wedding 2026 Package.pdf,Full Restaurant Exclusive (Outdoor and Indoor),"Garden & Greenery, Glasshouse, Indoor, Outdoor, Restaurant, Waterfront",5ec8e7f7-39f1-4697-ad51-988fcb419df3,Sunday,Empress Set Menu - Harmony Feast,1,180,"$15,800++"
Empress at ACM,empress-at-acm,https://wedded.sg/venues/empress-at-acm,019b18d5-0dc8-7561-95d0-15c2852a1ad1,1,EMPRESS Wedding 2026 Package.pdf,Indoor Exclusive,"Garden & Greenery, Glasshouse, Indoor, Restaurant, Waterfront",830e6788-7701-40c7-bac2-40e08a0253c1,Mon-Thu,Empress Set Menu - Harmony Feast,1,110,"$13,800++"
Empress at ACM,empress-at-acm,https://wedded.sg/venues/empress-at-acm,019b18d5-0dc8-7561-95d0-15c2852a1ad1,1,EMPRESS Wedding 2026 Package.pdf,Indoor Exclusive,"Garden & Greenery, Glasshouse, Indoor, Restaurant, Waterfront",830e6788-7701-40c7-bac2-40e08a0253c1,Friday,Empress Set Menu - Harmony Feast,1,110,"$13,800++"
Empress at ACM,empress-at-acm,https://wedded.sg/venues/empress-at-acm,019b18d5-0dc8-7561-95d0-15c2852a1ad1,1,EMPRESS Wedding 2026 Package.pdf,Indoor Exclusive,"Garden & Greenery, Glasshouse, Indoor, Restaurant, Waterfront",830e6788-7701-40c7-bac2-40e08a0253c1,Saturday,Empress Set Menu - Harmony Feast,1,110,"$13,800++"
Empress at ACM,empress-at-acm,https://wedded.sg/venues/empress-at-acm,019b18d5-0dc8-7561-95d0-15c2852a1ad1,1,EMPRESS Wedding 2026 Package.pdf,Indoor Exclusive,"Garden & Greenery, Glasshouse, Indoor, Restaurant, Waterfront",830e6788-7701-40c7-bac2-40e08a0253c1,Sunday,Empress Set Menu - Harmony Feast,1,110,"$13,800++"
Equarius Hotel / Ocean Gallery,equarius-hotel-ocean-gallery,https://wedded.sg/venues/equarius-hotel-ocean-gallery,019b7da0-a2a2-739c-85e0-5e1baf997b3c,2,Equarius Hotel Packages.pdf | Ocean Gallery and Ocean Dome.pdf,Equarius Ballroom,"Ballroom, Indoor",515ab71e-9480-4512-8835-99db9b36c517,Mon-Thu,8-Course Chinese Menu,250,520,$189++/pax
Equarius Hotel / Ocean Gallery,equarius-hotel-ocean-gallery,https://wedded.sg/venues/equarius-hotel-ocean-gallery,019b7da0-a2a2-739c-85e0-5e1baf997b3c,2,Equarius Hotel Packages.pdf | Ocean Gallery and Ocean Dome.pdf,Equarius Ballroom,"Ballroom, Indoor",515ab71e-9480-4512-8835-99db9b36c517,Friday,8-Course Chinese Menu,250,520,$199++/pax
Equarius Hotel / Ocean Gallery,equarius-hotel-ocean-gallery,https://wedded.sg/venues/equarius-hotel-ocean-gallery,019b7da0-a2a2-739c-85e0-5e1baf997b3c,2,Equarius Hotel Packages.pdf | Ocean Gallery and Ocean Dome.pdf,Equarius Ballroom,"Ballroom, Indoor",515ab71e-9480-4512-8835-99db9b36c517,Saturday,8-Course Chinese Menu,250,520,$199++/pax
Equarius Hotel / Ocean Gallery,equarius-hotel-ocean-gallery,https://wedded.sg/venues/equarius-hotel-ocean-gallery,019b7da0-a2a2-739c-85e0-5e1baf997b3c,2,Equarius Hotel Packages.pdf | Ocean Gallery and Ocean Dome.pdf,Equarius Ballroom,"Ballroom, Indoor",515ab71e-9480-4512-8835-99db9b36c517,Sunday,8-Course Chinese Menu,250,520,$189++/pax
Equarius Hotel / Ocean Gallery,equarius-hotel-ocean-gallery,https://wedded.sg/venues/equarius-hotel-ocean-gallery,019b7da0-a2a2-739c-85e0-5e1baf997b3c,2,Equarius Hotel Packages.pdf | Ocean Gallery and Ocean Dome.pdf,Ocean Dome,"Indoor, Waterfront",faa5a54d-4e89-45f2-9df9-f390b9f98d96,,,,,
Equarius Hotel / Ocean Gallery,equarius-hotel-ocean-gallery,https://wedded.sg/venues/equarius-hotel-ocean-gallery,019b7da0-a2a2-739c-85e0-5e1baf997b3c,2,Equarius Hotel Packages.pdf | Ocean Gallery and Ocean Dome.pdf,Ocean Gallery,"Indoor, Waterfront",7df99264-1493-40bf-b2e5-acd66b409588,Mon-Thu,6-Course Chinese or 5-Course Western Menu (Individually Plated),150,220,$298++/pax
Equarius Hotel / Ocean Gallery,equarius-hotel-ocean-gallery,https://wedded.sg/venues/equarius-hotel-ocean-gallery,019b7da0-a2a2-739c-85e0-5e1baf997b3c,2,Equarius Hotel Packages.pdf | Ocean Gallery and Ocean Dome.pdf,Ocean Gallery,"Indoor, Waterfront",7df99264-1493-40bf-b2e5-acd66b409588,Friday,6-Course Chinese or 5-Course Western Menu (Individually Plated),200,220,$308++/pax
Equarius Hotel / Ocean Gallery,equarius-hotel-ocean-gallery,https://wedded.sg/venues/equarius-hotel-ocean-gallery,019b7da0-a2a2-739c-85e0-5e1baf997b3c,2,Equarius Hotel Packages.pdf | Ocean Gallery and Ocean Dome.pdf,Ocean Gallery,"Indoor, Waterfront",7df99264-1493-40bf-b2e5-acd66b409588,Saturday,6-Course Chinese or 5-Course Western Menu (Individually Plated),200,220,$308++/pax
Equarius Hotel / Ocean Gallery,equarius-hotel-ocean-gallery,https://wedded.sg/venues/equarius-hotel-ocean-gallery,019b7da0-a2a2-739c-85e0-5e1baf997b3c,2,Equarius Hotel Packages.pdf | Ocean Gallery and Ocean Dome.pdf,Ocean Gallery,"Indoor, Waterfront",7df99264-1493-40bf-b2e5-acd66b409588,Sunday,6-Course Chinese or 5-Course Western Menu (Individually Plated),150,220,$298++/pax
Equarius Hotel / Ocean Gallery,equarius-hotel-ocean-gallery,https://wedded.sg/venues/equarius-hotel-ocean-gallery,019b7da0-a2a2-739c-85e0-5e1baf997b3c,2,Equarius Hotel Packages.pdf | Ocean Gallery and Ocean Dome.pdf,Saffron Room,Indoor,b605668c-cede-4483-881a-3a67392a8ace,Mon-Thu,8-Course Chinese Menu,80,100,$189++/pax
Equarius Hotel / Ocean Gallery,equarius-hotel-ocean-gallery,https://wedded.sg/venues/equarius-hotel-ocean-gallery,019b7da0-a2a2-739c-85e0-5e1baf997b3c,2,Equarius Hotel Packages.pdf | Ocean Gallery and Ocean Dome.pdf,Saffron Room,Indoor,b605668c-cede-4483-881a-3a67392a8ace,Friday,8-Course Chinese Menu,80,100,$199++/pax
Equarius Hotel / Ocean Gallery,equarius-hotel-ocean-gallery,https://wedded.sg/venues/equarius-hotel-ocean-gallery,019b7da0-a2a2-739c-85e0-5e1baf997b3c,2,Equarius Hotel Packages.pdf | Ocean Gallery and Ocean Dome.pdf,Saffron Room,Indoor,b605668c-cede-4483-881a-3a67392a8ace,Saturday,8-Course Chinese Menu,80,100,$199++/pax
Equarius Hotel / Ocean Gallery,equarius-hotel-ocean-gallery,https://wedded.sg/venues/equarius-hotel-ocean-gallery,019b7da0-a2a2-739c-85e0-5e1baf997b3c,2,Equarius Hotel Packages.pdf | Ocean Gallery and Ocean Dome.pdf,Saffron Room,Indoor,b605668c-cede-4483-881a-3a67392a8ace,Sunday,8-Course Chinese Menu,80,100,$189++/pax
Fico,fico,https://wedded.sg/venues/fico,019bb7ad-0411-7541-955d-d5bafa362da8,1,[Fico] Wedding Kit 2025 (2).pdf,Full Venue,"Garden & Greenery, Glasshouse, Indoor, Outdoor, Restaurant, Waterfront",00629664-6756-40e5-ba0d-415ac58242f7,Mon-Thu,4-Course Set Menu,1,110,"$20,000++"
Fico,fico,https://wedded.sg/venues/fico,019bb7ad-0411-7541-955d-d5bafa362da8,1,[Fico] Wedding Kit 2025 (2).pdf,Full Venue,"Garden & Greenery, Glasshouse, Indoor, Outdoor, Restaurant, Waterfront",00629664-6756-40e5-ba0d-415ac58242f7,Friday,4-Course Set Menu,1,110,"$20,000++"
Fico,fico,https://wedded.sg/venues/fico,019bb7ad-0411-7541-955d-d5bafa362da8,1,[Fico] Wedding Kit 2025 (2).pdf,Full Venue,"Garden & Greenery, Glasshouse, Indoor, Outdoor, Restaurant, Waterfront",00629664-6756-40e5-ba0d-415ac58242f7,Saturday,4-Course Set Menu,1,110,"$20,000++"
Fico,fico,https://wedded.sg/venues/fico,019bb7ad-0411-7541-955d-d5bafa362da8,1,[Fico] Wedding Kit 2025 (2).pdf,Full Venue,"Garden & Greenery, Glasshouse, Indoor, Outdoor, Restaurant, Waterfront",00629664-6756-40e5-ba0d-415ac58242f7,Sunday,4-Course Set Menu,1,110,"$20,000++"
Ficus Room @ Gardens by the Bay,ficus-room-at-gardens-by-the-bay,https://wedded.sg/venues/ficus-room-at-gardens-by-the-bay,019bf017-e9c6-7826-9767-40661192e9b5,0,,Ficus Room,"Event Venue, Garden & Greenery, Glasshouse, Indoor",22b4b01f-9dca-4986-9226-53d28e3eb4b4,Mon-Thu,"Solemnisation (Free booking, by ballot)",1,40,$1++/pax
Ficus Room @ Gardens by the Bay,ficus-room-at-gardens-by-the-bay,https://wedded.sg/venues/ficus-room-at-gardens-by-the-bay,019bf017-e9c6-7826-9767-40661192e9b5,0,,Ficus Room,"Event Venue, Garden & Greenery, Glasshouse, Indoor",22b4b01f-9dca-4986-9226-53d28e3eb4b4,Friday,"Solemnisation (Free booking, by ballot)",1,40,$1++/pax
Ficus Room @ Gardens by the Bay,ficus-room-at-gardens-by-the-bay,https://wedded.sg/venues/ficus-room-at-gardens-by-the-bay,019bf017-e9c6-7826-9767-40661192e9b5,0,,Ficus Room,"Event Venue, Garden & Greenery, Glasshouse, Indoor",22b4b01f-9dca-4986-9226-53d28e3eb4b4,Saturday,"Solemnisation (Free booking, by ballot)",1,40,$1++/pax
Ficus Room @ Gardens by the Bay,ficus-room-at-gardens-by-the-bay,https://wedded.sg/venues/ficus-room-at-gardens-by-the-bay,019bf017-e9c6-7826-9767-40661192e9b5,0,,Ficus Room,"Event Venue, Garden & Greenery, Glasshouse, Indoor",22b4b01f-9dca-4986-9226-53d28e3eb4b4,Sunday,"Solemnisation (Free booking, by ballot)",1,40,$1++/pax
Flutes,flutes,https://wedded.sg/venues/flutes,019bcd6a-2c1b-78fc-ac9f-e578b7fee97e,2,Flutes Solemnization Dinner for 80 persons Whole Restaurant.pdf | Flutes Solemnization Lunch for 80 persons Whole Restaurant.pdf,Whole Restaurant,"Colonial/Historical, Restaurant",4967d0a9-9be2-4657-b393-f60dd4df0766,Mon-Thu,4-Course Plated Menu,80,86,"$14,888++/ 80 pax"
Flutes,flutes,https://wedded.sg/venues/flutes,019bcd6a-2c1b-78fc-ac9f-e578b7fee97e,2,Flutes Solemnization Dinner for 80 persons Whole Restaurant.pdf | Flutes Solemnization Lunch for 80 persons Whole Restaurant.pdf,Whole Restaurant,"Colonial/Historical, Restaurant",4967d0a9-9be2-4657-b393-f60dd4df0766,Friday,4-Course Plated Menu,80,86,"$14,888++/ 80 pax"
Flutes,flutes,https://wedded.sg/venues/flutes,019bcd6a-2c1b-78fc-ac9f-e578b7fee97e,2,Flutes Solemnization Dinner for 80 persons Whole Restaurant.pdf | Flutes Solemnization Lunch for 80 persons Whole Restaurant.pdf,Whole Restaurant,"Colonial/Historical, Restaurant",4967d0a9-9be2-4657-b393-f60dd4df0766,Saturday,4-Course Plated Menu,80,86,"$14,888++/ 80 pax"
Flutes,flutes,https://wedded.sg/venues/flutes,019bcd6a-2c1b-78fc-ac9f-e578b7fee97e,2,Flutes Solemnization Dinner for 80 persons Whole Restaurant.pdf | Flutes Solemnization Lunch for 80 persons Whole Restaurant.pdf,Whole Restaurant,"Colonial/Historical, Restaurant",4967d0a9-9be2-4657-b393-f60dd4df0766,Sunday,4-Course Plated Menu,80,86,"$14,888++/ 80 pax"
"Four Points by Sheraton, Riverview",four-points-by-sheraton-riverview,https://wedded.sg/venues/four-points-by-sheraton-riverview,019b545a-b2e0-74e7-ba88-648ebe60f81f,0,,Jubilee Room,Indoor,c1bdd20e-df41-45b9-973f-943d6422fb8c,Mon-Thu,Enchanted - Bliss 8-Course Chinese Menu,150,250,$154++/pax
"Four Points by Sheraton, Riverview",four-points-by-sheraton-riverview,https://wedded.sg/venues/four-points-by-sheraton-riverview,019b545a-b2e0-74e7-ba88-648ebe60f81f,0,,Jubilee Room,Indoor,c1bdd20e-df41-45b9-973f-943d6422fb8c,Friday,Enchanted - Bliss 8-Course Chinese Menu,150,250,$154++/pax
"Four Points by Sheraton, Riverview",four-points-by-sheraton-riverview,https://wedded.sg/venues/four-points-by-sheraton-riverview,019b545a-b2e0-74e7-ba88-648ebe60f81f,0,,Jubilee Room,Indoor,c1bdd20e-df41-45b9-973f-943d6422fb8c,Saturday,Enchanted - Bliss 8-Course Chinese Menu,150,250,$159++/pax
"Four Points by Sheraton, Riverview",four-points-by-sheraton-riverview,https://wedded.sg/venues/four-points-by-sheraton-riverview,019b545a-b2e0-74e7-ba88-648ebe60f81f,0,,Jubilee Room,Indoor,c1bdd20e-df41-45b9-973f-943d6422fb8c,Sunday,Enchanted - Bliss 8-Course Chinese Menu,150,250,$159++/pax
"Four Points by Sheraton, Riverview",four-points-by-sheraton-riverview,https://wedded.sg/venues/four-points-by-sheraton-riverview,019b545a-b2e0-74e7-ba88-648ebe60f81f,0,,Robertson Room,Indoor,89d40627-3c33-40b0-84b7-56fa357772cf,Mon-Thu,Intimate - Bliss 8-Course Chinese Menu,60,100,$154++/pax
"Four Points by Sheraton, Riverview",four-points-by-sheraton-riverview,https://wedded.sg/venues/four-points-by-sheraton-riverview,019b545a-b2e0-74e7-ba88-648ebe60f81f,0,,Robertson Room,Indoor,89d40627-3c33-40b0-84b7-56fa357772cf,Friday,Intimate - Bliss 8-Course Chinese Menu,60,100,$154++/pax
"Four Points by Sheraton, Riverview",four-points-by-sheraton-riverview,https://wedded.sg/venues/four-points-by-sheraton-riverview,019b545a-b2e0-74e7-ba88-648ebe60f81f,0,,Robertson Room,Indoor,89d40627-3c33-40b0-84b7-56fa357772cf,Saturday,Intimate - Bliss 8-Course Chinese Menu,60,100,$159++/pax
"Four Points by Sheraton, Riverview",four-points-by-sheraton-riverview,https://wedded.sg/venues/four-points-by-sheraton-riverview,019b545a-b2e0-74e7-ba88-648ebe60f81f,0,,Robertson Room,Indoor,89d40627-3c33-40b0-84b7-56fa357772cf,Sunday,Intimate - Bliss 8-Course Chinese Menu,60,100,$159++/pax
Four Seasons Hotel Singapore,four-seasons-hotel-singapore,https://wedded.sg/venues/four-seasons-hotel-singapore,019b544a-e2cc-75c3-b74c-c139053f6f8d,3,2026 Intimate Weddings.pdf | 2026 Wedding Dinner (Sat & Sun) Package.pdf | 2026 Wedding Lunch Package.pdf,Crescent Ballroom,"Ballroom, Indoor",7ab7307f-e842-4d85-9e79-af26e3561aad,Mon-Thu,Curated 6-course individually plated menu,100,150,$228++/pax
Four Seasons Hotel Singapore,four-seasons-hotel-singapore,https://wedded.sg/venues/four-seasons-hotel-singapore,019b544a-e2cc-75c3-b74c-c139053f6f8d,3,2026 Intimate Weddings.pdf | 2026 Wedding Dinner (Sat & Sun) Package.pdf | 2026 Wedding Lunch Package.pdf,Crescent Ballroom,"Ballroom, Indoor",7ab7307f-e842-4d85-9e79-af26e3561aad,Friday,Curated 6-course individually plated menu,100,150,$228++/pax
Four Seasons Hotel Singapore,four-seasons-hotel-singapore,https://wedded.sg/venues/four-seasons-hotel-singapore,019b544a-e2cc-75c3-b74c-c139053f6f8d,3,2026 Intimate Weddings.pdf | 2026 Wedding Dinner (Sat & Sun) Package.pdf | 2026 Wedding Lunch Package.pdf,Crescent Ballroom,"Ballroom, Indoor",7ab7307f-e842-4d85-9e79-af26e3561aad,Saturday,Curated 6-course individually plated menu,120,150,$228++/pax
Four Seasons Hotel Singapore,four-seasons-hotel-singapore,https://wedded.sg/venues/four-seasons-hotel-singapore,019b544a-e2cc-75c3-b74c-c139053f6f8d,3,2026 Intimate Weddings.pdf | 2026 Wedding Dinner (Sat & Sun) Package.pdf | 2026 Wedding Lunch Package.pdf,Crescent Ballroom,"Ballroom, Indoor",7ab7307f-e842-4d85-9e79-af26e3561aad,Sunday,Curated 6-course individually plated menu,100,150,$228++/pax
Four Seasons Hotel Singapore,four-seasons-hotel-singapore,https://wedded.sg/venues/four-seasons-hotel-singapore,019b544a-e2cc-75c3-b74c-c139053f6f8d,3,2026 Intimate Weddings.pdf | 2026 Wedding Dinner (Sat & Sun) Package.pdf | 2026 Wedding Lunch Package.pdf,Four Seasons Ballroom,"Ballroom, Colonial/Historical, Glasshouse, Indoor",534bdc4c-d8db-4913-8c7e-ef20a9f66d06,Mon-Thu,Curated 6-course individually plated menu,200,300,$228++/pax
Four Seasons Hotel Singapore,four-seasons-hotel-singapore,https://wedded.sg/venues/four-seasons-hotel-singapore,019b544a-e2cc-75c3-b74c-c139053f6f8d,3,2026 Intimate Weddings.pdf | 2026 Wedding Dinner (Sat & Sun) Package.pdf | 2026 Wedding Lunch Package.pdf,Four Seasons Ballroom,"Ballroom, Colonial/Historical, Glasshouse, Indoor",534bdc4c-d8db-4913-8c7e-ef20a9f66d06,Friday,Curated 6-course individually plated menu,200,300,$228++/pax
Four Seasons Hotel Singapore,four-seasons-hotel-singapore,https://wedded.sg/venues/four-seasons-hotel-singapore,019b544a-e2cc-75c3-b74c-c139053f6f8d,3,2026 Intimate Weddings.pdf | 2026 Wedding Dinner (Sat & Sun) Package.pdf | 2026 Wedding Lunch Package.pdf,Four Seasons Ballroom,"Ballroom, Colonial/Historical, Glasshouse, Indoor",534bdc4c-d8db-4913-8c7e-ef20a9f66d06,Saturday,Curated 6-course individually plated menu,220,300,$228++/pax
Four Seasons Hotel Singapore,four-seasons-hotel-singapore,https://wedded.sg/venues/four-seasons-hotel-singapore,019b544a-e2cc-75c3-b74c-c139053f6f8d,3,2026 Intimate Weddings.pdf | 2026 Wedding Dinner (Sat & Sun) Package.pdf | 2026 Wedding Lunch Package.pdf,Four Seasons Ballroom,"Ballroom, Colonial/Historical, Glasshouse, Indoor",534bdc4c-d8db-4913-8c7e-ef20a9f66d06,Sunday,Curated 6-course individually plated menu,200,300,$228++/pax
Four Seasons Hotel Singapore,four-seasons-hotel-singapore,https://wedded.sg/venues/four-seasons-hotel-singapore,019b544a-e2cc-75c3-b74c-c139053f6f8d,3,2026 Intimate Weddings.pdf | 2026 Wedding Dinner (Sat & Sun) Package.pdf | 2026 Wedding Lunch Package.pdf,Windows East,"Colonial/Historical, Garden & Greenery, Glasshouse, Indoor, Outdoor, Rooftop",04a89f4c-32b8-4b17-9838-4058e55112d1,Mon-Thu,Curated 6-course individually plated menu,30,60,$238++/pax
Four Seasons Hotel Singapore,four-seasons-hotel-singapore,https://wedded.sg/venues/four-seasons-hotel-singapore,019b544a-e2cc-75c3-b74c-c139053f6f8d,3,2026 Intimate Weddings.pdf | 2026 Wedding Dinner (Sat & Sun) Package.pdf | 2026 Wedding Lunch Package.pdf,Windows East,"Colonial/Historical, Garden & Greenery, Glasshouse, Indoor, Outdoor, Rooftop",04a89f4c-32b8-4b17-9838-4058e55112d1,Friday,Curated 6-course individually plated menu,30,60,$238++/pax
Four Seasons Hotel Singapore,four-seasons-hotel-singapore,https://wedded.sg/venues/four-seasons-hotel-singapore,019b544a-e2cc-75c3-b74c-c139053f6f8d,3,2026 Intimate Weddings.pdf | 2026 Wedding Dinner (Sat & Sun) Package.pdf | 2026 Wedding Lunch Package.pdf,Windows East,"Colonial/Historical, Garden & Greenery, Glasshouse, Indoor, Outdoor, Rooftop",04a89f4c-32b8-4b17-9838-4058e55112d1,Saturday,Curated 6-course individually plated menu,30,60,$238++/pax
Four Seasons Hotel Singapore,four-seasons-hotel-singapore,https://wedded.sg/venues/four-seasons-hotel-singapore,019b544a-e2cc-75c3-b74c-c139053f6f8d,3,2026 Intimate Weddings.pdf | 2026 Wedding Dinner (Sat & Sun) Package.pdf | 2026 Wedding Lunch Package.pdf,Windows East,"Colonial/Historical, Garden & Greenery, Glasshouse, Indoor, Outdoor, Rooftop",04a89f4c-32b8-4b17-9838-4058e55112d1,Sunday,Curated 6-course individually plated menu,30,60,$238++/pax
Four Seasons Hotel Singapore,four-seasons-hotel-singapore,https://wedded.sg/venues/four-seasons-hotel-singapore,019b544a-e2cc-75c3-b74c-c139053f6f8d,3,2026 Intimate Weddings.pdf | 2026 Wedding Dinner (Sat & Sun) Package.pdf | 2026 Wedding Lunch Package.pdf,Windows West,"Colonial/Historical, Garden & Greenery, Glasshouse, Indoor, Outdoor, Rooftop",42d0c92a-730f-4f64-8858-d01e26d0f2ae,Mon-Thu,Curated 6-course individually plated menu,30,60,$238++/pax
Four Seasons Hotel Singapore,four-seasons-hotel-singapore,https://wedded.sg/venues/four-seasons-hotel-singapore,019b544a-e2cc-75c3-b74c-c139053f6f8d,3,2026 Intimate Weddings.pdf | 2026 Wedding Dinner (Sat & Sun) Package.pdf | 2026 Wedding Lunch Package.pdf,Windows West,"Colonial/Historical, Garden & Greenery, Glasshouse, Indoor, Outdoor, Rooftop",42d0c92a-730f-4f64-8858-d01e26d0f2ae,Friday,Curated 6-course individually plated menu,30,60,$238++/pax
Four Seasons Hotel Singapore,four-seasons-hotel-singapore,https://wedded.sg/venues/four-seasons-hotel-singapore,019b544a-e2cc-75c3-b74c-c139053f6f8d,3,2026 Intimate Weddings.pdf | 2026 Wedding Dinner (Sat & Sun) Package.pdf | 2026 Wedding Lunch Package.pdf,Windows West,"Colonial/Historical, Garden & Greenery, Glasshouse, Indoor, Outdoor, Rooftop",42d0c92a-730f-4f64-8858-d01e26d0f2ae,Saturday,Curated 6-course individually plated menu,30,60,$238++/pax
Four Seasons Hotel Singapore,four-seasons-hotel-singapore,https://wedded.sg/venues/four-seasons-hotel-singapore,019b544a-e2cc-75c3-b74c-c139053f6f8d,3,2026 Intimate Weddings.pdf | 2026 Wedding Dinner (Sat & Sun) Package.pdf | 2026 Wedding Lunch Package.pdf,Windows West,"Colonial/Historical, Garden & Greenery, Glasshouse, Indoor, Outdoor, Rooftop",42d0c92a-730f-4f64-8858-d01e26d0f2ae,Sunday,Curated 6-course individually plated menu,30,60,$238++/pax
Fu Lin Men (Chinese Swimming Club),fu-lin-men-chinese-swimming-club,https://wedded.sg/venues/fu-lin-men-chinese-swimming-club,019b7e53-aacc-76ba-a0cc-97cdec8262d1,1,Fu Lin Men.pdf,VIP Room,"Indoor, Restaurant",5afeb4b8-58f7-4664-b016-f4629d94608d,Mon-Thu,8-Course Chinese Cuisine (A Lifetime Promise Package),120,180,$89++/pax
Fu Lin Men (Chinese Swimming Club),fu-lin-men-chinese-swimming-club,https://wedded.sg/venues/fu-lin-men-chinese-swimming-club,019b7e53-aacc-76ba-a0cc-97cdec8262d1,1,Fu Lin Men.pdf,VIP Room,"Indoor, Restaurant",5afeb4b8-58f7-4664-b016-f4629d94608d,Friday,8-Course Chinese Cuisine (A Lifetime Promise Package),120,180,$89++/pax
Fu Lin Men (Chinese Swimming Club),fu-lin-men-chinese-swimming-club,https://wedded.sg/venues/fu-lin-men-chinese-swimming-club,019b7e53-aacc-76ba-a0cc-97cdec8262d1,1,Fu Lin Men.pdf,VIP Room,"Indoor, Restaurant",5afeb4b8-58f7-4664-b016-f4629d94608d,Saturday,8-Course Chinese Cuisine (A Lifetime Promise Package),120,180,$99++/pax
Fu Lin Men (Chinese Swimming Club),fu-lin-men-chinese-swimming-club,https://wedded.sg/venues/fu-lin-men-chinese-swimming-club,019b7e53-aacc-76ba-a0cc-97cdec8262d1,1,Fu Lin Men.pdf,VIP Room,"Indoor, Restaurant",5afeb4b8-58f7-4664-b016-f4629d94608d,Sunday,8-Course Chinese Cuisine (A Lifetime Promise Package),120,180,$99++/pax
Furama City Centre,furama-city-centre,https://wedded.sg/venues/furama-city-centre,019b5519-bd79-75f4-be9d-d9d56664c4d0,0,,Ballroom I or II,"Ballroom, Indoor",2139e7ec-6ace-4eb8-bd4b-b9a5d38cf1c0,Mon-Thu,Chinese Menu,140,180,$137++/pax
Furama City Centre,furama-city-centre,https://wedded.sg/venues/furama-city-centre,019b5519-bd79-75f4-be9d-d9d56664c4d0,0,,Ballroom I or II,"Ballroom, Indoor",2139e7ec-6ace-4eb8-bd4b-b9a5d38cf1c0,Friday,Chinese Menu,140,180,$137++/pax
Furama City Centre,furama-city-centre,https://wedded.sg/venues/furama-city-centre,019b5519-bd79-75f4-be9d-d9d56664c4d0,0,,Ballroom I or II,"Ballroom, Indoor",2139e7ec-6ace-4eb8-bd4b-b9a5d38cf1c0,Saturday,Chinese Menu,140,180,$137++/pax
Furama City Centre,furama-city-centre,https://wedded.sg/venues/furama-city-centre,019b5519-bd79-75f4-be9d-d9d56664c4d0,0,,Ballroom I or II,"Ballroom, Indoor",2139e7ec-6ace-4eb8-bd4b-b9a5d38cf1c0,Sunday,Chinese Menu,140,180,$137++/pax
Furama City Centre,furama-city-centre,https://wedded.sg/venues/furama-city-centre,019b5519-bd79-75f4-be9d-d9d56664c4d0,0,,The Grand Ballroom,"Ballroom, Indoor",c8060b9d-480c-4d10-a092-9a6d1be8dee9,Mon-Thu,Chinese Menu,200,450,$137++/pax
Furama City Centre,furama-city-centre,https://wedded.sg/venues/furama-city-centre,019b5519-bd79-75f4-be9d-d9d56664c4d0,0,,The Grand Ballroom,"Ballroom, Indoor",c8060b9d-480c-4d10-a092-9a6d1be8dee9,Friday,Chinese Menu,200,450,$137++/pax
Furama City Centre,furama-city-centre,https://wedded.sg/venues/furama-city-centre,019b5519-bd79-75f4-be9d-d9d56664c4d0,0,,The Grand Ballroom,"Ballroom, Indoor",c8060b9d-480c-4d10-a092-9a6d1be8dee9,Saturday,Chinese Menu,200,450,$137++/pax
Furama City Centre,furama-city-centre,https://wedded.sg/venues/furama-city-centre,019b5519-bd79-75f4-be9d-d9d56664c4d0,0,,The Grand Ballroom,"Ballroom, Indoor",c8060b9d-480c-4d10-a092-9a6d1be8dee9,Sunday,Chinese Menu,200,450,$137++/pax
Furama Riverfront,furama-riverfront,https://wedded.sg/venues/furama-riverfront,019b54f7-615c-7109-898f-45dbddc3af1c,2,Apollo Wedding Package compressed.pdf | A Summer's Dream Wedding Package 2026 & 2027.pdf,Apollo,"Garden & Greenery, Glasshouse, Indoor",0ceabf1b-6d7c-4df1-bce5-6c5d0989a0c4,Mon-Thu,Kintamani Buffet Menu (Fusion Halal),100,150,$65++/pax
Furama Riverfront,furama-riverfront,https://wedded.sg/venues/furama-riverfront,019b54f7-615c-7109-898f-45dbddc3af1c,2,Apollo Wedding Package compressed.pdf | A Summer's Dream Wedding Package 2026 & 2027.pdf,Apollo,"Garden & Greenery, Glasshouse, Indoor",0ceabf1b-6d7c-4df1-bce5-6c5d0989a0c4,Friday,Kintamani Buffet Menu (Fusion Halal),100,150,$65++/pax
Furama Riverfront,furama-riverfront,https://wedded.sg/venues/furama-riverfront,019b54f7-615c-7109-898f-45dbddc3af1c,2,Apollo Wedding Package compressed.pdf | A Summer's Dream Wedding Package 2026 & 2027.pdf,Apollo,"Garden & Greenery, Glasshouse, Indoor",0ceabf1b-6d7c-4df1-bce5-6c5d0989a0c4,Saturday,Kintamani Buffet Menu (Fusion Halal),100,150,$70++/pax
Furama Riverfront,furama-riverfront,https://wedded.sg/venues/furama-riverfront,019b54f7-615c-7109-898f-45dbddc3af1c,2,Apollo Wedding Package compressed.pdf | A Summer's Dream Wedding Package 2026 & 2027.pdf,Apollo,"Garden & Greenery, Glasshouse, Indoor",0ceabf1b-6d7c-4df1-bce5-6c5d0989a0c4,Sunday,Kintamani Buffet Menu (Fusion Halal),100,150,$70++/pax
Furama Riverfront,furama-riverfront,https://wedded.sg/venues/furama-riverfront,019b54f7-615c-7109-898f-45dbddc3af1c,2,Apollo Wedding Package compressed.pdf | A Summer's Dream Wedding Package 2026 & 2027.pdf,Jupiter,Indoor,60436d37-048d-4605-8164-6dc9c5dbb45e,Mon-Thu,Chinese Menu,150,250,$129++/pax
Furama Riverfront,furama-riverfront,https://wedded.sg/venues/furama-riverfront,019b54f7-615c-7109-898f-45dbddc3af1c,2,Apollo Wedding Package compressed.pdf | A Summer's Dream Wedding Package 2026 & 2027.pdf,Jupiter,Indoor,60436d37-048d-4605-8164-6dc9c5dbb45e,Friday,Chinese Menu,150,250,$129++/pax
Furama Riverfront,furama-riverfront,https://wedded.sg/venues/furama-riverfront,019b54f7-615c-7109-898f-45dbddc3af1c,2,Apollo Wedding Package compressed.pdf | A Summer's Dream Wedding Package 2026 & 2027.pdf,Jupiter,Indoor,60436d37-048d-4605-8164-6dc9c5dbb45e,Saturday,Chinese Menu,150,250,$129++/pax
Furama Riverfront,furama-riverfront,https://wedded.sg/venues/furama-riverfront,019b54f7-615c-7109-898f-45dbddc3af1c,2,Apollo Wedding Package compressed.pdf | A Summer's Dream Wedding Package 2026 & 2027.pdf,Jupiter,Indoor,60436d37-048d-4605-8164-6dc9c5dbb45e,Sunday,Chinese Menu,150,250,$129++/pax
Furama Riverfront,furama-riverfront,https://wedded.sg/venues/furama-riverfront,019b54f7-615c-7109-898f-45dbddc3af1c,2,Apollo Wedding Package compressed.pdf | A Summer's Dream Wedding Package 2026 & 2027.pdf,Mercury,Indoor,6ccd095f-92b1-45d4-91a1-d6c0341fd8c0,Mon-Thu,Chinese Menu,180,340,$131++/pax
Furama Riverfront,furama-riverfront,https://wedded.sg/venues/furama-riverfront,019b54f7-615c-7109-898f-45dbddc3af1c,2,Apollo Wedding Package compressed.pdf | A Summer's Dream Wedding Package 2026 & 2027.pdf,Mercury,Indoor,6ccd095f-92b1-45d4-91a1-d6c0341fd8c0,Friday,Chinese Menu,180,340,$131++/pax
Furama Riverfront,furama-riverfront,https://wedded.sg/venues/furama-riverfront,019b54f7-615c-7109-898f-45dbddc3af1c,2,Apollo Wedding Package compressed.pdf | A Summer's Dream Wedding Package 2026 & 2027.pdf,Mercury,Indoor,6ccd095f-92b1-45d4-91a1-d6c0341fd8c0,Saturday,Chinese Menu,180,340,$131++/pax
Furama Riverfront,furama-riverfront,https://wedded.sg/venues/furama-riverfront,019b54f7-615c-7109-898f-45dbddc3af1c,2,Apollo Wedding Package compressed.pdf | A Summer's Dream Wedding Package 2026 & 2027.pdf,Mercury,Indoor,6ccd095f-92b1-45d4-91a1-d6c0341fd8c0,Sunday,Chinese Menu,180,340,$131++/pax
Furama Riverfront,furama-riverfront,https://wedded.sg/venues/furama-riverfront,019b54f7-615c-7109-898f-45dbddc3af1c,2,Apollo Wedding Package compressed.pdf | A Summer's Dream Wedding Package 2026 & 2027.pdf,Mercury I & II,Indoor,d0097cf0-06f6-45c6-8f2a-f11ff7c55000,Mon-Thu,Chinese Menu,100,120,$135++/pax
Furama Riverfront,furama-riverfront,https://wedded.sg/venues/furama-riverfront,019b54f7-615c-7109-898f-45dbddc3af1c,2,Apollo Wedding Package compressed.pdf | A Summer's Dream Wedding Package 2026 & 2027.pdf,Mercury I & II,Indoor,d0097cf0-06f6-45c6-8f2a-f11ff7c55000,Friday,Chinese Menu,100,120,$135++/pax
Furama Riverfront,furama-riverfront,https://wedded.sg/venues/furama-riverfront,019b54f7-615c-7109-898f-45dbddc3af1c,2,Apollo Wedding Package compressed.pdf | A Summer's Dream Wedding Package 2026 & 2027.pdf,Mercury I & II,Indoor,d0097cf0-06f6-45c6-8f2a-f11ff7c55000,Saturday,Chinese Menu,100,120,$135++/pax
Furama Riverfront,furama-riverfront,https://wedded.sg/venues/furama-riverfront,019b54f7-615c-7109-898f-45dbddc3af1c,2,Apollo Wedding Package compressed.pdf | A Summer's Dream Wedding Package 2026 & 2027.pdf,Mercury I & II,Indoor,d0097cf0-06f6-45c6-8f2a-f11ff7c55000,Sunday,Chinese Menu,100,120,$135++/pax
Furama Riverfront,furama-riverfront,https://wedded.sg/venues/furama-riverfront,019b54f7-615c-7109-898f-45dbddc3af1c,2,Apollo Wedding Package compressed.pdf | A Summer's Dream Wedding Package 2026 & 2027.pdf,The Waterfall,"Garden & Greenery, Glasshouse, Indoor",fa99ba98-5c6e-4c5f-8045-c7c8d68ac206,Mon-Thu,Chinese Menu,150,200,$147++/pax
Furama Riverfront,furama-riverfront,https://wedded.sg/venues/furama-riverfront,019b54f7-615c-7109-898f-45dbddc3af1c,2,Apollo Wedding Package compressed.pdf | A Summer's Dream Wedding Package 2026 & 2027.pdf,The Waterfall,"Garden & Greenery, Glasshouse, Indoor",fa99ba98-5c6e-4c5f-8045-c7c8d68ac206,Friday,Chinese Menu,150,200,$147++/pax
Furama Riverfront,furama-riverfront,https://wedded.sg/venues/furama-riverfront,019b54f7-615c-7109-898f-45dbddc3af1c,2,Apollo Wedding Package compressed.pdf | A Summer's Dream Wedding Package 2026 & 2027.pdf,The Waterfall,"Garden & Greenery, Glasshouse, Indoor",fa99ba98-5c6e-4c5f-8045-c7c8d68ac206,Saturday,Chinese Menu,150,200,$147++/pax
Furama Riverfront,furama-riverfront,https://wedded.sg/venues/furama-riverfront,019b54f7-615c-7109-898f-45dbddc3af1c,2,Apollo Wedding Package compressed.pdf | A Summer's Dream Wedding Package 2026 & 2027.pdf,The Waterfall,"Garden & Greenery, Glasshouse, Indoor",fa99ba98-5c6e-4c5f-8045-c7c8d68ac206,Sunday,Chinese Menu,150,200,$147++/pax
Furama Riverfront,furama-riverfront,https://wedded.sg/venues/furama-riverfront,019b54f7-615c-7109-898f-45dbddc3af1c,2,Apollo Wedding Package compressed.pdf | A Summer's Dream Wedding Package 2026 & 2027.pdf,Venus Grand,Indoor,adf59abb-e20a-46b0-9834-43488664bb77,Mon-Thu,Chinese Menu,350,480,$140++/pax
Furama Riverfront,furama-riverfront,https://wedded.sg/venues/furama-riverfront,019b54f7-615c-7109-898f-45dbddc3af1c,2,Apollo Wedding Package compressed.pdf | A Summer's Dream Wedding Package 2026 & 2027.pdf,Venus Grand,Indoor,adf59abb-e20a-46b0-9834-43488664bb77,Friday,Chinese Menu,350,480,$140++/pax
Furama Riverfront,furama-riverfront,https://wedded.sg/venues/furama-riverfront,019b54f7-615c-7109-898f-45dbddc3af1c,2,Apollo Wedding Package compressed.pdf | A Summer's Dream Wedding Package 2026 & 2027.pdf,Venus Grand,Indoor,adf59abb-e20a-46b0-9834-43488664bb77,Saturday,Chinese Menu,350,480,$140++/pax
Furama Riverfront,furama-riverfront,https://wedded.sg/venues/furama-riverfront,019b54f7-615c-7109-898f-45dbddc3af1c,2,Apollo Wedding Package compressed.pdf | A Summer's Dream Wedding Package 2026 & 2027.pdf,Venus Grand,Indoor,adf59abb-e20a-46b0-9834-43488664bb77,Sunday,Chinese Menu,350,480,$140++/pax
Furama Riverfront,furama-riverfront,https://wedded.sg/venues/furama-riverfront,019b54f7-615c-7109-898f-45dbddc3af1c,2,Apollo Wedding Package compressed.pdf | A Summer's Dream Wedding Package 2026 & 2027.pdf,Venus I,Indoor,eaae2cc6-7ffd-46a6-a8a3-c2c2dfc3df0e,Mon-Thu,Chinese Menu,100,120,$143++/pax
Furama Riverfront,furama-riverfront,https://wedded.sg/venues/furama-riverfront,019b54f7-615c-7109-898f-45dbddc3af1c,2,Apollo Wedding Package compressed.pdf | A Summer's Dream Wedding Package 2026 & 2027.pdf,Venus I,Indoor,eaae2cc6-7ffd-46a6-a8a3-c2c2dfc3df0e,Friday,Chinese Menu,100,120,$143++/pax
Furama Riverfront,furama-riverfront,https://wedded.sg/venues/furama-riverfront,019b54f7-615c-7109-898f-45dbddc3af1c,2,Apollo Wedding Package compressed.pdf | A Summer's Dream Wedding Package 2026 & 2027.pdf,Venus I,Indoor,eaae2cc6-7ffd-46a6-a8a3-c2c2dfc3df0e,Saturday,Chinese Menu,100,120,$143++/pax
Furama Riverfront,furama-riverfront,https://wedded.sg/venues/furama-riverfront,019b54f7-615c-7109-898f-45dbddc3af1c,2,Apollo Wedding Package compressed.pdf | A Summer's Dream Wedding Package 2026 & 2027.pdf,Venus I,Indoor,eaae2cc6-7ffd-46a6-a8a3-c2c2dfc3df0e,Sunday,Chinese Menu,100,120,$143++/pax
Furama Riverfront,furama-riverfront,https://wedded.sg/venues/furama-riverfront,019b54f7-615c-7109-898f-45dbddc3af1c,2,Apollo Wedding Package compressed.pdf | A Summer's Dream Wedding Package 2026 & 2027.pdf,"Venus II, III",Indoor,949d2578-ff7c-4004-a3f1-1745f7cd3a52,Mon-Thu,Chinese Menu,200,250,$143++/pax
Furama Riverfront,furama-riverfront,https://wedded.sg/venues/furama-riverfront,019b54f7-615c-7109-898f-45dbddc3af1c,2,Apollo Wedding Package compressed.pdf | A Summer's Dream Wedding Package 2026 & 2027.pdf,"Venus II, III",Indoor,949d2578-ff7c-4004-a3f1-1745f7cd3a52,Friday,Chinese Menu,200,250,$143++/pax
Furama Riverfront,furama-riverfront,https://wedded.sg/venues/furama-riverfront,019b54f7-615c-7109-898f-45dbddc3af1c,2,Apollo Wedding Package compressed.pdf | A Summer's Dream Wedding Package 2026 & 2027.pdf,"Venus II, III",Indoor,949d2578-ff7c-4004-a3f1-1745f7cd3a52,Saturday,Chinese Menu,200,250,$143++/pax
Furama Riverfront,furama-riverfront,https://wedded.sg/venues/furama-riverfront,019b54f7-615c-7109-898f-45dbddc3af1c,2,Apollo Wedding Package compressed.pdf | A Summer's Dream Wedding Package 2026 & 2027.pdf,"Venus II, III",Indoor,949d2578-ff7c-4004-a3f1-1745f7cd3a52,Sunday,Chinese Menu,200,250,$143++/pax
Genting Hotel Jurong,genting-hotel-jurong,https://wedded.sg/venues/genting-hotel-jurong,019b7d88-1e69-71a0-bee1-943cb163ce3b,1,GHJ Wedding.pdf,Genting Ballroom,"Ballroom, Indoor",94e5bc72-cedb-4698-8be2-bba0fd7da7e5,Mon-Thu,8-Course Chinese Menu,150,330,$129++/pax
Genting Hotel Jurong,genting-hotel-jurong,https://wedded.sg/venues/genting-hotel-jurong,019b7d88-1e69-71a0-bee1-943cb163ce3b,1,GHJ Wedding.pdf,Genting Ballroom,"Ballroom, Indoor",94e5bc72-cedb-4698-8be2-bba0fd7da7e5,Friday,8-Course Chinese Menu,150,330,$139++/pax
Genting Hotel Jurong,genting-hotel-jurong,https://wedded.sg/venues/genting-hotel-jurong,019b7d88-1e69-71a0-bee1-943cb163ce3b,1,GHJ Wedding.pdf,Genting Ballroom,"Ballroom, Indoor",94e5bc72-cedb-4698-8be2-bba0fd7da7e5,Saturday,8-Course Chinese Menu,150,330,$139++/pax
Genting Hotel Jurong,genting-hotel-jurong,https://wedded.sg/venues/genting-hotel-jurong,019b7d88-1e69-71a0-bee1-943cb163ce3b,1,GHJ Wedding.pdf,Genting Ballroom,"Ballroom, Indoor",94e5bc72-cedb-4698-8be2-bba0fd7da7e5,Sunday,8-Course Chinese Menu,150,330,$139++/pax
Genting Hotel Jurong,genting-hotel-jurong,https://wedded.sg/venues/genting-hotel-jurong,019b7d88-1e69-71a0-bee1-943cb163ce3b,1,GHJ Wedding.pdf,Sky Lawn,"Garden & Greenery, Outdoor, Rooftop",086d16fb-44bf-4c3d-963b-fc7c44286f0d,Mon-Thu,Solemnization Package - High Tea Buffet,40,50,$98++/pax
Genting Hotel Jurong,genting-hotel-jurong,https://wedded.sg/venues/genting-hotel-jurong,019b7d88-1e69-71a0-bee1-943cb163ce3b,1,GHJ Wedding.pdf,Sky Lawn,"Garden & Greenery, Outdoor, Rooftop",086d16fb-44bf-4c3d-963b-fc7c44286f0d,Friday,Solemnization Package - High Tea Buffet,40,50,$98++/pax
Genting Hotel Jurong,genting-hotel-jurong,https://wedded.sg/venues/genting-hotel-jurong,019b7d88-1e69-71a0-bee1-943cb163ce3b,1,GHJ Wedding.pdf,Sky Lawn,"Garden & Greenery, Outdoor, Rooftop",086d16fb-44bf-4c3d-963b-fc7c44286f0d,Saturday,Solemnization Package - High Tea Buffet,40,50,$98++/pax
Genting Hotel Jurong,genting-hotel-jurong,https://wedded.sg/venues/genting-hotel-jurong,019b7d88-1e69-71a0-bee1-943cb163ce3b,1,GHJ Wedding.pdf,Sky Lawn,"Garden & Greenery, Outdoor, Rooftop",086d16fb-44bf-4c3d-963b-fc7c44286f0d,Sunday,Solemnization Package - High Tea Buffet,40,50,$98++/pax
Goodwood Park Hotel,goodwood-park-hotel,https://wedded.sg/venues/goodwood-park-hotel,019b552a-ddad-7743-a367-b4a6373d6f1c,2,Windsor.pdf | Tudor.pdf,Tudor Ballroom,"Ballroom, Colonial/Historical, Indoor",0797dfa0-2ca8-4f4e-87a7-63856276c62d,Mon-Thu,8-Course Wedding Chinese Menu,120,180,$174++/pax
Goodwood Park Hotel,goodwood-park-hotel,https://wedded.sg/venues/goodwood-park-hotel,019b552a-ddad-7743-a367-b4a6373d6f1c,2,Windsor.pdf | Tudor.pdf,Tudor Ballroom,"Ballroom, Colonial/Historical, Indoor",0797dfa0-2ca8-4f4e-87a7-63856276c62d,Friday,8-Course Wedding Chinese Menu,120,180,$174++/pax
Goodwood Park Hotel,goodwood-park-hotel,https://wedded.sg/venues/goodwood-park-hotel,019b552a-ddad-7743-a367-b4a6373d6f1c,2,Windsor.pdf | Tudor.pdf,Tudor Ballroom,"Ballroom, Colonial/Historical, Indoor",0797dfa0-2ca8-4f4e-87a7-63856276c62d,Saturday,8-Course Wedding Chinese Menu,120,180,$174++/pax
Goodwood Park Hotel,goodwood-park-hotel,https://wedded.sg/venues/goodwood-park-hotel,019b552a-ddad-7743-a367-b4a6373d6f1c,2,Windsor.pdf | Tudor.pdf,Tudor Ballroom,"Ballroom, Colonial/Historical, Indoor",0797dfa0-2ca8-4f4e-87a7-63856276c62d,Sunday,8-Course Wedding Chinese Menu,120,180,$174++/pax
Goodwood Park Hotel,goodwood-park-hotel,https://wedded.sg/venues/goodwood-park-hotel,019b552a-ddad-7743-a367-b4a6373d6f1c,2,Windsor.pdf | Tudor.pdf,Windsor Ballroom,"Ballroom, Colonial/Historical, Indoor",9ad0894e-26fe-4f50-b5d9-a65124a924da,Mon-Thu,8-Course Wedding Chinese Menu,250,350,$174++/pax
Goodwood Park Hotel,goodwood-park-hotel,https://wedded.sg/venues/goodwood-park-hotel,019b552a-ddad-7743-a367-b4a6373d6f1c,2,Windsor.pdf | Tudor.pdf,Windsor Ballroom,"Ballroom, Colonial/Historical, Indoor",9ad0894e-26fe-4f50-b5d9-a65124a924da,Friday,8-Course Wedding Chinese Menu,250,350,$174++/pax
Goodwood Park Hotel,goodwood-park-hotel,https://wedded.sg/venues/goodwood-park-hotel,019b552a-ddad-7743-a367-b4a6373d6f1c,2,Windsor.pdf | Tudor.pdf,Windsor Ballroom,"Ballroom, Colonial/Historical, Indoor",9ad0894e-26fe-4f50-b5d9-a65124a924da,Saturday,8-Course Wedding Chinese Menu,250,350,$174++/pax
Goodwood Park Hotel,goodwood-park-hotel,https://wedded.sg/venues/goodwood-park-hotel,019b552a-ddad-7743-a367-b4a6373d6f1c,2,Windsor.pdf | Tudor.pdf,Windsor Ballroom,"Ballroom, Colonial/Historical, Indoor",9ad0894e-26fe-4f50-b5d9-a65124a924da,Sunday,8-Course Wedding Chinese Menu,250,350,$174++/pax
Grand Copthorne Waterfront Hotel Singapore,grand-copthorne-waterfront-hotel-singapore,https://wedded.sg/venues/grand-copthorne-waterfront-hotel-singapore,019b7df7-e267-7e7d-9d9c-3608e78b871a,2,Grand Copthorne Waterfront Intimate Wedding Packages 2026.pdf | Grand Copthorne Waterfront Wedding Packages 2026.pdf,Galleria Ballroom,"Ballroom, Garden & Greenery, Indoor",5306f90c-5bd6-48ab-be64-4c3ca270f7c1,Mon-Thu,8-Course Chinese Set Menu,100,160,$191++/pax
Grand Copthorne Waterfront Hotel Singapore,grand-copthorne-waterfront-hotel-singapore,https://wedded.sg/venues/grand-copthorne-waterfront-hotel-singapore,019b7df7-e267-7e7d-9d9c-3608e78b871a,2,Grand Copthorne Waterfront Intimate Wedding Packages 2026.pdf | Grand Copthorne Waterfront Wedding Packages 2026.pdf,Galleria Ballroom,"Ballroom, Garden & Greenery, Indoor",5306f90c-5bd6-48ab-be64-4c3ca270f7c1,Friday,8-Course Chinese Set Menu,100,160,$191++/pax
Grand Copthorne Waterfront Hotel Singapore,grand-copthorne-waterfront-hotel-singapore,https://wedded.sg/venues/grand-copthorne-waterfront-hotel-singapore,019b7df7-e267-7e7d-9d9c-3608e78b871a,2,Grand Copthorne Waterfront Intimate Wedding Packages 2026.pdf | Grand Copthorne Waterfront Wedding Packages 2026.pdf,Galleria Ballroom,"Ballroom, Garden & Greenery, Indoor",5306f90c-5bd6-48ab-be64-4c3ca270f7c1,Saturday,8-Course Chinese Set Menu,100,160,$191++/pax
Grand Copthorne Waterfront Hotel Singapore,grand-copthorne-waterfront-hotel-singapore,https://wedded.sg/venues/grand-copthorne-waterfront-hotel-singapore,019b7df7-e267-7e7d-9d9c-3608e78b871a,2,Grand Copthorne Waterfront Intimate Wedding Packages 2026.pdf | Grand Copthorne Waterfront Wedding Packages 2026.pdf,Galleria Ballroom,"Ballroom, Garden & Greenery, Indoor",5306f90c-5bd6-48ab-be64-4c3ca270f7c1,Sunday,8-Course Chinese Set Menu,100,160,$191++/pax
Grand Copthorne Waterfront Hotel Singapore,grand-copthorne-waterfront-hotel-singapore,https://wedded.sg/venues/grand-copthorne-waterfront-hotel-singapore,019b7df7-e267-7e7d-9d9c-3608e78b871a,2,Grand Copthorne Waterfront Intimate Wedding Packages 2026.pdf | Grand Copthorne Waterfront Wedding Packages 2026.pdf,Grand Ballroom,"Ballroom, Indoor",04862861-befd-4ca9-87a0-df3a18bff84d,Mon-Thu,8-Course Chinese Set Menu,300,600,$201++/pax
Grand Copthorne Waterfront Hotel Singapore,grand-copthorne-waterfront-hotel-singapore,https://wedded.sg/venues/grand-copthorne-waterfront-hotel-singapore,019b7df7-e267-7e7d-9d9c-3608e78b871a,2,Grand Copthorne Waterfront Intimate Wedding Packages 2026.pdf | Grand Copthorne Waterfront Wedding Packages 2026.pdf,Grand Ballroom,"Ballroom, Indoor",04862861-befd-4ca9-87a0-df3a18bff84d,Friday,8-Course Chinese Set Menu,300,600,$201++/pax
Grand Copthorne Waterfront Hotel Singapore,grand-copthorne-waterfront-hotel-singapore,https://wedded.sg/venues/grand-copthorne-waterfront-hotel-singapore,019b7df7-e267-7e7d-9d9c-3608e78b871a,2,Grand Copthorne Waterfront Intimate Wedding Packages 2026.pdf | Grand Copthorne Waterfront Wedding Packages 2026.pdf,Grand Ballroom,"Ballroom, Indoor",04862861-befd-4ca9-87a0-df3a18bff84d,Saturday,8-Course Chinese Set Menu,300,600,$201++/pax
Grand Copthorne Waterfront Hotel Singapore,grand-copthorne-waterfront-hotel-singapore,https://wedded.sg/venues/grand-copthorne-waterfront-hotel-singapore,019b7df7-e267-7e7d-9d9c-3608e78b871a,2,Grand Copthorne Waterfront Intimate Wedding Packages 2026.pdf | Grand Copthorne Waterfront Wedding Packages 2026.pdf,Grand Ballroom,"Ballroom, Indoor",04862861-befd-4ca9-87a0-df3a18bff84d,Sunday,8-Course Chinese Set Menu,300,600,$201++/pax
Grand Copthorne Waterfront Hotel Singapore,grand-copthorne-waterfront-hotel-singapore,https://wedded.sg/venues/grand-copthorne-waterfront-hotel-singapore,019b7df7-e267-7e7d-9d9c-3608e78b871a,2,Grand Copthorne Waterfront Intimate Wedding Packages 2026.pdf | Grand Copthorne Waterfront Wedding Packages 2026.pdf,Riverfront Ballroom,"Ballroom, Garden & Greenery, Indoor, Waterfront",bdb627c7-98ea-49d6-a2b3-66de118b187f,Mon-Thu,8-Course Chinese Set Menu,150,200,$191++/pax
Grand Copthorne Waterfront Hotel Singapore,grand-copthorne-waterfront-hotel-singapore,https://wedded.sg/venues/grand-copthorne-waterfront-hotel-singapore,019b7df7-e267-7e7d-9d9c-3608e78b871a,2,Grand Copthorne Waterfront Intimate Wedding Packages 2026.pdf | Grand Copthorne Waterfront Wedding Packages 2026.pdf,Riverfront Ballroom,"Ballroom, Garden & Greenery, Indoor, Waterfront",bdb627c7-98ea-49d6-a2b3-66de118b187f,Friday,8-Course Chinese Set Menu,150,200,$191++/pax
Grand Copthorne Waterfront Hotel Singapore,grand-copthorne-waterfront-hotel-singapore,https://wedded.sg/venues/grand-copthorne-waterfront-hotel-singapore,019b7df7-e267-7e7d-9d9c-3608e78b871a,2,Grand Copthorne Waterfront Intimate Wedding Packages 2026.pdf | Grand Copthorne Waterfront Wedding Packages 2026.pdf,Riverfront Ballroom,"Ballroom, Garden & Greenery, Indoor, Waterfront",bdb627c7-98ea-49d6-a2b3-66de118b187f,Saturday,8-Course Chinese Set Menu,150,200,$191++/pax
Grand Copthorne Waterfront Hotel Singapore,grand-copthorne-waterfront-hotel-singapore,https://wedded.sg/venues/grand-copthorne-waterfront-hotel-singapore,019b7df7-e267-7e7d-9d9c-3608e78b871a,2,Grand Copthorne Waterfront Intimate Wedding Packages 2026.pdf | Grand Copthorne Waterfront Wedding Packages 2026.pdf,Riverfront Ballroom,"Ballroom, Garden & Greenery, Indoor, Waterfront",bdb627c7-98ea-49d6-a2b3-66de118b187f,Sunday,8-Course Chinese Set Menu,150,200,$191++/pax
Grand Copthorne Waterfront Hotel Singapore,grand-copthorne-waterfront-hotel-singapore,https://wedded.sg/venues/grand-copthorne-waterfront-hotel-singapore,019b7df7-e267-7e7d-9d9c-3608e78b871a,2,Grand Copthorne Waterfront Intimate Wedding Packages 2026.pdf | Grand Copthorne Waterfront Wedding Packages 2026.pdf,Waterfront Ballroom,"Ballroom, Garden & Greenery, Indoor, Waterfront",08f5b3f6-b10d-4845-8f8a-709b06c03f50,Mon-Thu,8-Course Chinese Set Menu,200,280,$191++/pax
Grand Copthorne Waterfront Hotel Singapore,grand-copthorne-waterfront-hotel-singapore,https://wedded.sg/venues/grand-copthorne-waterfront-hotel-singapore,019b7df7-e267-7e7d-9d9c-3608e78b871a,2,Grand Copthorne Waterfront Intimate Wedding Packages 2026.pdf | Grand Copthorne Waterfront Wedding Packages 2026.pdf,Waterfront Ballroom,"Ballroom, Garden & Greenery, Indoor, Waterfront",08f5b3f6-b10d-4845-8f8a-709b06c03f50,Friday,8-Course Chinese Set Menu,200,280,$191++/pax
Grand Copthorne Waterfront Hotel Singapore,grand-copthorne-waterfront-hotel-singapore,https://wedded.sg/venues/grand-copthorne-waterfront-hotel-singapore,019b7df7-e267-7e7d-9d9c-3608e78b871a,2,Grand Copthorne Waterfront Intimate Wedding Packages 2026.pdf | Grand Copthorne Waterfront Wedding Packages 2026.pdf,Waterfront Ballroom,"Ballroom, Garden & Greenery, Indoor, Waterfront",08f5b3f6-b10d-4845-8f8a-709b06c03f50,Saturday,8-Course Chinese Set Menu,200,280,$191++/pax
Grand Copthorne Waterfront Hotel Singapore,grand-copthorne-waterfront-hotel-singapore,https://wedded.sg/venues/grand-copthorne-waterfront-hotel-singapore,019b7df7-e267-7e7d-9d9c-3608e78b871a,2,Grand Copthorne Waterfront Intimate Wedding Packages 2026.pdf | Grand Copthorne Waterfront Wedding Packages 2026.pdf,Waterfront Ballroom,"Ballroom, Garden & Greenery, Indoor, Waterfront",08f5b3f6-b10d-4845-8f8a-709b06c03f50,Sunday,8-Course Chinese Set Menu,200,280,$191++/pax
Grand Hyatt Singapore,grand-hyatt-singapore,https://wedded.sg/venues/grand-hyatt-singapore,019b7dfe-ba43-7c59-b314-2106a83edb18,2,Grand Hyatt Singapore 2026 Wedding Dinner Brochure.pdf | Grand Hyatt Singapore 2026 Wedding Lunch Brochure.pdf,Grand Ballroom,"Ballroom, Indoor",f0250624-474f-41ba-afad-3ab8487ebf71,Mon-Thu,7-Course Chinese Cuisine (Chinese Classic Menu),300,360,$199++/pax
Grand Hyatt Singapore,grand-hyatt-singapore,https://wedded.sg/venues/grand-hyatt-singapore,019b7dfe-ba43-7c59-b314-2106a83edb18,2,Grand Hyatt Singapore 2026 Wedding Dinner Brochure.pdf | Grand Hyatt Singapore 2026 Wedding Lunch Brochure.pdf,Grand Ballroom,"Ballroom, Indoor",f0250624-474f-41ba-afad-3ab8487ebf71,Friday,7-Course Chinese Cuisine (Chinese Classic Menu),300,360,$199++/pax
Grand Hyatt Singapore,grand-hyatt-singapore,https://wedded.sg/venues/grand-hyatt-singapore,019b7dfe-ba43-7c59-b314-2106a83edb18,2,Grand Hyatt Singapore 2026 Wedding Dinner Brochure.pdf | Grand Hyatt Singapore 2026 Wedding Lunch Brochure.pdf,Grand Ballroom,"Ballroom, Indoor",f0250624-474f-41ba-afad-3ab8487ebf71,Saturday,7-Course Chinese Cuisine (Chinese Classic Menu),300,360,$199++/pax
Grand Hyatt Singapore,grand-hyatt-singapore,https://wedded.sg/venues/grand-hyatt-singapore,019b7dfe-ba43-7c59-b314-2106a83edb18,2,Grand Hyatt Singapore 2026 Wedding Dinner Brochure.pdf | Grand Hyatt Singapore 2026 Wedding Lunch Brochure.pdf,Grand Ballroom,"Ballroom, Indoor",f0250624-474f-41ba-afad-3ab8487ebf71,Sunday,7-Course Chinese Cuisine (Chinese Classic Menu),300,360,$199++/pax
Grand Hyatt Singapore,grand-hyatt-singapore,https://wedded.sg/venues/grand-hyatt-singapore,019b7dfe-ba43-7c59-b314-2106a83edb18,2,Grand Hyatt Singapore 2026 Wedding Dinner Brochure.pdf | Grand Hyatt Singapore 2026 Wedding Lunch Brochure.pdf,Grand Residence,"Ballroom, Indoor",35c7e87e-2b4a-4ff7-a970-71ea40317a11,Mon-Thu,7-Course Chinese Cuisine (Chinese Classic Menu),150,260,$199++/pax
Grand Hyatt Singapore,grand-hyatt-singapore,https://wedded.sg/venues/grand-hyatt-singapore,019b7dfe-ba43-7c59-b314-2106a83edb18,2,Grand Hyatt Singapore 2026 Wedding Dinner Brochure.pdf | Grand Hyatt Singapore 2026 Wedding Lunch Brochure.pdf,Grand Residence,"Ballroom, Indoor",35c7e87e-2b4a-4ff7-a970-71ea40317a11,Friday,7-Course Chinese Cuisine (Chinese Classic Menu),150,260,$199++/pax
Grand Hyatt Singapore,grand-hyatt-singapore,https://wedded.sg/venues/grand-hyatt-singapore,019b7dfe-ba43-7c59-b314-2106a83edb18,2,Grand Hyatt Singapore 2026 Wedding Dinner Brochure.pdf | Grand Hyatt Singapore 2026 Wedding Lunch Brochure.pdf,Grand Residence,"Ballroom, Indoor",35c7e87e-2b4a-4ff7-a970-71ea40317a11,Saturday,7-Course Chinese Cuisine (Chinese Classic Menu),150,260,$199++/pax
Grand Hyatt Singapore,grand-hyatt-singapore,https://wedded.sg/venues/grand-hyatt-singapore,019b7dfe-ba43-7c59-b314-2106a83edb18,2,Grand Hyatt Singapore 2026 Wedding Dinner Brochure.pdf | Grand Hyatt Singapore 2026 Wedding Lunch Brochure.pdf,Grand Residence,"Ballroom, Indoor",35c7e87e-2b4a-4ff7-a970-71ea40317a11,Sunday,7-Course Chinese Cuisine (Chinese Classic Menu),150,260,$199++/pax
Grand Hyatt Singapore,grand-hyatt-singapore,https://wedded.sg/venues/grand-hyatt-singapore,019b7dfe-ba43-7c59-b314-2106a83edb18,2,Grand Hyatt Singapore 2026 Wedding Dinner Brochure.pdf | Grand Hyatt Singapore 2026 Wedding Lunch Brochure.pdf,Grand Salon,Indoor,6dcc3c2e-d179-4151-844c-fdf6f5fe0e0f,Mon-Thu,7-Course Chinese Cuisine (Chinese Classic Menu),260,320,$199++/pax
Grand Hyatt Singapore,grand-hyatt-singapore,https://wedded.sg/venues/grand-hyatt-singapore,019b7dfe-ba43-7c59-b314-2106a83edb18,2,Grand Hyatt Singapore 2026 Wedding Dinner Brochure.pdf | Grand Hyatt Singapore 2026 Wedding Lunch Brochure.pdf,Grand Salon,Indoor,6dcc3c2e-d179-4151-844c-fdf6f5fe0e0f,Friday,7-Course Chinese Cuisine (Chinese Classic Menu),260,320,$199++/pax
Grand Hyatt Singapore,grand-hyatt-singapore,https://wedded.sg/venues/grand-hyatt-singapore,019b7dfe-ba43-7c59-b314-2106a83edb18,2,Grand Hyatt Singapore 2026 Wedding Dinner Brochure.pdf | Grand Hyatt Singapore 2026 Wedding Lunch Brochure.pdf,Grand Salon,Indoor,6dcc3c2e-d179-4151-844c-fdf6f5fe0e0f,Saturday,7-Course Chinese Cuisine (Chinese Classic Menu),260,320,$199++/pax
Grand Hyatt Singapore,grand-hyatt-singapore,https://wedded.sg/venues/grand-hyatt-singapore,019b7dfe-ba43-7c59-b314-2106a83edb18,2,Grand Hyatt Singapore 2026 Wedding Dinner Brochure.pdf | Grand Hyatt Singapore 2026 Wedding Lunch Brochure.pdf,Grand Salon,Indoor,6dcc3c2e-d179-4151-844c-fdf6f5fe0e0f,Sunday,7-Course Chinese Cuisine (Chinese Classic Menu),260,320,$199++/pax
Grand Hyatt Singapore,grand-hyatt-singapore,https://wedded.sg/venues/grand-hyatt-singapore,019b7dfe-ba43-7c59-b314-2106a83edb18,2,Grand Hyatt Singapore 2026 Wedding Dinner Brochure.pdf | Grand Hyatt Singapore 2026 Wedding Lunch Brochure.pdf,The Gallery,Indoor,c5deb8c5-c3d3-4f31-b3fc-73501fee6b93,Mon-Thu,7-Course Chinese Cuisine (Chinese Classic Menu),220,260,$199++/pax
Grand Hyatt Singapore,grand-hyatt-singapore,https://wedded.sg/venues/grand-hyatt-singapore,019b7dfe-ba43-7c59-b314-2106a83edb18,2,Grand Hyatt Singapore 2026 Wedding Dinner Brochure.pdf | Grand Hyatt Singapore 2026 Wedding Lunch Brochure.pdf,The Gallery,Indoor,c5deb8c5-c3d3-4f31-b3fc-73501fee6b93,Friday,7-Course Chinese Cuisine (Chinese Classic Menu),220,260,$199++/pax
Grand Hyatt Singapore,grand-hyatt-singapore,https://wedded.sg/venues/grand-hyatt-singapore,019b7dfe-ba43-7c59-b314-2106a83edb18,2,Grand Hyatt Singapore 2026 Wedding Dinner Brochure.pdf | Grand Hyatt Singapore 2026 Wedding Lunch Brochure.pdf,The Gallery,Indoor,c5deb8c5-c3d3-4f31-b3fc-73501fee6b93,Saturday,7-Course Chinese Cuisine (Chinese Classic Menu),220,260,$199++/pax
Grand Hyatt Singapore,grand-hyatt-singapore,https://wedded.sg/venues/grand-hyatt-singapore,019b7dfe-ba43-7c59-b314-2106a83edb18,2,Grand Hyatt Singapore 2026 Wedding Dinner Brochure.pdf | Grand Hyatt Singapore 2026 Wedding Lunch Brochure.pdf,The Gallery,Indoor,c5deb8c5-c3d3-4f31-b3fc-73501fee6b93,Sunday,7-Course Chinese Cuisine (Chinese Classic Menu),220,260,$199++/pax
Grand Park City Hall,grand-park-city-hall,https://wedded.sg/venues/grand-park-city-hall,019b7fbd-33b3-7db5-ba18-72fa8b82ce49,1,weddings solemnisations cms document.pdf,Rooftop Sky Garden,"Garden & Greenery, Outdoor, Rooftop",5ea83dd9-1587-4a4a-a507-1a8346c35acc,Mon-Thu,4-Course Western Menu,30,120,$158++/pax
Grand Park City Hall,grand-park-city-hall,https://wedded.sg/venues/grand-park-city-hall,019b7fbd-33b3-7db5-ba18-72fa8b82ce49,1,weddings solemnisations cms document.pdf,Rooftop Sky Garden,"Garden & Greenery, Outdoor, Rooftop",5ea83dd9-1587-4a4a-a507-1a8346c35acc,Friday,4-Course Western Menu,30,120,$158++/pax
Grand Park City Hall,grand-park-city-hall,https://wedded.sg/venues/grand-park-city-hall,019b7fbd-33b3-7db5-ba18-72fa8b82ce49,1,weddings solemnisations cms document.pdf,Rooftop Sky Garden,"Garden & Greenery, Outdoor, Rooftop",5ea83dd9-1587-4a4a-a507-1a8346c35acc,Saturday,4-Course Western Menu,30,120,$158++/pax
Grand Park City Hall,grand-park-city-hall,https://wedded.sg/venues/grand-park-city-hall,019b7fbd-33b3-7db5-ba18-72fa8b82ce49,1,weddings solemnisations cms document.pdf,Rooftop Sky Garden,"Garden & Greenery, Outdoor, Rooftop",5ea83dd9-1587-4a4a-a507-1a8346c35acc,Sunday,4-Course Western Menu,30,120,$158++/pax
Grand Shanghai,grand-shanghai,https://wedded.sg/venues/grand-shanghai,019b7fed-2b55-7511-b5eb-dd1e4abafe80,1,Grand Shanghai Packages.pdf,Grand Shanghai,"Indoor, Restaurant",3c3649d9-8126-48ca-af7e-7d2d823c6a66,Mon-Thu,8-course Chinese Set Menu (Wu Fu Lin Men),200,250,$149++/pax
Grand Shanghai,grand-shanghai,https://wedded.sg/venues/grand-shanghai,019b7fed-2b55-7511-b5eb-dd1e4abafe80,1,Grand Shanghai Packages.pdf,Grand Shanghai,"Indoor, Restaurant",3c3649d9-8126-48ca-af7e-7d2d823c6a66,Friday,8-course Chinese Set Menu (Wu Fu Lin Men),200,250,$149++/pax
Grand Shanghai,grand-shanghai,https://wedded.sg/venues/grand-shanghai,019b7fed-2b55-7511-b5eb-dd1e4abafe80,1,Grand Shanghai Packages.pdf,Grand Shanghai,"Indoor, Restaurant",3c3649d9-8126-48ca-af7e-7d2d823c6a66,Saturday,8-course Chinese Set Menu (Wu Fu Lin Men),200,250,$149++/pax
Grand Shanghai,grand-shanghai,https://wedded.sg/venues/grand-shanghai,019b7fed-2b55-7511-b5eb-dd1e4abafe80,1,Grand Shanghai Packages.pdf,Grand Shanghai,"Indoor, Restaurant",3c3649d9-8126-48ca-af7e-7d2d823c6a66,Sunday,8-course Chinese Set Menu (Wu Fu Lin Men),200,250,$149++/pax
HAUS217,haus217,https://wedded.sg/venues/haus217,019bc5b6-c049-755b-8bf1-f3a892037db9,0,,Venue Space,"Event Venue, Indoor",fbf518f9-efa2-4d24-9a2a-e4c59fd36a84,Mon-Thu,Solemnisation - 6 selections of Canape or High Tea item,30,80,"$4,170++"
HAUS217,haus217,https://wedded.sg/venues/haus217,019bc5b6-c049-755b-8bf1-f3a892037db9,0,,Venue Space,"Event Venue, Indoor",fbf518f9-efa2-4d24-9a2a-e4c59fd36a84,Friday,Solemnisation - 6 selections of Canape or High Tea item,30,80,"$4,170++"
HAUS217,haus217,https://wedded.sg/venues/haus217,019bc5b6-c049-755b-8bf1-f3a892037db9,0,,Venue Space,"Event Venue, Indoor",fbf518f9-efa2-4d24-9a2a-e4c59fd36a84,Saturday,Solemnisation - 6 selections of Canape or High Tea item,30,80,"$4,170++"
HAUS217,haus217,https://wedded.sg/venues/haus217,019bc5b6-c049-755b-8bf1-f3a892037db9,0,,Venue Space,"Event Venue, Indoor",fbf518f9-efa2-4d24-9a2a-e4c59fd36a84,Sunday,Solemnisation - 6 selections of Canape or High Tea item,30,80,"$4,170++"
Hilton Singapore Orchard,hilton-singapore-orchard,https://wedded.sg/venues/hilton-singapore-orchard,019b80ae-4981-75ca-b492-fd320bc7cd0d,1,hilton singapore orchard wedding brochure 2026 hiresfinal.pdf,Grand Ballroom,"Ballroom, Indoor",64831ff8-df7f-4294-a980-89faceba8fec,Mon-Thu,Ballroom Package,260,800,$209++/pax
Hilton Singapore Orchard,hilton-singapore-orchard,https://wedded.sg/venues/hilton-singapore-orchard,019b80ae-4981-75ca-b492-fd320bc7cd0d,1,hilton singapore orchard wedding brochure 2026 hiresfinal.pdf,Grand Ballroom,"Ballroom, Indoor",64831ff8-df7f-4294-a980-89faceba8fec,Friday,Ballroom Package,260,800,$209++/pax
Hilton Singapore Orchard,hilton-singapore-orchard,https://wedded.sg/venues/hilton-singapore-orchard,019b80ae-4981-75ca-b492-fd320bc7cd0d,1,hilton singapore orchard wedding brochure 2026 hiresfinal.pdf,Grand Ballroom,"Ballroom, Indoor",64831ff8-df7f-4294-a980-89faceba8fec,Saturday,Ballroom Package,260,800,$209++/pax
Hilton Singapore Orchard,hilton-singapore-orchard,https://wedded.sg/venues/hilton-singapore-orchard,019b80ae-4981-75ca-b492-fd320bc7cd0d,1,hilton singapore orchard wedding brochure 2026 hiresfinal.pdf,Grand Ballroom,"Ballroom, Indoor",64831ff8-df7f-4294-a980-89faceba8fec,Sunday,Ballroom Package,260,800,$209++/pax
Hilton Singapore Orchard,hilton-singapore-orchard,https://wedded.sg/venues/hilton-singapore-orchard,019b80ae-4981-75ca-b492-fd320bc7cd0d,1,hilton singapore orchard wedding brochure 2026 hiresfinal.pdf,Imperial Ballroom,"Ballroom, Indoor",4b134808-f4c3-4f3d-8050-cf421113673a,Mon-Thu,Ballroom Package,120,220,$209++/pax
Hilton Singapore Orchard,hilton-singapore-orchard,https://wedded.sg/venues/hilton-singapore-orchard,019b80ae-4981-75ca-b492-fd320bc7cd0d,1,hilton singapore orchard wedding brochure 2026 hiresfinal.pdf,Imperial Ballroom,"Ballroom, Indoor",4b134808-f4c3-4f3d-8050-cf421113673a,Friday,Ballroom Package,120,220,$209++/pax
Hilton Singapore Orchard,hilton-singapore-orchard,https://wedded.sg/venues/hilton-singapore-orchard,019b80ae-4981-75ca-b492-fd320bc7cd0d,1,hilton singapore orchard wedding brochure 2026 hiresfinal.pdf,Imperial Ballroom,"Ballroom, Indoor",4b134808-f4c3-4f3d-8050-cf421113673a,Saturday,Ballroom Package,120,220,$209++/pax
Hilton Singapore Orchard,hilton-singapore-orchard,https://wedded.sg/venues/hilton-singapore-orchard,019b80ae-4981-75ca-b492-fd320bc7cd0d,1,hilton singapore orchard wedding brochure 2026 hiresfinal.pdf,Imperial Ballroom,"Ballroom, Indoor",4b134808-f4c3-4f3d-8050-cf421113673a,Sunday,Ballroom Package,120,220,$209++/pax
Hilton Singapore Orchard,hilton-singapore-orchard,https://wedded.sg/venues/hilton-singapore-orchard,019b80ae-4981-75ca-b492-fd320bc7cd0d,1,hilton singapore orchard wedding brochure 2026 hiresfinal.pdf,The Manor,"Ballroom, Garden & Greenery, Glasshouse, Indoor",96159add-e01c-4709-a009-60c381d5d7c2,Mon-Thu,Ballroom Package,120,250,$338++/pax
Hilton Singapore Orchard,hilton-singapore-orchard,https://wedded.sg/venues/hilton-singapore-orchard,019b80ae-4981-75ca-b492-fd320bc7cd0d,1,hilton singapore orchard wedding brochure 2026 hiresfinal.pdf,The Manor,"Ballroom, Garden & Greenery, Glasshouse, Indoor",96159add-e01c-4709-a009-60c381d5d7c2,Friday,Ballroom Package,120,250,$338++/pax
Hilton Singapore Orchard,hilton-singapore-orchard,https://wedded.sg/venues/hilton-singapore-orchard,019b80ae-4981-75ca-b492-fd320bc7cd0d,1,hilton singapore orchard wedding brochure 2026 hiresfinal.pdf,The Manor,"Ballroom, Garden & Greenery, Glasshouse, Indoor",96159add-e01c-4709-a009-60c381d5d7c2,Saturday,Ballroom Package,120,250,$338++/pax
Hilton Singapore Orchard,hilton-singapore-orchard,https://wedded.sg/venues/hilton-singapore-orchard,019b80ae-4981-75ca-b492-fd320bc7cd0d,1,hilton singapore orchard wedding brochure 2026 hiresfinal.pdf,The Manor,"Ballroom, Garden & Greenery, Glasshouse, Indoor",96159add-e01c-4709-a009-60c381d5d7c2,Sunday,Ballroom Package,120,250,$338++/pax
Holiday Inn Express & Suites Singapore Novena,holiday-inn-express-and-suites-singapore-novena,https://wedded.sg/venues/holiday-inn-express-and-suites-singapore-novena,019b83a1-6e9a-7890-a10b-8e171429a237,1,Holiday Inn Express & Suites Singapore Novena Wedding Brochures.pdf,Lime,Indoor,32869399-c4f7-40ee-a0d1-094214a40a23,Mon-Thu,7-Course Chinese Wedding Menu,1,60,$99++/pax
Holiday Inn Express & Suites Singapore Novena,holiday-inn-express-and-suites-singapore-novena,https://wedded.sg/venues/holiday-inn-express-and-suites-singapore-novena,019b83a1-6e9a-7890-a10b-8e171429a237,1,Holiday Inn Express & Suites Singapore Novena Wedding Brochures.pdf,Lime,Indoor,32869399-c4f7-40ee-a0d1-094214a40a23,Friday,7-Course Chinese Wedding Menu,1,60,$99++/pax
Holiday Inn Express & Suites Singapore Novena,holiday-inn-express-and-suites-singapore-novena,https://wedded.sg/venues/holiday-inn-express-and-suites-singapore-novena,019b83a1-6e9a-7890-a10b-8e171429a237,1,Holiday Inn Express & Suites Singapore Novena Wedding Brochures.pdf,Lime,Indoor,32869399-c4f7-40ee-a0d1-094214a40a23,Saturday,7-Course Chinese Wedding Menu,1,60,$99++/pax
Holiday Inn Express & Suites Singapore Novena,holiday-inn-express-and-suites-singapore-novena,https://wedded.sg/venues/holiday-inn-express-and-suites-singapore-novena,019b83a1-6e9a-7890-a10b-8e171429a237,1,Holiday Inn Express & Suites Singapore Novena Wedding Brochures.pdf,Lime,Indoor,32869399-c4f7-40ee-a0d1-094214a40a23,Sunday,7-Course Chinese Wedding Menu,1,60,$99++/pax
Holiday Inn Express & Suites Singapore Novena,holiday-inn-express-and-suites-singapore-novena,https://wedded.sg/venues/holiday-inn-express-and-suites-singapore-novena,019b83a1-6e9a-7890-a10b-8e171429a237,1,Holiday Inn Express & Suites Singapore Novena Wedding Brochures.pdf,Sugarcane,Indoor,a90c5a7f-5470-468c-b631-8917f2d52ff9,Mon-Thu,7-Course Chinese Wedding Menu,100,160,$99++/pax
Holiday Inn Express & Suites Singapore Novena,holiday-inn-express-and-suites-singapore-novena,https://wedded.sg/venues/holiday-inn-express-and-suites-singapore-novena,019b83a1-6e9a-7890-a10b-8e171429a237,1,Holiday Inn Express & Suites Singapore Novena Wedding Brochures.pdf,Sugarcane,Indoor,a90c5a7f-5470-468c-b631-8917f2d52ff9,Friday,7-Course Chinese Wedding Menu,100,160,$99++/pax
Holiday Inn Express & Suites Singapore Novena,holiday-inn-express-and-suites-singapore-novena,https://wedded.sg/venues/holiday-inn-express-and-suites-singapore-novena,019b83a1-6e9a-7890-a10b-8e171429a237,1,Holiday Inn Express & Suites Singapore Novena Wedding Brochures.pdf,Sugarcane,Indoor,a90c5a7f-5470-468c-b631-8917f2d52ff9,Saturday,7-Course Chinese Wedding Menu,100,160,$99++/pax
Holiday Inn Express & Suites Singapore Novena,holiday-inn-express-and-suites-singapore-novena,https://wedded.sg/venues/holiday-inn-express-and-suites-singapore-novena,019b83a1-6e9a-7890-a10b-8e171429a237,1,Holiday Inn Express & Suites Singapore Novena Wedding Brochures.pdf,Sugarcane,Indoor,a90c5a7f-5470-468c-b631-8917f2d52ff9,Sunday,7-Course Chinese Wedding Menu,100,160,$99++/pax
Holiday Inn Singapore Atrium,holiday-inn-singapore-atrium,https://wedded.sg/venues/holiday-inn-singapore-atrium,019b83b7-92e9-753a-b645-398965cb6629,1,Wedding Brochure 2025 2026 2027.pdf,Atrium Ballroom,"Ballroom, Indoor",01849a0c-7fb3-4314-acf4-8f45611de609,Mon-Thu,8-Course Chinese Cuisine (Enchanted),80,400,$147++/pax
Holiday Inn Singapore Atrium,holiday-inn-singapore-atrium,https://wedded.sg/venues/holiday-inn-singapore-atrium,019b83b7-92e9-753a-b645-398965cb6629,1,Wedding Brochure 2025 2026 2027.pdf,Atrium Ballroom,"Ballroom, Indoor",01849a0c-7fb3-4314-acf4-8f45611de609,Friday,8-Course Chinese Cuisine (Enchanted),80,400,$147++/pax
Holiday Inn Singapore Atrium,holiday-inn-singapore-atrium,https://wedded.sg/venues/holiday-inn-singapore-atrium,019b83b7-92e9-753a-b645-398965cb6629,1,Wedding Brochure 2025 2026 2027.pdf,Atrium Ballroom,"Ballroom, Indoor",01849a0c-7fb3-4314-acf4-8f45611de609,Saturday,8-Course Chinese Cuisine (Enchanted),80,400,$147++/pax
Holiday Inn Singapore Atrium,holiday-inn-singapore-atrium,https://wedded.sg/venues/holiday-inn-singapore-atrium,019b83b7-92e9-753a-b645-398965cb6629,1,Wedding Brochure 2025 2026 2027.pdf,Atrium Ballroom,"Ballroom, Indoor",01849a0c-7fb3-4314-acf4-8f45611de609,Sunday,8-Course Chinese Cuisine (Enchanted),80,400,$147++/pax
Holiday Inn Singapore Atrium,holiday-inn-singapore-atrium,https://wedded.sg/venues/holiday-inn-singapore-atrium,019b83b7-92e9-753a-b645-398965cb6629,1,Wedding Brochure 2025 2026 2027.pdf,Changi Ballroom,"Ballroom, Indoor",2f66e742-c16e-435a-b94e-5ecfaf3a3a4e,Mon-Thu,8-Course Chinese Cuisine (Enchanted),80,200,$147++/pax
Holiday Inn Singapore Atrium,holiday-inn-singapore-atrium,https://wedded.sg/venues/holiday-inn-singapore-atrium,019b83b7-92e9-753a-b645-398965cb6629,1,Wedding Brochure 2025 2026 2027.pdf,Changi Ballroom,"Ballroom, Indoor",2f66e742-c16e-435a-b94e-5ecfaf3a3a4e,Friday,8-Course Chinese Cuisine (Enchanted),80,200,$147++/pax
Holiday Inn Singapore Atrium,holiday-inn-singapore-atrium,https://wedded.sg/venues/holiday-inn-singapore-atrium,019b83b7-92e9-753a-b645-398965cb6629,1,Wedding Brochure 2025 2026 2027.pdf,Changi Ballroom,"Ballroom, Indoor",2f66e742-c16e-435a-b94e-5ecfaf3a3a4e,Saturday,8-Course Chinese Cuisine (Enchanted),80,200,$147++/pax
Holiday Inn Singapore Atrium,holiday-inn-singapore-atrium,https://wedded.sg/venues/holiday-inn-singapore-atrium,019b83b7-92e9-753a-b645-398965cb6629,1,Wedding Brochure 2025 2026 2027.pdf,Changi Ballroom,"Ballroom, Indoor",2f66e742-c16e-435a-b94e-5ecfaf3a3a4e,Sunday,8-Course Chinese Cuisine (Enchanted),80,200,$147++/pax
Holiday Inn Singapore Atrium,holiday-inn-singapore-atrium,https://wedded.sg/venues/holiday-inn-singapore-atrium,019b83b7-92e9-753a-b645-398965cb6629,1,Wedding Brochure 2025 2026 2027.pdf,Xin Cuisine Chinese Restaurant,"Indoor, Restaurant",baab639b-6dfc-4278-8310-7b63b4fda1b0,Mon-Thu,8-Course Chinese Cuisine (Enchanted),80,150,$147++/pax
Holiday Inn Singapore Atrium,holiday-inn-singapore-atrium,https://wedded.sg/venues/holiday-inn-singapore-atrium,019b83b7-92e9-753a-b645-398965cb6629,1,Wedding Brochure 2025 2026 2027.pdf,Xin Cuisine Chinese Restaurant,"Indoor, Restaurant",baab639b-6dfc-4278-8310-7b63b4fda1b0,Friday,8-Course Chinese Cuisine (Enchanted),80,150,$147++/pax
Holiday Inn Singapore Atrium,holiday-inn-singapore-atrium,https://wedded.sg/venues/holiday-inn-singapore-atrium,019b83b7-92e9-753a-b645-398965cb6629,1,Wedding Brochure 2025 2026 2027.pdf,Xin Cuisine Chinese Restaurant,"Indoor, Restaurant",baab639b-6dfc-4278-8310-7b63b4fda1b0,Saturday,8-Course Chinese Cuisine (Enchanted),80,150,$147++/pax
Holiday Inn Singapore Atrium,holiday-inn-singapore-atrium,https://wedded.sg/venues/holiday-inn-singapore-atrium,019b83b7-92e9-753a-b645-398965cb6629,1,Wedding Brochure 2025 2026 2027.pdf,Xin Cuisine Chinese Restaurant,"Indoor, Restaurant",baab639b-6dfc-4278-8310-7b63b4fda1b0,Sunday,8-Course Chinese Cuisine (Enchanted),80,150,$147++/pax
Hortus (Gardens by the Bay),hortus,https://wedded.sg/venues/hortus,019b8899-e7a8-76f8-bb5d-d002a8c39b00,0,,Hortus,"Garden & Greenery, Glasshouse, Indoor, Outdoor, Restaurant, Rooftop",35952650-8c76-403c-bb4f-d1073d50d779,Mon-Thu,Communal Menu (Seated),1,50,"$8,000++"
Hortus (Gardens by the Bay),hortus,https://wedded.sg/venues/hortus,019b8899-e7a8-76f8-bb5d-d002a8c39b00,0,,Hortus,"Garden & Greenery, Glasshouse, Indoor, Outdoor, Restaurant, Rooftop",35952650-8c76-403c-bb4f-d1073d50d779,Friday,Communal Menu (Seated),1,50,"$8,000++"
Hortus (Gardens by the Bay),hortus,https://wedded.sg/venues/hortus,019b8899-e7a8-76f8-bb5d-d002a8c39b00,0,,Hortus,"Garden & Greenery, Glasshouse, Indoor, Outdoor, Restaurant, Rooftop",35952650-8c76-403c-bb4f-d1073d50d779,Saturday,Communal Menu (Seated),1,50,"$9,000++"
Hortus (Gardens by the Bay),hortus,https://wedded.sg/venues/hortus,019b8899-e7a8-76f8-bb5d-d002a8c39b00,0,,Hortus,"Garden & Greenery, Glasshouse, Indoor, Outdoor, Restaurant, Rooftop",35952650-8c76-403c-bb4f-d1073d50d779,Sunday,Communal Menu (Seated),1,50,"$9,000++"
Ida's Bar and Event Space,idas-bar-and-event-space,https://wedded.sg/venues/idas-bar-and-event-space,019bea5d-abe9-7053-92c8-cd26c5e71dbf,0,,Event Gallery,"Event Venue, Indoor",5bc2576d-ccc1-4266-86e5-12bdab1345bc,Mon-Thu,"Venue Rental Only (excluding GST, no svc charge)",1,120,"$5,454++"
Ida's Bar and Event Space,idas-bar-and-event-space,https://wedded.sg/venues/idas-bar-and-event-space,019bea5d-abe9-7053-92c8-cd26c5e71dbf,0,,Event Gallery,"Event Venue, Indoor",5bc2576d-ccc1-4266-86e5-12bdab1345bc,Friday,"Venue Rental Only (excluding GST, no svc charge)",1,120,"$5,454++"
Ida's Bar and Event Space,idas-bar-and-event-space,https://wedded.sg/venues/idas-bar-and-event-space,019bea5d-abe9-7053-92c8-cd26c5e71dbf,0,,Event Gallery,"Event Venue, Indoor",5bc2576d-ccc1-4266-86e5-12bdab1345bc,Saturday,"Venue Rental Only (excluding GST, no svc charge)",1,120,"$5,454++"
Ida's Bar and Event Space,idas-bar-and-event-space,https://wedded.sg/venues/idas-bar-and-event-space,019bea5d-abe9-7053-92c8-cd26c5e71dbf,0,,Event Gallery,"Event Venue, Indoor",5bc2576d-ccc1-4266-86e5-12bdab1345bc,Sunday,"Venue Rental Only (excluding GST, no svc charge)",1,120,"$5,454++"
JEN Tanglin by Shangri-la,jen-tanglin,https://wedded.sg/venues/jen-tanglin,019bcef8-ac11-785c-b99a-5c6be32c8394,1,Jen package.pdf,Malacca Penang Ballroom,"Ballroom, Indoor",f61efe08-b487-469f-83a7-9e6aec94637d,Mon-Thu,Classic Collection - 7-Course Chinese,150,200,$144++/pax
JEN Tanglin by Shangri-la,jen-tanglin,https://wedded.sg/venues/jen-tanglin,019bcef8-ac11-785c-b99a-5c6be32c8394,1,Jen package.pdf,Malacca Penang Ballroom,"Ballroom, Indoor",f61efe08-b487-469f-83a7-9e6aec94637d,Friday,Classic Collection - 7-Course Chinese,150,200,$144++/pax
JEN Tanglin by Shangri-la,jen-tanglin,https://wedded.sg/venues/jen-tanglin,019bcef8-ac11-785c-b99a-5c6be32c8394,1,Jen package.pdf,Malacca Penang Ballroom,"Ballroom, Indoor",f61efe08-b487-469f-83a7-9e6aec94637d,Saturday,Classic Collection - 7-Course Chinese,150,200,$144++/pax
JEN Tanglin by Shangri-la,jen-tanglin,https://wedded.sg/venues/jen-tanglin,019bcef8-ac11-785c-b99a-5c6be32c8394,1,Jen package.pdf,Malacca Penang Ballroom,"Ballroom, Indoor",f61efe08-b487-469f-83a7-9e6aec94637d,Sunday,Classic Collection - 7-Course Chinese,150,200,$144++/pax
JEN Tanglin by Shangri-la,jen-tanglin,https://wedded.sg/venues/jen-tanglin,019bcef8-ac11-785c-b99a-5c6be32c8394,1,Jen package.pdf,Temasek Ballroom,"Ballroom, Indoor",93c4da1c-e0d7-442f-86ad-104f393f67b6,Mon-Thu,Classic Collection - 7-Course Chinese,150,190,$144++/pax
JEN Tanglin by Shangri-la,jen-tanglin,https://wedded.sg/venues/jen-tanglin,019bcef8-ac11-785c-b99a-5c6be32c8394,1,Jen package.pdf,Temasek Ballroom,"Ballroom, Indoor",93c4da1c-e0d7-442f-86ad-104f393f67b6,Friday,Classic Collection - 7-Course Chinese,150,190,$144++/pax
JEN Tanglin by Shangri-la,jen-tanglin,https://wedded.sg/venues/jen-tanglin,019bcef8-ac11-785c-b99a-5c6be32c8394,1,Jen package.pdf,Temasek Ballroom,"Ballroom, Indoor",93c4da1c-e0d7-442f-86ad-104f393f67b6,Saturday,Classic Collection - 7-Course Chinese,150,190,$144++/pax
JEN Tanglin by Shangri-la,jen-tanglin,https://wedded.sg/venues/jen-tanglin,019bcef8-ac11-785c-b99a-5c6be32c8394,1,Jen package.pdf,Temasek Ballroom,"Ballroom, Indoor",93c4da1c-e0d7-442f-86ad-104f393f67b6,Sunday,Classic Collection - 7-Course Chinese,150,190,$144++/pax
JEN Tanglin by Shangri-la,jen-tanglin,https://wedded.sg/venues/jen-tanglin,019bcef8-ac11-785c-b99a-5c6be32c8394,1,Jen package.pdf,The Gallery,"Ballroom, Indoor",de16bf43-649a-4661-9196-3700dc201ade,Mon-Thu,Classic Collection - 7-Course Chinese,200,280,$144++/pax
JEN Tanglin by Shangri-la,jen-tanglin,https://wedded.sg/venues/jen-tanglin,019bcef8-ac11-785c-b99a-5c6be32c8394,1,Jen package.pdf,The Gallery,"Ballroom, Indoor",de16bf43-649a-4661-9196-3700dc201ade,Friday,Classic Collection - 7-Course Chinese,200,280,$144++/pax
JEN Tanglin by Shangri-la,jen-tanglin,https://wedded.sg/venues/jen-tanglin,019bcef8-ac11-785c-b99a-5c6be32c8394,1,Jen package.pdf,The Gallery,"Ballroom, Indoor",de16bf43-649a-4661-9196-3700dc201ade,Saturday,Classic Collection - 7-Course Chinese,200,280,$144++/pax
JEN Tanglin by Shangri-la,jen-tanglin,https://wedded.sg/venues/jen-tanglin,019bcef8-ac11-785c-b99a-5c6be32c8394,1,Jen package.pdf,The Gallery,"Ballroom, Indoor",de16bf43-649a-4661-9196-3700dc201ade,Sunday,Classic Collection - 7-Course Chinese,200,280,$144++/pax
JW Marriott Hotel Singapore South Beach,jw-marriott-hotel-singapore-south-beach,https://wedded.sg/venues/jw-marriott-hotel-singapore-south-beach,019b87a3-9137-7131-b0ed-cefb94a6ca55,1,JWM Wedding eBrochure 2026 (Mar).pdf,Grand Ballroom,"Ballroom, Indoor",e5dff66d-e46d-4461-abb4-5521387c67aa,Saturday,6-Course Chinese Lunch Menu (Nourish the Soul),220,420,$258++/pax
JW Marriott Hotel Singapore South Beach,jw-marriott-hotel-singapore-south-beach,https://wedded.sg/venues/jw-marriott-hotel-singapore-south-beach,019b87a3-9137-7131-b0ed-cefb94a6ca55,1,JWM Wedding eBrochure 2026 (Mar).pdf,Grand Ballroom,"Ballroom, Indoor",e5dff66d-e46d-4461-abb4-5521387c67aa,Sunday,6-Course Chinese Lunch Menu (Nourish the Soul),220,420,$258++/pax
Keyaki at Pan Pacific,keyaki-at-pan-pacific,https://wedded.sg/venues/keyaki-at-pan-pacific,019b2d44-b467-7d58-a865-32c241baea65,1,ppain celebrations keyaki wedding packages 2026.pdf,Garden Pavilion Solemnisation,"Garden & Greenery, Indoor, Outdoor, Restaurant",9f77714f-879a-402d-ab91-aa91cd3c4cb2,Mon-Thu,Solemnisation Package,30,40,"$4,500++"
Keyaki at Pan Pacific,keyaki-at-pan-pacific,https://wedded.sg/venues/keyaki-at-pan-pacific,019b2d44-b467-7d58-a865-32c241baea65,1,ppain celebrations keyaki wedding packages 2026.pdf,Garden Pavilion Solemnisation,"Garden & Greenery, Indoor, Outdoor, Restaurant",9f77714f-879a-402d-ab91-aa91cd3c4cb2,Friday,Solemnisation Package,30,40,"$4,500++"
Keyaki at Pan Pacific,keyaki-at-pan-pacific,https://wedded.sg/venues/keyaki-at-pan-pacific,019b2d44-b467-7d58-a865-32c241baea65,1,ppain celebrations keyaki wedding packages 2026.pdf,Garden Pavilion Solemnisation,"Garden & Greenery, Indoor, Outdoor, Restaurant",9f77714f-879a-402d-ab91-aa91cd3c4cb2,Saturday,Solemnisation Package,30,40,"$4,500++"
Keyaki at Pan Pacific,keyaki-at-pan-pacific,https://wedded.sg/venues/keyaki-at-pan-pacific,019b2d44-b467-7d58-a865-32c241baea65,1,ppain celebrations keyaki wedding packages 2026.pdf,Garden Pavilion Solemnisation,"Garden & Greenery, Indoor, Outdoor, Restaurant",9f77714f-879a-402d-ab91-aa91cd3c4cb2,Sunday,Solemnisation Package,30,40,"$4,500++"
Little Island Brewing Co @ Changi Village,little-island-brewing-co-at-changi-village,https://wedded.sg/venues/little-island-brewing-co-at-changi-village,019be9ec-c7d0-70f0-923e-3dafb76ca130,0,,Beer Garden - Band Stand,"Garden & Greenery, Outdoor, Restaurant",bcaab1d9-55c3-479e-be30-600da7a6656f,Mon-Thu,8-Course Free Flow Buffet,50,140,"$8,000++"
Little Island Brewing Co @ Changi Village,little-island-brewing-co-at-changi-village,https://wedded.sg/venues/little-island-brewing-co-at-changi-village,019be9ec-c7d0-70f0-923e-3dafb76ca130,0,,Beer Garden - Band Stand,"Garden & Greenery, Outdoor, Restaurant",bcaab1d9-55c3-479e-be30-600da7a6656f,Friday,8-Course Free Flow Buffet,50,140,"$8,000++"
Little Island Brewing Co @ Changi Village,little-island-brewing-co-at-changi-village,https://wedded.sg/venues/little-island-brewing-co-at-changi-village,019be9ec-c7d0-70f0-923e-3dafb76ca130,0,,Beer Garden - Band Stand,"Garden & Greenery, Outdoor, Restaurant",bcaab1d9-55c3-479e-be30-600da7a6656f,Saturday,8-Course Free Flow Buffet,50,140,"$8,000++"
Little Island Brewing Co @ Changi Village,little-island-brewing-co-at-changi-village,https://wedded.sg/venues/little-island-brewing-co-at-changi-village,019be9ec-c7d0-70f0-923e-3dafb76ca130,0,,Beer Garden - Band Stand,"Garden & Greenery, Outdoor, Restaurant",bcaab1d9-55c3-479e-be30-600da7a6656f,Sunday,8-Course Free Flow Buffet,50,140,"$8,000++"
Little Island Brewing Co @ Changi Village,little-island-brewing-co-at-changi-village,https://wedded.sg/venues/little-island-brewing-co-at-changi-village,019be9ec-c7d0-70f0-923e-3dafb76ca130,0,,Beer Hall - Indoor,"Garden & Greenery, Indoor, Restaurant",2c0d24b3-d4bc-481e-9e50-86d3f09444ca,Mon-Thu,8-Course Free Flow Buffet,50,80,"$3,000++"
Little Island Brewing Co @ Changi Village,little-island-brewing-co-at-changi-village,https://wedded.sg/venues/little-island-brewing-co-at-changi-village,019be9ec-c7d0-70f0-923e-3dafb76ca130,0,,Beer Hall - Indoor,"Garden & Greenery, Indoor, Restaurant",2c0d24b3-d4bc-481e-9e50-86d3f09444ca,Friday,8-Course Free Flow Buffet,50,80,"$3,000++"
Little Island Brewing Co @ Changi Village,little-island-brewing-co-at-changi-village,https://wedded.sg/venues/little-island-brewing-co-at-changi-village,019be9ec-c7d0-70f0-923e-3dafb76ca130,0,,Beer Hall - Indoor,"Garden & Greenery, Indoor, Restaurant",2c0d24b3-d4bc-481e-9e50-86d3f09444ca,Saturday,8-Course Free Flow Buffet,50,80,"$3,000++"
Little Island Brewing Co @ Changi Village,little-island-brewing-co-at-changi-village,https://wedded.sg/venues/little-island-brewing-co-at-changi-village,019be9ec-c7d0-70f0-923e-3dafb76ca130,0,,Beer Hall - Indoor,"Garden & Greenery, Indoor, Restaurant",2c0d24b3-d4bc-481e-9e50-86d3f09444ca,Sunday,8-Course Free Flow Buffet,50,80,"$3,000++"
Little Island Brewing Co @ Changi Village,little-island-brewing-co-at-changi-village,https://wedded.sg/venues/little-island-brewing-co-at-changi-village,019be9ec-c7d0-70f0-923e-3dafb76ca130,0,,Full Exclusive,"Garden & Greenery, Indoor, Outdoor, Restaurant",7424125e-095f-4c8d-be47-e406d6f360af,Mon-Thu,8-Course Free Flow Buffet,50,350,"$25,000++"
Little Island Brewing Co @ Changi Village,little-island-brewing-co-at-changi-village,https://wedded.sg/venues/little-island-brewing-co-at-changi-village,019be9ec-c7d0-70f0-923e-3dafb76ca130,0,,Full Exclusive,"Garden & Greenery, Indoor, Outdoor, Restaurant",7424125e-095f-4c8d-be47-e406d6f360af,Friday,8-Course Free Flow Buffet,50,350,"$25,000++"
Little Island Brewing Co @ Changi Village,little-island-brewing-co-at-changi-village,https://wedded.sg/venues/little-island-brewing-co-at-changi-village,019be9ec-c7d0-70f0-923e-3dafb76ca130,0,,Full Exclusive,"Garden & Greenery, Indoor, Outdoor, Restaurant",7424125e-095f-4c8d-be47-e406d6f360af,Saturday,8-Course Free Flow Buffet,50,350,"$25,000++"
Little Island Brewing Co @ Changi Village,little-island-brewing-co-at-changi-village,https://wedded.sg/venues/little-island-brewing-co-at-changi-village,019be9ec-c7d0-70f0-923e-3dafb76ca130,0,,Full Exclusive,"Garden & Greenery, Indoor, Outdoor, Restaurant",7424125e-095f-4c8d-be47-e406d6f360af,Sunday,8-Course Free Flow Buffet,50,350,"$25,000++"
Little Island Brewing Co @ Changi Village,little-island-brewing-co-at-changi-village,https://wedded.sg/venues/little-island-brewing-co-at-changi-village,019be9ec-c7d0-70f0-923e-3dafb76ca130,0,,Solemnisation,"Garden & Greenery, Outdoor, Restaurant, Waterfront",e4a89a74-c391-4f03-b181-1889ae0035d8,Mon-Thu,Solemnisation Setup Only (No food),1,50,"$1,288++"
Little Island Brewing Co @ Changi Village,little-island-brewing-co-at-changi-village,https://wedded.sg/venues/little-island-brewing-co-at-changi-village,019be9ec-c7d0-70f0-923e-3dafb76ca130,0,,Solemnisation,"Garden & Greenery, Outdoor, Restaurant, Waterfront",e4a89a74-c391-4f03-b181-1889ae0035d8,Friday,Solemnisation Setup Only (No food),1,50,"$1,288++"
Little Island Brewing Co @ Changi Village,little-island-brewing-co-at-changi-village,https://wedded.sg/venues/little-island-brewing-co-at-changi-village,019be9ec-c7d0-70f0-923e-3dafb76ca130,0,,Solemnisation,"Garden & Greenery, Outdoor, Restaurant, Waterfront",e4a89a74-c391-4f03-b181-1889ae0035d8,Saturday,Solemnisation Setup Only (No food),1,50,"$1,288++"
Little Island Brewing Co @ Changi Village,little-island-brewing-co-at-changi-village,https://wedded.sg/venues/little-island-brewing-co-at-changi-village,019be9ec-c7d0-70f0-923e-3dafb76ca130,0,,Solemnisation,"Garden & Greenery, Outdoor, Restaurant, Waterfront",e4a89a74-c391-4f03-b181-1889ae0035d8,Sunday,Solemnisation Setup Only (No food),1,50,"$1,288++"
M Hotel Singapore City Centre,m-hotel-singapore-city-centre,https://wedded.sg/venues/m-hotel-singapore-city-centre,019b87b8-8c00-7c0f-8c83-eba59f70e895,1,Voyage of Love Wedding Package 2025 2026.pdf,Anson Room,Indoor,069520e4-c9f1-48e9-969c-ab9213da4be6,Mon-Thu,8-Course Chinese Cuisine (Anson Room Menu),120,320,$149++/pax
M Hotel Singapore City Centre,m-hotel-singapore-city-centre,https://wedded.sg/venues/m-hotel-singapore-city-centre,019b87b8-8c00-7c0f-8c83-eba59f70e895,1,Voyage of Love Wedding Package 2025 2026.pdf,Anson Room,Indoor,069520e4-c9f1-48e9-969c-ab9213da4be6,Friday,8-Course Chinese Cuisine (Anson Room Menu),120,320,$149++/pax
M Hotel Singapore City Centre,m-hotel-singapore-city-centre,https://wedded.sg/venues/m-hotel-singapore-city-centre,019b87b8-8c00-7c0f-8c83-eba59f70e895,1,Voyage of Love Wedding Package 2025 2026.pdf,Anson Room,Indoor,069520e4-c9f1-48e9-969c-ab9213da4be6,Saturday,8-Course Chinese Cuisine (Anson Room Menu),120,320,$159++/pax
M Hotel Singapore City Centre,m-hotel-singapore-city-centre,https://wedded.sg/venues/m-hotel-singapore-city-centre,019b87b8-8c00-7c0f-8c83-eba59f70e895,1,Voyage of Love Wedding Package 2025 2026.pdf,Anson Room,Indoor,069520e4-c9f1-48e9-969c-ab9213da4be6,Sunday,8-Course Chinese Cuisine (Anson Room Menu),120,320,$159++/pax
M Hotel Singapore City Centre,m-hotel-singapore-city-centre,https://wedded.sg/venues/m-hotel-singapore-city-centre,019b87b8-8c00-7c0f-8c83-eba59f70e895,1,Voyage of Love Wedding Package 2025 2026.pdf,Banquet Suite,Indoor,88115c94-56f8-4b84-b82c-460b0982838f,Mon-Thu,8-Course Chinese Cuisine (Banquet Suite Menu),180,320,$159++/pax
M Hotel Singapore City Centre,m-hotel-singapore-city-centre,https://wedded.sg/venues/m-hotel-singapore-city-centre,019b87b8-8c00-7c0f-8c83-eba59f70e895,1,Voyage of Love Wedding Package 2025 2026.pdf,Banquet Suite,Indoor,88115c94-56f8-4b84-b82c-460b0982838f,Friday,8-Course Chinese Cuisine (Banquet Suite Menu),180,320,$159++/pax
M Hotel Singapore City Centre,m-hotel-singapore-city-centre,https://wedded.sg/venues/m-hotel-singapore-city-centre,019b87b8-8c00-7c0f-8c83-eba59f70e895,1,Voyage of Love Wedding Package 2025 2026.pdf,Banquet Suite,Indoor,88115c94-56f8-4b84-b82c-460b0982838f,Saturday,8-Course Chinese Cuisine (Banquet Suite Menu),180,320,$169++/pax
M Hotel Singapore City Centre,m-hotel-singapore-city-centre,https://wedded.sg/venues/m-hotel-singapore-city-centre,019b87b8-8c00-7c0f-8c83-eba59f70e895,1,Voyage of Love Wedding Package 2025 2026.pdf,Banquet Suite,Indoor,88115c94-56f8-4b84-b82c-460b0982838f,Sunday,8-Course Chinese Cuisine (Banquet Suite Menu),180,320,$169++/pax
Mandai Rainforest Resort by Banyan Tree,mandai-rainforest-resort-by-banyan-tree,https://wedded.sg/venues/mandai-rainforest-resort-by-banyan-tree,019b87f5-2519-7bc8-a09f-680e1f2344f7,1,Wedding Packages 2025 & 2026 (New).pdf,Meranti Ballroom,"Ballroom, Indoor",dacdb8a1-7616-49eb-a4d9-09bad580926a,Mon-Thu,8-Course Chinese Set Menu (Table of 10),150,300,$229++/pax
Mandai Rainforest Resort by Banyan Tree,mandai-rainforest-resort-by-banyan-tree,https://wedded.sg/venues/mandai-rainforest-resort-by-banyan-tree,019b87f5-2519-7bc8-a09f-680e1f2344f7,1,Wedding Packages 2025 & 2026 (New).pdf,Meranti Ballroom,"Ballroom, Indoor",dacdb8a1-7616-49eb-a4d9-09bad580926a,Friday,8-Course Chinese Set Menu (Table of 10),150,300,$229++/pax
Mandai Rainforest Resort by Banyan Tree,mandai-rainforest-resort-by-banyan-tree,https://wedded.sg/venues/mandai-rainforest-resort-by-banyan-tree,019b87f5-2519-7bc8-a09f-680e1f2344f7,1,Wedding Packages 2025 & 2026 (New).pdf,Meranti Ballroom,"Ballroom, Indoor",dacdb8a1-7616-49eb-a4d9-09bad580926a,Saturday,8-Course Chinese Set Menu (Table of 10),150,300,$229++/pax
Mandai Rainforest Resort by Banyan Tree,mandai-rainforest-resort-by-banyan-tree,https://wedded.sg/venues/mandai-rainforest-resort-by-banyan-tree,019b87f5-2519-7bc8-a09f-680e1f2344f7,1,Wedding Packages 2025 & 2026 (New).pdf,Meranti Ballroom,"Ballroom, Indoor",dacdb8a1-7616-49eb-a4d9-09bad580926a,Sunday,8-Course Chinese Set Menu (Table of 10),150,300,$229++/pax
Mandai Wildlife Reserve,mandai-wildlife-reserve,https://wedded.sg/venues/mandai-wildlife-reserve,019ba47d-3d73-74ec-804e-802ff6f1afe7,1,wedding brochure.pdf,Crimson Restaurant (Bird Paradise),"Event Venue, Garden & Greenery, Glasshouse, Indoor, Restaurant",881943d4-d2d3-49c3-851c-cb612f0dbc18,Mon-Thu,4-Course Western Set,50,80,$208++/pax
Mandai Wildlife Reserve,mandai-wildlife-reserve,https://wedded.sg/venues/mandai-wildlife-reserve,019ba47d-3d73-74ec-804e-802ff6f1afe7,1,wedding brochure.pdf,Crimson Restaurant (Bird Paradise),"Event Venue, Garden & Greenery, Glasshouse, Indoor, Restaurant",881943d4-d2d3-49c3-851c-cb612f0dbc18,Friday,4-Course Western Set,50,80,$208++/pax
Mandai Wildlife Reserve,mandai-wildlife-reserve,https://wedded.sg/venues/mandai-wildlife-reserve,019ba47d-3d73-74ec-804e-802ff6f1afe7,1,wedding brochure.pdf,Crimson Restaurant (Bird Paradise),"Event Venue, Garden & Greenery, Glasshouse, Indoor, Restaurant",881943d4-d2d3-49c3-851c-cb612f0dbc18,Saturday,4-Course Western Set,50,80,$208++/pax
Mandai Wildlife Reserve,mandai-wildlife-reserve,https://wedded.sg/venues/mandai-wildlife-reserve,019ba47d-3d73-74ec-804e-802ff6f1afe7,1,wedding brochure.pdf,Crimson Restaurant (Bird Paradise),"Event Venue, Garden & Greenery, Glasshouse, Indoor, Restaurant",881943d4-d2d3-49c3-851c-cb612f0dbc18,Sunday,4-Course Western Set,50,80,$208++/pax
Mandai Wildlife Reserve,mandai-wildlife-reserve,https://wedded.sg/venues/mandai-wildlife-reserve,019ba47d-3d73-74ec-804e-802ff6f1afe7,1,wedding brochure.pdf,Forest Lodge,"Event Venue, Garden & Greenery, Glasshouse, Indoor, Outdoor",09c8d76e-f8b5-48c2-b81d-1b71021baca8,Mon-Thu,4-Course Western or 7-Course Chinese cuisine,40,220,$208++/pax
Mandai Wildlife Reserve,mandai-wildlife-reserve,https://wedded.sg/venues/mandai-wildlife-reserve,019ba47d-3d73-74ec-804e-802ff6f1afe7,1,wedding brochure.pdf,Forest Lodge,"Event Venue, Garden & Greenery, Glasshouse, Indoor, Outdoor",09c8d76e-f8b5-48c2-b81d-1b71021baca8,Friday,4-Course Western or 7-Course Chinese cuisine,40,220,$208++/pax
Mandai Wildlife Reserve,mandai-wildlife-reserve,https://wedded.sg/venues/mandai-wildlife-reserve,019ba47d-3d73-74ec-804e-802ff6f1afe7,1,wedding brochure.pdf,Forest Lodge,"Event Venue, Garden & Greenery, Glasshouse, Indoor, Outdoor",09c8d76e-f8b5-48c2-b81d-1b71021baca8,Saturday,4-Course Western or 7-Course Chinese cuisine,40,220,$208++/pax
Mandai Wildlife Reserve,mandai-wildlife-reserve,https://wedded.sg/venues/mandai-wildlife-reserve,019ba47d-3d73-74ec-804e-802ff6f1afe7,1,wedding brochure.pdf,Forest Lodge,"Event Venue, Garden & Greenery, Glasshouse, Indoor, Outdoor",09c8d76e-f8b5-48c2-b81d-1b71021baca8,Sunday,4-Course Western or 7-Course Chinese cuisine,40,220,$208++/pax
Mandai Wildlife Reserve,mandai-wildlife-reserve,https://wedded.sg/venues/mandai-wildlife-reserve,019ba47d-3d73-74ec-804e-802ff6f1afe7,1,wedding brochure.pdf,Tipi Tent (Air-Conditioned),"Event Venue, Garden & Greenery, Indoor",46327358-4739-4033-a3b5-a771e9b96f5b,Mon-Thu,4-Course Western Cuisine,25,40,$338++/pax
Mandai Wildlife Reserve,mandai-wildlife-reserve,https://wedded.sg/venues/mandai-wildlife-reserve,019ba47d-3d73-74ec-804e-802ff6f1afe7,1,wedding brochure.pdf,Tipi Tent (Air-Conditioned),"Event Venue, Garden & Greenery, Indoor",46327358-4739-4033-a3b5-a771e9b96f5b,Friday,4-Course Western Cuisine,25,40,$338++/pax
Mandai Wildlife Reserve,mandai-wildlife-reserve,https://wedded.sg/venues/mandai-wildlife-reserve,019ba47d-3d73-74ec-804e-802ff6f1afe7,1,wedding brochure.pdf,Tipi Tent (Air-Conditioned),"Event Venue, Garden & Greenery, Indoor",46327358-4739-4033-a3b5-a771e9b96f5b,Saturday,4-Course Western Cuisine,25,40,$338++/pax
Mandai Wildlife Reserve,mandai-wildlife-reserve,https://wedded.sg/venues/mandai-wildlife-reserve,019ba47d-3d73-74ec-804e-802ff6f1afe7,1,wedding brochure.pdf,Tipi Tent (Air-Conditioned),"Event Venue, Garden & Greenery, Indoor",46327358-4739-4033-a3b5-a771e9b96f5b,Sunday,4-Course Western Cuisine,25,40,$338++/pax
Mandarin Oriental Singapore,mandarin-oriental-singapore,https://wedded.sg/venues/mandarin-oriental-singapore,019b8809-658d-77bf-8a9f-518bd1e08d30,1,SGBrides  MOSIN Wedding Package 2026.pdf,Atrium Suites,Indoor,3f54ce84-0555-444e-bf97-ea2f0cb0316b,Mon-Thu,6-Course Individually Plated or 7-Course Chinese Selection,130,180,$209++/pax
Mandarin Oriental Singapore,mandarin-oriental-singapore,https://wedded.sg/venues/mandarin-oriental-singapore,019b8809-658d-77bf-8a9f-518bd1e08d30,1,SGBrides  MOSIN Wedding Package 2026.pdf,Atrium Suites,Indoor,3f54ce84-0555-444e-bf97-ea2f0cb0316b,Friday,6-Course Individually Plated or 7-Course Chinese Selection,130,180,$209++/pax
Mandarin Oriental Singapore,mandarin-oriental-singapore,https://wedded.sg/venues/mandarin-oriental-singapore,019b8809-658d-77bf-8a9f-518bd1e08d30,1,SGBrides  MOSIN Wedding Package 2026.pdf,Atrium Suites,Indoor,3f54ce84-0555-444e-bf97-ea2f0cb0316b,Saturday,6-Course Individually Plated or 7-Course Chinese Selection,130,180,$219++/pax
Mandarin Oriental Singapore,mandarin-oriental-singapore,https://wedded.sg/venues/mandarin-oriental-singapore,019b8809-658d-77bf-8a9f-518bd1e08d30,1,SGBrides  MOSIN Wedding Package 2026.pdf,Atrium Suites,Indoor,3f54ce84-0555-444e-bf97-ea2f0cb0316b,Sunday,6-Course Individually Plated or 7-Course Chinese Selection,130,180,$209++/pax
Mandarin Oriental Singapore,mandarin-oriental-singapore,https://wedded.sg/venues/mandarin-oriental-singapore,019b8809-658d-77bf-8a9f-518bd1e08d30,1,SGBrides  MOSIN Wedding Package 2026.pdf,Garden Suite,"Garden & Greenery, Glasshouse, Indoor",744c2b68-154b-4fdb-a4f3-e69ea577b82e,Mon-Thu,6-Course Individually Plated or 7-Course Chinese Selection,100,130,$209++/pax
Mandarin Oriental Singapore,mandarin-oriental-singapore,https://wedded.sg/venues/mandarin-oriental-singapore,019b8809-658d-77bf-8a9f-518bd1e08d30,1,SGBrides  MOSIN Wedding Package 2026.pdf,Garden Suite,"Garden & Greenery, Glasshouse, Indoor",744c2b68-154b-4fdb-a4f3-e69ea577b82e,Friday,6-Course Individually Plated or 7-Course Chinese Selection,100,130,$209++/pax
Mandarin Oriental Singapore,mandarin-oriental-singapore,https://wedded.sg/venues/mandarin-oriental-singapore,019b8809-658d-77bf-8a9f-518bd1e08d30,1,SGBrides  MOSIN Wedding Package 2026.pdf,Garden Suite,"Garden & Greenery, Glasshouse, Indoor",744c2b68-154b-4fdb-a4f3-e69ea577b82e,Saturday,6-Course Individually Plated or 7-Course Chinese Selection,100,130,$219++/pax
Mandarin Oriental Singapore,mandarin-oriental-singapore,https://wedded.sg/venues/mandarin-oriental-singapore,019b8809-658d-77bf-8a9f-518bd1e08d30,1,SGBrides  MOSIN Wedding Package 2026.pdf,Garden Suite,"Garden & Greenery, Glasshouse, Indoor",744c2b68-154b-4fdb-a4f3-e69ea577b82e,Sunday,6-Course Individually Plated or 7-Course Chinese Selection,100,130,$209++/pax
Mandarin Oriental Singapore,mandarin-oriental-singapore,https://wedded.sg/venues/mandarin-oriental-singapore,019b8809-658d-77bf-8a9f-518bd1e08d30,1,SGBrides  MOSIN Wedding Package 2026.pdf,The Oriental Ballroom,"Ballroom, Indoor",693d9215-5d88-4e74-89f4-757a1d95f682,Mon-Thu,6-Course Individually Plated or 7-Course Chinese Selection,200,350,$209++/pax
Mandarin Oriental Singapore,mandarin-oriental-singapore,https://wedded.sg/venues/mandarin-oriental-singapore,019b8809-658d-77bf-8a9f-518bd1e08d30,1,SGBrides  MOSIN Wedding Package 2026.pdf,The Oriental Ballroom,"Ballroom, Indoor",693d9215-5d88-4e74-89f4-757a1d95f682,Friday,6-Course Individually Plated or 7-Course Chinese Selection,200,350,$209++/pax
Mandarin Oriental Singapore,mandarin-oriental-singapore,https://wedded.sg/venues/mandarin-oriental-singapore,019b8809-658d-77bf-8a9f-518bd1e08d30,1,SGBrides  MOSIN Wedding Package 2026.pdf,The Oriental Ballroom,"Ballroom, Indoor",693d9215-5d88-4e74-89f4-757a1d95f682,Saturday,6-Course Individually Plated or 7-Course Chinese Selection,200,350,$219++/pax
Mandarin Oriental Singapore,mandarin-oriental-singapore,https://wedded.sg/venues/mandarin-oriental-singapore,019b8809-658d-77bf-8a9f-518bd1e08d30,1,SGBrides  MOSIN Wedding Package 2026.pdf,The Oriental Ballroom,"Ballroom, Indoor",693d9215-5d88-4e74-89f4-757a1d95f682,Sunday,6-Course Individually Plated or 7-Course Chinese Selection,200,350,$209++/pax
Marguerite (Gardens by the Bay),marguerite,https://wedded.sg/venues/marguerite,019b888c-33fc-7808-9a6d-67275ecab17c,0,,Marguerite,"Garden & Greenery, Glasshouse, Indoor, Outdoor, Restaurant",3b74fa60-79c0-4084-8a95-51f39f16097f,Mon-Thu,Tasting Menu (Seated),1,50,"$12,000++"
Marguerite (Gardens by the Bay),marguerite,https://wedded.sg/venues/marguerite,019b888c-33fc-7808-9a6d-67275ecab17c,0,,Marguerite,"Garden & Greenery, Glasshouse, Indoor, Outdoor, Restaurant",3b74fa60-79c0-4084-8a95-51f39f16097f,Friday,Tasting Menu (Seated),1,50,"$12,000++"
Marguerite (Gardens by the Bay),marguerite,https://wedded.sg/venues/marguerite,019b888c-33fc-7808-9a6d-67275ecab17c,0,,Marguerite,"Garden & Greenery, Glasshouse, Indoor, Outdoor, Restaurant",3b74fa60-79c0-4084-8a95-51f39f16097f,Saturday,Tasting Menu (Seated),1,50,"$12,000++"
Marguerite (Gardens by the Bay),marguerite,https://wedded.sg/venues/marguerite,019b888c-33fc-7808-9a6d-67275ecab17c,0,,Marguerite,"Garden & Greenery, Glasshouse, Indoor, Outdoor, Restaurant",3b74fa60-79c0-4084-8a95-51f39f16097f,Sunday,Tasting Menu (Seated),1,50,"$12,000++"
Marina Bay Sands,marina-bay-sands,https://wedded.sg/venues/marina-bay-sands,019b8d2c-d526-790c-8553-83e8b95d1c7d,5,wedding celebration packages 50 99pax.pdf | grandeur wedding celebration packages 250pax and above.pdf | enchanting matrimony package up to 100pax.pdf | Blissful Wedding Package 101 150pax.pdf | blissful wedding celebration packages 150 249pax.pdf,Ballroom + Outdoor Garden Walk Solemnisation,"Ballroom, Garden & Greenery, Indoor, Outdoor, Waterfront",c4711d4d-b652-4edf-9149-f8ab2af1108e,Mon-Thu,6-Course Chinese Lunch Menu Individually Plated (Grand Celebrations),251,6000,$238++/pax
Marina Bay Sands,marina-bay-sands,https://wedded.sg/venues/marina-bay-sands,019b8d2c-d526-790c-8553-83e8b95d1c7d,5,wedding celebration packages 50 99pax.pdf | grandeur wedding celebration packages 250pax and above.pdf | enchanting matrimony package up to 100pax.pdf | Blissful Wedding Package 101 150pax.pdf | blissful wedding celebration packages 150 249pax.pdf,Ballroom + Outdoor Garden Walk Solemnisation,"Ballroom, Garden & Greenery, Indoor, Outdoor, Waterfront",c4711d4d-b652-4edf-9149-f8ab2af1108e,Friday,6-Course Chinese Lunch Menu Individually Plated (Grand Celebrations),251,6000,$238++/pax
Marina Bay Sands,marina-bay-sands,https://wedded.sg/venues/marina-bay-sands,019b8d2c-d526-790c-8553-83e8b95d1c7d,5,wedding celebration packages 50 99pax.pdf | grandeur wedding celebration packages 250pax and above.pdf | enchanting matrimony package up to 100pax.pdf | Blissful Wedding Package 101 150pax.pdf | blissful wedding celebration packages 150 249pax.pdf,Ballroom + Outdoor Garden Walk Solemnisation,"Ballroom, Garden & Greenery, Indoor, Outdoor, Waterfront",c4711d4d-b652-4edf-9149-f8ab2af1108e,Saturday,6-Course Chinese Lunch Menu Individually Plated (Grand Celebrations),251,6000,$238++/pax
Marina Bay Sands,marina-bay-sands,https://wedded.sg/venues/marina-bay-sands,019b8d2c-d526-790c-8553-83e8b95d1c7d,5,wedding celebration packages 50 99pax.pdf | grandeur wedding celebration packages 250pax and above.pdf | enchanting matrimony package up to 100pax.pdf | Blissful Wedding Package 101 150pax.pdf | blissful wedding celebration packages 150 249pax.pdf,Ballroom + Outdoor Garden Walk Solemnisation,"Ballroom, Garden & Greenery, Indoor, Outdoor, Waterfront",c4711d4d-b652-4edf-9149-f8ab2af1108e,Sunday,6-Course Chinese Lunch Menu Individually Plated (Grand Celebrations),251,6000,$238++/pax
Marina Bay Sands,marina-bay-sands,https://wedded.sg/venues/marina-bay-sands,019b8d2c-d526-790c-8553-83e8b95d1c7d,5,wedding celebration packages 50 99pax.pdf | grandeur wedding celebration packages 250pax and above.pdf | enchanting matrimony package up to 100pax.pdf | Blissful Wedding Package 101 150pax.pdf | blissful wedding celebration packages 150 249pax.pdf,Ballroom Only,"Ballroom, Indoor",e33b467f-f5c5-4c03-b779-2a38d644c615,Mon-Thu,6-Course Chinese Lunch Menu Individually Plated (Blissful Matrimony),101,150,$238++/pax
Marina Bay Sands,marina-bay-sands,https://wedded.sg/venues/marina-bay-sands,019b8d2c-d526-790c-8553-83e8b95d1c7d,5,wedding celebration packages 50 99pax.pdf | grandeur wedding celebration packages 250pax and above.pdf | enchanting matrimony package up to 100pax.pdf | Blissful Wedding Package 101 150pax.pdf | blissful wedding celebration packages 150 249pax.pdf,Ballroom Only,"Ballroom, Indoor",e33b467f-f5c5-4c03-b779-2a38d644c615,Friday,6-Course Chinese Lunch Menu Individually Plated (Blissful Matrimony),101,150,$238++/pax
Marina Bay Sands,marina-bay-sands,https://wedded.sg/venues/marina-bay-sands,019b8d2c-d526-790c-8553-83e8b95d1c7d,5,wedding celebration packages 50 99pax.pdf | grandeur wedding celebration packages 250pax and above.pdf | enchanting matrimony package up to 100pax.pdf | Blissful Wedding Package 101 150pax.pdf | blissful wedding celebration packages 150 249pax.pdf,Ballroom Only,"Ballroom, Indoor",e33b467f-f5c5-4c03-b779-2a38d644c615,Saturday,6-Course Chinese Lunch Menu Individually Plated (Blissful Matrimony),101,150,$238++/pax
Marina Bay Sands,marina-bay-sands,https://wedded.sg/venues/marina-bay-sands,019b8d2c-d526-790c-8553-83e8b95d1c7d,5,wedding celebration packages 50 99pax.pdf | grandeur wedding celebration packages 250pax and above.pdf | enchanting matrimony package up to 100pax.pdf | Blissful Wedding Package 101 150pax.pdf | blissful wedding celebration packages 150 249pax.pdf,Ballroom Only,"Ballroom, Indoor",e33b467f-f5c5-4c03-b779-2a38d644c615,Sunday,6-Course Chinese Lunch Menu Individually Plated (Blissful Matrimony),101,150,$238++/pax
Mercure Singapore Bugis,mercure-singapore-bugis,https://wedded.sg/venues/mercure-singapore-bugis,019b8d4d-60f6-7cdd-9a13-89f892591e9a,1,Wedding Brochure 2026 2027 09092025.pdf,Ballroom,"Ballroom, Indoor",59b180ed-d72e-4137-9950-3a5b69cba264,Mon-Thu,8-Course Chinese Cuisine (Blossoming Love),30,120,$127++/pax
Mercure Singapore Bugis,mercure-singapore-bugis,https://wedded.sg/venues/mercure-singapore-bugis,019b8d4d-60f6-7cdd-9a13-89f892591e9a,1,Wedding Brochure 2026 2027 09092025.pdf,Ballroom,"Ballroom, Indoor",59b180ed-d72e-4137-9950-3a5b69cba264,Friday,8-Course Chinese Cuisine (Blossoming Love),30,120,$127++/pax
Mercure Singapore Bugis,mercure-singapore-bugis,https://wedded.sg/venues/mercure-singapore-bugis,019b8d4d-60f6-7cdd-9a13-89f892591e9a,1,Wedding Brochure 2026 2027 09092025.pdf,Ballroom,"Ballroom, Indoor",59b180ed-d72e-4137-9950-3a5b69cba264,Saturday,8-Course Chinese Cuisine (Blossoming Love),30,120,$137++/pax
Mercure Singapore Bugis,mercure-singapore-bugis,https://wedded.sg/venues/mercure-singapore-bugis,019b8d4d-60f6-7cdd-9a13-89f892591e9a,1,Wedding Brochure 2026 2027 09092025.pdf,Ballroom,"Ballroom, Indoor",59b180ed-d72e-4137-9950-3a5b69cba264,Sunday,8-Course Chinese Cuisine (Blossoming Love),30,120,$137++/pax
METT Singapore,mett-singapore,https://wedded.sg/venues/mett-singapore,019b87d9-ba1e-7d29-95b8-a10c20c3f2b7,1,METT Singapore Wedding Package 2026.pdf,Grand Ballroom,"Ballroom, Indoor",a5288726-9cd8-43a1-9e1e-3e379693b7be,Mon-Thu,3-Course Western Set Menu (Individually Plated) - Mett Harmony,250,360,$179++/pax
METT Singapore,mett-singapore,https://wedded.sg/venues/mett-singapore,019b87d9-ba1e-7d29-95b8-a10c20c3f2b7,1,METT Singapore Wedding Package 2026.pdf,Grand Ballroom,"Ballroom, Indoor",a5288726-9cd8-43a1-9e1e-3e379693b7be,Friday,3-Course Western Set Menu (Individually Plated) - Mett Harmony,250,360,$179++/pax
METT Singapore,mett-singapore,https://wedded.sg/venues/mett-singapore,019b87d9-ba1e-7d29-95b8-a10c20c3f2b7,1,METT Singapore Wedding Package 2026.pdf,Grand Ballroom,"Ballroom, Indoor",a5288726-9cd8-43a1-9e1e-3e379693b7be,Saturday,3-Course Western Set Menu (Individually Plated) - Mett Harmony,250,360,$199++/pax
METT Singapore,mett-singapore,https://wedded.sg/venues/mett-singapore,019b87d9-ba1e-7d29-95b8-a10c20c3f2b7,1,METT Singapore Wedding Package 2026.pdf,Grand Ballroom,"Ballroom, Indoor",a5288726-9cd8-43a1-9e1e-3e379693b7be,Sunday,3-Course Western Set Menu (Individually Plated) - Mett Harmony,250,360,$199++/pax
METT Singapore,mett-singapore,https://wedded.sg/venues/mett-singapore,019b87d9-ba1e-7d29-95b8-a10c20c3f2b7,1,METT Singapore Wedding Package 2026.pdf,Junior Ballroom,"Ballroom, Indoor",c6b67b1c-963f-4482-9b80-7990412d9e99,Mon-Thu,3-Course Western Set Menu (Individually Plated) - Mett Harmony,120,160,$179++/pax
METT Singapore,mett-singapore,https://wedded.sg/venues/mett-singapore,019b87d9-ba1e-7d29-95b8-a10c20c3f2b7,1,METT Singapore Wedding Package 2026.pdf,Junior Ballroom,"Ballroom, Indoor",c6b67b1c-963f-4482-9b80-7990412d9e99,Friday,3-Course Western Set Menu (Individually Plated) - Mett Harmony,120,160,$179++/pax
METT Singapore,mett-singapore,https://wedded.sg/venues/mett-singapore,019b87d9-ba1e-7d29-95b8-a10c20c3f2b7,1,METT Singapore Wedding Package 2026.pdf,Junior Ballroom,"Ballroom, Indoor",c6b67b1c-963f-4482-9b80-7990412d9e99,Saturday,3-Course Western Set Menu (Individually Plated) - Mett Harmony,120,160,$199++/pax
METT Singapore,mett-singapore,https://wedded.sg/venues/mett-singapore,019b87d9-ba1e-7d29-95b8-a10c20c3f2b7,1,METT Singapore Wedding Package 2026.pdf,Junior Ballroom,"Ballroom, Indoor",c6b67b1c-963f-4482-9b80-7990412d9e99,Sunday,3-Course Western Set Menu (Individually Plated) - Mett Harmony,120,160,$199++/pax
Min Jiang Dempsey,min-jiang-dempsey,https://wedded.sg/venues/min-jiang-dempsey,019b18ce-8e6c-7afa-ae25-f85b6d6d2706,1,Min Jiang 01 October 2025 to 30 September 2026.pdf,Main Dining Hall,"Garden & Greenery, Glasshouse, Indoor, Restaurant",2cc1a480-c7b5-4bcb-9f3f-a96ced51c9b6,Mon-Thu,Wedding Menu 1 (7-Course Individual Serving),1,110,"$15,888++"
Min Jiang Dempsey,min-jiang-dempsey,https://wedded.sg/venues/min-jiang-dempsey,019b18ce-8e6c-7afa-ae25-f85b6d6d2706,1,Min Jiang 01 October 2025 to 30 September 2026.pdf,Main Dining Hall,"Garden & Greenery, Glasshouse, Indoor, Restaurant",2cc1a480-c7b5-4bcb-9f3f-a96ced51c9b6,Friday,Wedding Menu 1 (7-Course Individual Serving),1,110,"$20,888++"
Min Jiang Dempsey,min-jiang-dempsey,https://wedded.sg/venues/min-jiang-dempsey,019b18ce-8e6c-7afa-ae25-f85b6d6d2706,1,Min Jiang 01 October 2025 to 30 September 2026.pdf,Main Dining Hall,"Garden & Greenery, Glasshouse, Indoor, Restaurant",2cc1a480-c7b5-4bcb-9f3f-a96ced51c9b6,Saturday,Wedding Menu 1 (7-Course Individual Serving),1,110,"$20,888++"
Min Jiang Dempsey,min-jiang-dempsey,https://wedded.sg/venues/min-jiang-dempsey,019b18ce-8e6c-7afa-ae25-f85b6d6d2706,1,Min Jiang 01 October 2025 to 30 September 2026.pdf,Main Dining Hall,"Garden & Greenery, Glasshouse, Indoor, Restaurant",2cc1a480-c7b5-4bcb-9f3f-a96ced51c9b6,Sunday,Wedding Menu 1 (7-Course Individual Serving),1,110,"$20,888++"
Min Jiang Dempsey,min-jiang-dempsey,https://wedded.sg/venues/min-jiang-dempsey,019b18ce-8e6c-7afa-ae25-f85b6d6d2706,1,Min Jiang 01 October 2025 to 30 September 2026.pdf,Main Dining Hall + Dining Room,"Garden & Greenery, Glasshouse, Indoor, Restaurant",baf6f121-0d25-4dd6-8b2b-26b6d27a6862,Mon-Thu,Wedding Menu 1 (7-Course Individual Serving),1,170,"$25,888++"
Min Jiang Dempsey,min-jiang-dempsey,https://wedded.sg/venues/min-jiang-dempsey,019b18ce-8e6c-7afa-ae25-f85b6d6d2706,1,Min Jiang 01 October 2025 to 30 September 2026.pdf,Main Dining Hall + Dining Room,"Garden & Greenery, Glasshouse, Indoor, Restaurant",baf6f121-0d25-4dd6-8b2b-26b6d27a6862,Friday,Wedding Menu 1 (7-Course Individual Serving),1,170,"$32,888++"
Min Jiang Dempsey,min-jiang-dempsey,https://wedded.sg/venues/min-jiang-dempsey,019b18ce-8e6c-7afa-ae25-f85b6d6d2706,1,Min Jiang 01 October 2025 to 30 September 2026.pdf,Main Dining Hall + Dining Room,"Garden & Greenery, Glasshouse, Indoor, Restaurant",baf6f121-0d25-4dd6-8b2b-26b6d27a6862,Saturday,Wedding Menu 1 (7-Course Individual Serving),1,170,"$32,888++"
Min Jiang Dempsey,min-jiang-dempsey,https://wedded.sg/venues/min-jiang-dempsey,019b18ce-8e6c-7afa-ae25-f85b6d6d2706,1,Min Jiang 01 October 2025 to 30 September 2026.pdf,Main Dining Hall + Dining Room,"Garden & Greenery, Glasshouse, Indoor, Restaurant",baf6f121-0d25-4dd6-8b2b-26b6d27a6862,Sunday,Wedding Menu 1 (7-Course Individual Serving),1,170,"$32,888++"
Monti at 1-Pavilion,monti,https://wedded.sg/venues/monti,019afd69-34c4-7976-a2f8-8098877c2394,0,,Monti Restaurant,"Glasshouse, Indoor, Outdoor, Restaurant, Waterfront",ebc097fe-0054-4c8d-9b1c-8b30a555f630,Saturday,Wedding Banquet,131,180,"$23,000++"
Monti at 1-Pavilion,monti,https://wedded.sg/venues/monti,019afd69-34c4-7976-a2f8-8098877c2394,0,,Monti Restaurant,"Glasshouse, Indoor, Outdoor, Restaurant, Waterfront",ebc097fe-0054-4c8d-9b1c-8b30a555f630,Sunday,Wedding Banquet,131,180,"$23,000++"
Mount Faber Peak,mount-faber-peak,https://wedded.sg/venues/mount-faber-peak,019b8d8c-98ac-705a-989e-7551d190bd81,1,Mount Faber Peak Wedding.pdf,Angsana Glasshouse,"Garden & Greenery, Glasshouse, Indoor, Outdoor, Restaurant, Rooftop, Waterfront",a0dcb046-d421-4f2a-b21d-97683ee87e21,Mon-Thu,"Chinese set, Modern European Set or Buffet Menus",1,70,"$3,000++"
Mount Faber Peak,mount-faber-peak,https://wedded.sg/venues/mount-faber-peak,019b8d8c-98ac-705a-989e-7551d190bd81,1,Mount Faber Peak Wedding.pdf,Angsana Glasshouse,"Garden & Greenery, Glasshouse, Indoor, Outdoor, Restaurant, Rooftop, Waterfront",a0dcb046-d421-4f2a-b21d-97683ee87e21,Friday,"Chinese set, Modern European Set or Buffet Menus",1,70,"$3,000++"
Mount Faber Peak,mount-faber-peak,https://wedded.sg/venues/mount-faber-peak,019b8d8c-98ac-705a-989e-7551d190bd81,1,Mount Faber Peak Wedding.pdf,Angsana Glasshouse,"Garden & Greenery, Glasshouse, Indoor, Outdoor, Restaurant, Rooftop, Waterfront",a0dcb046-d421-4f2a-b21d-97683ee87e21,Saturday,"Chinese set, Modern European Set or Buffet Menus",1,70,"$5,000++"
Mount Faber Peak,mount-faber-peak,https://wedded.sg/venues/mount-faber-peak,019b8d8c-98ac-705a-989e-7551d190bd81,1,Mount Faber Peak Wedding.pdf,Angsana Glasshouse,"Garden & Greenery, Glasshouse, Indoor, Outdoor, Restaurant, Rooftop, Waterfront",a0dcb046-d421-4f2a-b21d-97683ee87e21,Sunday,"Chinese set, Modern European Set or Buffet Menus",1,70,"$5,000++"
Mount Faber Peak,mount-faber-peak,https://wedded.sg/venues/mount-faber-peak,019b8d8c-98ac-705a-989e-7551d190bd81,1,Mount Faber Peak Wedding.pdf,Arbora,"Garden & Greenery, Glasshouse, Indoor, Outdoor, Restaurant, Rooftop, Waterfront",0d3f997a-b5d8-4617-a719-27035a44a086,Mon-Thu,Modern European Buffet,1,75,"$10,000++"
Mount Faber Peak,mount-faber-peak,https://wedded.sg/venues/mount-faber-peak,019b8d8c-98ac-705a-989e-7551d190bd81,1,Mount Faber Peak Wedding.pdf,Arbora,"Garden & Greenery, Glasshouse, Indoor, Outdoor, Restaurant, Rooftop, Waterfront",0d3f997a-b5d8-4617-a719-27035a44a086,Friday,Modern European Buffet,1,75,"$10,000++"
Mount Faber Peak,mount-faber-peak,https://wedded.sg/venues/mount-faber-peak,019b8d8c-98ac-705a-989e-7551d190bd81,1,Mount Faber Peak Wedding.pdf,Arbora,"Garden & Greenery, Glasshouse, Indoor, Outdoor, Restaurant, Rooftop, Waterfront",0d3f997a-b5d8-4617-a719-27035a44a086,Saturday,Modern European Buffet,1,75,"$18,000++"
Mount Faber Peak,mount-faber-peak,https://wedded.sg/venues/mount-faber-peak,019b8d8c-98ac-705a-989e-7551d190bd81,1,Mount Faber Peak Wedding.pdf,Arbora,"Garden & Greenery, Glasshouse, Indoor, Outdoor, Restaurant, Rooftop, Waterfront",0d3f997a-b5d8-4617-a719-27035a44a086,Sunday,Modern European Buffet,1,75,"$18,000++"
Mount Faber Peak,mount-faber-peak,https://wedded.sg/venues/mount-faber-peak,019b8d8c-98ac-705a-989e-7551d190bd81,1,Mount Faber Peak Wedding.pdf,Dusk & The Mirabilis Bar,"Garden & Greenery, Glasshouse, Outdoor, Restaurant, Waterfront",2eebce68-c6f7-4365-8c2d-966646105a08,Mon-Thu,Modern European Buffet,1,100,"$5,000++"
Mount Faber Peak,mount-faber-peak,https://wedded.sg/venues/mount-faber-peak,019b8d8c-98ac-705a-989e-7551d190bd81,1,Mount Faber Peak Wedding.pdf,Dusk & The Mirabilis Bar,"Garden & Greenery, Glasshouse, Outdoor, Restaurant, Waterfront",2eebce68-c6f7-4365-8c2d-966646105a08,Friday,Modern European Buffet,1,100,"$5,000++"
Mount Faber Peak,mount-faber-peak,https://wedded.sg/venues/mount-faber-peak,019b8d8c-98ac-705a-989e-7551d190bd81,1,Mount Faber Peak Wedding.pdf,Dusk & The Mirabilis Bar,"Garden & Greenery, Glasshouse, Outdoor, Restaurant, Waterfront",2eebce68-c6f7-4365-8c2d-966646105a08,Saturday,Modern European Buffet,1,100,"$10,000++"
Mount Faber Peak,mount-faber-peak,https://wedded.sg/venues/mount-faber-peak,019b8d8c-98ac-705a-989e-7551d190bd81,1,Mount Faber Peak Wedding.pdf,Dusk & The Mirabilis Bar,"Garden & Greenery, Glasshouse, Outdoor, Restaurant, Waterfront",2eebce68-c6f7-4365-8c2d-966646105a08,Sunday,Modern European Buffet,1,100,"$10,000++"
Mount Faber Peak,mount-faber-peak,https://wedded.sg/venues/mount-faber-peak,019b8d8c-98ac-705a-989e-7551d190bd81,1,Mount Faber Peak Wedding.pdf,The Ballroom,"Ballroom, Garden & Greenery, Glasshouse, Indoor, Restaurant, Rooftop, Waterfront",c8de08fa-df02-4d2c-9a7b-e744149bdf6a,Mon-Thu,"Chinese Banquet, Modern European Set or Buffet",100,200,$148++/pax
Mount Faber Peak,mount-faber-peak,https://wedded.sg/venues/mount-faber-peak,019b8d8c-98ac-705a-989e-7551d190bd81,1,Mount Faber Peak Wedding.pdf,The Ballroom,"Ballroom, Garden & Greenery, Glasshouse, Indoor, Restaurant, Rooftop, Waterfront",c8de08fa-df02-4d2c-9a7b-e744149bdf6a,Friday,"Chinese Banquet, Modern European Set or Buffet",100,200,$148++/pax
Mount Faber Peak,mount-faber-peak,https://wedded.sg/venues/mount-faber-peak,019b8d8c-98ac-705a-989e-7551d190bd81,1,Mount Faber Peak Wedding.pdf,The Ballroom,"Ballroom, Garden & Greenery, Glasshouse, Indoor, Restaurant, Rooftop, Waterfront",c8de08fa-df02-4d2c-9a7b-e744149bdf6a,Saturday,"Chinese Banquet, Modern European Set or Buffet",100,200,$148++/pax
Mount Faber Peak,mount-faber-peak,https://wedded.sg/venues/mount-faber-peak,019b8d8c-98ac-705a-989e-7551d190bd81,1,Mount Faber Peak Wedding.pdf,The Ballroom,"Ballroom, Garden & Greenery, Glasshouse, Indoor, Restaurant, Rooftop, Waterfront",c8de08fa-df02-4d2c-9a7b-e744149bdf6a,Sunday,"Chinese Banquet, Modern European Set or Buffet",100,200,$148++/pax
Novotel Singapore on Stevens,novotel-singapore-on-stevens,https://wedded.sg/venues/novotel-singapore-on-stevens,019b8da9-184c-70d1-8046-538982057ce0,2,Novotel Singapore On Stevens Weddings Y2026 2027.pdf | Winestone Wedding Package.pdf,Polaris Ballroom,"Ballroom, Indoor",d4556fc6-adaa-4c84-887d-658f6a0751c8,Mon-Thu,7-Course Chinese Menu,150,320,$119++/pax
Novotel Singapore on Stevens,novotel-singapore-on-stevens,https://wedded.sg/venues/novotel-singapore-on-stevens,019b8da9-184c-70d1-8046-538982057ce0,2,Novotel Singapore On Stevens Weddings Y2026 2027.pdf | Winestone Wedding Package.pdf,Polaris Ballroom,"Ballroom, Indoor",d4556fc6-adaa-4c84-887d-658f6a0751c8,Friday,7-Course Chinese Menu,150,320,$119++/pax
Novotel Singapore on Stevens,novotel-singapore-on-stevens,https://wedded.sg/venues/novotel-singapore-on-stevens,019b8da9-184c-70d1-8046-538982057ce0,2,Novotel Singapore On Stevens Weddings Y2026 2027.pdf | Winestone Wedding Package.pdf,Polaris Ballroom,"Ballroom, Indoor",d4556fc6-adaa-4c84-887d-658f6a0751c8,Saturday,7-Course Chinese Menu,200,320,$159++/pax
Novotel Singapore on Stevens,novotel-singapore-on-stevens,https://wedded.sg/venues/novotel-singapore-on-stevens,019b8da9-184c-70d1-8046-538982057ce0,2,Novotel Singapore On Stevens Weddings Y2026 2027.pdf | Winestone Wedding Package.pdf,Polaris Ballroom,"Ballroom, Indoor",d4556fc6-adaa-4c84-887d-658f6a0751c8,Sunday,7-Course Chinese Menu,200,320,$159++/pax
Novotel Singapore on Stevens,novotel-singapore-on-stevens,https://wedded.sg/venues/novotel-singapore-on-stevens,019b8da9-184c-70d1-8046-538982057ce0,2,Novotel Singapore On Stevens Weddings Y2026 2027.pdf | Winestone Wedding Package.pdf,Winestone Restaurant,"Garden & Greenery, Glasshouse, Indoor, Restaurant",1537a18e-659c-414f-a2b6-78c09e773a84,Mon-Thu,4-Course Western Menu,80,120,$138++/pax
Novotel Singapore on Stevens,novotel-singapore-on-stevens,https://wedded.sg/venues/novotel-singapore-on-stevens,019b8da9-184c-70d1-8046-538982057ce0,2,Novotel Singapore On Stevens Weddings Y2026 2027.pdf | Winestone Wedding Package.pdf,Winestone Restaurant,"Garden & Greenery, Glasshouse, Indoor, Restaurant",1537a18e-659c-414f-a2b6-78c09e773a84,Friday,4-Course Western Menu,80,120,$138++/pax
Novotel Singapore on Stevens,novotel-singapore-on-stevens,https://wedded.sg/venues/novotel-singapore-on-stevens,019b8da9-184c-70d1-8046-538982057ce0,2,Novotel Singapore On Stevens Weddings Y2026 2027.pdf | Winestone Wedding Package.pdf,Winestone Restaurant,"Garden & Greenery, Glasshouse, Indoor, Restaurant",1537a18e-659c-414f-a2b6-78c09e773a84,Saturday,4-Course Western Menu,80,120,$138++/pax
Novotel Singapore on Stevens,novotel-singapore-on-stevens,https://wedded.sg/venues/novotel-singapore-on-stevens,019b8da9-184c-70d1-8046-538982057ce0,2,Novotel Singapore On Stevens Weddings Y2026 2027.pdf | Winestone Wedding Package.pdf,Winestone Restaurant,"Garden & Greenery, Glasshouse, Indoor, Restaurant",1537a18e-659c-414f-a2b6-78c09e773a84,Sunday,4-Course Western Menu,80,120,$138++/pax
Oasia Hotel Downtown,oasia-hotel-downtown,https://wedded.sg/venues/oasia-hotel-downtown,019b929e-9834-788c-b915-47fd8bd9db60,1,Oasia Hotel Downtown & Oasia Hotel Novena Wedding Deck.pdf,Retreat Room + Sky Terrace,"Garden & Greenery, Indoor, Outdoor",ba1abce5-9232-4ee4-ad06-eb113094429e,Mon-Thu,Western Set Menu or Buffet (Enchanted Wedding Package),30,60,$165++/pax
Oasia Hotel Downtown,oasia-hotel-downtown,https://wedded.sg/venues/oasia-hotel-downtown,019b929e-9834-788c-b915-47fd8bd9db60,1,Oasia Hotel Downtown & Oasia Hotel Novena Wedding Deck.pdf,Retreat Room + Sky Terrace,"Garden & Greenery, Indoor, Outdoor",ba1abce5-9232-4ee4-ad06-eb113094429e,Friday,Western Set Menu or Buffet (Enchanted Wedding Package),30,60,$165++/pax
Oasia Hotel Downtown,oasia-hotel-downtown,https://wedded.sg/venues/oasia-hotel-downtown,019b929e-9834-788c-b915-47fd8bd9db60,1,Oasia Hotel Downtown & Oasia Hotel Novena Wedding Deck.pdf,Retreat Room + Sky Terrace,"Garden & Greenery, Indoor, Outdoor",ba1abce5-9232-4ee4-ad06-eb113094429e,Saturday,Western Set Menu or Buffet (Enchanted Wedding Package),30,60,$165++/pax
Oasia Hotel Downtown,oasia-hotel-downtown,https://wedded.sg/venues/oasia-hotel-downtown,019b929e-9834-788c-b915-47fd8bd9db60,1,Oasia Hotel Downtown & Oasia Hotel Novena Wedding Deck.pdf,Retreat Room + Sky Terrace,"Garden & Greenery, Indoor, Outdoor",ba1abce5-9232-4ee4-ad06-eb113094429e,Sunday,Western Set Menu or Buffet (Enchanted Wedding Package),30,60,$165++/pax
Oasia Hotel Downtown,oasia-hotel-downtown,https://wedded.sg/venues/oasia-hotel-downtown,019b929e-9834-788c-b915-47fd8bd9db60,1,Oasia Hotel Downtown & Oasia Hotel Novena Wedding Deck.pdf,Sky Terrace Only,"Garden & Greenery, Outdoor",e83a493b-2e46-49e8-81f3-2d8162bc5d29,Mon-Thu,Solemnisation Venue Package (2h usage),1,60,"$1,992++"
Oasia Hotel Downtown,oasia-hotel-downtown,https://wedded.sg/venues/oasia-hotel-downtown,019b929e-9834-788c-b915-47fd8bd9db60,1,Oasia Hotel Downtown & Oasia Hotel Novena Wedding Deck.pdf,Sky Terrace Only,"Garden & Greenery, Outdoor",e83a493b-2e46-49e8-81f3-2d8162bc5d29,Friday,Solemnisation Venue Package (2h usage),1,60,"$1,992++"
Oasia Hotel Downtown,oasia-hotel-downtown,https://wedded.sg/venues/oasia-hotel-downtown,019b929e-9834-788c-b915-47fd8bd9db60,1,Oasia Hotel Downtown & Oasia Hotel Novena Wedding Deck.pdf,Sky Terrace Only,"Garden & Greenery, Outdoor",e83a493b-2e46-49e8-81f3-2d8162bc5d29,Saturday,Solemnisation Venue Package (2h usage),1,60,"$1,992++"
Oasia Hotel Downtown,oasia-hotel-downtown,https://wedded.sg/venues/oasia-hotel-downtown,019b929e-9834-788c-b915-47fd8bd9db60,1,Oasia Hotel Downtown & Oasia Hotel Novena Wedding Deck.pdf,Sky Terrace Only,"Garden & Greenery, Outdoor",e83a493b-2e46-49e8-81f3-2d8162bc5d29,Sunday,Solemnisation Venue Package (2h usage),1,60,"$1,992++"
"Oasia Hotel Novena, Singapore",oasia-hotel-novena-singapore,https://wedded.sg/venues/oasia-hotel-novena-singapore,019b92be-0031-7849-bded-504fa58f454f,1,OHN Wedding Brochure.pdf,Courtyard Room + Fountain Foyer,"Garden & Greenery, Indoor, Outdoor",2fdc2f6a-c798-4716-a824-a02682dccedf,Mon-Thu,Western Set Menu or Buffet (Classic Wedding Package),50,120,$157++/pax
"Oasia Hotel Novena, Singapore",oasia-hotel-novena-singapore,https://wedded.sg/venues/oasia-hotel-novena-singapore,019b92be-0031-7849-bded-504fa58f454f,1,OHN Wedding Brochure.pdf,Courtyard Room + Fountain Foyer,"Garden & Greenery, Indoor, Outdoor",2fdc2f6a-c798-4716-a824-a02682dccedf,Friday,Western Set Menu or Buffet (Classic Wedding Package),50,120,$157++/pax
"Oasia Hotel Novena, Singapore",oasia-hotel-novena-singapore,https://wedded.sg/venues/oasia-hotel-novena-singapore,019b92be-0031-7849-bded-504fa58f454f,1,OHN Wedding Brochure.pdf,Courtyard Room + Fountain Foyer,"Garden & Greenery, Indoor, Outdoor",2fdc2f6a-c798-4716-a824-a02682dccedf,Saturday,Western Set Menu or Buffet (Classic Wedding Package),50,120,$157++/pax
"Oasia Hotel Novena, Singapore",oasia-hotel-novena-singapore,https://wedded.sg/venues/oasia-hotel-novena-singapore,019b92be-0031-7849-bded-504fa58f454f,1,OHN Wedding Brochure.pdf,Courtyard Room + Fountain Foyer,"Garden & Greenery, Indoor, Outdoor",2fdc2f6a-c798-4716-a824-a02682dccedf,Sunday,Western Set Menu or Buffet (Classic Wedding Package),50,120,$157++/pax
"Oasia Hotel Novena, Singapore",oasia-hotel-novena-singapore,https://wedded.sg/venues/oasia-hotel-novena-singapore,019b92be-0031-7849-bded-504fa58f454f,1,OHN Wedding Brochure.pdf,Fountain Foyer,"Garden & Greenery, Outdoor",3a3e7be7-2601-4e75-84e0-9290b4108054,Mon-Thu,Solemnisation Venue Package,1,35,"$1,575++"
"Oasia Hotel Novena, Singapore",oasia-hotel-novena-singapore,https://wedded.sg/venues/oasia-hotel-novena-singapore,019b92be-0031-7849-bded-504fa58f454f,1,OHN Wedding Brochure.pdf,Fountain Foyer,"Garden & Greenery, Outdoor",3a3e7be7-2601-4e75-84e0-9290b4108054,Friday,Solemnisation Venue Package,1,35,"$1,575++"
"Oasia Hotel Novena, Singapore",oasia-hotel-novena-singapore,https://wedded.sg/venues/oasia-hotel-novena-singapore,019b92be-0031-7849-bded-504fa58f454f,1,OHN Wedding Brochure.pdf,Fountain Foyer,"Garden & Greenery, Outdoor",3a3e7be7-2601-4e75-84e0-9290b4108054,Saturday,Solemnisation Venue Package,1,35,"$1,575++"
"Oasia Hotel Novena, Singapore",oasia-hotel-novena-singapore,https://wedded.sg/venues/oasia-hotel-novena-singapore,019b92be-0031-7849-bded-504fa58f454f,1,OHN Wedding Brochure.pdf,Fountain Foyer,"Garden & Greenery, Outdoor",3a3e7be7-2601-4e75-84e0-9290b4108054,Sunday,Solemnisation Venue Package,1,35,"$1,575++"
"Oasia Hotel Novena, Singapore",oasia-hotel-novena-singapore,https://wedded.sg/venues/oasia-hotel-novena-singapore,019b92be-0031-7849-bded-504fa58f454f,1,OHN Wedding Brochure.pdf,Garden Gazebo,"Garden & Greenery, Outdoor",1a25131e-acc0-41c1-a8f5-6ff6dcb888f5,Mon-Thu,Solemnisation Venue Package,1,20,"$1,575++"
"Oasia Hotel Novena, Singapore",oasia-hotel-novena-singapore,https://wedded.sg/venues/oasia-hotel-novena-singapore,019b92be-0031-7849-bded-504fa58f454f,1,OHN Wedding Brochure.pdf,Garden Gazebo,"Garden & Greenery, Outdoor",1a25131e-acc0-41c1-a8f5-6ff6dcb888f5,Friday,Solemnisation Venue Package,1,20,"$1,575++"
"Oasia Hotel Novena, Singapore",oasia-hotel-novena-singapore,https://wedded.sg/venues/oasia-hotel-novena-singapore,019b92be-0031-7849-bded-504fa58f454f,1,OHN Wedding Brochure.pdf,Garden Gazebo,"Garden & Greenery, Outdoor",1a25131e-acc0-41c1-a8f5-6ff6dcb888f5,Saturday,Solemnisation Venue Package,1,20,"$1,575++"
"Oasia Hotel Novena, Singapore",oasia-hotel-novena-singapore,https://wedded.sg/venues/oasia-hotel-novena-singapore,019b92be-0031-7849-bded-504fa58f454f,1,OHN Wedding Brochure.pdf,Garden Gazebo,"Garden & Greenery, Outdoor",1a25131e-acc0-41c1-a8f5-6ff6dcb888f5,Sunday,Solemnisation Venue Package,1,20,"$1,575++"
Oasia Resort Sentosa,oasia-hotel-sentosa,https://wedded.sg/venues/oasia-hotel-sentosa,019b6a6a-6a29-769a-9c32-7c37915a314e,1,2026 wedding dinner package new.pdf,Revelry Hall,"Colonial/Historical, Garden & Greenery, Indoor, Outdoor",0becc9d1-9627-404d-9ca0-50319cdbce3b,Mon-Thu,Western or Chinese Set Menu,120,160,$182++/pax
Oasia Resort Sentosa,oasia-hotel-sentosa,https://wedded.sg/venues/oasia-hotel-sentosa,019b6a6a-6a29-769a-9c32-7c37915a314e,1,2026 wedding dinner package new.pdf,Revelry Hall,"Colonial/Historical, Garden & Greenery, Indoor, Outdoor",0becc9d1-9627-404d-9ca0-50319cdbce3b,Friday,Western or Chinese Set Menu,120,160,$182++/pax
Oasia Resort Sentosa,oasia-hotel-sentosa,https://wedded.sg/venues/oasia-hotel-sentosa,019b6a6a-6a29-769a-9c32-7c37915a314e,1,2026 wedding dinner package new.pdf,Revelry Hall,"Colonial/Historical, Garden & Greenery, Indoor, Outdoor",0becc9d1-9627-404d-9ca0-50319cdbce3b,Saturday,Western or Chinese Set Menu,120,160,$219++/pax
Oasia Resort Sentosa,oasia-hotel-sentosa,https://wedded.sg/venues/oasia-hotel-sentosa,019b6a6a-6a29-769a-9c32-7c37915a314e,1,2026 wedding dinner package new.pdf,Revelry Hall,"Colonial/Historical, Garden & Greenery, Indoor, Outdoor",0becc9d1-9627-404d-9ca0-50319cdbce3b,Sunday,Western or Chinese Set Menu,120,160,$219++/pax
Oasia Resort Sentosa,oasia-hotel-sentosa,https://wedded.sg/venues/oasia-hotel-sentosa,019b6a6a-6a29-769a-9c32-7c37915a314e,1,2026 wedding dinner package new.pdf,The Aloes,"Colonial/Historical, Garden & Greenery, Indoor, Outdoor",5c0e4a32-06a0-429b-9257-9d74c0928b20,Mon-Thu,Western or Chinese Set Menu,120,140,$182++/pax
Oasia Resort Sentosa,oasia-hotel-sentosa,https://wedded.sg/venues/oasia-hotel-sentosa,019b6a6a-6a29-769a-9c32-7c37915a314e,1,2026 wedding dinner package new.pdf,The Aloes,"Colonial/Historical, Garden & Greenery, Indoor, Outdoor",5c0e4a32-06a0-429b-9257-9d74c0928b20,Friday,Western or Chinese Set Menu,120,140,$182++/pax
Oasia Resort Sentosa,oasia-hotel-sentosa,https://wedded.sg/venues/oasia-hotel-sentosa,019b6a6a-6a29-769a-9c32-7c37915a314e,1,2026 wedding dinner package new.pdf,The Aloes,"Colonial/Historical, Garden & Greenery, Indoor, Outdoor",5c0e4a32-06a0-429b-9257-9d74c0928b20,Saturday,Western or Chinese Set Menu,120,140,$207++/pax
Oasia Resort Sentosa,oasia-hotel-sentosa,https://wedded.sg/venues/oasia-hotel-sentosa,019b6a6a-6a29-769a-9c32-7c37915a314e,1,2026 wedding dinner package new.pdf,The Aloes,"Colonial/Historical, Garden & Greenery, Indoor, Outdoor",5c0e4a32-06a0-429b-9257-9d74c0928b20,Sunday,Western or Chinese Set Menu,120,140,$207++/pax
One Farrer Hotel,one-farrer-hotel,https://wedded.sg/venues/one-farrer-hotel,019b8926-7005-77cc-9398-e3c6113dc562,3,chinese wedding package 2026.pdf | solemnisation 2026 package.pdf | intimate wedding package 2026.pdf,Function Room,"Ballroom, Glasshouse, Indoor",1b302de4-b5ba-4f1a-9de9-4726db7ca518,Mon-Thu,Intimate - 7-Course Chinese Set Menu,80,120,$159++/pax
One Farrer Hotel,one-farrer-hotel,https://wedded.sg/venues/one-farrer-hotel,019b8926-7005-77cc-9398-e3c6113dc562,3,chinese wedding package 2026.pdf | solemnisation 2026 package.pdf | intimate wedding package 2026.pdf,Function Room,"Ballroom, Glasshouse, Indoor",1b302de4-b5ba-4f1a-9de9-4726db7ca518,Friday,Intimate - 7-Course Chinese Set Menu,80,120,$159++/pax
One Farrer Hotel,one-farrer-hotel,https://wedded.sg/venues/one-farrer-hotel,019b8926-7005-77cc-9398-e3c6113dc562,3,chinese wedding package 2026.pdf | solemnisation 2026 package.pdf | intimate wedding package 2026.pdf,Function Room,"Ballroom, Glasshouse, Indoor",1b302de4-b5ba-4f1a-9de9-4726db7ca518,Saturday,Intimate - 7-Course Chinese Set Menu,80,120,$159++/pax
One Farrer Hotel,one-farrer-hotel,https://wedded.sg/venues/one-farrer-hotel,019b8926-7005-77cc-9398-e3c6113dc562,3,chinese wedding package 2026.pdf | solemnisation 2026 package.pdf | intimate wedding package 2026.pdf,Function Room,"Ballroom, Glasshouse, Indoor",1b302de4-b5ba-4f1a-9de9-4726db7ca518,Sunday,Intimate - 7-Course Chinese Set Menu,80,120,$159++/pax
One Farrer Hotel,one-farrer-hotel,https://wedded.sg/venues/one-farrer-hotel,019b8926-7005-77cc-9398-e3c6113dc562,3,chinese wedding package 2026.pdf | solemnisation 2026 package.pdf | intimate wedding package 2026.pdf,Grand Ballroom,"Ballroom, Indoor",1dd1ce85-55f1-4960-b2a1-acceadd915c0,Mon-Thu,7 or 8-course Chinese Menu,160,450,$170++/pax
One Farrer Hotel,one-farrer-hotel,https://wedded.sg/venues/one-farrer-hotel,019b8926-7005-77cc-9398-e3c6113dc562,3,chinese wedding package 2026.pdf | solemnisation 2026 package.pdf | intimate wedding package 2026.pdf,Grand Ballroom,"Ballroom, Indoor",1dd1ce85-55f1-4960-b2a1-acceadd915c0,Friday,7 or 8-course Chinese Menu,160,450,$170++/pax
One Farrer Hotel,one-farrer-hotel,https://wedded.sg/venues/one-farrer-hotel,019b8926-7005-77cc-9398-e3c6113dc562,3,chinese wedding package 2026.pdf | solemnisation 2026 package.pdf | intimate wedding package 2026.pdf,Grand Ballroom,"Ballroom, Indoor",1dd1ce85-55f1-4960-b2a1-acceadd915c0,Saturday,7 or 8-course Chinese Menu,160,450,$179++/pax
One Farrer Hotel,one-farrer-hotel,https://wedded.sg/venues/one-farrer-hotel,019b8926-7005-77cc-9398-e3c6113dc562,3,chinese wedding package 2026.pdf | solemnisation 2026 package.pdf | intimate wedding package 2026.pdf,Grand Ballroom,"Ballroom, Indoor",1dd1ce85-55f1-4960-b2a1-acceadd915c0,Sunday,7 or 8-course Chinese Menu,160,450,$179++/pax
ONE°15 Marina Sentosa Cove,onedeg15-marina-sentosa-cove,https://wedded.sg/venues/onedeg15-marina-sentosa-cove,019b8db8-5da6-777c-8e31-a3742575dba9,2,ONE15 Marina Sentosa Cove Singapore Social Wedding Packages 2026 A Close knit Wedding Affair at Constellation Ballr.pdf | ONE15 Marina Sentosa Cove Singapore Social Wedding Packages 2026 A Close knit Wedding Affair at Iconic Building.pdf,Bar Nebula,"Garden & Greenery, Glasshouse, Indoor, Waterfront",fdd7bb3b-577e-4d39-a501-8d544ef6e676,Mon-Thu,8-Course Classic Chinese Set Menu,30,120,$169++/pax
ONE°15 Marina Sentosa Cove,onedeg15-marina-sentosa-cove,https://wedded.sg/venues/onedeg15-marina-sentosa-cove,019b8db8-5da6-777c-8e31-a3742575dba9,2,ONE15 Marina Sentosa Cove Singapore Social Wedding Packages 2026 A Close knit Wedding Affair at Constellation Ballr.pdf | ONE15 Marina Sentosa Cove Singapore Social Wedding Packages 2026 A Close knit Wedding Affair at Iconic Building.pdf,Bar Nebula,"Garden & Greenery, Glasshouse, Indoor, Waterfront",fdd7bb3b-577e-4d39-a501-8d544ef6e676,Friday,8-Course Classic Chinese Set Menu,30,120,$169++/pax
ONE°15 Marina Sentosa Cove,onedeg15-marina-sentosa-cove,https://wedded.sg/venues/onedeg15-marina-sentosa-cove,019b8db8-5da6-777c-8e31-a3742575dba9,2,ONE15 Marina Sentosa Cove Singapore Social Wedding Packages 2026 A Close knit Wedding Affair at Constellation Ballr.pdf | ONE15 Marina Sentosa Cove Singapore Social Wedding Packages 2026 A Close knit Wedding Affair at Iconic Building.pdf,Bar Nebula,"Garden & Greenery, Glasshouse, Indoor, Waterfront",fdd7bb3b-577e-4d39-a501-8d544ef6e676,Saturday,8-Course Classic Chinese Set Menu,30,120,$169++/pax
ONE°15 Marina Sentosa Cove,onedeg15-marina-sentosa-cove,https://wedded.sg/venues/onedeg15-marina-sentosa-cove,019b8db8-5da6-777c-8e31-a3742575dba9,2,ONE15 Marina Sentosa Cove Singapore Social Wedding Packages 2026 A Close knit Wedding Affair at Constellation Ballr.pdf | ONE15 Marina Sentosa Cove Singapore Social Wedding Packages 2026 A Close knit Wedding Affair at Iconic Building.pdf,Bar Nebula,"Garden & Greenery, Glasshouse, Indoor, Waterfront",fdd7bb3b-577e-4d39-a501-8d544ef6e676,Sunday,8-Course Classic Chinese Set Menu,30,120,$169++/pax
ONE°15 Marina Sentosa Cove,onedeg15-marina-sentosa-cove,https://wedded.sg/venues/onedeg15-marina-sentosa-cove,019b8db8-5da6-777c-8e31-a3742575dba9,2,ONE15 Marina Sentosa Cove Singapore Social Wedding Packages 2026 A Close knit Wedding Affair at Constellation Ballr.pdf | ONE15 Marina Sentosa Cove Singapore Social Wedding Packages 2026 A Close knit Wedding Affair at Iconic Building.pdf,Constellation Ballroom,"Ballroom, Indoor",9cc569c0-0dda-4059-abbc-b133fd00e2fd,Mon-Thu,8-Course Classic Chinese Set Menu,100,360,$169++/pax
ONE°15 Marina Sentosa Cove,onedeg15-marina-sentosa-cove,https://wedded.sg/venues/onedeg15-marina-sentosa-cove,019b8db8-5da6-777c-8e31-a3742575dba9,2,ONE15 Marina Sentosa Cove Singapore Social Wedding Packages 2026 A Close knit Wedding Affair at Constellation Ballr.pdf | ONE15 Marina Sentosa Cove Singapore Social Wedding Packages 2026 A Close knit Wedding Affair at Iconic Building.pdf,Constellation Ballroom,"Ballroom, Indoor",9cc569c0-0dda-4059-abbc-b133fd00e2fd,Friday,8-Course Classic Chinese Set Menu,100,360,$169++/pax
ONE°15 Marina Sentosa Cove,onedeg15-marina-sentosa-cove,https://wedded.sg/venues/onedeg15-marina-sentosa-cove,019b8db8-5da6-777c-8e31-a3742575dba9,2,ONE15 Marina Sentosa Cove Singapore Social Wedding Packages 2026 A Close knit Wedding Affair at Constellation Ballr.pdf | ONE15 Marina Sentosa Cove Singapore Social Wedding Packages 2026 A Close knit Wedding Affair at Iconic Building.pdf,Constellation Ballroom,"Ballroom, Indoor",9cc569c0-0dda-4059-abbc-b133fd00e2fd,Saturday,8-Course Classic Chinese Set Menu,100,360,$169++/pax
ONE°15 Marina Sentosa Cove,onedeg15-marina-sentosa-cove,https://wedded.sg/venues/onedeg15-marina-sentosa-cove,019b8db8-5da6-777c-8e31-a3742575dba9,2,ONE15 Marina Sentosa Cove Singapore Social Wedding Packages 2026 A Close knit Wedding Affair at Constellation Ballr.pdf | ONE15 Marina Sentosa Cove Singapore Social Wedding Packages 2026 A Close knit Wedding Affair at Iconic Building.pdf,Constellation Ballroom,"Ballroom, Indoor",9cc569c0-0dda-4059-abbc-b133fd00e2fd,Sunday,8-Course Classic Chinese Set Menu,100,360,$169++/pax
ONE°15 Marina Sentosa Cove,onedeg15-marina-sentosa-cove,https://wedded.sg/venues/onedeg15-marina-sentosa-cove,019b8db8-5da6-777c-8e31-a3742575dba9,2,ONE15 Marina Sentosa Cove Singapore Social Wedding Packages 2026 A Close knit Wedding Affair at Constellation Ballr.pdf | ONE15 Marina Sentosa Cove Singapore Social Wedding Packages 2026 A Close knit Wedding Affair at Iconic Building.pdf,Nova Room,"Garden & Greenery, Glasshouse, Indoor, Outdoor, Waterfront",4f27d5c7-4ddd-4613-984d-8e0c99afb4f7,Mon-Thu,8-Course Classic Chinese Set Menu,30,120,$169++/pax
ONE°15 Marina Sentosa Cove,onedeg15-marina-sentosa-cove,https://wedded.sg/venues/onedeg15-marina-sentosa-cove,019b8db8-5da6-777c-8e31-a3742575dba9,2,ONE15 Marina Sentosa Cove Singapore Social Wedding Packages 2026 A Close knit Wedding Affair at Constellation Ballr.pdf | ONE15 Marina Sentosa Cove Singapore Social Wedding Packages 2026 A Close knit Wedding Affair at Iconic Building.pdf,Nova Room,"Garden & Greenery, Glasshouse, Indoor, Outdoor, Waterfront",4f27d5c7-4ddd-4613-984d-8e0c99afb4f7,Friday,8-Course Classic Chinese Set Menu,30,120,$169++/pax
ONE°15 Marina Sentosa Cove,onedeg15-marina-sentosa-cove,https://wedded.sg/venues/onedeg15-marina-sentosa-cove,019b8db8-5da6-777c-8e31-a3742575dba9,2,ONE15 Marina Sentosa Cove Singapore Social Wedding Packages 2026 A Close knit Wedding Affair at Constellation Ballr.pdf | ONE15 Marina Sentosa Cove Singapore Social Wedding Packages 2026 A Close knit Wedding Affair at Iconic Building.pdf,Nova Room,"Garden & Greenery, Glasshouse, Indoor, Outdoor, Waterfront",4f27d5c7-4ddd-4613-984d-8e0c99afb4f7,Saturday,8-Course Classic Chinese Set Menu,30,120,$169++/pax
ONE°15 Marina Sentosa Cove,onedeg15-marina-sentosa-cove,https://wedded.sg/venues/onedeg15-marina-sentosa-cove,019b8db8-5da6-777c-8e31-a3742575dba9,2,ONE15 Marina Sentosa Cove Singapore Social Wedding Packages 2026 A Close knit Wedding Affair at Constellation Ballr.pdf | ONE15 Marina Sentosa Cove Singapore Social Wedding Packages 2026 A Close knit Wedding Affair at Iconic Building.pdf,Nova Room,"Garden & Greenery, Glasshouse, Indoor, Outdoor, Waterfront",4f27d5c7-4ddd-4613-984d-8e0c99afb4f7,Sunday,8-Course Classic Chinese Set Menu,30,120,$169++/pax
ONE°15 Marina Sentosa Cove,onedeg15-marina-sentosa-cove,https://wedded.sg/venues/onedeg15-marina-sentosa-cove,019b8db8-5da6-777c-8e31-a3742575dba9,2,ONE15 Marina Sentosa Cove Singapore Social Wedding Packages 2026 A Close knit Wedding Affair at Constellation Ballr.pdf | ONE15 Marina Sentosa Cove Singapore Social Wedding Packages 2026 A Close knit Wedding Affair at Iconic Building.pdf,Rooftop Terrace,"Outdoor, Rooftop, Waterfront",0fc76c94-595f-4cef-b36a-967bf6244880,Mon-Thu,8-Course Classic Chinese Set Menu,30,120,$169++/pax
ONE°15 Marina Sentosa Cove,onedeg15-marina-sentosa-cove,https://wedded.sg/venues/onedeg15-marina-sentosa-cove,019b8db8-5da6-777c-8e31-a3742575dba9,2,ONE15 Marina Sentosa Cove Singapore Social Wedding Packages 2026 A Close knit Wedding Affair at Constellation Ballr.pdf | ONE15 Marina Sentosa Cove Singapore Social Wedding Packages 2026 A Close knit Wedding Affair at Iconic Building.pdf,Rooftop Terrace,"Outdoor, Rooftop, Waterfront",0fc76c94-595f-4cef-b36a-967bf6244880,Friday,8-Course Classic Chinese Set Menu,30,120,$169++/pax
ONE°15 Marina Sentosa Cove,onedeg15-marina-sentosa-cove,https://wedded.sg/venues/onedeg15-marina-sentosa-cove,019b8db8-5da6-777c-8e31-a3742575dba9,2,ONE15 Marina Sentosa Cove Singapore Social Wedding Packages 2026 A Close knit Wedding Affair at Constellation Ballr.pdf | ONE15 Marina Sentosa Cove Singapore Social Wedding Packages 2026 A Close knit Wedding Affair at Iconic Building.pdf,Rooftop Terrace,"Outdoor, Rooftop, Waterfront",0fc76c94-595f-4cef-b36a-967bf6244880,Saturday,8-Course Classic Chinese Set Menu,30,120,$169++/pax
ONE°15 Marina Sentosa Cove,onedeg15-marina-sentosa-cove,https://wedded.sg/venues/onedeg15-marina-sentosa-cove,019b8db8-5da6-777c-8e31-a3742575dba9,2,ONE15 Marina Sentosa Cove Singapore Social Wedding Packages 2026 A Close knit Wedding Affair at Constellation Ballr.pdf | ONE15 Marina Sentosa Cove Singapore Social Wedding Packages 2026 A Close knit Wedding Affair at Iconic Building.pdf,Rooftop Terrace,"Outdoor, Rooftop, Waterfront",0fc76c94-595f-4cef-b36a-967bf6244880,Sunday,8-Course Classic Chinese Set Menu,30,120,$169++/pax
Orchard Hotel Singapore,orchard-hotel-singapore,https://wedded.sg/venues/orchard-hotel-singapore,019b931e-8ee6-77c0-b7b6-019af99d6485,1,Chinese Wedding 2026.pdf,Grand Ballrooms,"Ballroom, Indoor",112b48c2-d5a2-414d-b050-8d330fba5578,Saturday,8-Course Cantonese Cuisine - Intimate Lunch Package (Orchard Grand Ballroom 1 & 2),350,550,$179++/pax
Orchard Hotel Singapore,orchard-hotel-singapore,https://wedded.sg/venues/orchard-hotel-singapore,019b931e-8ee6-77c0-b7b6-019af99d6485,1,Chinese Wedding 2026.pdf,Grand Ballrooms,"Ballroom, Indoor",112b48c2-d5a2-414d-b050-8d330fba5578,Sunday,8-Course Cantonese Cuisine - Intimate Lunch Package (Orchard Grand Ballroom 1 & 2),350,550,$179++/pax
"TungLok Signatures @ Antica Ballroom, Orchard Rendezvous Hotel",orchard-rendezvous-hotel,https://wedded.sg/venues/orchard-rendezvous-hotel,019b6ab8-7984-79b1-9c69-5085883c55fc,1,TUNGLOK SIGNATURES   ANTICA BALLROOM WEDDING PACKAGE 2024.pdf,Antica Ballroom,"Ballroom, Indoor",82e680c9-5eb3-4072-93a2-b9874f357596,Mon-Thu,Tunglok Signatures - Dream,150,250,$130++/pax
"TungLok Signatures @ Antica Ballroom, Orchard Rendezvous Hotel",orchard-rendezvous-hotel,https://wedded.sg/venues/orchard-rendezvous-hotel,019b6ab8-7984-79b1-9c69-5085883c55fc,1,TUNGLOK SIGNATURES   ANTICA BALLROOM WEDDING PACKAGE 2024.pdf,Antica Ballroom,"Ballroom, Indoor",82e680c9-5eb3-4072-93a2-b9874f357596,Friday,Tunglok Signatures - Dream,150,250,$130++/pax
"TungLok Signatures @ Antica Ballroom, Orchard Rendezvous Hotel",orchard-rendezvous-hotel,https://wedded.sg/venues/orchard-rendezvous-hotel,019b6ab8-7984-79b1-9c69-5085883c55fc,1,TUNGLOK SIGNATURES   ANTICA BALLROOM WEDDING PACKAGE 2024.pdf,Antica Ballroom,"Ballroom, Indoor",82e680c9-5eb3-4072-93a2-b9874f357596,Saturday,Tunglok Signatures - Dream,180,250,$130++/pax
"TungLok Signatures @ Antica Ballroom, Orchard Rendezvous Hotel",orchard-rendezvous-hotel,https://wedded.sg/venues/orchard-rendezvous-hotel,019b6ab8-7984-79b1-9c69-5085883c55fc,1,TUNGLOK SIGNATURES   ANTICA BALLROOM WEDDING PACKAGE 2024.pdf,Antica Ballroom,"Ballroom, Indoor",82e680c9-5eb3-4072-93a2-b9874f357596,Sunday,Tunglok Signatures - Dream,180,250,$130++/pax
Orchid Country Club,orchid-country-club,https://wedded.sg/venues/orchid-country-club,019b9332-9987-7f07-8398-7706d450325b,2,occ solemnization wedding reception 2025 2026.pdf | occ wedding package 2025 2026 (1 apr 2025 31 mar 2026).pdf,Emerald Suite,"Event Venue, Indoor",a0bc2beb-1a9b-4338-b3b2-ac8d3e390f52,Mon-Thu,8-Course Chinese Menu - Cherish You Always BH-I Package (Emerald Suite),100,180,$119++/pax
Orchid Country Club,orchid-country-club,https://wedded.sg/venues/orchid-country-club,019b9332-9987-7f07-8398-7706d450325b,2,occ solemnization wedding reception 2025 2026.pdf | occ wedding package 2025 2026 (1 apr 2025 31 mar 2026).pdf,Emerald Suite,"Event Venue, Indoor",a0bc2beb-1a9b-4338-b3b2-ac8d3e390f52,Friday,8-Course Chinese Menu - Cherish You Always BH-I Package (Emerald Suite),100,180,$119++/pax
Orchid Country Club,orchid-country-club,https://wedded.sg/venues/orchid-country-club,019b9332-9987-7f07-8398-7706d450325b,2,occ solemnization wedding reception 2025 2026.pdf | occ wedding package 2025 2026 (1 apr 2025 31 mar 2026).pdf,Emerald Suite,"Event Venue, Indoor",a0bc2beb-1a9b-4338-b3b2-ac8d3e390f52,Saturday,8-Course Chinese Menu - Cherish You Always BH-I Package (Emerald Suite),100,180,$119++/pax
Orchid Country Club,orchid-country-club,https://wedded.sg/venues/orchid-country-club,019b9332-9987-7f07-8398-7706d450325b,2,occ solemnization wedding reception 2025 2026.pdf | occ wedding package 2025 2026 (1 apr 2025 31 mar 2026).pdf,Emerald Suite,"Event Venue, Indoor",a0bc2beb-1a9b-4338-b3b2-ac8d3e390f52,Sunday,8-Course Chinese Menu - Cherish You Always BH-I Package (Emerald Suite),100,180,$119++/pax
Orchid Country Club,orchid-country-club,https://wedded.sg/venues/orchid-country-club,019b9332-9987-7f07-8398-7706d450325b,2,occ solemnization wedding reception 2025 2026.pdf | occ wedding package 2025 2026 (1 apr 2025 31 mar 2026).pdf,Grand Ballroom,"Ballroom, Event Venue, Indoor",9f15138b-1540-4792-94c6-2934d0899e16,Mon-Thu,8-Course Chinese Menu - Cherish You Always BH-I Package (Grand Ballroom),300,1000,$119++/pax
Orchid Country Club,orchid-country-club,https://wedded.sg/venues/orchid-country-club,019b9332-9987-7f07-8398-7706d450325b,2,occ solemnization wedding reception 2025 2026.pdf | occ wedding package 2025 2026 (1 apr 2025 31 mar 2026).pdf,Grand Ballroom,"Ballroom, Event Venue, Indoor",9f15138b-1540-4792-94c6-2934d0899e16,Friday,8-Course Chinese Menu - Cherish You Always BH-I Package (Grand Ballroom),300,1000,$119++/pax
Orchid Country Club,orchid-country-club,https://wedded.sg/venues/orchid-country-club,019b9332-9987-7f07-8398-7706d450325b,2,occ solemnization wedding reception 2025 2026.pdf | occ wedding package 2025 2026 (1 apr 2025 31 mar 2026).pdf,Grand Ballroom,"Ballroom, Event Venue, Indoor",9f15138b-1540-4792-94c6-2934d0899e16,Saturday,8-Course Chinese Menu - Cherish You Always BH-I Package (Grand Ballroom),300,1000,$119++/pax
Orchid Country Club,orchid-country-club,https://wedded.sg/venues/orchid-country-club,019b9332-9987-7f07-8398-7706d450325b,2,occ solemnization wedding reception 2025 2026.pdf | occ wedding package 2025 2026 (1 apr 2025 31 mar 2026).pdf,Grand Ballroom,"Ballroom, Event Venue, Indoor",9f15138b-1540-4792-94c6-2934d0899e16,Sunday,8-Course Chinese Menu - Cherish You Always BH-I Package (Grand Ballroom),300,1000,$119++/pax
Orchid Country Club,orchid-country-club,https://wedded.sg/venues/orchid-country-club,019b9332-9987-7f07-8398-7706d450325b,2,occ solemnization wedding reception 2025 2026.pdf | occ wedding package 2025 2026 (1 apr 2025 31 mar 2026).pdf,Sapphire Suite,"Event Venue, Indoor",8bdb8ca1-e91a-4fb3-903e-f9763e3298e1,Mon-Thu,8-Course Chinese Menu - Cherish You Always BH-I Package (Sapphire Suite),100,180,$119++/pax
Orchid Country Club,orchid-country-club,https://wedded.sg/venues/orchid-country-club,019b9332-9987-7f07-8398-7706d450325b,2,occ solemnization wedding reception 2025 2026.pdf | occ wedding package 2025 2026 (1 apr 2025 31 mar 2026).pdf,Sapphire Suite,"Event Venue, Indoor",8bdb8ca1-e91a-4fb3-903e-f9763e3298e1,Friday,8-Course Chinese Menu - Cherish You Always BH-I Package (Sapphire Suite),100,180,$119++/pax
Orchid Country Club,orchid-country-club,https://wedded.sg/venues/orchid-country-club,019b9332-9987-7f07-8398-7706d450325b,2,occ solemnization wedding reception 2025 2026.pdf | occ wedding package 2025 2026 (1 apr 2025 31 mar 2026).pdf,Sapphire Suite,"Event Venue, Indoor",8bdb8ca1-e91a-4fb3-903e-f9763e3298e1,Saturday,8-Course Chinese Menu - Cherish You Always BH-I Package (Sapphire Suite),100,180,$119++/pax
Orchid Country Club,orchid-country-club,https://wedded.sg/venues/orchid-country-club,019b9332-9987-7f07-8398-7706d450325b,2,occ solemnization wedding reception 2025 2026.pdf | occ wedding package 2025 2026 (1 apr 2025 31 mar 2026).pdf,Sapphire Suite,"Event Venue, Indoor",8bdb8ca1-e91a-4fb3-903e-f9763e3298e1,Sunday,8-Course Chinese Menu - Cherish You Always BH-I Package (Sapphire Suite),100,180,$119++/pax
Orchid Country Club,orchid-country-club,https://wedded.sg/venues/orchid-country-club,019b9332-9987-7f07-8398-7706d450325b,2,occ solemnization wedding reception 2025 2026.pdf | occ wedding package 2025 2026 (1 apr 2025 31 mar 2026).pdf,Tea Garden Foyer,Event Venue,a3404684-4404-4029-a935-f94d7683644d,,,,,
Orchid Country Club,orchid-country-club,https://wedded.sg/venues/orchid-country-club,019b9332-9987-7f07-8398-7706d450325b,2,occ solemnization wedding reception 2025 2026.pdf | occ wedding package 2025 2026 (1 apr 2025 31 mar 2026).pdf,The Garden Pavillion (Solemnisation),"Ballroom, Event Venue, Garden & Greenery, Indoor, Outdoor",0c3f9a19-3339-492c-8f1e-2011602803f8,Mon-Thu,Garden Pavilion Rental Only (No Food),50,100,"$1,288++"
Orchid Country Club,orchid-country-club,https://wedded.sg/venues/orchid-country-club,019b9332-9987-7f07-8398-7706d450325b,2,occ solemnization wedding reception 2025 2026.pdf | occ wedding package 2025 2026 (1 apr 2025 31 mar 2026).pdf,The Garden Pavillion (Solemnisation),"Ballroom, Event Venue, Garden & Greenery, Indoor, Outdoor",0c3f9a19-3339-492c-8f1e-2011602803f8,Friday,Garden Pavilion Rental Only (No Food),50,100,"$1,288++"
Orchid Country Club,orchid-country-club,https://wedded.sg/venues/orchid-country-club,019b9332-9987-7f07-8398-7706d450325b,2,occ solemnization wedding reception 2025 2026.pdf | occ wedding package 2025 2026 (1 apr 2025 31 mar 2026).pdf,The Garden Pavillion (Solemnisation),"Ballroom, Event Venue, Garden & Greenery, Indoor, Outdoor",0c3f9a19-3339-492c-8f1e-2011602803f8,Saturday,Garden Pavilion Rental Only (No Food),50,100,"$1,288++"
Orchid Country Club,orchid-country-club,https://wedded.sg/venues/orchid-country-club,019b9332-9987-7f07-8398-7706d450325b,2,occ solemnization wedding reception 2025 2026.pdf | occ wedding package 2025 2026 (1 apr 2025 31 mar 2026).pdf,The Garden Pavillion (Solemnisation),"Ballroom, Event Venue, Garden & Greenery, Indoor, Outdoor",0c3f9a19-3339-492c-8f1e-2011602803f8,Sunday,Garden Pavilion Rental Only (No Food),50,100,"$1,288++"
Pan Pacific Orchard,pan-pacific-orchard,https://wedded.sg/venues/pan-pacific-orchard,019b991a-4019-7216-8fb8-a5e90aba18cf,1,2026 Wedding Package Insert PDF.pdf,Claymore Ballroom,"Ballroom, Event Venue, Garden & Greenery, Indoor, Outdoor",4be58eb1-d06a-4c4e-a60f-2df31d4072be,Mon-Thu,Enchanting I (8-course Chinese set or 4-course Western set),200,350,$209++/pax
Pan Pacific Orchard,pan-pacific-orchard,https://wedded.sg/venues/pan-pacific-orchard,019b991a-4019-7216-8fb8-a5e90aba18cf,1,2026 Wedding Package Insert PDF.pdf,Claymore Ballroom,"Ballroom, Event Venue, Garden & Greenery, Indoor, Outdoor",4be58eb1-d06a-4c4e-a60f-2df31d4072be,Friday,Enchanting I (8-course Chinese set or 4-course Western set),200,350,$209++/pax
Pan Pacific Orchard,pan-pacific-orchard,https://wedded.sg/venues/pan-pacific-orchard,019b991a-4019-7216-8fb8-a5e90aba18cf,1,2026 Wedding Package Insert PDF.pdf,Claymore Ballroom,"Ballroom, Event Venue, Garden & Greenery, Indoor, Outdoor",4be58eb1-d06a-4c4e-a60f-2df31d4072be,Saturday,Enchanting II (8-course Chinese set or 4-course Western set),230,350,$219++/pax
Pan Pacific Orchard,pan-pacific-orchard,https://wedded.sg/venues/pan-pacific-orchard,019b991a-4019-7216-8fb8-a5e90aba18cf,1,2026 Wedding Package Insert PDF.pdf,Claymore Ballroom,"Ballroom, Event Venue, Garden & Greenery, Indoor, Outdoor",4be58eb1-d06a-4c4e-a60f-2df31d4072be,Sunday,Enchanting I (8-course Chinese set or 4-course Western set),200,350,$209++/pax
Pan Pacific Orchard,pan-pacific-orchard,https://wedded.sg/venues/pan-pacific-orchard,019b991a-4019-7216-8fb8-a5e90aba18cf,1,2026 Wedding Package Insert PDF.pdf,Cloud Terrace Lawn,"Event Venue, Garden & Greenery, Outdoor",f49f82ed-e9a1-4c2d-8e10-d3f48bbec0d7,,,,,
Pan Pacific Orchard,pan-pacific-orchard,https://wedded.sg/venues/pan-pacific-orchard,019b991a-4019-7216-8fb8-a5e90aba18cf,1,2026 Wedding Package Insert PDF.pdf,Garden Terrace Lawn I,"Event Venue, Garden & Greenery, Outdoor",bd713585-c1f4-4540-8dd1-91e0de000c90,,,,,
Pan Pacific Orchard,pan-pacific-orchard,https://wedded.sg/venues/pan-pacific-orchard,019b991a-4019-7216-8fb8-a5e90aba18cf,1,2026 Wedding Package Insert PDF.pdf,Scott's  Room 2,"Event Venue, Glasshouse, Indoor",d632aee7-eba3-4ec1-9450-4b35198a3bf6,,,,,
Pan Pacific Orchard,pan-pacific-orchard,https://wedded.sg/venues/pan-pacific-orchard,019b991a-4019-7216-8fb8-a5e90aba18cf,1,2026 Wedding Package Insert PDF.pdf,Scott's Room 1,"Event Venue, Glasshouse, Indoor",e2fb5b4f-7c0d-4133-8b82-9b6cb32af881,,,,,
Pan Pacific Orchard,pan-pacific-orchard,https://wedded.sg/venues/pan-pacific-orchard,019b991a-4019-7216-8fb8-a5e90aba18cf,1,2026 Wedding Package Insert PDF.pdf,Scott's Room 1 and 2,"Event Venue, Glasshouse, Indoor",caa22090-6693-443d-81f7-f7f531fc2c5d,,,,,
Pan Pacific Orchard,pan-pacific-orchard,https://wedded.sg/venues/pan-pacific-orchard,019b991a-4019-7216-8fb8-a5e90aba18cf,1,2026 Wedding Package Insert PDF.pdf,The Chairman's Lounge,"Colonial/Historical, Event Venue, Indoor",663f53b8-c33c-4a91-9ebe-94792561bea5,,,,,
Pan Pacific Singapore,pan-pacific-singapore,https://wedded.sg/venues/pan-pacific-singapore,019b9829-808f-767b-b1df-9029df414342,2,Hai Tien Lo.pdf | ppain celebrations wedding packages 2026.pdf,Hai Tien Lo,Indoor,a57e193d-125d-4ec2-97b2-de943fc8a4e7,Mon-Thu,Pearl Elegance,50,80,$168++/pax
Pan Pacific Singapore,pan-pacific-singapore,https://wedded.sg/venues/pan-pacific-singapore,019b9829-808f-767b-b1df-9029df414342,2,Hai Tien Lo.pdf | ppain celebrations wedding packages 2026.pdf,Hai Tien Lo,Indoor,a57e193d-125d-4ec2-97b2-de943fc8a4e7,Friday,Pearl Elegance,50,80,$168++/pax
Pan Pacific Singapore,pan-pacific-singapore,https://wedded.sg/venues/pan-pacific-singapore,019b9829-808f-767b-b1df-9029df414342,2,Hai Tien Lo.pdf | ppain celebrations wedding packages 2026.pdf,Hai Tien Lo,Indoor,a57e193d-125d-4ec2-97b2-de943fc8a4e7,Saturday,Pearl Elegance,50,80,$168++/pax
Pan Pacific Singapore,pan-pacific-singapore,https://wedded.sg/venues/pan-pacific-singapore,019b9829-808f-767b-b1df-9029df414342,2,Hai Tien Lo.pdf | ppain celebrations wedding packages 2026.pdf,Hai Tien Lo,Indoor,a57e193d-125d-4ec2-97b2-de943fc8a4e7,Sunday,Pearl Elegance,50,80,$168++/pax
Pan Pacific Singapore,pan-pacific-singapore,https://wedded.sg/venues/pan-pacific-singapore,019b9829-808f-767b-b1df-9029df414342,2,Hai Tien Lo.pdf | ppain celebrations wedding packages 2026.pdf,Ocean Ballroom,"Ballroom, Indoor",3328d235-6332-4711-85c6-426dbe24f957,Saturday,7-Course Chinese Menu (Ocean Ballroom),180,280,$189++/pax
Pan Pacific Singapore,pan-pacific-singapore,https://wedded.sg/venues/pan-pacific-singapore,019b9829-808f-767b-b1df-9029df414342,2,Hai Tien Lo.pdf | ppain celebrations wedding packages 2026.pdf,Ocean Ballroom,"Ballroom, Indoor",3328d235-6332-4711-85c6-426dbe24f957,Sunday,7-Course Chinese Menu (Ocean Ballroom),180,280,$189++/pax
Pan Pacific Singapore,pan-pacific-singapore,https://wedded.sg/venues/pan-pacific-singapore,019b9829-808f-767b-b1df-9029df414342,2,Hai Tien Lo.pdf | ppain celebrations wedding packages 2026.pdf,Pacific Ballroom,"Ballroom, Indoor",982b2fae-9cdf-4859-9ad0-de3bf595df21,Saturday,7-Course Chinese Menu (Pacific Ballroom),280,500,$189++/pax
Pan Pacific Singapore,pan-pacific-singapore,https://wedded.sg/venues/pan-pacific-singapore,019b9829-808f-767b-b1df-9029df414342,2,Hai Tien Lo.pdf | ppain celebrations wedding packages 2026.pdf,Pacific Ballroom,"Ballroom, Indoor",982b2fae-9cdf-4859-9ad0-de3bf595df21,Sunday,7-Course Chinese Menu (Pacific Ballroom),280,500,$189++/pax
Paradox Singapore,paradox-singapore,https://wedded.sg/venues/paradox-singapore,019b980a-2e1f-74c7-b590-a3e3579b27db,1,Paradox Wedding Packages till 30 Jun 2027.pdf,Ballroom,"Ballroom, Indoor",b08d7f0a-2238-45e8-a4ad-fd80e5b2a48b,Mon-Thu,8-Course Chinese Menu,200,420,$169++/pax
Paradox Singapore,paradox-singapore,https://wedded.sg/venues/paradox-singapore,019b980a-2e1f-74c7-b590-a3e3579b27db,1,Paradox Wedding Packages till 30 Jun 2027.pdf,Ballroom,"Ballroom, Indoor",b08d7f0a-2238-45e8-a4ad-fd80e5b2a48b,Friday,8-Course Chinese Menu,200,420,$169++/pax
Paradox Singapore,paradox-singapore,https://wedded.sg/venues/paradox-singapore,019b980a-2e1f-74c7-b590-a3e3579b27db,1,Paradox Wedding Packages till 30 Jun 2027.pdf,Ballroom,"Ballroom, Indoor",b08d7f0a-2238-45e8-a4ad-fd80e5b2a48b,Saturday,8-Course Chinese Menu,200,420,$169++/pax
Paradox Singapore,paradox-singapore,https://wedded.sg/venues/paradox-singapore,019b980a-2e1f-74c7-b590-a3e3579b27db,1,Paradox Wedding Packages till 30 Jun 2027.pdf,Ballroom,"Ballroom, Indoor",b08d7f0a-2238-45e8-a4ad-fd80e5b2a48b,Sunday,8-Course Chinese Menu,200,420,$169++/pax
PARKROYAL COLLECTION Marina Bay,parkroyal-collection-marina-bay,https://wedded.sg/venues/parkroyal-collection-marina-bay,019b18d2-6650-79ee-85a9-ddb62e01304b,0,,Atrium Ballroom,Ballroom,55f1baea-dc8c-4fe4-91ae-e6e446c8b9b8,Mon-Thu,8-Course Chinese Set Menu,150,250,$179++/pax
PARKROYAL COLLECTION Marina Bay,parkroyal-collection-marina-bay,https://wedded.sg/venues/parkroyal-collection-marina-bay,019b18d2-6650-79ee-85a9-ddb62e01304b,0,,Atrium Ballroom,Ballroom,55f1baea-dc8c-4fe4-91ae-e6e446c8b9b8,Friday,8-Course Chinese Set Menu,150,250,$179++/pax
PARKROYAL COLLECTION Marina Bay,parkroyal-collection-marina-bay,https://wedded.sg/venues/parkroyal-collection-marina-bay,019b18d2-6650-79ee-85a9-ddb62e01304b,0,,Atrium Ballroom,Ballroom,55f1baea-dc8c-4fe4-91ae-e6e446c8b9b8,Saturday,8-Course Chinese Set Menu,150,250,$199++/pax
PARKROYAL COLLECTION Marina Bay,parkroyal-collection-marina-bay,https://wedded.sg/venues/parkroyal-collection-marina-bay,019b18d2-6650-79ee-85a9-ddb62e01304b,0,,Atrium Ballroom,Ballroom,55f1baea-dc8c-4fe4-91ae-e6e446c8b9b8,Sunday,8-Course Chinese Set Menu,150,250,$199++/pax
PARKROYAL COLLECTION Marina Bay,parkroyal-collection-marina-bay,https://wedded.sg/venues/parkroyal-collection-marina-bay,019b18d2-6650-79ee-85a9-ddb62e01304b,0,,Garden Ballroom,Ballroom,a17f17c6-f2cf-440a-907a-49485885f415,Mon-Thu,8-Course Chinese Set Menu,200,500,$179++/pax
PARKROYAL COLLECTION Marina Bay,parkroyal-collection-marina-bay,https://wedded.sg/venues/parkroyal-collection-marina-bay,019b18d2-6650-79ee-85a9-ddb62e01304b,0,,Garden Ballroom,Ballroom,a17f17c6-f2cf-440a-907a-49485885f415,Friday,8-Course Chinese Set Menu,200,500,$179++/pax
PARKROYAL COLLECTION Marina Bay,parkroyal-collection-marina-bay,https://wedded.sg/venues/parkroyal-collection-marina-bay,019b18d2-6650-79ee-85a9-ddb62e01304b,0,,Garden Ballroom,Ballroom,a17f17c6-f2cf-440a-907a-49485885f415,Saturday,8-Course Chinese Set Menu,250,500,$199++/pax
PARKROYAL COLLECTION Marina Bay,parkroyal-collection-marina-bay,https://wedded.sg/venues/parkroyal-collection-marina-bay,019b18d2-6650-79ee-85a9-ddb62e01304b,0,,Garden Ballroom,Ballroom,a17f17c6-f2cf-440a-907a-49485885f415,Sunday,8-Course Chinese Set Menu,250,500,$199++/pax
PARKROYAL COLLECTION Marina Bay,parkroyal-collection-marina-bay,https://wedded.sg/venues/parkroyal-collection-marina-bay,019b18d2-6650-79ee-85a9-ddb62e01304b,0,,Peach Blossoms,,,,,,,
PARKROYAL COLLECTION Pickering,parkroyal-collection-pickering,https://wedded.sg/venues/parkroyal-collection-pickering,019b2d56-f6a3-787c-9b12-976c1492cb2c,1,PRSPS 2026 Wedding Package Sept to Dec.pdf,Alexander Room,Indoor,780da411-033b-4d6d-bb78-4e0523835951,Mon-Thu,8-course Chinese set menu,80,100,$179++/pax
PARKROYAL COLLECTION Pickering,parkroyal-collection-pickering,https://wedded.sg/venues/parkroyal-collection-pickering,019b2d56-f6a3-787c-9b12-976c1492cb2c,1,PRSPS 2026 Wedding Package Sept to Dec.pdf,Alexander Room,Indoor,780da411-033b-4d6d-bb78-4e0523835951,Friday,8-course Chinese set menu,80,100,$179++/pax
PARKROYAL COLLECTION Pickering,parkroyal-collection-pickering,https://wedded.sg/venues/parkroyal-collection-pickering,019b2d56-f6a3-787c-9b12-976c1492cb2c,1,PRSPS 2026 Wedding Package Sept to Dec.pdf,Alexander Room,Indoor,780da411-033b-4d6d-bb78-4e0523835951,Saturday,8-course Chinese set menu,80,100,$220++/pax
PARKROYAL COLLECTION Pickering,parkroyal-collection-pickering,https://wedded.sg/venues/parkroyal-collection-pickering,019b2d56-f6a3-787c-9b12-976c1492cb2c,1,PRSPS 2026 Wedding Package Sept to Dec.pdf,Alexander Room,Indoor,780da411-033b-4d6d-bb78-4e0523835951,Sunday,8-course Chinese set menu,80,100,$210++/pax
PARKROYAL COLLECTION Pickering,parkroyal-collection-pickering,https://wedded.sg/venues/parkroyal-collection-pickering,019b2d56-f6a3-787c-9b12-976c1492cb2c,1,PRSPS 2026 Wedding Package Sept to Dec.pdf,William Pickering Ballroom,"Ballroom, Garden & Greenery, Glasshouse, Indoor, Outdoor",c6ba71e0-3b9d-4d01-b1aa-fe3add4bb3d0,Mon-Thu,8-course Chinese set menu,200,250,$179++/pax
PARKROYAL COLLECTION Pickering,parkroyal-collection-pickering,https://wedded.sg/venues/parkroyal-collection-pickering,019b2d56-f6a3-787c-9b12-976c1492cb2c,1,PRSPS 2026 Wedding Package Sept to Dec.pdf,William Pickering Ballroom,"Ballroom, Garden & Greenery, Glasshouse, Indoor, Outdoor",c6ba71e0-3b9d-4d01-b1aa-fe3add4bb3d0,Friday,8-course Chinese set menu,200,250,$179++/pax
PARKROYAL COLLECTION Pickering,parkroyal-collection-pickering,https://wedded.sg/venues/parkroyal-collection-pickering,019b2d56-f6a3-787c-9b12-976c1492cb2c,1,PRSPS 2026 Wedding Package Sept to Dec.pdf,William Pickering Ballroom,"Ballroom, Garden & Greenery, Glasshouse, Indoor, Outdoor",c6ba71e0-3b9d-4d01-b1aa-fe3add4bb3d0,Saturday,8-course Chinese set menu,200,250,$220++/pax
PARKROYAL COLLECTION Pickering,parkroyal-collection-pickering,https://wedded.sg/venues/parkroyal-collection-pickering,019b2d56-f6a3-787c-9b12-976c1492cb2c,1,PRSPS 2026 Wedding Package Sept to Dec.pdf,William Pickering Ballroom,"Ballroom, Garden & Greenery, Glasshouse, Indoor, Outdoor",c6ba71e0-3b9d-4d01-b1aa-fe3add4bb3d0,Sunday,8-course Chinese set menu,200,250,$210++/pax
PARKROYAL on Beach Road,parkroyal-on-beach-road,https://wedded.sg/venues/parkroyal-on-beach-road,019b9741-6f1c-7875-8e68-7c912d68ddb1,5,prsin scdh wedding package 2025.pdf | Ginger Wedding Package.pdf | PRSIN Wedding A4 packages wkend Dinner Year 2027.pdf | PRSIN Wedding A4 packages wkend Lunch Year 2027.pdf | PRSIN Wedding A4 packages wkdays Year 2027.pdf,Club 5,"Indoor, Restaurant",704a7ab3-f434-4c0b-8ed5-f1c186c19ff5,,,,,
PARKROYAL on Beach Road,parkroyal-on-beach-road,https://wedded.sg/venues/parkroyal-on-beach-road,019b9741-6f1c-7875-8e68-7c912d68ddb1,5,prsin scdh wedding package 2025.pdf | Ginger Wedding Package.pdf | PRSIN Wedding A4 packages wkend Dinner Year 2027.pdf | PRSIN Wedding A4 packages wkend Lunch Year 2027.pdf | PRSIN Wedding A4 packages wkdays Year 2027.pdf,Courtyard,"Garden & Greenery, Outdoor",95824d66-3ad0-4b7f-9922-32be044386cc,,,,,
PARKROYAL on Beach Road,parkroyal-on-beach-road,https://wedded.sg/venues/parkroyal-on-beach-road,019b9741-6f1c-7875-8e68-7c912d68ddb1,5,prsin scdh wedding package 2025.pdf | Ginger Wedding Package.pdf | PRSIN Wedding A4 packages wkend Dinner Year 2027.pdf | PRSIN Wedding A4 packages wkend Lunch Year 2027.pdf | PRSIN Wedding A4 packages wkdays Year 2027.pdf,Ginger,"Garden & Greenery, Glasshouse, Indoor",5163e5c5-bfab-4a5f-99f8-39155f5170b5,Mon-Thu,Sumptuous Halal-certified Malay Wedding Buffet menu,1,190,"$10,000++"
PARKROYAL on Beach Road,parkroyal-on-beach-road,https://wedded.sg/venues/parkroyal-on-beach-road,019b9741-6f1c-7875-8e68-7c912d68ddb1,5,prsin scdh wedding package 2025.pdf | Ginger Wedding Package.pdf | PRSIN Wedding A4 packages wkend Dinner Year 2027.pdf | PRSIN Wedding A4 packages wkend Lunch Year 2027.pdf | PRSIN Wedding A4 packages wkdays Year 2027.pdf,Ginger,"Garden & Greenery, Glasshouse, Indoor",5163e5c5-bfab-4a5f-99f8-39155f5170b5,Friday,Sumptuous Halal-certified Malay Wedding Buffet menu,1,190,"$12,000++"
PARKROYAL on Beach Road,parkroyal-on-beach-road,https://wedded.sg/venues/parkroyal-on-beach-road,019b9741-6f1c-7875-8e68-7c912d68ddb1,5,prsin scdh wedding package 2025.pdf | Ginger Wedding Package.pdf | PRSIN Wedding A4 packages wkend Dinner Year 2027.pdf | PRSIN Wedding A4 packages wkend Lunch Year 2027.pdf | PRSIN Wedding A4 packages wkdays Year 2027.pdf,Ginger,"Garden & Greenery, Glasshouse, Indoor",5163e5c5-bfab-4a5f-99f8-39155f5170b5,Saturday,Sumptuous Halal-certified Malay Wedding Buffet menu,1,190,"$12,000++"
PARKROYAL on Beach Road,parkroyal-on-beach-road,https://wedded.sg/venues/parkroyal-on-beach-road,019b9741-6f1c-7875-8e68-7c912d68ddb1,5,prsin scdh wedding package 2025.pdf | Ginger Wedding Package.pdf | PRSIN Wedding A4 packages wkend Dinner Year 2027.pdf | PRSIN Wedding A4 packages wkend Lunch Year 2027.pdf | PRSIN Wedding A4 packages wkdays Year 2027.pdf,Ginger,"Garden & Greenery, Glasshouse, Indoor",5163e5c5-bfab-4a5f-99f8-39155f5170b5,Sunday,Sumptuous Halal-certified Malay Wedding Buffet menu,1,190,"$12,000++"
PARKROYAL on Beach Road,parkroyal-on-beach-road,https://wedded.sg/venues/parkroyal-on-beach-road,019b9741-6f1c-7875-8e68-7c912d68ddb1,5,prsin scdh wedding package 2025.pdf | Ginger Wedding Package.pdf | PRSIN Wedding A4 packages wkend Dinner Year 2027.pdf | PRSIN Wedding A4 packages wkend Lunch Year 2027.pdf | PRSIN Wedding A4 packages wkdays Year 2027.pdf,Grand Ballroom,"Ballroom, Indoor",c2bde6a6-06f6-4920-89a9-5087a92e6128,Mon-Thu,8-course Cantonese menu,250,400,$167++/pax
PARKROYAL on Beach Road,parkroyal-on-beach-road,https://wedded.sg/venues/parkroyal-on-beach-road,019b9741-6f1c-7875-8e68-7c912d68ddb1,5,prsin scdh wedding package 2025.pdf | Ginger Wedding Package.pdf | PRSIN Wedding A4 packages wkend Dinner Year 2027.pdf | PRSIN Wedding A4 packages wkend Lunch Year 2027.pdf | PRSIN Wedding A4 packages wkdays Year 2027.pdf,Grand Ballroom,"Ballroom, Indoor",c2bde6a6-06f6-4920-89a9-5087a92e6128,Friday,8-course Cantonese menu,250,400,$167++/pax
PARKROYAL on Beach Road,parkroyal-on-beach-road,https://wedded.sg/venues/parkroyal-on-beach-road,019b9741-6f1c-7875-8e68-7c912d68ddb1,5,prsin scdh wedding package 2025.pdf | Ginger Wedding Package.pdf | PRSIN Wedding A4 packages wkend Dinner Year 2027.pdf | PRSIN Wedding A4 packages wkend Lunch Year 2027.pdf | PRSIN Wedding A4 packages wkdays Year 2027.pdf,Grand Ballroom,"Ballroom, Indoor",c2bde6a6-06f6-4920-89a9-5087a92e6128,Saturday,8-course Cantonese menu,250,400,$187++/pax
PARKROYAL on Beach Road,parkroyal-on-beach-road,https://wedded.sg/venues/parkroyal-on-beach-road,019b9741-6f1c-7875-8e68-7c912d68ddb1,5,prsin scdh wedding package 2025.pdf | Ginger Wedding Package.pdf | PRSIN Wedding A4 packages wkend Dinner Year 2027.pdf | PRSIN Wedding A4 packages wkend Lunch Year 2027.pdf | PRSIN Wedding A4 packages wkdays Year 2027.pdf,Grand Ballroom,"Ballroom, Indoor",c2bde6a6-06f6-4920-89a9-5087a92e6128,Sunday,8-course Cantonese menu,250,400,$187++/pax
PARKROYAL on Beach Road,parkroyal-on-beach-road,https://wedded.sg/venues/parkroyal-on-beach-road,019b9741-6f1c-7875-8e68-7c912d68ddb1,5,prsin scdh wedding package 2025.pdf | Ginger Wedding Package.pdf | PRSIN Wedding A4 packages wkend Dinner Year 2027.pdf | PRSIN Wedding A4 packages wkend Lunch Year 2027.pdf | PRSIN Wedding A4 packages wkdays Year 2027.pdf,Si Chuan Dou Hua Restaurant,"Indoor, Restaurant",c7d00935-3d79-4f08-ac4d-5dc88aae3022,Mon-Thu,Sichuan Six Delicacies,150,200,$223++/pax
PARKROYAL on Beach Road,parkroyal-on-beach-road,https://wedded.sg/venues/parkroyal-on-beach-road,019b9741-6f1c-7875-8e68-7c912d68ddb1,5,prsin scdh wedding package 2025.pdf | Ginger Wedding Package.pdf | PRSIN Wedding A4 packages wkend Dinner Year 2027.pdf | PRSIN Wedding A4 packages wkend Lunch Year 2027.pdf | PRSIN Wedding A4 packages wkdays Year 2027.pdf,Si Chuan Dou Hua Restaurant,"Indoor, Restaurant",c7d00935-3d79-4f08-ac4d-5dc88aae3022,Friday,Sichuan Six Delicacies,150,200,$223++/pax
PARKROYAL on Beach Road,parkroyal-on-beach-road,https://wedded.sg/venues/parkroyal-on-beach-road,019b9741-6f1c-7875-8e68-7c912d68ddb1,5,prsin scdh wedding package 2025.pdf | Ginger Wedding Package.pdf | PRSIN Wedding A4 packages wkend Dinner Year 2027.pdf | PRSIN Wedding A4 packages wkend Lunch Year 2027.pdf | PRSIN Wedding A4 packages wkdays Year 2027.pdf,Si Chuan Dou Hua Restaurant,"Indoor, Restaurant",c7d00935-3d79-4f08-ac4d-5dc88aae3022,Saturday,Sichuan Six Delicacies,150,200,$223++/pax
PARKROYAL on Beach Road,parkroyal-on-beach-road,https://wedded.sg/venues/parkroyal-on-beach-road,019b9741-6f1c-7875-8e68-7c912d68ddb1,5,prsin scdh wedding package 2025.pdf | Ginger Wedding Package.pdf | PRSIN Wedding A4 packages wkend Dinner Year 2027.pdf | PRSIN Wedding A4 packages wkend Lunch Year 2027.pdf | PRSIN Wedding A4 packages wkdays Year 2027.pdf,Si Chuan Dou Hua Restaurant,"Indoor, Restaurant",c7d00935-3d79-4f08-ac4d-5dc88aae3022,Sunday,Sichuan Six Delicacies,150,200,$223++/pax
PARKROYAL on Beach Road,parkroyal-on-beach-road,https://wedded.sg/venues/parkroyal-on-beach-road,019b9741-6f1c-7875-8e68-7c912d68ddb1,5,prsin scdh wedding package 2025.pdf | Ginger Wedding Package.pdf | PRSIN Wedding A4 packages wkend Dinner Year 2027.pdf | PRSIN Wedding A4 packages wkend Lunch Year 2027.pdf | PRSIN Wedding A4 packages wkdays Year 2027.pdf,Sky Ballroom,"Ballroom, Garden & Greenery, Glasshouse, Indoor",ff55e3bd-6f48-456f-8bab-26fce1f41e07,Mon-Thu,8-course Cantonese menu,160,280,$167++/pax
PARKROYAL on Beach Road,parkroyal-on-beach-road,https://wedded.sg/venues/parkroyal-on-beach-road,019b9741-6f1c-7875-8e68-7c912d68ddb1,5,prsin scdh wedding package 2025.pdf | Ginger Wedding Package.pdf | PRSIN Wedding A4 packages wkend Dinner Year 2027.pdf | PRSIN Wedding A4 packages wkend Lunch Year 2027.pdf | PRSIN Wedding A4 packages wkdays Year 2027.pdf,Sky Ballroom,"Ballroom, Garden & Greenery, Glasshouse, Indoor",ff55e3bd-6f48-456f-8bab-26fce1f41e07,Friday,8-course Cantonese menu,160,280,$167++/pax
PARKROYAL on Beach Road,parkroyal-on-beach-road,https://wedded.sg/venues/parkroyal-on-beach-road,019b9741-6f1c-7875-8e68-7c912d68ddb1,5,prsin scdh wedding package 2025.pdf | Ginger Wedding Package.pdf | PRSIN Wedding A4 packages wkend Dinner Year 2027.pdf | PRSIN Wedding A4 packages wkend Lunch Year 2027.pdf | PRSIN Wedding A4 packages wkdays Year 2027.pdf,Sky Ballroom,"Ballroom, Garden & Greenery, Glasshouse, Indoor",ff55e3bd-6f48-456f-8bab-26fce1f41e07,Saturday,8-course Cantonese menu,160,280,$187++/pax
PARKROYAL on Beach Road,parkroyal-on-beach-road,https://wedded.sg/venues/parkroyal-on-beach-road,019b9741-6f1c-7875-8e68-7c912d68ddb1,5,prsin scdh wedding package 2025.pdf | Ginger Wedding Package.pdf | PRSIN Wedding A4 packages wkend Dinner Year 2027.pdf | PRSIN Wedding A4 packages wkend Lunch Year 2027.pdf | PRSIN Wedding A4 packages wkdays Year 2027.pdf,Sky Ballroom,"Ballroom, Garden & Greenery, Glasshouse, Indoor",ff55e3bd-6f48-456f-8bab-26fce1f41e07,Sunday,8-course Cantonese menu,160,280,$187++/pax
Peach Blossoms at PARKROYAL Marina Bay,peach-blossoms-at-pan-pacific-singapore,https://wedded.sg/venues/peach-blossoms-at-pan-pacific-singapore,019be5e3-03ac-7e44-99c3-08d8d47289f9,0,,Dining Hall,"Garden & Greenery, Indoor, Restaurant, Rooftop",1bc6f47f-3849-4a00-a18f-b9b56c896fcd,Mon-Thu,ROM / Set Menu A,1,80,"$19,000++"
Peach Blossoms at PARKROYAL Marina Bay,peach-blossoms-at-pan-pacific-singapore,https://wedded.sg/venues/peach-blossoms-at-pan-pacific-singapore,019be5e3-03ac-7e44-99c3-08d8d47289f9,0,,Dining Hall,"Garden & Greenery, Indoor, Restaurant, Rooftop",1bc6f47f-3849-4a00-a18f-b9b56c896fcd,Friday,ROM / Set Menu A,1,80,"$19,000++"
Peach Blossoms at PARKROYAL Marina Bay,peach-blossoms-at-pan-pacific-singapore,https://wedded.sg/venues/peach-blossoms-at-pan-pacific-singapore,019be5e3-03ac-7e44-99c3-08d8d47289f9,0,,Dining Hall,"Garden & Greenery, Indoor, Restaurant, Rooftop",1bc6f47f-3849-4a00-a18f-b9b56c896fcd,Saturday,ROM / Set Menu A,1,80,"$19,000++"
Peach Blossoms at PARKROYAL Marina Bay,peach-blossoms-at-pan-pacific-singapore,https://wedded.sg/venues/peach-blossoms-at-pan-pacific-singapore,019be5e3-03ac-7e44-99c3-08d8d47289f9,0,,Dining Hall,"Garden & Greenery, Indoor, Restaurant, Rooftop",1bc6f47f-3849-4a00-a18f-b9b56c896fcd,Sunday,ROM / Set Menu A,1,80,"$19,000++"
Peach Garden @ OCBC Centre,peach-garden-at-ocbc-centre,https://wedded.sg/venues/peach-garden-at-ocbc-centre,019b97b8-9cd1-711c-9d70-47c5cfd4d085,1,Peach Garden Wedding Booklet 2026 27.pdf,Ballroom,"Ballroom, Indoor, Restaurant, Rooftop",de529ce6-7195-42f0-8ac8-4023d575bda2,Mon-Thu,8-Course Cantonese Cuisine Menu A,100,380,$112++/pax
Peach Garden @ OCBC Centre,peach-garden-at-ocbc-centre,https://wedded.sg/venues/peach-garden-at-ocbc-centre,019b97b8-9cd1-711c-9d70-47c5cfd4d085,1,Peach Garden Wedding Booklet 2026 27.pdf,Ballroom,"Ballroom, Indoor, Restaurant, Rooftop",de529ce6-7195-42f0-8ac8-4023d575bda2,Friday,8-Course Cantonese Cuisine Menu A,100,380,$112++/pax
Peach Garden @ OCBC Centre,peach-garden-at-ocbc-centre,https://wedded.sg/venues/peach-garden-at-ocbc-centre,019b97b8-9cd1-711c-9d70-47c5cfd4d085,1,Peach Garden Wedding Booklet 2026 27.pdf,Ballroom,"Ballroom, Indoor, Restaurant, Rooftop",de529ce6-7195-42f0-8ac8-4023d575bda2,Saturday,8-Course Cantonese Cuisine Menu B,100,380,$144++/pax
Peach Garden @ OCBC Centre,peach-garden-at-ocbc-centre,https://wedded.sg/venues/peach-garden-at-ocbc-centre,019b97b8-9cd1-711c-9d70-47c5cfd4d085,1,Peach Garden Wedding Booklet 2026 27.pdf,Ballroom,"Ballroom, Indoor, Restaurant, Rooftop",de529ce6-7195-42f0-8ac8-4023d575bda2,Sunday,8-Course Cantonese Cuisine Menu B,100,380,$144++/pax
Peach Garden @ The Heeren,peach-garden-at-the-heeren,https://wedded.sg/venues/peach-garden-at-the-heeren,019b97c4-a10e-7919-a613-6c6d9ce1b261,1,Peach Garden Wedding Booklet 2026 27.pdf,Ballroom,"Ballroom, Indoor, Restaurant",e036bb57-1042-4a0c-a574-68249dd38c23,Mon-Thu,8-Course Cantonese Cuisine Menu A,150,200,$117++/pax
Peach Garden @ The Heeren,peach-garden-at-the-heeren,https://wedded.sg/venues/peach-garden-at-the-heeren,019b97c4-a10e-7919-a613-6c6d9ce1b261,1,Peach Garden Wedding Booklet 2026 27.pdf,Ballroom,"Ballroom, Indoor, Restaurant",e036bb57-1042-4a0c-a574-68249dd38c23,Friday,8-Course Cantonese Cuisine Menu A,150,200,$117++/pax
Peach Garden @ The Heeren,peach-garden-at-the-heeren,https://wedded.sg/venues/peach-garden-at-the-heeren,019b97c4-a10e-7919-a613-6c6d9ce1b261,1,Peach Garden Wedding Booklet 2026 27.pdf,Ballroom,"Ballroom, Indoor, Restaurant",e036bb57-1042-4a0c-a574-68249dd38c23,Saturday,8-Course Cantonese Cuisine Menu B,150,200,$147++/pax
Peach Garden @ The Heeren,peach-garden-at-the-heeren,https://wedded.sg/venues/peach-garden-at-the-heeren,019b97c4-a10e-7919-a613-6c6d9ce1b261,1,Peach Garden Wedding Booklet 2026 27.pdf,Ballroom,"Ballroom, Indoor, Restaurant",e036bb57-1042-4a0c-a574-68249dd38c23,Sunday,8-Course Cantonese Cuisine Menu B,150,200,$147++/pax
Peach Garden @ The Metropolis,peach-garden-at-the-metropolis,https://wedded.sg/venues/peach-garden-at-the-metropolis,019b97ce-cb84-7486-b194-0933ea05983f,1,Peach Garden Wedding Booklet 2026 27.pdf,Ballroom,"Ballroom, Garden & Greenery, Glasshouse, Indoor, Restaurant",59ea71a8-0af8-4890-a11d-227e1b32d23a,Mon-Thu,8-Course Cantonese Cuisine Menu A,80,120,$112++/pax
Peach Garden @ The Metropolis,peach-garden-at-the-metropolis,https://wedded.sg/venues/peach-garden-at-the-metropolis,019b97ce-cb84-7486-b194-0933ea05983f,1,Peach Garden Wedding Booklet 2026 27.pdf,Ballroom,"Ballroom, Garden & Greenery, Glasshouse, Indoor, Restaurant",59ea71a8-0af8-4890-a11d-227e1b32d23a,Friday,8-Course Cantonese Cuisine Menu A,80,120,$112++/pax
Peach Garden @ The Metropolis,peach-garden-at-the-metropolis,https://wedded.sg/venues/peach-garden-at-the-metropolis,019b97ce-cb84-7486-b194-0933ea05983f,1,Peach Garden Wedding Booklet 2026 27.pdf,Ballroom,"Ballroom, Garden & Greenery, Glasshouse, Indoor, Restaurant",59ea71a8-0af8-4890-a11d-227e1b32d23a,Saturday,8-Course Cantonese Cuisine Menu B,80,120,$137++/pax
Peach Garden @ The Metropolis,peach-garden-at-the-metropolis,https://wedded.sg/venues/peach-garden-at-the-metropolis,019b97ce-cb84-7486-b194-0933ea05983f,1,Peach Garden Wedding Booklet 2026 27.pdf,Ballroom,"Ballroom, Garden & Greenery, Glasshouse, Indoor, Restaurant",59ea71a8-0af8-4890-a11d-227e1b32d23a,Sunday,8-Course Cantonese Cuisine Menu B,80,120,$137++/pax
Peach Garden @ Thomson Plaza,peach-garden-at-thomson-plaza,https://wedded.sg/venues/peach-garden-at-thomson-plaza,019b97d4-c79c-73cd-a99e-2f70519baa7b,1,Peach Garden Wedding Booklet 2026 27.pdf,Ballroom,"Ballroom, Indoor, Restaurant",bb47a33f-fa6c-4617-8cd3-99ca76417826,Mon-Thu,8-Course Cantonese Cuisine Menu A,90,300,$112++/pax
Peach Garden @ Thomson Plaza,peach-garden-at-thomson-plaza,https://wedded.sg/venues/peach-garden-at-thomson-plaza,019b97d4-c79c-73cd-a99e-2f70519baa7b,1,Peach Garden Wedding Booklet 2026 27.pdf,Ballroom,"Ballroom, Indoor, Restaurant",bb47a33f-fa6c-4617-8cd3-99ca76417826,Friday,8-Course Cantonese Cuisine Menu A,90,300,$112++/pax
Peach Garden @ Thomson Plaza,peach-garden-at-thomson-plaza,https://wedded.sg/venues/peach-garden-at-thomson-plaza,019b97d4-c79c-73cd-a99e-2f70519baa7b,1,Peach Garden Wedding Booklet 2026 27.pdf,Ballroom,"Ballroom, Indoor, Restaurant",bb47a33f-fa6c-4617-8cd3-99ca76417826,Saturday,8-Course Cantonese Cuisine Menu B,90,300,$137++/pax
Peach Garden @ Thomson Plaza,peach-garden-at-thomson-plaza,https://wedded.sg/venues/peach-garden-at-thomson-plaza,019b97d4-c79c-73cd-a99e-2f70519baa7b,1,Peach Garden Wedding Booklet 2026 27.pdf,Ballroom,"Ballroom, Indoor, Restaurant",bb47a33f-fa6c-4617-8cd3-99ca76417826,Sunday,8-Course Cantonese Cuisine Menu B,90,300,$137++/pax
Peony Jade @ Amara Singapore,peony-jade,https://wedded.sg/venues/peony-jade,019b920e-cc89-7855-a677-97d96fc758fa,1,peonyjade.pdf,Main Dining Hall,Restaurant,304c6ff6-657b-42cb-bc42-cb444dc00c55,Mon-Thu,Intimate Wedding Package,150,210,$136++/pax
Peony Jade @ Amara Singapore,peony-jade,https://wedded.sg/venues/peony-jade,019b920e-cc89-7855-a677-97d96fc758fa,1,peonyjade.pdf,Main Dining Hall,Restaurant,304c6ff6-657b-42cb-bc42-cb444dc00c55,Friday,Intimate Wedding Package,150,210,$143++/pax
Peony Jade @ Amara Singapore,peony-jade,https://wedded.sg/venues/peony-jade,019b920e-cc89-7855-a677-97d96fc758fa,1,peonyjade.pdf,Main Dining Hall,Restaurant,304c6ff6-657b-42cb-bc42-cb444dc00c55,Saturday,Intimate Wedding Package,150,210,$143++/pax
Peony Jade @ Amara Singapore,peony-jade,https://wedded.sg/venues/peony-jade,019b920e-cc89-7855-a677-97d96fc758fa,1,peonyjade.pdf,Main Dining Hall,Restaurant,304c6ff6-657b-42cb-bc42-cb444dc00c55,Sunday,Intimate Wedding Package,150,210,$143++/pax
Pullman Singapore Hill Street,pullman-singapore-hill-street,https://wedded.sg/venues/pullman-singapore-hill-street,019b97dd-d5a9-79eb-a401-f05ffbe1c718,1,Pullman Singapore Packages.pdf,El Chido,"Outdoor, Rooftop",d16b2849-288f-4674-8cd8-391bce035db4,Mon-Thu,Solemnisation and 8 platters of Canapes (standing),1,100,"$10,888++"
Pullman Singapore Hill Street,pullman-singapore-hill-street,https://wedded.sg/venues/pullman-singapore-hill-street,019b97dd-d5a9-79eb-a401-f05ffbe1c718,1,Pullman Singapore Packages.pdf,El Chido,"Outdoor, Rooftop",d16b2849-288f-4674-8cd8-391bce035db4,Friday,Solemnisation and 8 platters of Canapes (standing),1,100,"$10,888++"
Pullman Singapore Hill Street,pullman-singapore-hill-street,https://wedded.sg/venues/pullman-singapore-hill-street,019b97dd-d5a9-79eb-a401-f05ffbe1c718,1,Pullman Singapore Packages.pdf,El Chido,"Outdoor, Rooftop",d16b2849-288f-4674-8cd8-391bce035db4,Saturday,Solemnisation and 8 platters of Canapes (standing),1,100,"$12,088++"
Pullman Singapore Hill Street,pullman-singapore-hill-street,https://wedded.sg/venues/pullman-singapore-hill-street,019b97dd-d5a9-79eb-a401-f05ffbe1c718,1,Pullman Singapore Packages.pdf,El Chido,"Outdoor, Rooftop",d16b2849-288f-4674-8cd8-391bce035db4,Sunday,Solemnisation and 8 platters of Canapes (standing),1,100,"$10,888++"
Pullman Singapore Hill Street,pullman-singapore-hill-street,https://wedded.sg/venues/pullman-singapore-hill-street,019b97dd-d5a9-79eb-a401-f05ffbe1c718,1,Pullman Singapore Packages.pdf,Madison's,Indoor,4efb0374-889a-4e6c-a4c3-0094150d4ba7,Mon-Thu,Buffet Menu or 4-Course Set Menu (Western/Fusion),60,90,$178++/pax
Pullman Singapore Hill Street,pullman-singapore-hill-street,https://wedded.sg/venues/pullman-singapore-hill-street,019b97dd-d5a9-79eb-a401-f05ffbe1c718,1,Pullman Singapore Packages.pdf,Madison's,Indoor,4efb0374-889a-4e6c-a4c3-0094150d4ba7,Friday,Buffet Menu or 4-Course Set Menu (Western/Fusion),60,90,$178++/pax
Pullman Singapore Hill Street,pullman-singapore-hill-street,https://wedded.sg/venues/pullman-singapore-hill-street,019b97dd-d5a9-79eb-a401-f05ffbe1c718,1,Pullman Singapore Packages.pdf,Madison's,Indoor,4efb0374-889a-4e6c-a4c3-0094150d4ba7,Saturday,Buffet Menu or 4-Course Set Menu (Western/Fusion),60,90,$198++/pax
Pullman Singapore Hill Street,pullman-singapore-hill-street,https://wedded.sg/venues/pullman-singapore-hill-street,019b97dd-d5a9-79eb-a401-f05ffbe1c718,1,Pullman Singapore Packages.pdf,Madison's,Indoor,4efb0374-889a-4e6c-a4c3-0094150d4ba7,Sunday,Buffet Menu or 4-Course Set Menu (Western/Fusion),60,90,$178++/pax
Pullman Singapore Hill Street,pullman-singapore-hill-street,https://wedded.sg/venues/pullman-singapore-hill-street,019b97dd-d5a9-79eb-a401-f05ffbe1c718,1,Pullman Singapore Packages.pdf,Oculus,Indoor,75a1fbe7-2a27-4df9-bd93-18122040d78e,Mon-Thu,Buffet Menu or 4-Course Set Menu (Western/Fusion),60,132,$178++/pax
Pullman Singapore Hill Street,pullman-singapore-hill-street,https://wedded.sg/venues/pullman-singapore-hill-street,019b97dd-d5a9-79eb-a401-f05ffbe1c718,1,Pullman Singapore Packages.pdf,Oculus,Indoor,75a1fbe7-2a27-4df9-bd93-18122040d78e,Friday,Buffet Menu or 4-Course Set Menu (Western/Fusion),60,132,$178++/pax
Pullman Singapore Hill Street,pullman-singapore-hill-street,https://wedded.sg/venues/pullman-singapore-hill-street,019b97dd-d5a9-79eb-a401-f05ffbe1c718,1,Pullman Singapore Packages.pdf,Oculus,Indoor,75a1fbe7-2a27-4df9-bd93-18122040d78e,Saturday,Buffet Menu or 4-Course Set Menu (Western/Fusion),60,132,$198++/pax
Pullman Singapore Hill Street,pullman-singapore-hill-street,https://wedded.sg/venues/pullman-singapore-hill-street,019b97dd-d5a9-79eb-a401-f05ffbe1c718,1,Pullman Singapore Packages.pdf,Oculus,Indoor,75a1fbe7-2a27-4df9-bd93-18122040d78e,Sunday,Buffet Menu or 4-Course Set Menu (Western/Fusion),60,132,$178++/pax
Qian Xi Summer Garden,qian-xi-summer-garden,https://wedded.sg/venues/qian-xi-summer-garden,019b99f9-eb19-7ac9-9831-cf5de5e259c1,1,qian xi.pdf,Ballroom A,"Ballroom, Indoor, Restaurant",b3331e82-e278-4135-97cf-6246cbcf0233,Mon-Thu,9-Course Chinese Menu 1 (Ballroom A),100,200,$97++/pax
Qian Xi Summer Garden,qian-xi-summer-garden,https://wedded.sg/venues/qian-xi-summer-garden,019b99f9-eb19-7ac9-9831-cf5de5e259c1,1,qian xi.pdf,Ballroom A,"Ballroom, Indoor, Restaurant",b3331e82-e278-4135-97cf-6246cbcf0233,Friday,9-Course Chinese Menu 1 (Ballroom A),100,200,$97++/pax
Qian Xi Summer Garden,qian-xi-summer-garden,https://wedded.sg/venues/qian-xi-summer-garden,019b99f9-eb19-7ac9-9831-cf5de5e259c1,1,qian xi.pdf,Ballroom A,"Ballroom, Indoor, Restaurant",b3331e82-e278-4135-97cf-6246cbcf0233,Saturday,9-Course Chinese Menu 1 (Ballroom A),100,200,$97++/pax
Qian Xi Summer Garden,qian-xi-summer-garden,https://wedded.sg/venues/qian-xi-summer-garden,019b99f9-eb19-7ac9-9831-cf5de5e259c1,1,qian xi.pdf,Ballroom A,"Ballroom, Indoor, Restaurant",b3331e82-e278-4135-97cf-6246cbcf0233,Sunday,9-Course Chinese Menu 1 (Ballroom A),100,200,$97++/pax
Qian Xi Summer Garden,qian-xi-summer-garden,https://wedded.sg/venues/qian-xi-summer-garden,019b99f9-eb19-7ac9-9831-cf5de5e259c1,1,qian xi.pdf,Ballroom B,"Ballroom, Indoor, Restaurant",67656ee6-bf26-47c1-a4a8-a63c20da54a6,Mon-Thu,9-Course Chinese Menu 1 (Ballroom B),300,400,$97++/pax
Qian Xi Summer Garden,qian-xi-summer-garden,https://wedded.sg/venues/qian-xi-summer-garden,019b99f9-eb19-7ac9-9831-cf5de5e259c1,1,qian xi.pdf,Ballroom B,"Ballroom, Indoor, Restaurant",67656ee6-bf26-47c1-a4a8-a63c20da54a6,Friday,9-Course Chinese Menu 1 (Ballroom B),300,400,$97++/pax
Qian Xi Summer Garden,qian-xi-summer-garden,https://wedded.sg/venues/qian-xi-summer-garden,019b99f9-eb19-7ac9-9831-cf5de5e259c1,1,qian xi.pdf,Ballroom B,"Ballroom, Indoor, Restaurant",67656ee6-bf26-47c1-a4a8-a63c20da54a6,Saturday,9-Course Chinese Menu 1 (Ballroom B),300,400,$97++/pax
Qian Xi Summer Garden,qian-xi-summer-garden,https://wedded.sg/venues/qian-xi-summer-garden,019b99f9-eb19-7ac9-9831-cf5de5e259c1,1,qian xi.pdf,Ballroom B,"Ballroom, Indoor, Restaurant",67656ee6-bf26-47c1-a4a8-a63c20da54a6,Sunday,9-Course Chinese Menu 1 (Ballroom B),300,400,$97++/pax
Qian Xi Summer Garden,qian-xi-summer-garden,https://wedded.sg/venues/qian-xi-summer-garden,019b99f9-eb19-7ac9-9831-cf5de5e259c1,1,qian xi.pdf,Crystal Room,"Indoor, Restaurant",c3c6d837-bc47-4f5d-9de0-6ec63ad65d48,Mon-Thu,9-Course Chinese Menu 1,100,200,$97++/pax
Qian Xi Summer Garden,qian-xi-summer-garden,https://wedded.sg/venues/qian-xi-summer-garden,019b99f9-eb19-7ac9-9831-cf5de5e259c1,1,qian xi.pdf,Crystal Room,"Indoor, Restaurant",c3c6d837-bc47-4f5d-9de0-6ec63ad65d48,Friday,9-Course Chinese Menu 1,100,200,$97++/pax
Qian Xi Summer Garden,qian-xi-summer-garden,https://wedded.sg/venues/qian-xi-summer-garden,019b99f9-eb19-7ac9-9831-cf5de5e259c1,1,qian xi.pdf,Crystal Room,"Indoor, Restaurant",c3c6d837-bc47-4f5d-9de0-6ec63ad65d48,Saturday,9-Course Chinese Menu 1,100,200,$97++/pax
Qian Xi Summer Garden,qian-xi-summer-garden,https://wedded.sg/venues/qian-xi-summer-garden,019b99f9-eb19-7ac9-9831-cf5de5e259c1,1,qian xi.pdf,Crystal Room,"Indoor, Restaurant",c3c6d837-bc47-4f5d-9de0-6ec63ad65d48,Sunday,9-Course Chinese Menu 1,100,200,$97++/pax
Qian Xi Summer Garden,qian-xi-summer-garden,https://wedded.sg/venues/qian-xi-summer-garden,019b99f9-eb19-7ac9-9831-cf5de5e259c1,1,qian xi.pdf,Diamond Ballroom,"Ballroom, Indoor, Restaurant",e2ea2b43-7839-4003-b8ae-5f9bbfd7b432,Mon-Thu,9-Course Chinese Menu 1,100,150,$97++/pax
Qian Xi Summer Garden,qian-xi-summer-garden,https://wedded.sg/venues/qian-xi-summer-garden,019b99f9-eb19-7ac9-9831-cf5de5e259c1,1,qian xi.pdf,Diamond Ballroom,"Ballroom, Indoor, Restaurant",e2ea2b43-7839-4003-b8ae-5f9bbfd7b432,Friday,9-Course Chinese Menu 1,100,150,$97++/pax
Qian Xi Summer Garden,qian-xi-summer-garden,https://wedded.sg/venues/qian-xi-summer-garden,019b99f9-eb19-7ac9-9831-cf5de5e259c1,1,qian xi.pdf,Diamond Ballroom,"Ballroom, Indoor, Restaurant",e2ea2b43-7839-4003-b8ae-5f9bbfd7b432,Saturday,9-Course Chinese Menu 1,100,150,$97++/pax
Qian Xi Summer Garden,qian-xi-summer-garden,https://wedded.sg/venues/qian-xi-summer-garden,019b99f9-eb19-7ac9-9831-cf5de5e259c1,1,qian xi.pdf,Diamond Ballroom,"Ballroom, Indoor, Restaurant",e2ea2b43-7839-4003-b8ae-5f9bbfd7b432,Sunday,9-Course Chinese Menu 1,100,150,$97++/pax
Raffles Marina,raffles-marina,https://wedded.sg/venues/raffles-marina,019b9a4a-b2ef-785a-a4c8-9ad49f716cc4,0,,Compass Ballroom,"Ballroom, Event Venue, Indoor",e63cd93d-b24a-4bdf-8123-95facd7fabd1,Mon-Thu,8-course Chinese menu,50,360,$119++/pax
Raffles Marina,raffles-marina,https://wedded.sg/venues/raffles-marina,019b9a4a-b2ef-785a-a4c8-9ad49f716cc4,0,,Compass Ballroom,"Ballroom, Event Venue, Indoor",e63cd93d-b24a-4bdf-8123-95facd7fabd1,Friday,8-course Chinese menu,50,360,$119++/pax
Raffles Marina,raffles-marina,https://wedded.sg/venues/raffles-marina,019b9a4a-b2ef-785a-a4c8-9ad49f716cc4,0,,Compass Ballroom,"Ballroom, Event Venue, Indoor",e63cd93d-b24a-4bdf-8123-95facd7fabd1,Saturday,8-course Chinese menu,50,360,$119++/pax
Raffles Marina,raffles-marina,https://wedded.sg/venues/raffles-marina,019b9a4a-b2ef-785a-a4c8-9ad49f716cc4,0,,Compass Ballroom,"Ballroom, Event Venue, Indoor",e63cd93d-b24a-4bdf-8123-95facd7fabd1,Sunday,8-course Chinese menu,50,360,$119++/pax
Raffles Sentosa,raffles-sentosa,https://wedded.sg/venues/raffles-sentosa,019bfa8e-c6c5-7e35-a86d-2b51de50f985,0,,Outdoor (Solemnisation),"Garden & Greenery, Outdoor",c9347d21-3090-47ff-828f-70e8326589e5,Mon-Thu,"Solemnisation setup, 2h venue usage",1,80,"$12,999++"
Raffles Sentosa,raffles-sentosa,https://wedded.sg/venues/raffles-sentosa,019bfa8e-c6c5-7e35-a86d-2b51de50f985,0,,Outdoor (Solemnisation),"Garden & Greenery, Outdoor",c9347d21-3090-47ff-828f-70e8326589e5,Friday,"Solemnisation setup, 2h venue usage",1,80,"$12,999++"
Raffles Sentosa,raffles-sentosa,https://wedded.sg/venues/raffles-sentosa,019bfa8e-c6c5-7e35-a86d-2b51de50f985,0,,Outdoor (Solemnisation),"Garden & Greenery, Outdoor",c9347d21-3090-47ff-828f-70e8326589e5,Saturday,"Solemnisation setup, 2h venue usage",1,80,"$12,999++"
Raffles Sentosa,raffles-sentosa,https://wedded.sg/venues/raffles-sentosa,019bfa8e-c6c5-7e35-a86d-2b51de50f985,0,,Outdoor (Solemnisation),"Garden & Greenery, Outdoor",c9347d21-3090-47ff-828f-70e8326589e5,Sunday,"Solemnisation setup, 2h venue usage",1,80,"$12,999++"
Raffles Sentosa,raffles-sentosa,https://wedded.sg/venues/raffles-sentosa,019bfa8e-c6c5-7e35-a86d-2b51de50f985,0,,Pool (Solemnisation),"Garden & Greenery, Outdoor, Waterfront",97f4ea9a-5272-4aef-9eac-29026eb8bd71,Mon-Thu,"Solemnisation setup, 2h venue usage",1,80,"$39,999++"
Raffles Sentosa,raffles-sentosa,https://wedded.sg/venues/raffles-sentosa,019bfa8e-c6c5-7e35-a86d-2b51de50f985,0,,Pool (Solemnisation),"Garden & Greenery, Outdoor, Waterfront",97f4ea9a-5272-4aef-9eac-29026eb8bd71,Friday,"Solemnisation setup, 2h venue usage",1,80,"$39,999++"
Raffles Sentosa,raffles-sentosa,https://wedded.sg/venues/raffles-sentosa,019bfa8e-c6c5-7e35-a86d-2b51de50f985,0,,Pool (Solemnisation),"Garden & Greenery, Outdoor, Waterfront",97f4ea9a-5272-4aef-9eac-29026eb8bd71,Saturday,"Solemnisation setup, 2h venue usage",1,80,"$39,999++"
Raffles Sentosa,raffles-sentosa,https://wedded.sg/venues/raffles-sentosa,019bfa8e-c6c5-7e35-a86d-2b51de50f985,0,,Pool (Solemnisation),"Garden & Greenery, Outdoor, Waterfront",97f4ea9a-5272-4aef-9eac-29026eb8bd71,Sunday,"Solemnisation setup, 2h venue usage",1,80,"$39,999++"
Raffles Sentosa,raffles-sentosa,https://wedded.sg/venues/raffles-sentosa,019bfa8e-c6c5-7e35-a86d-2b51de50f985,0,,Raffles Ballroom,"Garden & Greenery, Glasshouse, Indoor",b54925d2-caed-47d8-9004-4de4da6dd49f,Mon-Thu,Chef Ling Heng Yao’s 6-Course Chinese Menu,250,400,"$88,000++"
Raffles Sentosa,raffles-sentosa,https://wedded.sg/venues/raffles-sentosa,019bfa8e-c6c5-7e35-a86d-2b51de50f985,0,,Raffles Ballroom,"Garden & Greenery, Glasshouse, Indoor",b54925d2-caed-47d8-9004-4de4da6dd49f,Friday,Chef Ling Heng Yao’s 6-Course Chinese Menu,250,400,"$88,000++"
Raffles Sentosa,raffles-sentosa,https://wedded.sg/venues/raffles-sentosa,019bfa8e-c6c5-7e35-a86d-2b51de50f985,0,,Raffles Ballroom,"Garden & Greenery, Glasshouse, Indoor",b54925d2-caed-47d8-9004-4de4da6dd49f,Saturday,Chef Ling Heng Yao’s 6-Course Chinese Menu,250,400,"$88,000++"
Raffles Sentosa,raffles-sentosa,https://wedded.sg/venues/raffles-sentosa,019bfa8e-c6c5-7e35-a86d-2b51de50f985,0,,Raffles Ballroom,"Garden & Greenery, Glasshouse, Indoor",b54925d2-caed-47d8-9004-4de4da6dd49f,Sunday,Chef Ling Heng Yao’s 6-Course Chinese Menu,250,400,"$88,000++"
Raffles Singapore,raffles-singapore,https://wedded.sg/venues/raffles-singapore,019b88a3-6e62-74d9-9c81-405f7c9786a8,1,Raffles Romance Brochure 2025 v2.pdf,Casuarina Suite,"Colonial/Historical, Indoor",f5e48aae-9f46-4606-99e8-617d4d52ff3c,Mon-Thu,Chinese / Western Set Menu,80,100,$258++/pax
Raffles Singapore,raffles-singapore,https://wedded.sg/venues/raffles-singapore,019b88a3-6e62-74d9-9c81-405f7c9786a8,1,Raffles Romance Brochure 2025 v2.pdf,Casuarina Suite,"Colonial/Historical, Indoor",f5e48aae-9f46-4606-99e8-617d4d52ff3c,Friday,Chinese / Western Set Menu,80,100,$258++/pax
Raffles Singapore,raffles-singapore,https://wedded.sg/venues/raffles-singapore,019b88a3-6e62-74d9-9c81-405f7c9786a8,1,Raffles Romance Brochure 2025 v2.pdf,Casuarina Suite,"Colonial/Historical, Indoor",f5e48aae-9f46-4606-99e8-617d4d52ff3c,Saturday,Chinese / Western Set Menu,80,100,$258++/pax
Raffles Singapore,raffles-singapore,https://wedded.sg/venues/raffles-singapore,019b88a3-6e62-74d9-9c81-405f7c9786a8,1,Raffles Romance Brochure 2025 v2.pdf,Casuarina Suite,"Colonial/Historical, Indoor",f5e48aae-9f46-4606-99e8-617d4d52ff3c,Sunday,Chinese / Western Set Menu,80,100,$258++/pax
Raffles Singapore,raffles-singapore,https://wedded.sg/venues/raffles-singapore,019b88a3-6e62-74d9-9c81-405f7c9786a8,1,Raffles Romance Brochure 2025 v2.pdf,Jubilee Ballroom,"Ballroom, Colonial/Historical, Indoor",cd008cb2-8039-4ba8-adf3-6ff5560f7374,Mon-Thu,Chinese / Western Set Menu,220,270,$278++/pax
Raffles Singapore,raffles-singapore,https://wedded.sg/venues/raffles-singapore,019b88a3-6e62-74d9-9c81-405f7c9786a8,1,Raffles Romance Brochure 2025 v2.pdf,Jubilee Ballroom,"Ballroom, Colonial/Historical, Indoor",cd008cb2-8039-4ba8-adf3-6ff5560f7374,Friday,Chinese / Western Set Menu,220,270,$278++/pax
Raffles Singapore,raffles-singapore,https://wedded.sg/venues/raffles-singapore,019b88a3-6e62-74d9-9c81-405f7c9786a8,1,Raffles Romance Brochure 2025 v2.pdf,Jubilee Ballroom,"Ballroom, Colonial/Historical, Indoor",cd008cb2-8039-4ba8-adf3-6ff5560f7374,Saturday,Chinese / Western Set Menu,220,270,$278++/pax
Raffles Singapore,raffles-singapore,https://wedded.sg/venues/raffles-singapore,019b88a3-6e62-74d9-9c81-405f7c9786a8,1,Raffles Romance Brochure 2025 v2.pdf,Jubilee Ballroom,"Ballroom, Colonial/Historical, Indoor",cd008cb2-8039-4ba8-adf3-6ff5560f7374,Sunday,Chinese / Western Set Menu,220,270,$278++/pax
Raffles Singapore,raffles-singapore,https://wedded.sg/venues/raffles-singapore,019b88a3-6e62-74d9-9c81-405f7c9786a8,1,Raffles Romance Brochure 2025 v2.pdf,Palm Ballroom,"Ballroom, Colonial/Historical, Indoor",3da9eada-1e6f-4d22-9f13-0d1dfd904c62,Mon-Thu,Chinese / Western Set Menu,80,100,$258++/pax
Raffles Singapore,raffles-singapore,https://wedded.sg/venues/raffles-singapore,019b88a3-6e62-74d9-9c81-405f7c9786a8,1,Raffles Romance Brochure 2025 v2.pdf,Palm Ballroom,"Ballroom, Colonial/Historical, Indoor",3da9eada-1e6f-4d22-9f13-0d1dfd904c62,Friday,Chinese / Western Set Menu,80,100,$258++/pax
Raffles Singapore,raffles-singapore,https://wedded.sg/venues/raffles-singapore,019b88a3-6e62-74d9-9c81-405f7c9786a8,1,Raffles Romance Brochure 2025 v2.pdf,Palm Ballroom,"Ballroom, Colonial/Historical, Indoor",3da9eada-1e6f-4d22-9f13-0d1dfd904c62,Saturday,Chinese / Western Set Menu,80,100,$258++/pax
Raffles Singapore,raffles-singapore,https://wedded.sg/venues/raffles-singapore,019b88a3-6e62-74d9-9c81-405f7c9786a8,1,Raffles Romance Brochure 2025 v2.pdf,Palm Ballroom,"Ballroom, Colonial/Historical, Indoor",3da9eada-1e6f-4d22-9f13-0d1dfd904c62,Sunday,Chinese / Western Set Menu,80,100,$258++/pax
Red House Seafood (Grand Copthorne),red-house-seafood,https://wedded.sg/venues/red-house-seafood,019b18c9-e0d4-70c4-bed6-8c4eb5e7641a,1,Red House Seafood Wedding 2025.pdf,Dining Hall,"Glasshouse, Indoor, Restaurant",dcbe2ad7-198f-4bf2-8e34-6c8e577eadeb,Mon-Thu,Menu 1,10,140,$169++/pax
Red House Seafood (Grand Copthorne),red-house-seafood,https://wedded.sg/venues/red-house-seafood,019b18c9-e0d4-70c4-bed6-8c4eb5e7641a,1,Red House Seafood Wedding 2025.pdf,Dining Hall,"Glasshouse, Indoor, Restaurant",dcbe2ad7-198f-4bf2-8e34-6c8e577eadeb,Friday,Menu 1,10,140,$169++/pax
Red House Seafood (Grand Copthorne),red-house-seafood,https://wedded.sg/venues/red-house-seafood,019b18c9-e0d4-70c4-bed6-8c4eb5e7641a,1,Red House Seafood Wedding 2025.pdf,Dining Hall,"Glasshouse, Indoor, Restaurant",dcbe2ad7-198f-4bf2-8e34-6c8e577eadeb,Saturday,Menu 1,10,140,$169++/pax
Red House Seafood (Grand Copthorne),red-house-seafood,https://wedded.sg/venues/red-house-seafood,019b18c9-e0d4-70c4-bed6-8c4eb5e7641a,1,Red House Seafood Wedding 2025.pdf,Dining Hall,"Glasshouse, Indoor, Restaurant",dcbe2ad7-198f-4bf2-8e34-6c8e577eadeb,Sunday,Menu 1,10,140,$169++/pax
RedDot BrewHouse,reddot-brewhouse,https://wedded.sg/venues/reddot-brewhouse,019b18c5-a3e8-71d9-9fc4-853fc7885ffb,0,,Green Terrace (3/4 Restaurant),"Garden & Greenery, Indoor, Outdoor, Restaurant",045ad2da-1ea7-478c-a8ca-c6ed83bfea7d,Mon-Thu,Green Terrace (3/4),160,190,"$12,000++"
RedDot BrewHouse,reddot-brewhouse,https://wedded.sg/venues/reddot-brewhouse,019b18c5-a3e8-71d9-9fc4-853fc7885ffb,0,,Green Terrace (3/4 Restaurant),"Garden & Greenery, Indoor, Outdoor, Restaurant",045ad2da-1ea7-478c-a8ca-c6ed83bfea7d,Friday,Green Terrace (3/4),160,190,"$18,000++"
RedDot BrewHouse,reddot-brewhouse,https://wedded.sg/venues/reddot-brewhouse,019b18c5-a3e8-71d9-9fc4-853fc7885ffb,0,,Green Terrace (3/4 Restaurant),"Garden & Greenery, Indoor, Outdoor, Restaurant",045ad2da-1ea7-478c-a8ca-c6ed83bfea7d,Saturday,Green Terrace (3/4),160,190,"$15,000++"
RedDot BrewHouse,reddot-brewhouse,https://wedded.sg/venues/reddot-brewhouse,019b18c5-a3e8-71d9-9fc4-853fc7885ffb,0,,Green Terrace (3/4 Restaurant),"Garden & Greenery, Indoor, Outdoor, Restaurant",045ad2da-1ea7-478c-a8ca-c6ed83bfea7d,Sunday,Green Terrace (3/4),160,190,"$15,000++"
RedDot BrewHouse,reddot-brewhouse,https://wedded.sg/venues/reddot-brewhouse,019b18c5-a3e8-71d9-9fc4-853fc7885ffb,0,,Lower Garden,"Garden & Greenery, Indoor, Restaurant",90a7ebe0-eda3-4d0d-b156-818ad9f4ef35,Mon-Thu,Lower Garden Use,60,90,"$5,000++"
RedDot BrewHouse,reddot-brewhouse,https://wedded.sg/venues/reddot-brewhouse,019b18c5-a3e8-71d9-9fc4-853fc7885ffb,0,,Lower Garden,"Garden & Greenery, Indoor, Restaurant",90a7ebe0-eda3-4d0d-b156-818ad9f4ef35,Friday,Lower Garden Use,60,90,"$7,000++"
RedDot BrewHouse,reddot-brewhouse,https://wedded.sg/venues/reddot-brewhouse,019b18c5-a3e8-71d9-9fc4-853fc7885ffb,0,,Lower Garden,"Garden & Greenery, Indoor, Restaurant",90a7ebe0-eda3-4d0d-b156-818ad9f4ef35,Saturday,Lower Garden Use,60,90,"$6,000++"
RedDot BrewHouse,reddot-brewhouse,https://wedded.sg/venues/reddot-brewhouse,019b18c5-a3e8-71d9-9fc4-853fc7885ffb,0,,Lower Garden,"Garden & Greenery, Indoor, Restaurant",90a7ebe0-eda3-4d0d-b156-818ad9f4ef35,Sunday,Lower Garden Use,60,90,"$6,000++"
RedDot BrewHouse,reddot-brewhouse,https://wedded.sg/venues/reddot-brewhouse,019b18c5-a3e8-71d9-9fc4-853fc7885ffb,0,,Upper Garden,"Garden & Greenery, Indoor, Outdoor, Restaurant",096dbfc1-9835-4be8-ab96-e59b101c747b,Mon-Thu,Upper Garden Use,40,50,"$4,000++"
RedDot BrewHouse,reddot-brewhouse,https://wedded.sg/venues/reddot-brewhouse,019b18c5-a3e8-71d9-9fc4-853fc7885ffb,0,,Upper Garden,"Garden & Greenery, Indoor, Outdoor, Restaurant",096dbfc1-9835-4be8-ab96-e59b101c747b,Friday,Upper Garden Use,40,50,"$6,000++"
RedDot BrewHouse,reddot-brewhouse,https://wedded.sg/venues/reddot-brewhouse,019b18c5-a3e8-71d9-9fc4-853fc7885ffb,0,,Upper Garden,"Garden & Greenery, Indoor, Outdoor, Restaurant",096dbfc1-9835-4be8-ab96-e59b101c747b,Saturday,Upper Garden Use,40,50,"$5,000++"
RedDot BrewHouse,reddot-brewhouse,https://wedded.sg/venues/reddot-brewhouse,019b18c5-a3e8-71d9-9fc4-853fc7885ffb,0,,Upper Garden,"Garden & Greenery, Indoor, Outdoor, Restaurant",096dbfc1-9835-4be8-ab96-e59b101c747b,Sunday,Upper Garden Use,40,50,"$5,000++"
RedDot BrewHouse,reddot-brewhouse,https://wedded.sg/venues/reddot-brewhouse,019b18c5-a3e8-71d9-9fc4-853fc7885ffb,0,,Upper Indoor Deck,"Garden & Greenery, Indoor, Outdoor, Restaurant",4d3e523d-f8de-4489-8bd2-fde53fe76be0,Mon-Thu,Upper Indoor Deck Use,1,30,"$3,000++"
RedDot BrewHouse,reddot-brewhouse,https://wedded.sg/venues/reddot-brewhouse,019b18c5-a3e8-71d9-9fc4-853fc7885ffb,0,,Upper Indoor Deck,"Garden & Greenery, Indoor, Outdoor, Restaurant",4d3e523d-f8de-4489-8bd2-fde53fe76be0,Friday,Upper Indoor Deck Use,1,30,"$5,000++"
RedDot BrewHouse,reddot-brewhouse,https://wedded.sg/venues/reddot-brewhouse,019b18c5-a3e8-71d9-9fc4-853fc7885ffb,0,,Upper Indoor Deck,"Garden & Greenery, Indoor, Outdoor, Restaurant",4d3e523d-f8de-4489-8bd2-fde53fe76be0,Saturday,Upper Indoor Deck Use,1,30,"$4,000++"
RedDot BrewHouse,reddot-brewhouse,https://wedded.sg/venues/reddot-brewhouse,019b18c5-a3e8-71d9-9fc4-853fc7885ffb,0,,Upper Indoor Deck,"Garden & Greenery, Indoor, Outdoor, Restaurant",4d3e523d-f8de-4489-8bd2-fde53fe76be0,Sunday,Upper Indoor Deck Use,1,30,"$5,000++"
RedDot BrewHouse,reddot-brewhouse,https://wedded.sg/venues/reddot-brewhouse,019b18c5-a3e8-71d9-9fc4-853fc7885ffb,0,,Whole Garden (1/2 Restaurant),"Garden & Greenery, Glasshouse, Outdoor, Restaurant",8be57c12-f305-4b71-a074-4768a5a89180,Mon-Thu,Whole Garden (1/2),100,160,"$10,000++"
RedDot BrewHouse,reddot-brewhouse,https://wedded.sg/venues/reddot-brewhouse,019b18c5-a3e8-71d9-9fc4-853fc7885ffb,0,,Whole Garden (1/2 Restaurant),"Garden & Greenery, Glasshouse, Outdoor, Restaurant",8be57c12-f305-4b71-a074-4768a5a89180,Friday,Whole Garden (1/2),100,160,"$15,000++"
RedDot BrewHouse,reddot-brewhouse,https://wedded.sg/venues/reddot-brewhouse,019b18c5-a3e8-71d9-9fc4-853fc7885ffb,0,,Whole Garden (1/2 Restaurant),"Garden & Greenery, Glasshouse, Outdoor, Restaurant",8be57c12-f305-4b71-a074-4768a5a89180,Saturday,Whole Garden (1/2),100,160,"$12,000++"
RedDot BrewHouse,reddot-brewhouse,https://wedded.sg/venues/reddot-brewhouse,019b18c5-a3e8-71d9-9fc4-853fc7885ffb,0,,Whole Garden (1/2 Restaurant),"Garden & Greenery, Glasshouse, Outdoor, Restaurant",8be57c12-f305-4b71-a074-4768a5a89180,Sunday,Whole Garden (1/2),100,160,"$12,000++"
RedDot BrewHouse,reddot-brewhouse,https://wedded.sg/venues/reddot-brewhouse,019b18c5-a3e8-71d9-9fc4-853fc7885ffb,0,,Whole Restaurant,"Garden & Greenery, Glasshouse, Indoor, Outdoor, Restaurant",f7c3e2c7-cb38-48ee-ba57-3170016c7c2f,Mon-Thu,Whole Restaurant,250,300,"$18,000++"
RedDot BrewHouse,reddot-brewhouse,https://wedded.sg/venues/reddot-brewhouse,019b18c5-a3e8-71d9-9fc4-853fc7885ffb,0,,Whole Restaurant,"Garden & Greenery, Glasshouse, Indoor, Outdoor, Restaurant",f7c3e2c7-cb38-48ee-ba57-3170016c7c2f,Friday,Whole Restaurant,250,300,"$25,000++"
RedDot BrewHouse,reddot-brewhouse,https://wedded.sg/venues/reddot-brewhouse,019b18c5-a3e8-71d9-9fc4-853fc7885ffb,0,,Whole Restaurant,"Garden & Greenery, Glasshouse, Indoor, Outdoor, Restaurant",f7c3e2c7-cb38-48ee-ba57-3170016c7c2f,Saturday,Whole Restaurant,250,300,"$20,000++"
RedDot BrewHouse,reddot-brewhouse,https://wedded.sg/venues/reddot-brewhouse,019b18c5-a3e8-71d9-9fc4-853fc7885ffb,0,,Whole Restaurant,"Garden & Greenery, Glasshouse, Indoor, Outdoor, Restaurant",f7c3e2c7-cb38-48ee-ba57-3170016c7c2f,Sunday,Whole Restaurant,250,300,"$20,000++"
Rendezvous Hotel Singapore,rendezvous-hotel-singapore,https://wedded.sg/venues/rendezvous-hotel-singapore,019b98ef-d049-7d74-a59a-0c0642b9ac0f,1,packages rhs timelessrendezvous 2026.pdf,Symphony Ballroom,Ballroom,989fcc50-1f85-4edf-8640-36631cd3269f,Mon-Thu,Timeless Rendezvous,100,150,$144++/pax
Rendezvous Hotel Singapore,rendezvous-hotel-singapore,https://wedded.sg/venues/rendezvous-hotel-singapore,019b98ef-d049-7d74-a59a-0c0642b9ac0f,1,packages rhs timelessrendezvous 2026.pdf,Symphony Ballroom,Ballroom,989fcc50-1f85-4edf-8640-36631cd3269f,Friday,Timeless Rendezvous,100,150,$144++/pax
Rendezvous Hotel Singapore,rendezvous-hotel-singapore,https://wedded.sg/venues/rendezvous-hotel-singapore,019b98ef-d049-7d74-a59a-0c0642b9ac0f,1,packages rhs timelessrendezvous 2026.pdf,Symphony Ballroom,Ballroom,989fcc50-1f85-4edf-8640-36631cd3269f,Saturday,Timeless Rendezvous,100,150,$144++/pax
Rendezvous Hotel Singapore,rendezvous-hotel-singapore,https://wedded.sg/venues/rendezvous-hotel-singapore,019b98ef-d049-7d74-a59a-0c0642b9ac0f,1,packages rhs timelessrendezvous 2026.pdf,Symphony Ballroom,Ballroom,989fcc50-1f85-4edf-8640-36631cd3269f,Sunday,Timeless Rendezvous,100,150,$144++/pax
"Resorts World Sentosa, Convention Centre",resorts-world-sentosa-convention-centre,https://wedded.sg/venues/resorts-world-sentosa-convention-centre,019b9a65-506c-7ef7-b6a6-140310f7e043,1,(RWS) Resorts World Convention Centre Wedding Packages 2025.pdf,Function Rooms,"Event Venue, Indoor",65207bf0-9577-4f18-b294-0ea494937a59,Mon-Thu,8-Course Chinese Menu (Function Rooms),150,320,$188++/pax
"Resorts World Sentosa, Convention Centre",resorts-world-sentosa-convention-centre,https://wedded.sg/venues/resorts-world-sentosa-convention-centre,019b9a65-506c-7ef7-b6a6-140310f7e043,1,(RWS) Resorts World Convention Centre Wedding Packages 2025.pdf,Function Rooms,"Event Venue, Indoor",65207bf0-9577-4f18-b294-0ea494937a59,Friday,8-Course Chinese Menu (Function Rooms),150,320,$188++/pax
"Resorts World Sentosa, Convention Centre",resorts-world-sentosa-convention-centre,https://wedded.sg/venues/resorts-world-sentosa-convention-centre,019b9a65-506c-7ef7-b6a6-140310f7e043,1,(RWS) Resorts World Convention Centre Wedding Packages 2025.pdf,Function Rooms,"Event Venue, Indoor",65207bf0-9577-4f18-b294-0ea494937a59,Saturday,8-Course Chinese Menu (Function Rooms),150,320,$188++/pax
"Resorts World Sentosa, Convention Centre",resorts-world-sentosa-convention-centre,https://wedded.sg/venues/resorts-world-sentosa-convention-centre,019b9a65-506c-7ef7-b6a6-140310f7e043,1,(RWS) Resorts World Convention Centre Wedding Packages 2025.pdf,Function Rooms,"Event Venue, Indoor",65207bf0-9577-4f18-b294-0ea494937a59,Sunday,8-Course Chinese Menu (Function Rooms),150,320,$188++/pax
"Resorts World Sentosa, Convention Centre",resorts-world-sentosa-convention-centre,https://wedded.sg/venues/resorts-world-sentosa-convention-centre,019b9a65-506c-7ef7-b6a6-140310f7e043,1,(RWS) Resorts World Convention Centre Wedding Packages 2025.pdf,West Ballroom,"Ballroom, Event Venue, Indoor",1a526118-f866-45ae-b3e5-083bde0fcca2,Mon-Thu,8-Course Chinese Menu (West Ballroom),450,1700,$189++/pax
"Resorts World Sentosa, Convention Centre",resorts-world-sentosa-convention-centre,https://wedded.sg/venues/resorts-world-sentosa-convention-centre,019b9a65-506c-7ef7-b6a6-140310f7e043,1,(RWS) Resorts World Convention Centre Wedding Packages 2025.pdf,West Ballroom,"Ballroom, Event Venue, Indoor",1a526118-f866-45ae-b3e5-083bde0fcca2,Friday,8-Course Chinese Menu (West Ballroom),450,1700,$189++/pax
"Resorts World Sentosa, Convention Centre",resorts-world-sentosa-convention-centre,https://wedded.sg/venues/resorts-world-sentosa-convention-centre,019b9a65-506c-7ef7-b6a6-140310f7e043,1,(RWS) Resorts World Convention Centre Wedding Packages 2025.pdf,West Ballroom,"Ballroom, Event Venue, Indoor",1a526118-f866-45ae-b3e5-083bde0fcca2,Saturday,8-Course Chinese Menu (West Ballroom),450,1700,$189++/pax
"Resorts World Sentosa, Convention Centre",resorts-world-sentosa-convention-centre,https://wedded.sg/venues/resorts-world-sentosa-convention-centre,019b9a65-506c-7ef7-b6a6-140310f7e043,1,(RWS) Resorts World Convention Centre Wedding Packages 2025.pdf,West Ballroom,"Ballroom, Event Venue, Indoor",1a526118-f866-45ae-b3e5-083bde0fcca2,Sunday,8-Course Chinese Menu (West Ballroom),450,1700,$189++/pax
Royal Plaza on Scotts,royal-plaza-on-scotts,https://wedded.sg/venues/royal-plaza-on-scotts,019b7d12-9208-7095-afba-5a4f8c62d79b,3,Chinese Wedding Package.pdf | Solemn Packages.pdf | Wedding Package Menu.pdf,Ardmore Suite,Indoor,4ccb9c24-233e-43db-97ea-b301849b411a,,,,,
Royal Plaza on Scotts,royal-plaza-on-scotts,https://wedded.sg/venues/royal-plaza-on-scotts,019b7d12-9208-7095-afba-5a4f8c62d79b,3,Chinese Wedding Package.pdf | Solemn Packages.pdf | Wedding Package Menu.pdf,Balmoral Hall,"Garden & Greenery, Glasshouse, Indoor",0d830f2e-4340-4812-a261-114587d62509,Mon-Thu,8-Course Chinese Dinner,60,120,$168++/pax
Royal Plaza on Scotts,royal-plaza-on-scotts,https://wedded.sg/venues/royal-plaza-on-scotts,019b7d12-9208-7095-afba-5a4f8c62d79b,3,Chinese Wedding Package.pdf | Solemn Packages.pdf | Wedding Package Menu.pdf,Balmoral Hall,"Garden & Greenery, Glasshouse, Indoor",0d830f2e-4340-4812-a261-114587d62509,Friday,8-Course Chinese Dinner,60,120,$168++/pax
Royal Plaza on Scotts,royal-plaza-on-scotts,https://wedded.sg/venues/royal-plaza-on-scotts,019b7d12-9208-7095-afba-5a4f8c62d79b,3,Chinese Wedding Package.pdf | Solemn Packages.pdf | Wedding Package Menu.pdf,Balmoral Hall,"Garden & Greenery, Glasshouse, Indoor",0d830f2e-4340-4812-a261-114587d62509,Saturday,8-Course Chinese Dinner,60,120,$168++/pax
Royal Plaza on Scotts,royal-plaza-on-scotts,https://wedded.sg/venues/royal-plaza-on-scotts,019b7d12-9208-7095-afba-5a4f8c62d79b,3,Chinese Wedding Package.pdf | Solemn Packages.pdf | Wedding Package Menu.pdf,Balmoral Hall,"Garden & Greenery, Glasshouse, Indoor",0d830f2e-4340-4812-a261-114587d62509,Sunday,8-Course Chinese Dinner,60,120,$168++/pax
Seletar Country Club,seletar-country-club,https://wedded.sg/venues/seletar-country-club,019b7d20-23e7-70f2-8271-71566f99c148,3,Seletar CC Wedding Lunch.pdf | Seletar CC Wedding Dinner.pdf | Seletar CC Solemn.pdf,Kingfisher Room,"Event Venue, Garden & Greenery, Indoor, Outdoor, Waterfront",4093d167-f906-4292-a441-03a395729de9,Mon-Thu,Solemnization - 8-Course Menu,30,40,$88++/pax
Seletar Country Club,seletar-country-club,https://wedded.sg/venues/seletar-country-club,019b7d20-23e7-70f2-8271-71566f99c148,3,Seletar CC Wedding Lunch.pdf | Seletar CC Wedding Dinner.pdf | Seletar CC Solemn.pdf,Kingfisher Room,"Event Venue, Garden & Greenery, Indoor, Outdoor, Waterfront",4093d167-f906-4292-a441-03a395729de9,Friday,Solemnization - 8-Course Menu,30,40,$88++/pax
Seletar Country Club,seletar-country-club,https://wedded.sg/venues/seletar-country-club,019b7d20-23e7-70f2-8271-71566f99c148,3,Seletar CC Wedding Lunch.pdf | Seletar CC Wedding Dinner.pdf | Seletar CC Solemn.pdf,Kingfisher Room,"Event Venue, Garden & Greenery, Indoor, Outdoor, Waterfront",4093d167-f906-4292-a441-03a395729de9,Saturday,Solemnization - 8-Course Menu,30,40,$88++/pax
Seletar Country Club,seletar-country-club,https://wedded.sg/venues/seletar-country-club,019b7d20-23e7-70f2-8271-71566f99c148,3,Seletar CC Wedding Lunch.pdf | Seletar CC Wedding Dinner.pdf | Seletar CC Solemn.pdf,Kingfisher Room,"Event Venue, Garden & Greenery, Indoor, Outdoor, Waterfront",4093d167-f906-4292-a441-03a395729de9,Sunday,Solemnization - 8-Course Menu,30,40,$88++/pax
Seletar Country Club,seletar-country-club,https://wedded.sg/venues/seletar-country-club,019b7d20-23e7-70f2-8271-71566f99c148,3,Seletar CC Wedding Lunch.pdf | Seletar CC Wedding Dinner.pdf | Seletar CC Solemn.pdf,Seletar Room,"Event Venue, Garden & Greenery, Indoor, Outdoor, Waterfront",bd2bbbd1-af74-4e67-9998-c108caa7f010,Mon-Thu,8-Course Set Menu,80,240,$99++/pax
Seletar Country Club,seletar-country-club,https://wedded.sg/venues/seletar-country-club,019b7d20-23e7-70f2-8271-71566f99c148,3,Seletar CC Wedding Lunch.pdf | Seletar CC Wedding Dinner.pdf | Seletar CC Solemn.pdf,Seletar Room,"Event Venue, Garden & Greenery, Indoor, Outdoor, Waterfront",bd2bbbd1-af74-4e67-9998-c108caa7f010,Friday,8-Course Set Menu,80,240,$99++/pax
Seletar Country Club,seletar-country-club,https://wedded.sg/venues/seletar-country-club,019b7d20-23e7-70f2-8271-71566f99c148,3,Seletar CC Wedding Lunch.pdf | Seletar CC Wedding Dinner.pdf | Seletar CC Solemn.pdf,Seletar Room,"Event Venue, Garden & Greenery, Indoor, Outdoor, Waterfront",bd2bbbd1-af74-4e67-9998-c108caa7f010,Saturday,8-Course Set Menu,80,240,$109++/pax
Seletar Country Club,seletar-country-club,https://wedded.sg/venues/seletar-country-club,019b7d20-23e7-70f2-8271-71566f99c148,3,Seletar CC Wedding Lunch.pdf | Seletar CC Wedding Dinner.pdf | Seletar CC Solemn.pdf,Seletar Room,"Event Venue, Garden & Greenery, Indoor, Outdoor, Waterfront",bd2bbbd1-af74-4e67-9998-c108caa7f010,Sunday,8-Course Set Menu,80,240,$109++/pax
Serangoon Gardens Country Club,serangoon-gardens-country-club,https://wedded.sg/venues/serangoon-gardens-country-club,019b7a89-9993-7422-a515-21eae132fe73,0,,Kensington Ballroom,"Ballroom, Event Venue, Indoor",ecbc71da-84f8-41b9-8c1a-79ba4d2625b1,Mon-Thu,8-Course Chinese Cuisine,120,500,$109++/pax
Serangoon Gardens Country Club,serangoon-gardens-country-club,https://wedded.sg/venues/serangoon-gardens-country-club,019b7a89-9993-7422-a515-21eae132fe73,0,,Kensington Ballroom,"Ballroom, Event Venue, Indoor",ecbc71da-84f8-41b9-8c1a-79ba4d2625b1,Friday,4-Course Western Set Menu,100,500,$117++/pax
Serangoon Gardens Country Club,serangoon-gardens-country-club,https://wedded.sg/venues/serangoon-gardens-country-club,019b7a89-9993-7422-a515-21eae132fe73,0,,Kensington Ballroom,"Ballroom, Event Venue, Indoor",ecbc71da-84f8-41b9-8c1a-79ba4d2625b1,Saturday,4-Course Western Set Menu,100,500,$117++/pax
Serangoon Gardens Country Club,serangoon-gardens-country-club,https://wedded.sg/venues/serangoon-gardens-country-club,019b7a89-9993-7422-a515-21eae132fe73,0,,Kensington Ballroom,"Ballroom, Event Venue, Indoor",ecbc71da-84f8-41b9-8c1a-79ba4d2625b1,Sunday,4-Course Western Set Menu,100,500,$117++/pax
Shangri-La Rasa Sentosa,shangri-la-rasa-sentosa,https://wedded.sg/venues/shangri-la-rasa-sentosa,019b7a34-915e-7cb3-addc-a5aa1d67ca0d,2,2026 Exquisite Wedding Package.pdf | 2026 Elegance Enchantment Wedding Packages.pdf,Barnacles by the Sea,"Garden & Greenery, Glasshouse, Indoor, Outdoor, Waterfront",dcc4aa85-b6db-4425-bb2a-62bb8596f0d0,Mon-Thu,"Choice of Chinese Set, Western Set, International or Barbecue Buffet",80,120,$228++/pax
Shangri-La Rasa Sentosa,shangri-la-rasa-sentosa,https://wedded.sg/venues/shangri-la-rasa-sentosa,019b7a34-915e-7cb3-addc-a5aa1d67ca0d,2,2026 Exquisite Wedding Package.pdf | 2026 Elegance Enchantment Wedding Packages.pdf,Barnacles by the Sea,"Garden & Greenery, Glasshouse, Indoor, Outdoor, Waterfront",dcc4aa85-b6db-4425-bb2a-62bb8596f0d0,Friday,"Choice of Chinese Set, Western Set, International or Barbecue Buffet",80,120,$228++/pax
Shangri-La Rasa Sentosa,shangri-la-rasa-sentosa,https://wedded.sg/venues/shangri-la-rasa-sentosa,019b7a34-915e-7cb3-addc-a5aa1d67ca0d,2,2026 Exquisite Wedding Package.pdf | 2026 Elegance Enchantment Wedding Packages.pdf,Barnacles by the Sea,"Garden & Greenery, Glasshouse, Indoor, Outdoor, Waterfront",dcc4aa85-b6db-4425-bb2a-62bb8596f0d0,Saturday,"Choice of Chinese Set, Western Set, International or Barbecue Buffet",80,120,$228++/pax
Shangri-La Rasa Sentosa,shangri-la-rasa-sentosa,https://wedded.sg/venues/shangri-la-rasa-sentosa,019b7a34-915e-7cb3-addc-a5aa1d67ca0d,2,2026 Exquisite Wedding Package.pdf | 2026 Elegance Enchantment Wedding Packages.pdf,Barnacles by the Sea,"Garden & Greenery, Glasshouse, Indoor, Outdoor, Waterfront",dcc4aa85-b6db-4425-bb2a-62bb8596f0d0,Sunday,"Choice of Chinese Set, Western Set, International or Barbecue Buffet",80,120,$228++/pax
Shangri-La Rasa Sentosa,shangri-la-rasa-sentosa,https://wedded.sg/venues/shangri-la-rasa-sentosa,019b7a34-915e-7cb3-addc-a5aa1d67ca0d,2,2026 Exquisite Wedding Package.pdf | 2026 Elegance Enchantment Wedding Packages.pdf,Horizon Pavilion,"Garden & Greenery, Glasshouse, Indoor, Outdoor, Waterfront",a909bf18-7ea8-434c-871e-4da61b546c7a,Mon-Thu,"Choice of International Buffet, Chinese or Western Set",150,320,$218++/pax
Shangri-La Rasa Sentosa,shangri-la-rasa-sentosa,https://wedded.sg/venues/shangri-la-rasa-sentosa,019b7a34-915e-7cb3-addc-a5aa1d67ca0d,2,2026 Exquisite Wedding Package.pdf | 2026 Elegance Enchantment Wedding Packages.pdf,Horizon Pavilion,"Garden & Greenery, Glasshouse, Indoor, Outdoor, Waterfront",a909bf18-7ea8-434c-871e-4da61b546c7a,Friday,"Choice of International Buffet, Chinese or Western Set",150,320,$218++/pax
Shangri-La Rasa Sentosa,shangri-la-rasa-sentosa,https://wedded.sg/venues/shangri-la-rasa-sentosa,019b7a34-915e-7cb3-addc-a5aa1d67ca0d,2,2026 Exquisite Wedding Package.pdf | 2026 Elegance Enchantment Wedding Packages.pdf,Horizon Pavilion,"Garden & Greenery, Glasshouse, Indoor, Outdoor, Waterfront",a909bf18-7ea8-434c-871e-4da61b546c7a,Saturday,"Choice of International Buffet, Chinese or Western Set",150,320,$218++/pax
Shangri-La Rasa Sentosa,shangri-la-rasa-sentosa,https://wedded.sg/venues/shangri-la-rasa-sentosa,019b7a34-915e-7cb3-addc-a5aa1d67ca0d,2,2026 Exquisite Wedding Package.pdf | 2026 Elegance Enchantment Wedding Packages.pdf,Horizon Pavilion,"Garden & Greenery, Glasshouse, Indoor, Outdoor, Waterfront",a909bf18-7ea8-434c-871e-4da61b546c7a,Sunday,"Choice of International Buffet, Chinese or Western Set",150,320,$218++/pax
Shangri-La Rasa Sentosa,shangri-la-rasa-sentosa,https://wedded.sg/venues/shangri-la-rasa-sentosa,019b7a34-915e-7cb3-addc-a5aa1d67ca0d,2,2026 Exquisite Wedding Package.pdf | 2026 Elegance Enchantment Wedding Packages.pdf,Rasa Lawn,"Garden & Greenery, Outdoor, Waterfront",23333b37-aed8-45cf-a3b1-9bb3991901fa,Mon-Thu,International or Barbecue Buffet,150,240,$258++/pax
Shangri-La Rasa Sentosa,shangri-la-rasa-sentosa,https://wedded.sg/venues/shangri-la-rasa-sentosa,019b7a34-915e-7cb3-addc-a5aa1d67ca0d,2,2026 Exquisite Wedding Package.pdf | 2026 Elegance Enchantment Wedding Packages.pdf,Rasa Lawn,"Garden & Greenery, Outdoor, Waterfront",23333b37-aed8-45cf-a3b1-9bb3991901fa,Friday,International or Barbecue Buffet,150,240,$258++/pax
Shangri-La Rasa Sentosa,shangri-la-rasa-sentosa,https://wedded.sg/venues/shangri-la-rasa-sentosa,019b7a34-915e-7cb3-addc-a5aa1d67ca0d,2,2026 Exquisite Wedding Package.pdf | 2026 Elegance Enchantment Wedding Packages.pdf,Rasa Lawn,"Garden & Greenery, Outdoor, Waterfront",23333b37-aed8-45cf-a3b1-9bb3991901fa,Saturday,International or Barbecue Buffet,150,240,$258++/pax
Shangri-La Rasa Sentosa,shangri-la-rasa-sentosa,https://wedded.sg/venues/shangri-la-rasa-sentosa,019b7a34-915e-7cb3-addc-a5aa1d67ca0d,2,2026 Exquisite Wedding Package.pdf | 2026 Elegance Enchantment Wedding Packages.pdf,Rasa Lawn,"Garden & Greenery, Outdoor, Waterfront",23333b37-aed8-45cf-a3b1-9bb3991901fa,Sunday,International or Barbecue Buffet,150,240,$258++/pax
Shangri-La Rasa Sentosa,shangri-la-rasa-sentosa,https://wedded.sg/venues/shangri-la-rasa-sentosa,019b7a34-915e-7cb3-addc-a5aa1d67ca0d,2,2026 Exquisite Wedding Package.pdf | 2026 Elegance Enchantment Wedding Packages.pdf,Rasa Shore,"Garden & Greenery, Outdoor, Waterfront",9a14ff8d-eaef-4772-8e86-393de840280a,Mon-Thu,International or Barbecue Buffet,150,340,$258++/pax
Shangri-La Rasa Sentosa,shangri-la-rasa-sentosa,https://wedded.sg/venues/shangri-la-rasa-sentosa,019b7a34-915e-7cb3-addc-a5aa1d67ca0d,2,2026 Exquisite Wedding Package.pdf | 2026 Elegance Enchantment Wedding Packages.pdf,Rasa Shore,"Garden & Greenery, Outdoor, Waterfront",9a14ff8d-eaef-4772-8e86-393de840280a,Friday,International or Barbecue Buffet,150,340,$258++/pax
Shangri-La Rasa Sentosa,shangri-la-rasa-sentosa,https://wedded.sg/venues/shangri-la-rasa-sentosa,019b7a34-915e-7cb3-addc-a5aa1d67ca0d,2,2026 Exquisite Wedding Package.pdf | 2026 Elegance Enchantment Wedding Packages.pdf,Rasa Shore,"Garden & Greenery, Outdoor, Waterfront",9a14ff8d-eaef-4772-8e86-393de840280a,Saturday,International or Barbecue Buffet,150,340,$258++/pax
Shangri-La Rasa Sentosa,shangri-la-rasa-sentosa,https://wedded.sg/venues/shangri-la-rasa-sentosa,019b7a34-915e-7cb3-addc-a5aa1d67ca0d,2,2026 Exquisite Wedding Package.pdf | 2026 Elegance Enchantment Wedding Packages.pdf,Rasa Shore,"Garden & Greenery, Outdoor, Waterfront",9a14ff8d-eaef-4772-8e86-393de840280a,Sunday,International or Barbecue Buffet,150,340,$258++/pax
Shangri-La Rasa Sentosa,shangri-la-rasa-sentosa,https://wedded.sg/venues/shangri-la-rasa-sentosa,019b7a34-915e-7cb3-addc-a5aa1d67ca0d,2,2026 Exquisite Wedding Package.pdf | 2026 Elegance Enchantment Wedding Packages.pdf,Siloso Ballroom,"Ballroom, Indoor",e62c5a17-2454-40fb-a9a4-f4b00704a22a,Mon-Thu,"Choice of International Buffet, Chinese or Western Set",150,360,$208++/pax
Shangri-La Rasa Sentosa,shangri-la-rasa-sentosa,https://wedded.sg/venues/shangri-la-rasa-sentosa,019b7a34-915e-7cb3-addc-a5aa1d67ca0d,2,2026 Exquisite Wedding Package.pdf | 2026 Elegance Enchantment Wedding Packages.pdf,Siloso Ballroom,"Ballroom, Indoor",e62c5a17-2454-40fb-a9a4-f4b00704a22a,Friday,"Choice of International Buffet, Chinese or Western Set",150,360,$208++/pax
Shangri-La Rasa Sentosa,shangri-la-rasa-sentosa,https://wedded.sg/venues/shangri-la-rasa-sentosa,019b7a34-915e-7cb3-addc-a5aa1d67ca0d,2,2026 Exquisite Wedding Package.pdf | 2026 Elegance Enchantment Wedding Packages.pdf,Siloso Ballroom,"Ballroom, Indoor",e62c5a17-2454-40fb-a9a4-f4b00704a22a,Saturday,"Choice of International Buffet, Chinese or Western Set",150,360,$208++/pax
Shangri-La Rasa Sentosa,shangri-la-rasa-sentosa,https://wedded.sg/venues/shangri-la-rasa-sentosa,019b7a34-915e-7cb3-addc-a5aa1d67ca0d,2,2026 Exquisite Wedding Package.pdf | 2026 Elegance Enchantment Wedding Packages.pdf,Siloso Ballroom,"Ballroom, Indoor",e62c5a17-2454-40fb-a9a4-f4b00704a22a,Sunday,"Choice of International Buffet, Chinese or Western Set",150,360,$208++/pax
Shangri-La Singapore,shangri-la-singapore,https://wedded.sg/venues/shangri-la-singapore,019b79f2-38c0-752f-b9c4-4d560b8fd623,4,2026 Ballroom Lunch SLS Wedding Brochure.pdf | 2026 Ballroom Dinner SLS Wedding Brochure.pdf | 2026 Dutch Pavilion Lunch and Dinner SLS Wedding Brochure.pdf | 2026 Azalea Lunch and Dinner Wedding Brochure.pdf,Azalea Room,Indoor,a0a62ae7-d2e1-497a-9840-611cdef465da,Mon-Thu,Chinese Set Lunch (Individually Plated),160,220,$199++/pax
Shangri-La Singapore,shangri-la-singapore,https://wedded.sg/venues/shangri-la-singapore,019b79f2-38c0-752f-b9c4-4d560b8fd623,4,2026 Ballroom Lunch SLS Wedding Brochure.pdf | 2026 Ballroom Dinner SLS Wedding Brochure.pdf | 2026 Dutch Pavilion Lunch and Dinner SLS Wedding Brochure.pdf | 2026 Azalea Lunch and Dinner Wedding Brochure.pdf,Azalea Room,Indoor,a0a62ae7-d2e1-497a-9840-611cdef465da,Friday,Chinese Set Lunch (Individually Plated),160,220,$199++/pax
Shangri-La Singapore,shangri-la-singapore,https://wedded.sg/venues/shangri-la-singapore,019b79f2-38c0-752f-b9c4-4d560b8fd623,4,2026 Ballroom Lunch SLS Wedding Brochure.pdf | 2026 Ballroom Dinner SLS Wedding Brochure.pdf | 2026 Dutch Pavilion Lunch and Dinner SLS Wedding Brochure.pdf | 2026 Azalea Lunch and Dinner Wedding Brochure.pdf,Azalea Room,Indoor,a0a62ae7-d2e1-497a-9840-611cdef465da,Saturday,Chinese Set Lunch (Individually Plated),160,220,$199++/pax
Shangri-La Singapore,shangri-la-singapore,https://wedded.sg/venues/shangri-la-singapore,019b79f2-38c0-752f-b9c4-4d560b8fd623,4,2026 Ballroom Lunch SLS Wedding Brochure.pdf | 2026 Ballroom Dinner SLS Wedding Brochure.pdf | 2026 Dutch Pavilion Lunch and Dinner SLS Wedding Brochure.pdf | 2026 Azalea Lunch and Dinner Wedding Brochure.pdf,Azalea Room,Indoor,a0a62ae7-d2e1-497a-9840-611cdef465da,Sunday,Chinese Set Lunch (Individually Plated),160,220,$199++/pax
Shangri-La Singapore,shangri-la-singapore,https://wedded.sg/venues/shangri-la-singapore,019b79f2-38c0-752f-b9c4-4d560b8fd623,4,2026 Ballroom Lunch SLS Wedding Brochure.pdf | 2026 Ballroom Dinner SLS Wedding Brochure.pdf | 2026 Dutch Pavilion Lunch and Dinner SLS Wedding Brochure.pdf | 2026 Azalea Lunch and Dinner Wedding Brochure.pdf,Island Ballroom,"Ballroom, Indoor",b86ec73c-7f57-48df-a3b0-9c84a5afe7ed,Friday,Chinese Set Lunch (Individually Plated),400,1000,$199++/pax
Shangri-La Singapore,shangri-la-singapore,https://wedded.sg/venues/shangri-la-singapore,019b79f2-38c0-752f-b9c4-4d560b8fd623,4,2026 Ballroom Lunch SLS Wedding Brochure.pdf | 2026 Ballroom Dinner SLS Wedding Brochure.pdf | 2026 Dutch Pavilion Lunch and Dinner SLS Wedding Brochure.pdf | 2026 Azalea Lunch and Dinner Wedding Brochure.pdf,Island Ballroom,"Ballroom, Indoor",b86ec73c-7f57-48df-a3b0-9c84a5afe7ed,Saturday,Chinese Set Lunch (Individually Plated),400,1000,$199++/pax
Shangri-La Singapore,shangri-la-singapore,https://wedded.sg/venues/shangri-la-singapore,019b79f2-38c0-752f-b9c4-4d560b8fd623,4,2026 Ballroom Lunch SLS Wedding Brochure.pdf | 2026 Ballroom Dinner SLS Wedding Brochure.pdf | 2026 Dutch Pavilion Lunch and Dinner SLS Wedding Brochure.pdf | 2026 Azalea Lunch and Dinner Wedding Brochure.pdf,Island Ballroom,"Ballroom, Indoor",b86ec73c-7f57-48df-a3b0-9c84a5afe7ed,Sunday,Chinese Set Lunch (Individually Plated),400,1000,$199++/pax
Shangri-La Singapore,shangri-la-singapore,https://wedded.sg/venues/shangri-la-singapore,019b79f2-38c0-752f-b9c4-4d560b8fd623,4,2026 Ballroom Lunch SLS Wedding Brochure.pdf | 2026 Ballroom Dinner SLS Wedding Brochure.pdf | 2026 Dutch Pavilion Lunch and Dinner SLS Wedding Brochure.pdf | 2026 Azalea Lunch and Dinner Wedding Brochure.pdf,The Dutch Pavilion,"Colonial/Historical, Garden & Greenery, Glasshouse, Indoor, Outdoor",769537b1-b5a7-4567-81b0-f2199733276f,Mon-Thu,Chinese Set Lunch (Individually Plated),60,100,$219++/pax
Shangri-La Singapore,shangri-la-singapore,https://wedded.sg/venues/shangri-la-singapore,019b79f2-38c0-752f-b9c4-4d560b8fd623,4,2026 Ballroom Lunch SLS Wedding Brochure.pdf | 2026 Ballroom Dinner SLS Wedding Brochure.pdf | 2026 Dutch Pavilion Lunch and Dinner SLS Wedding Brochure.pdf | 2026 Azalea Lunch and Dinner Wedding Brochure.pdf,The Dutch Pavilion,"Colonial/Historical, Garden & Greenery, Glasshouse, Indoor, Outdoor",769537b1-b5a7-4567-81b0-f2199733276f,Friday,Chinese Set Lunch (Individually Plated),60,100,$219++/pax
Shangri-La Singapore,shangri-la-singapore,https://wedded.sg/venues/shangri-la-singapore,019b79f2-38c0-752f-b9c4-4d560b8fd623,4,2026 Ballroom Lunch SLS Wedding Brochure.pdf | 2026 Ballroom Dinner SLS Wedding Brochure.pdf | 2026 Dutch Pavilion Lunch and Dinner SLS Wedding Brochure.pdf | 2026 Azalea Lunch and Dinner Wedding Brochure.pdf,The Dutch Pavilion,"Colonial/Historical, Garden & Greenery, Glasshouse, Indoor, Outdoor",769537b1-b5a7-4567-81b0-f2199733276f,Saturday,Chinese Set Lunch (Individually Plated),60,100,$219++/pax
Shangri-La Singapore,shangri-la-singapore,https://wedded.sg/venues/shangri-la-singapore,019b79f2-38c0-752f-b9c4-4d560b8fd623,4,2026 Ballroom Lunch SLS Wedding Brochure.pdf | 2026 Ballroom Dinner SLS Wedding Brochure.pdf | 2026 Dutch Pavilion Lunch and Dinner SLS Wedding Brochure.pdf | 2026 Azalea Lunch and Dinner Wedding Brochure.pdf,The Dutch Pavilion,"Colonial/Historical, Garden & Greenery, Glasshouse, Indoor, Outdoor",769537b1-b5a7-4567-81b0-f2199733276f,Sunday,Chinese Set Lunch (Individually Plated),60,100,$219++/pax
Shangri-La Singapore,shangri-la-singapore,https://wedded.sg/venues/shangri-la-singapore,019b79f2-38c0-752f-b9c4-4d560b8fd623,4,2026 Ballroom Lunch SLS Wedding Brochure.pdf | 2026 Ballroom Dinner SLS Wedding Brochure.pdf | 2026 Dutch Pavilion Lunch and Dinner SLS Wedding Brochure.pdf | 2026 Azalea Lunch and Dinner Wedding Brochure.pdf,Tower Ballroom,"Ballroom, Indoor",46289bbd-1d45-41b5-93cb-98ede385a716,Friday,Chinese Set Lunch (Individually Plated),250,590,$199++/pax
Shangri-La Singapore,shangri-la-singapore,https://wedded.sg/venues/shangri-la-singapore,019b79f2-38c0-752f-b9c4-4d560b8fd623,4,2026 Ballroom Lunch SLS Wedding Brochure.pdf | 2026 Ballroom Dinner SLS Wedding Brochure.pdf | 2026 Dutch Pavilion Lunch and Dinner SLS Wedding Brochure.pdf | 2026 Azalea Lunch and Dinner Wedding Brochure.pdf,Tower Ballroom,"Ballroom, Indoor",46289bbd-1d45-41b5-93cb-98ede385a716,Saturday,Chinese Set Lunch (Individually Plated),250,590,$199++/pax
Shangri-La Singapore,shangri-la-singapore,https://wedded.sg/venues/shangri-la-singapore,019b79f2-38c0-752f-b9c4-4d560b8fd623,4,2026 Ballroom Lunch SLS Wedding Brochure.pdf | 2026 Ballroom Dinner SLS Wedding Brochure.pdf | 2026 Dutch Pavilion Lunch and Dinner SLS Wedding Brochure.pdf | 2026 Azalea Lunch and Dinner Wedding Brochure.pdf,Tower Ballroom,"Ballroom, Indoor",46289bbd-1d45-41b5-93cb-98ede385a716,Sunday,Chinese Set Lunch (Individually Plated),250,590,$199++/pax
Sheraton Towers Singapore,sheraton-towers-singapore,https://wedded.sg/venues/sheraton-towers-singapore,019b79d2-a0fd-7289-8422-6a5125dd41d1,3,Menu.pdf | Wedding Packages.pdf | Intimate Wedding Package.pdf,Ballroom 1 & 2,"Ballroom, Indoor",4a226da4-8a37-4be4-8b91-ab60a52df577,Mon-Thu,8-Course Chinese Set from Li Bai Cantonese Restaurant,150,200,$179++/pax
Sheraton Towers Singapore,sheraton-towers-singapore,https://wedded.sg/venues/sheraton-towers-singapore,019b79d2-a0fd-7289-8422-6a5125dd41d1,3,Menu.pdf | Wedding Packages.pdf | Intimate Wedding Package.pdf,Ballroom 1 & 2,"Ballroom, Indoor",4a226da4-8a37-4be4-8b91-ab60a52df577,Friday,8-Course Chinese Set from Li Bai Cantonese Restaurant,150,200,$179++/pax
Sheraton Towers Singapore,sheraton-towers-singapore,https://wedded.sg/venues/sheraton-towers-singapore,019b79d2-a0fd-7289-8422-6a5125dd41d1,3,Menu.pdf | Wedding Packages.pdf | Intimate Wedding Package.pdf,Ballroom 1 & 2,"Ballroom, Indoor",4a226da4-8a37-4be4-8b91-ab60a52df577,Saturday,8-Course Chinese Set from Li Bai Cantonese Restaurant,150,200,$179++/pax
Sheraton Towers Singapore,sheraton-towers-singapore,https://wedded.sg/venues/sheraton-towers-singapore,019b79d2-a0fd-7289-8422-6a5125dd41d1,3,Menu.pdf | Wedding Packages.pdf | Intimate Wedding Package.pdf,Ballroom 1 & 2,"Ballroom, Indoor",4a226da4-8a37-4be4-8b91-ab60a52df577,Sunday,8-Course Chinese Set from Li Bai Cantonese Restaurant,150,200,$179++/pax
Sheraton Towers Singapore,sheraton-towers-singapore,https://wedded.sg/venues/sheraton-towers-singapore,019b79d2-a0fd-7289-8422-6a5125dd41d1,3,Menu.pdf | Wedding Packages.pdf | Intimate Wedding Package.pdf,Ballroom 3 & 4,"Ballroom, Indoor",67f94d78-39af-458a-9bed-b1696114beda,Mon-Thu,8-Course Chinese Set from Li Bai Cantonese Restaurant,100,120,$179++/pax
Sheraton Towers Singapore,sheraton-towers-singapore,https://wedded.sg/venues/sheraton-towers-singapore,019b79d2-a0fd-7289-8422-6a5125dd41d1,3,Menu.pdf | Wedding Packages.pdf | Intimate Wedding Package.pdf,Ballroom 3 & 4,"Ballroom, Indoor",67f94d78-39af-458a-9bed-b1696114beda,Friday,8-Course Chinese Set from Li Bai Cantonese Restaurant,100,120,$179++/pax
Sheraton Towers Singapore,sheraton-towers-singapore,https://wedded.sg/venues/sheraton-towers-singapore,019b79d2-a0fd-7289-8422-6a5125dd41d1,3,Menu.pdf | Wedding Packages.pdf | Intimate Wedding Package.pdf,Ballroom 3 & 4,"Ballroom, Indoor",67f94d78-39af-458a-9bed-b1696114beda,Saturday,8-Course Chinese Set from Li Bai Cantonese Restaurant,100,120,$179++/pax
Sheraton Towers Singapore,sheraton-towers-singapore,https://wedded.sg/venues/sheraton-towers-singapore,019b79d2-a0fd-7289-8422-6a5125dd41d1,3,Menu.pdf | Wedding Packages.pdf | Intimate Wedding Package.pdf,Ballroom 3 & 4,"Ballroom, Indoor",67f94d78-39af-458a-9bed-b1696114beda,Sunday,8-Course Chinese Set from Li Bai Cantonese Restaurant,100,120,$179++/pax
Sheraton Towers Singapore,sheraton-towers-singapore,https://wedded.sg/venues/sheraton-towers-singapore,019b79d2-a0fd-7289-8422-6a5125dd41d1,3,Menu.pdf | Wedding Packages.pdf | Intimate Wedding Package.pdf,Grand Ballroom,"Ballroom, Indoor",476fd21d-b85c-4157-965b-e1db877e1f2e,Mon-Thu,8-Course Chinese Set from Li Bai Cantonese Restaurant,200,400,$179++/pax
Sheraton Towers Singapore,sheraton-towers-singapore,https://wedded.sg/venues/sheraton-towers-singapore,019b79d2-a0fd-7289-8422-6a5125dd41d1,3,Menu.pdf | Wedding Packages.pdf | Intimate Wedding Package.pdf,Grand Ballroom,"Ballroom, Indoor",476fd21d-b85c-4157-965b-e1db877e1f2e,Friday,8-Course Chinese Set from Li Bai Cantonese Restaurant,200,400,$179++/pax
Sheraton Towers Singapore,sheraton-towers-singapore,https://wedded.sg/venues/sheraton-towers-singapore,019b79d2-a0fd-7289-8422-6a5125dd41d1,3,Menu.pdf | Wedding Packages.pdf | Intimate Wedding Package.pdf,Grand Ballroom,"Ballroom, Indoor",476fd21d-b85c-4157-965b-e1db877e1f2e,Saturday,8-Course Chinese Set from Li Bai Cantonese Restaurant,200,400,$179++/pax
Sheraton Towers Singapore,sheraton-towers-singapore,https://wedded.sg/venues/sheraton-towers-singapore,019b79d2-a0fd-7289-8422-6a5125dd41d1,3,Menu.pdf | Wedding Packages.pdf | Intimate Wedding Package.pdf,Grand Ballroom,"Ballroom, Indoor",476fd21d-b85c-4157-965b-e1db877e1f2e,Sunday,8-Course Chinese Set from Li Bai Cantonese Restaurant,200,400,$179++/pax
Sheraton Towers Singapore,sheraton-towers-singapore,https://wedded.sg/venues/sheraton-towers-singapore,019b79d2-a0fd-7289-8422-6a5125dd41d1,3,Menu.pdf | Wedding Packages.pdf | Intimate Wedding Package.pdf,Topaz Room,Indoor,c7496f59-1bb4-4cb3-93e1-62599281da19,Mon-Thu,8-Course Chinese Set from Li Bai Cantonese Restaurant,100,120,$179++/pax
Sheraton Towers Singapore,sheraton-towers-singapore,https://wedded.sg/venues/sheraton-towers-singapore,019b79d2-a0fd-7289-8422-6a5125dd41d1,3,Menu.pdf | Wedding Packages.pdf | Intimate Wedding Package.pdf,Topaz Room,Indoor,c7496f59-1bb4-4cb3-93e1-62599281da19,Friday,8-Course Chinese Set from Li Bai Cantonese Restaurant,100,120,$179++/pax
Sheraton Towers Singapore,sheraton-towers-singapore,https://wedded.sg/venues/sheraton-towers-singapore,019b79d2-a0fd-7289-8422-6a5125dd41d1,3,Menu.pdf | Wedding Packages.pdf | Intimate Wedding Package.pdf,Topaz Room,Indoor,c7496f59-1bb4-4cb3-93e1-62599281da19,Saturday,8-Course Chinese Set from Li Bai Cantonese Restaurant,100,120,$179++/pax
Sheraton Towers Singapore,sheraton-towers-singapore,https://wedded.sg/venues/sheraton-towers-singapore,019b79d2-a0fd-7289-8422-6a5125dd41d1,3,Menu.pdf | Wedding Packages.pdf | Intimate Wedding Package.pdf,Topaz Room,Indoor,c7496f59-1bb4-4cb3-93e1-62599281da19,Sunday,8-Course Chinese Set from Li Bai Cantonese Restaurant,100,120,$179++/pax
Shisen Hanten by Chen Kentaro,shisen-hanten,https://wedded.sg/venues/shisen-hanten,019b79c7-c117-783c-aac4-58d2b6a89776,3,Set Menus.pdf | A la Carte Menu.pdf | Events Brochure.pdf,Exclusive Venue (Main Hall and Private Rooms),"Indoor, Restaurant",f488f1d0-1504-4f22-b3f4-68c7f1e124de,Mon-Thu,Standard,1,126,"$40,000++"
Shisen Hanten by Chen Kentaro,shisen-hanten,https://wedded.sg/venues/shisen-hanten,019b79c7-c117-783c-aac4-58d2b6a89776,3,Set Menus.pdf | A la Carte Menu.pdf | Events Brochure.pdf,Exclusive Venue (Main Hall and Private Rooms),"Indoor, Restaurant",f488f1d0-1504-4f22-b3f4-68c7f1e124de,Friday,Standard,1,126,"$40,000++"
Shisen Hanten by Chen Kentaro,shisen-hanten,https://wedded.sg/venues/shisen-hanten,019b79c7-c117-783c-aac4-58d2b6a89776,3,Set Menus.pdf | A la Carte Menu.pdf | Events Brochure.pdf,Exclusive Venue (Main Hall and Private Rooms),"Indoor, Restaurant",f488f1d0-1504-4f22-b3f4-68c7f1e124de,Saturday,Standard,1,126,"$40,000++"
Shisen Hanten by Chen Kentaro,shisen-hanten,https://wedded.sg/venues/shisen-hanten,019b79c7-c117-783c-aac4-58d2b6a89776,3,Set Menus.pdf | A la Carte Menu.pdf | Events Brochure.pdf,Exclusive Venue (Main Hall and Private Rooms),"Indoor, Restaurant",f488f1d0-1504-4f22-b3f4-68c7f1e124de,Sunday,Standard,1,126,"$40,000++"
Shisen Hanten by Chen Kentaro,shisen-hanten,https://wedded.sg/venues/shisen-hanten,019b79c7-c117-783c-aac4-58d2b6a89776,3,Set Menus.pdf | A la Carte Menu.pdf | Events Brochure.pdf,Main Dining Hall,"Indoor, Restaurant",7bb35d06-083f-4580-a36a-786e9a4d75df,Mon-Thu,Standard,1,76,"$35,000++"
Shisen Hanten by Chen Kentaro,shisen-hanten,https://wedded.sg/venues/shisen-hanten,019b79c7-c117-783c-aac4-58d2b6a89776,3,Set Menus.pdf | A la Carte Menu.pdf | Events Brochure.pdf,Main Dining Hall,"Indoor, Restaurant",7bb35d06-083f-4580-a36a-786e9a4d75df,Friday,Standard,1,76,"$35,000++"
Shisen Hanten by Chen Kentaro,shisen-hanten,https://wedded.sg/venues/shisen-hanten,019b79c7-c117-783c-aac4-58d2b6a89776,3,Set Menus.pdf | A la Carte Menu.pdf | Events Brochure.pdf,Main Dining Hall,"Indoor, Restaurant",7bb35d06-083f-4580-a36a-786e9a4d75df,Saturday,Standard,1,76,"$35,000++"
Shisen Hanten by Chen Kentaro,shisen-hanten,https://wedded.sg/venues/shisen-hanten,019b79c7-c117-783c-aac4-58d2b6a89776,3,Set Menus.pdf | A la Carte Menu.pdf | Events Brochure.pdf,Main Dining Hall,"Indoor, Restaurant",7bb35d06-083f-4580-a36a-786e9a4d75df,Sunday,Standard,1,76,"$35,000++"
Shisen Hanten by Chen Kentaro,shisen-hanten,https://wedded.sg/venues/shisen-hanten,019b79c7-c117-783c-aac4-58d2b6a89776,3,Set Menus.pdf | A la Carte Menu.pdf | Events Brochure.pdf,Private Rooms,"Indoor, Restaurant",0210d330-f462-46a5-8374-d2655ff653af,Mon-Thu,Standard,1,44,"$11,000++"
Shisen Hanten by Chen Kentaro,shisen-hanten,https://wedded.sg/venues/shisen-hanten,019b79c7-c117-783c-aac4-58d2b6a89776,3,Set Menus.pdf | A la Carte Menu.pdf | Events Brochure.pdf,Private Rooms,"Indoor, Restaurant",0210d330-f462-46a5-8374-d2655ff653af,Friday,Standard,1,44,"$11,000++"
Shisen Hanten by Chen Kentaro,shisen-hanten,https://wedded.sg/venues/shisen-hanten,019b79c7-c117-783c-aac4-58d2b6a89776,3,Set Menus.pdf | A la Carte Menu.pdf | Events Brochure.pdf,Private Rooms,"Indoor, Restaurant",0210d330-f462-46a5-8374-d2655ff653af,Saturday,Standard,1,44,"$11,000++"
Shisen Hanten by Chen Kentaro,shisen-hanten,https://wedded.sg/venues/shisen-hanten,019b79c7-c117-783c-aac4-58d2b6a89776,3,Set Menus.pdf | A la Carte Menu.pdf | Events Brochure.pdf,Private Rooms,"Indoor, Restaurant",0210d330-f462-46a5-8374-d2655ff653af,Sunday,Standard,1,44,"$11,000++"
Si Chuan Dou Hua Restaurant (Top of UOB Plaza),si-chuan-dou-hua-restaurant-top-of-uob-plaza,https://wedded.sg/venues/si-chuan-dou-hua-restaurant-top-of-uob-plaza,019b79b8-a8bc-7249-a1cb-7f41c373c07c,1,SCDH Wedding Packages.pdf,Si Chuan Dou Hua,"Indoor, Restaurant",065f88f7-b86f-43d7-9e9c-23191222f114,Mon-Thu,Menu A - Communal Style,100,240,$149++/pax
Si Chuan Dou Hua Restaurant (Top of UOB Plaza),si-chuan-dou-hua-restaurant-top-of-uob-plaza,https://wedded.sg/venues/si-chuan-dou-hua-restaurant-top-of-uob-plaza,019b79b8-a8bc-7249-a1cb-7f41c373c07c,1,SCDH Wedding Packages.pdf,Si Chuan Dou Hua,"Indoor, Restaurant",065f88f7-b86f-43d7-9e9c-23191222f114,Friday,Menu A - Communal Style,100,240,$149++/pax
Si Chuan Dou Hua Restaurant (Top of UOB Plaza),si-chuan-dou-hua-restaurant-top-of-uob-plaza,https://wedded.sg/venues/si-chuan-dou-hua-restaurant-top-of-uob-plaza,019b79b8-a8bc-7249-a1cb-7f41c373c07c,1,SCDH Wedding Packages.pdf,Si Chuan Dou Hua,"Indoor, Restaurant",065f88f7-b86f-43d7-9e9c-23191222f114,Saturday,Menu A - Communal Style,100,240,$149++/pax
Si Chuan Dou Hua Restaurant (Top of UOB Plaza),si-chuan-dou-hua-restaurant-top-of-uob-plaza,https://wedded.sg/venues/si-chuan-dou-hua-restaurant-top-of-uob-plaza,019b79b8-a8bc-7249-a1cb-7f41c373c07c,1,SCDH Wedding Packages.pdf,Si Chuan Dou Hua,"Indoor, Restaurant",065f88f7-b86f-43d7-9e9c-23191222f114,Sunday,Menu A - Communal Style,100,240,$149++/pax
Singapore Island Country Club (SICC),singapore-island-country-club-sicc,https://wedded.sg/venues/singapore-island-country-club-sicc,019b730d-8892-79e7-8c50-bf50c6ed63d9,4,Chinese Set Menu @ Island (1).pdf | Western Set Menu @ Island (1).pdf | Buffet Menu @ Island (1).pdf | Banquet Beverage List.pdf,1 Ballroom,"Ballroom, Event Venue, Indoor",71934a48-6048-45ed-a307-c3409f28d686,Mon-Thu,Asian Buffet Menu,30,100,$98++/pax
Singapore Island Country Club (SICC),singapore-island-country-club-sicc,https://wedded.sg/venues/singapore-island-country-club-sicc,019b730d-8892-79e7-8c50-bf50c6ed63d9,4,Chinese Set Menu @ Island (1).pdf | Western Set Menu @ Island (1).pdf | Buffet Menu @ Island (1).pdf | Banquet Beverage List.pdf,1 Ballroom,"Ballroom, Event Venue, Indoor",71934a48-6048-45ed-a307-c3409f28d686,Friday,Asian Buffet Menu,30,100,$98++/pax
Singapore Island Country Club (SICC),singapore-island-country-club-sicc,https://wedded.sg/venues/singapore-island-country-club-sicc,019b730d-8892-79e7-8c50-bf50c6ed63d9,4,Chinese Set Menu @ Island (1).pdf | Western Set Menu @ Island (1).pdf | Buffet Menu @ Island (1).pdf | Banquet Beverage List.pdf,1 Ballroom,"Ballroom, Event Venue, Indoor",71934a48-6048-45ed-a307-c3409f28d686,Saturday,Asian Buffet Menu,30,100,$98++/pax
Singapore Island Country Club (SICC),singapore-island-country-club-sicc,https://wedded.sg/venues/singapore-island-country-club-sicc,019b730d-8892-79e7-8c50-bf50c6ed63d9,4,Chinese Set Menu @ Island (1).pdf | Western Set Menu @ Island (1).pdf | Buffet Menu @ Island (1).pdf | Banquet Beverage List.pdf,1 Ballroom,"Ballroom, Event Venue, Indoor",71934a48-6048-45ed-a307-c3409f28d686,Sunday,Asian Buffet Menu,30,100,$98++/pax
Singapore Island Country Club (SICC),singapore-island-country-club-sicc,https://wedded.sg/venues/singapore-island-country-club-sicc,019b730d-8892-79e7-8c50-bf50c6ed63d9,4,Chinese Set Menu @ Island (1).pdf | Western Set Menu @ Island (1).pdf | Buffet Menu @ Island (1).pdf | Banquet Beverage List.pdf,2 Ballrooms,"Ballroom, Event Venue, Indoor",7abd584a-1ac9-4959-86c6-67d2704de0e6,Mon-Thu,Asian Buffet Menu,100,200,$98++/pax
Singapore Island Country Club (SICC),singapore-island-country-club-sicc,https://wedded.sg/venues/singapore-island-country-club-sicc,019b730d-8892-79e7-8c50-bf50c6ed63d9,4,Chinese Set Menu @ Island (1).pdf | Western Set Menu @ Island (1).pdf | Buffet Menu @ Island (1).pdf | Banquet Beverage List.pdf,2 Ballrooms,"Ballroom, Event Venue, Indoor",7abd584a-1ac9-4959-86c6-67d2704de0e6,Friday,Asian Buffet Menu,100,200,$98++/pax
Singapore Island Country Club (SICC),singapore-island-country-club-sicc,https://wedded.sg/venues/singapore-island-country-club-sicc,019b730d-8892-79e7-8c50-bf50c6ed63d9,4,Chinese Set Menu @ Island (1).pdf | Western Set Menu @ Island (1).pdf | Buffet Menu @ Island (1).pdf | Banquet Beverage List.pdf,2 Ballrooms,"Ballroom, Event Venue, Indoor",7abd584a-1ac9-4959-86c6-67d2704de0e6,Saturday,Asian Buffet Menu,100,200,$98++/pax
Singapore Island Country Club (SICC),singapore-island-country-club-sicc,https://wedded.sg/venues/singapore-island-country-club-sicc,019b730d-8892-79e7-8c50-bf50c6ed63d9,4,Chinese Set Menu @ Island (1).pdf | Western Set Menu @ Island (1).pdf | Buffet Menu @ Island (1).pdf | Banquet Beverage List.pdf,2 Ballrooms,"Ballroom, Event Venue, Indoor",7abd584a-1ac9-4959-86c6-67d2704de0e6,Sunday,Asian Buffet Menu,100,200,$98++/pax
Singapore Island Country Club (SICC),singapore-island-country-club-sicc,https://wedded.sg/venues/singapore-island-country-club-sicc,019b730d-8892-79e7-8c50-bf50c6ed63d9,4,Chinese Set Menu @ Island (1).pdf | Western Set Menu @ Island (1).pdf | Buffet Menu @ Island (1).pdf | Banquet Beverage List.pdf,Grand Ballroom (3 ballrooms combined),"Ballroom, Event Venue, Indoor",46ad8da5-6b83-4aea-83d0-ccb42f22ecea,Mon-Thu,Asian Buffet Menu,200,380,$98++/pax
Singapore Island Country Club (SICC),singapore-island-country-club-sicc,https://wedded.sg/venues/singapore-island-country-club-sicc,019b730d-8892-79e7-8c50-bf50c6ed63d9,4,Chinese Set Menu @ Island (1).pdf | Western Set Menu @ Island (1).pdf | Buffet Menu @ Island (1).pdf | Banquet Beverage List.pdf,Grand Ballroom (3 ballrooms combined),"Ballroom, Event Venue, Indoor",46ad8da5-6b83-4aea-83d0-ccb42f22ecea,Friday,Asian Buffet Menu,200,380,$98++/pax
Singapore Island Country Club (SICC),singapore-island-country-club-sicc,https://wedded.sg/venues/singapore-island-country-club-sicc,019b730d-8892-79e7-8c50-bf50c6ed63d9,4,Chinese Set Menu @ Island (1).pdf | Western Set Menu @ Island (1).pdf | Buffet Menu @ Island (1).pdf | Banquet Beverage List.pdf,Grand Ballroom (3 ballrooms combined),"Ballroom, Event Venue, Indoor",46ad8da5-6b83-4aea-83d0-ccb42f22ecea,Saturday,Asian Buffet Menu,200,380,$98++/pax
Singapore Island Country Club (SICC),singapore-island-country-club-sicc,https://wedded.sg/venues/singapore-island-country-club-sicc,019b730d-8892-79e7-8c50-bf50c6ed63d9,4,Chinese Set Menu @ Island (1).pdf | Western Set Menu @ Island (1).pdf | Buffet Menu @ Island (1).pdf | Banquet Beverage List.pdf,Grand Ballroom (3 ballrooms combined),"Ballroom, Event Venue, Indoor",46ad8da5-6b83-4aea-83d0-ccb42f22ecea,Sunday,Asian Buffet Menu,200,380,$98++/pax
Singapore Island Country Club (SICC),singapore-island-country-club-sicc,https://wedded.sg/venues/singapore-island-country-club-sicc,019b730d-8892-79e7-8c50-bf50c6ed63d9,4,Chinese Set Menu @ Island (1).pdf | Western Set Menu @ Island (1).pdf | Buffet Menu @ Island (1).pdf | Banquet Beverage List.pdf,The Habitat,"Event Venue, Garden & Greenery, Indoor",acce504e-2186-4437-bc84-1d6c5a58a4b5,Mon-Thu,Asian Buffet Menu,50,90,$98++/pax
Singapore Island Country Club (SICC),singapore-island-country-club-sicc,https://wedded.sg/venues/singapore-island-country-club-sicc,019b730d-8892-79e7-8c50-bf50c6ed63d9,4,Chinese Set Menu @ Island (1).pdf | Western Set Menu @ Island (1).pdf | Buffet Menu @ Island (1).pdf | Banquet Beverage List.pdf,The Habitat,"Event Venue, Garden & Greenery, Indoor",acce504e-2186-4437-bc84-1d6c5a58a4b5,Friday,Asian Buffet Menu,50,90,$98++/pax
Singapore Island Country Club (SICC),singapore-island-country-club-sicc,https://wedded.sg/venues/singapore-island-country-club-sicc,019b730d-8892-79e7-8c50-bf50c6ed63d9,4,Chinese Set Menu @ Island (1).pdf | Western Set Menu @ Island (1).pdf | Buffet Menu @ Island (1).pdf | Banquet Beverage List.pdf,The Habitat,"Event Venue, Garden & Greenery, Indoor",acce504e-2186-4437-bc84-1d6c5a58a4b5,Saturday,Asian Buffet Menu,50,90,$98++/pax
Singapore Island Country Club (SICC),singapore-island-country-club-sicc,https://wedded.sg/venues/singapore-island-country-club-sicc,019b730d-8892-79e7-8c50-bf50c6ed63d9,4,Chinese Set Menu @ Island (1).pdf | Western Set Menu @ Island (1).pdf | Buffet Menu @ Island (1).pdf | Banquet Beverage List.pdf,The Habitat,"Event Venue, Garden & Greenery, Indoor",acce504e-2186-4437-bc84-1d6c5a58a4b5,Sunday,Asian Buffet Menu,50,90,$98++/pax
Singapore Marriott Tang Plaza Hotel,singapore-marriott-tang-plaza-hotel,https://wedded.sg/venues/singapore-marriott-tang-plaza-hotel,019b79a0-bfa8-7c9a-8402-2fccca291605,5,Lunch 2026.pdf | Premium Package until Dec 2026.pdf | Marriott Tang Plaza Dinner until Dec 2026.pdf | Fri and Sun Dinner until Sep 2026.pdf | Saturday Dinner until Sep 2026.pdf,Grand Ballroom,"Ballroom, Indoor",70e5bf33-f0a1-48bc-8c1e-9fe8a45c2d74,Friday,6-Course Individually Plated Chinese,200,550,$237++/pax
Singapore Marriott Tang Plaza Hotel,singapore-marriott-tang-plaza-hotel,https://wedded.sg/venues/singapore-marriott-tang-plaza-hotel,019b79a0-bfa8-7c9a-8402-2fccca291605,5,Lunch 2026.pdf | Premium Package until Dec 2026.pdf | Marriott Tang Plaza Dinner until Dec 2026.pdf | Fri and Sun Dinner until Sep 2026.pdf | Saturday Dinner until Sep 2026.pdf,Grand Ballroom,"Ballroom, Indoor",70e5bf33-f0a1-48bc-8c1e-9fe8a45c2d74,Saturday,8-Course Chinese,250,550,$174++/pax
Singapore Marriott Tang Plaza Hotel,singapore-marriott-tang-plaza-hotel,https://wedded.sg/venues/singapore-marriott-tang-plaza-hotel,019b79a0-bfa8-7c9a-8402-2fccca291605,5,Lunch 2026.pdf | Premium Package until Dec 2026.pdf | Marriott Tang Plaza Dinner until Dec 2026.pdf | Fri and Sun Dinner until Sep 2026.pdf | Saturday Dinner until Sep 2026.pdf,Grand Ballroom,"Ballroom, Indoor",70e5bf33-f0a1-48bc-8c1e-9fe8a45c2d74,Sunday,8-Course Chinese,250,550,$174++/pax
Singapore Swimming Club,singapore-swimming-club,https://wedded.sg/venues/singapore-swimming-club,019b7985-5182-770c-bc6a-2c3f96d9aadc,1,Singapore Swimming Club Wedding Solemnisation Package.pdf,Ballroom,"Ballroom, Event Venue, Indoor",87132d15-d63c-4258-86c1-b12b68be906f,Mon-Thu,Bollywood Buffet Menu,100,400,$98++/pax
Singapore Swimming Club,singapore-swimming-club,https://wedded.sg/venues/singapore-swimming-club,019b7985-5182-770c-bc6a-2c3f96d9aadc,1,Singapore Swimming Club Wedding Solemnisation Package.pdf,Ballroom,"Ballroom, Event Venue, Indoor",87132d15-d63c-4258-86c1-b12b68be906f,Friday,Bollywood Buffet Menu,100,400,$98++/pax
Singapore Swimming Club,singapore-swimming-club,https://wedded.sg/venues/singapore-swimming-club,019b7985-5182-770c-bc6a-2c3f96d9aadc,1,Singapore Swimming Club Wedding Solemnisation Package.pdf,Ballroom,"Ballroom, Event Venue, Indoor",87132d15-d63c-4258-86c1-b12b68be906f,Saturday,Bollywood Buffet Menu,100,400,$98++/pax
Singapore Swimming Club,singapore-swimming-club,https://wedded.sg/venues/singapore-swimming-club,019b7985-5182-770c-bc6a-2c3f96d9aadc,1,Singapore Swimming Club Wedding Solemnisation Package.pdf,Ballroom,"Ballroom, Event Venue, Indoor",87132d15-d63c-4258-86c1-b12b68be906f,Sunday,Bollywood Buffet Menu,100,400,$98++/pax
Sky Garden Sentosa,sky-garden-sentosa-1,https://wedded.sg/venues/sky-garden-sentosa-1,019b72e3-cf4d-7e7f-8694-5090cf42acf1,2,Wedding Info Kit (1).pdf | 2026 27 Sky Garden Sentosa Wedding Package (1).pdf,Sky Garden,"Event Venue, Garden & Greenery, Glasshouse, Indoor, Outdoor, Rooftop, Waterfront",a2823c78-0c51-4168-af14-2f376f8684a9,Mon-Thu,Tranquility and Bliss - Self Service Buffet,100,150,$158++/pax
Sky Garden Sentosa,sky-garden-sentosa-1,https://wedded.sg/venues/sky-garden-sentosa-1,019b72e3-cf4d-7e7f-8694-5090cf42acf1,2,Wedding Info Kit (1).pdf | 2026 27 Sky Garden Sentosa Wedding Package (1).pdf,Sky Garden,"Event Venue, Garden & Greenery, Glasshouse, Indoor, Outdoor, Rooftop, Waterfront",a2823c78-0c51-4168-af14-2f376f8684a9,Friday,Tranquility and Bliss - Self Service Buffet,120,150,$178++/pax
Sky Garden Sentosa,sky-garden-sentosa-1,https://wedded.sg/venues/sky-garden-sentosa-1,019b72e3-cf4d-7e7f-8694-5090cf42acf1,2,Wedding Info Kit (1).pdf | 2026 27 Sky Garden Sentosa Wedding Package (1).pdf,Sky Garden,"Event Venue, Garden & Greenery, Glasshouse, Indoor, Outdoor, Rooftop, Waterfront",a2823c78-0c51-4168-af14-2f376f8684a9,Saturday,Tranquility and Bliss - Self Service Buffet,120,150,$188++/pax
Sky Garden Sentosa,sky-garden-sentosa-1,https://wedded.sg/venues/sky-garden-sentosa-1,019b72e3-cf4d-7e7f-8694-5090cf42acf1,2,Wedding Info Kit (1).pdf | 2026 27 Sky Garden Sentosa Wedding Package (1).pdf,Sky Garden,"Event Venue, Garden & Greenery, Glasshouse, Indoor, Outdoor, Rooftop, Waterfront",a2823c78-0c51-4168-af14-2f376f8684a9,Sunday,Tranquility and Bliss - Self Service Buffet,120,150,$178++/pax
Sofitel Singapore City Centre,sofitel-singapore-city-centre,https://wedded.sg/venues/sofitel-singapore-city-centre,019b6fda-9299-728a-97ba-94bafbf7dd3d,1,Sofitel Singapore City Centre Weddings Magnifique Weddings 2025 2026.pdf,Saga Ballroom,"Ballroom, Indoor",6d1c5c04-cdf4-44cb-8013-f5ed3c3a7813,Friday,7 Course Chinese,80,120,$174++/pax
Sofitel Singapore City Centre,sofitel-singapore-city-centre,https://wedded.sg/venues/sofitel-singapore-city-centre,019b6fda-9299-728a-97ba-94bafbf7dd3d,1,Sofitel Singapore City Centre Weddings Magnifique Weddings 2025 2026.pdf,Saga Ballroom,"Ballroom, Indoor",6d1c5c04-cdf4-44cb-8013-f5ed3c3a7813,Saturday,7 Course Chinese,80,120,$194++/pax
Sofitel Singapore City Centre,sofitel-singapore-city-centre,https://wedded.sg/venues/sofitel-singapore-city-centre,019b6fda-9299-728a-97ba-94bafbf7dd3d,1,Sofitel Singapore City Centre Weddings Magnifique Weddings 2025 2026.pdf,Saga Ballroom,"Ballroom, Indoor",6d1c5c04-cdf4-44cb-8013-f5ed3c3a7813,Sunday,7 Course Chinese,80,120,$174++/pax
Sofitel Singapore City Centre,sofitel-singapore-city-centre,https://wedded.sg/venues/sofitel-singapore-city-centre,019b6fda-9299-728a-97ba-94bafbf7dd3d,1,Sofitel Singapore City Centre Weddings Magnifique Weddings 2025 2026.pdf,Wallich Ballroom,"Ballroom, Indoor",66f9d5d8-afd2-4eac-a871-b4ec72a2d737,Friday,7 Course Chinese,220,340,$174++/pax
Sofitel Singapore City Centre,sofitel-singapore-city-centre,https://wedded.sg/venues/sofitel-singapore-city-centre,019b6fda-9299-728a-97ba-94bafbf7dd3d,1,Sofitel Singapore City Centre Weddings Magnifique Weddings 2025 2026.pdf,Wallich Ballroom,"Ballroom, Indoor",66f9d5d8-afd2-4eac-a871-b4ec72a2d737,Saturday,7 Course Chinese,220,340,$194++/pax
Sofitel Singapore City Centre,sofitel-singapore-city-centre,https://wedded.sg/venues/sofitel-singapore-city-centre,019b6fda-9299-728a-97ba-94bafbf7dd3d,1,Sofitel Singapore City Centre Weddings Magnifique Weddings 2025 2026.pdf,Wallich Ballroom,"Ballroom, Indoor",66f9d5d8-afd2-4eac-a871-b4ec72a2d737,Sunday,7 Course Chinese,220,340,$174++/pax
Sofitel Singapore Sentosa,sofitel-singapore-sentosa,https://wedded.sg/venues/sofitel-singapore-sentosa,019b18d9-1101-749d-9fe7-8a327bb8ae01,6,Sofitel Singapore Sentosa Resort Spa 2026 Weddings Wedding at The Cliff.pdf | Sofitel Singapore Sentosa Resort Spa 2026 Weddings Wedding Lunch.pdf | Sofitel Singapore Sentosa Resort Spa 2026 Weddings Weekday Wedding Dinner.pdf | Sofitel Singapore Sentosa Resort Spa 2026 Weddings Friday Sunday Wedding Dinner.pdf | Sofitel Singapore Sentosa Resort Spa 2026 Weddings Saturday Wedding Dinner.pdf | Sofitel Singapore Sentosa Resort Spa 2026 Weddings Solemnisation.pdf,Saffron Ballroom,"Ballroom, Indoor",0bd59c23-ba3b-4992-81a2-7b5b3c34ff09,Mon-Thu,Chinese Set Menu 8-Course,100,140,$179++/pax
Sofitel Singapore Sentosa,sofitel-singapore-sentosa,https://wedded.sg/venues/sofitel-singapore-sentosa,019b18d9-1101-749d-9fe7-8a327bb8ae01,6,Sofitel Singapore Sentosa Resort Spa 2026 Weddings Wedding at The Cliff.pdf | Sofitel Singapore Sentosa Resort Spa 2026 Weddings Wedding Lunch.pdf | Sofitel Singapore Sentosa Resort Spa 2026 Weddings Weekday Wedding Dinner.pdf | Sofitel Singapore Sentosa Resort Spa 2026 Weddings Friday Sunday Wedding Dinner.pdf | Sofitel Singapore Sentosa Resort Spa 2026 Weddings Saturday Wedding Dinner.pdf | Sofitel Singapore Sentosa Resort Spa 2026 Weddings Solemnisation.pdf,Saffron Ballroom,"Ballroom, Indoor",0bd59c23-ba3b-4992-81a2-7b5b3c34ff09,Friday,Chinese Set Menu 8-Course,100,140,$179++/pax
Sofitel Singapore Sentosa,sofitel-singapore-sentosa,https://wedded.sg/venues/sofitel-singapore-sentosa,019b18d9-1101-749d-9fe7-8a327bb8ae01,6,Sofitel Singapore Sentosa Resort Spa 2026 Weddings Wedding at The Cliff.pdf | Sofitel Singapore Sentosa Resort Spa 2026 Weddings Wedding Lunch.pdf | Sofitel Singapore Sentosa Resort Spa 2026 Weddings Weekday Wedding Dinner.pdf | Sofitel Singapore Sentosa Resort Spa 2026 Weddings Friday Sunday Wedding Dinner.pdf | Sofitel Singapore Sentosa Resort Spa 2026 Weddings Saturday Wedding Dinner.pdf | Sofitel Singapore Sentosa Resort Spa 2026 Weddings Solemnisation.pdf,Saffron Ballroom,"Ballroom, Indoor",0bd59c23-ba3b-4992-81a2-7b5b3c34ff09,Saturday,Chinese Set Menu 8-Course,100,140,$179++/pax
Sofitel Singapore Sentosa,sofitel-singapore-sentosa,https://wedded.sg/venues/sofitel-singapore-sentosa,019b18d9-1101-749d-9fe7-8a327bb8ae01,6,Sofitel Singapore Sentosa Resort Spa 2026 Weddings Wedding at The Cliff.pdf | Sofitel Singapore Sentosa Resort Spa 2026 Weddings Wedding Lunch.pdf | Sofitel Singapore Sentosa Resort Spa 2026 Weddings Weekday Wedding Dinner.pdf | Sofitel Singapore Sentosa Resort Spa 2026 Weddings Friday Sunday Wedding Dinner.pdf | Sofitel Singapore Sentosa Resort Spa 2026 Weddings Saturday Wedding Dinner.pdf | Sofitel Singapore Sentosa Resort Spa 2026 Weddings Solemnisation.pdf,Saffron Ballroom,"Ballroom, Indoor",0bd59c23-ba3b-4992-81a2-7b5b3c34ff09,Sunday,Chinese Set Menu 8-Course,100,140,$179++/pax
Sofitel Singapore Sentosa,sofitel-singapore-sentosa,https://wedded.sg/venues/sofitel-singapore-sentosa,019b18d9-1101-749d-9fe7-8a327bb8ae01,6,Sofitel Singapore Sentosa Resort Spa 2026 Weddings Wedding at The Cliff.pdf | Sofitel Singapore Sentosa Resort Spa 2026 Weddings Wedding Lunch.pdf | Sofitel Singapore Sentosa Resort Spa 2026 Weddings Weekday Wedding Dinner.pdf | Sofitel Singapore Sentosa Resort Spa 2026 Weddings Friday Sunday Wedding Dinner.pdf | Sofitel Singapore Sentosa Resort Spa 2026 Weddings Saturday Wedding Dinner.pdf | Sofitel Singapore Sentosa Resort Spa 2026 Weddings Solemnisation.pdf,Straits Ballroom,"Ballroom, Garden & Greenery, Glasshouse, Indoor, Outdoor, Waterfront",cad04e42-e5ce-4031-845e-1b4c162c056a,Mon-Thu,Chinese Set Menu 8-Course,200,240,$179++/pax
Sofitel Singapore Sentosa,sofitel-singapore-sentosa,https://wedded.sg/venues/sofitel-singapore-sentosa,019b18d9-1101-749d-9fe7-8a327bb8ae01,6,Sofitel Singapore Sentosa Resort Spa 2026 Weddings Wedding at The Cliff.pdf | Sofitel Singapore Sentosa Resort Spa 2026 Weddings Wedding Lunch.pdf | Sofitel Singapore Sentosa Resort Spa 2026 Weddings Weekday Wedding Dinner.pdf | Sofitel Singapore Sentosa Resort Spa 2026 Weddings Friday Sunday Wedding Dinner.pdf | Sofitel Singapore Sentosa Resort Spa 2026 Weddings Saturday Wedding Dinner.pdf | Sofitel Singapore Sentosa Resort Spa 2026 Weddings Solemnisation.pdf,Straits Ballroom,"Ballroom, Garden & Greenery, Glasshouse, Indoor, Outdoor, Waterfront",cad04e42-e5ce-4031-845e-1b4c162c056a,Friday,Chinese Set Menu 8-Course,200,240,$179++/pax
Sofitel Singapore Sentosa,sofitel-singapore-sentosa,https://wedded.sg/venues/sofitel-singapore-sentosa,019b18d9-1101-749d-9fe7-8a327bb8ae01,6,Sofitel Singapore Sentosa Resort Spa 2026 Weddings Wedding at The Cliff.pdf | Sofitel Singapore Sentosa Resort Spa 2026 Weddings Wedding Lunch.pdf | Sofitel Singapore Sentosa Resort Spa 2026 Weddings Weekday Wedding Dinner.pdf | Sofitel Singapore Sentosa Resort Spa 2026 Weddings Friday Sunday Wedding Dinner.pdf | Sofitel Singapore Sentosa Resort Spa 2026 Weddings Saturday Wedding Dinner.pdf | Sofitel Singapore Sentosa Resort Spa 2026 Weddings Solemnisation.pdf,Straits Ballroom,"Ballroom, Garden & Greenery, Glasshouse, Indoor, Outdoor, Waterfront",cad04e42-e5ce-4031-845e-1b4c162c056a,Saturday,Chinese Set Menu 8-Course,200,240,$179++/pax
Sofitel Singapore Sentosa,sofitel-singapore-sentosa,https://wedded.sg/venues/sofitel-singapore-sentosa,019b18d9-1101-749d-9fe7-8a327bb8ae01,6,Sofitel Singapore Sentosa Resort Spa 2026 Weddings Wedding at The Cliff.pdf | Sofitel Singapore Sentosa Resort Spa 2026 Weddings Wedding Lunch.pdf | Sofitel Singapore Sentosa Resort Spa 2026 Weddings Weekday Wedding Dinner.pdf | Sofitel Singapore Sentosa Resort Spa 2026 Weddings Friday Sunday Wedding Dinner.pdf | Sofitel Singapore Sentosa Resort Spa 2026 Weddings Saturday Wedding Dinner.pdf | Sofitel Singapore Sentosa Resort Spa 2026 Weddings Solemnisation.pdf,Straits Ballroom,"Ballroom, Garden & Greenery, Glasshouse, Indoor, Outdoor, Waterfront",cad04e42-e5ce-4031-845e-1b4c162c056a,Sunday,Chinese Set Menu 8-Course,200,240,$179++/pax
Sofitel Singapore Sentosa,sofitel-singapore-sentosa,https://wedded.sg/venues/sofitel-singapore-sentosa,019b18d9-1101-749d-9fe7-8a327bb8ae01,6,Sofitel Singapore Sentosa Resort Spa 2026 Weddings Wedding at The Cliff.pdf | Sofitel Singapore Sentosa Resort Spa 2026 Weddings Wedding Lunch.pdf | Sofitel Singapore Sentosa Resort Spa 2026 Weddings Weekday Wedding Dinner.pdf | Sofitel Singapore Sentosa Resort Spa 2026 Weddings Friday Sunday Wedding Dinner.pdf | Sofitel Singapore Sentosa Resort Spa 2026 Weddings Saturday Wedding Dinner.pdf | Sofitel Singapore Sentosa Resort Spa 2026 Weddings Solemnisation.pdf,The Cliff,"Garden & Greenery, Glasshouse, Indoor, Outdoor, Waterfront",1556cb7c-f0de-421b-a3a1-a1bf5b6ea5a6,Mon-Thu,Indoor and Outdoor - Italian 4-Course Set,100,180,$248++/pax
Sofitel Singapore Sentosa,sofitel-singapore-sentosa,https://wedded.sg/venues/sofitel-singapore-sentosa,019b18d9-1101-749d-9fe7-8a327bb8ae01,6,Sofitel Singapore Sentosa Resort Spa 2026 Weddings Wedding at The Cliff.pdf | Sofitel Singapore Sentosa Resort Spa 2026 Weddings Wedding Lunch.pdf | Sofitel Singapore Sentosa Resort Spa 2026 Weddings Weekday Wedding Dinner.pdf | Sofitel Singapore Sentosa Resort Spa 2026 Weddings Friday Sunday Wedding Dinner.pdf | Sofitel Singapore Sentosa Resort Spa 2026 Weddings Saturday Wedding Dinner.pdf | Sofitel Singapore Sentosa Resort Spa 2026 Weddings Solemnisation.pdf,The Cliff,"Garden & Greenery, Glasshouse, Indoor, Outdoor, Waterfront",1556cb7c-f0de-421b-a3a1-a1bf5b6ea5a6,Friday,Indoor and Outdoor - Italian 4-Course Set,100,180,$248++/pax
Sofitel Singapore Sentosa,sofitel-singapore-sentosa,https://wedded.sg/venues/sofitel-singapore-sentosa,019b18d9-1101-749d-9fe7-8a327bb8ae01,6,Sofitel Singapore Sentosa Resort Spa 2026 Weddings Wedding at The Cliff.pdf | Sofitel Singapore Sentosa Resort Spa 2026 Weddings Wedding Lunch.pdf | Sofitel Singapore Sentosa Resort Spa 2026 Weddings Weekday Wedding Dinner.pdf | Sofitel Singapore Sentosa Resort Spa 2026 Weddings Friday Sunday Wedding Dinner.pdf | Sofitel Singapore Sentosa Resort Spa 2026 Weddings Saturday Wedding Dinner.pdf | Sofitel Singapore Sentosa Resort Spa 2026 Weddings Solemnisation.pdf,The Cliff,"Garden & Greenery, Glasshouse, Indoor, Outdoor, Waterfront",1556cb7c-f0de-421b-a3a1-a1bf5b6ea5a6,Saturday,Indoor and Outdoor - Italian 4-Course Set,100,180,$248++/pax
Sofitel Singapore Sentosa,sofitel-singapore-sentosa,https://wedded.sg/venues/sofitel-singapore-sentosa,019b18d9-1101-749d-9fe7-8a327bb8ae01,6,Sofitel Singapore Sentosa Resort Spa 2026 Weddings Wedding at The Cliff.pdf | Sofitel Singapore Sentosa Resort Spa 2026 Weddings Wedding Lunch.pdf | Sofitel Singapore Sentosa Resort Spa 2026 Weddings Weekday Wedding Dinner.pdf | Sofitel Singapore Sentosa Resort Spa 2026 Weddings Friday Sunday Wedding Dinner.pdf | Sofitel Singapore Sentosa Resort Spa 2026 Weddings Saturday Wedding Dinner.pdf | Sofitel Singapore Sentosa Resort Spa 2026 Weddings Solemnisation.pdf,The Cliff,"Garden & Greenery, Glasshouse, Indoor, Outdoor, Waterfront",1556cb7c-f0de-421b-a3a1-a1bf5b6ea5a6,Sunday,Indoor and Outdoor - Italian 4-Course Set,100,180,$248++/pax
Spring Court,spring-court,https://wedded.sg/venues/spring-court,019b6fad-525b-727a-aa35-a858b45bf8f3,1,Wedding Menu.pdf,Restaurant,"Indoor, Restaurant",ac171ee5-1d2b-47ad-ae9d-90bd56d2fd88,Mon-Thu,Bai Nian Hao He,120,180,$89++/pax
Spring Court,spring-court,https://wedded.sg/venues/spring-court,019b6fad-525b-727a-aa35-a858b45bf8f3,1,Wedding Menu.pdf,Restaurant,"Indoor, Restaurant",ac171ee5-1d2b-47ad-ae9d-90bd56d2fd88,Friday,Bai Nian Hao He,120,180,$89++/pax
Spring Court,spring-court,https://wedded.sg/venues/spring-court,019b6fad-525b-727a-aa35-a858b45bf8f3,1,Wedding Menu.pdf,Restaurant,"Indoor, Restaurant",ac171ee5-1d2b-47ad-ae9d-90bd56d2fd88,Saturday,Bai Nian Hao He,120,180,$89++/pax
Spring Court,spring-court,https://wedded.sg/venues/spring-court,019b6fad-525b-727a-aa35-a858b45bf8f3,1,Wedding Menu.pdf,Restaurant,"Indoor, Restaurant",ac171ee5-1d2b-47ad-ae9d-90bd56d2fd88,Sunday,Bai Nian Hao He,120,180,$89++/pax
Fairmont Singapore and Swissôtel The Stamford,swissotel-the-stamford,https://wedded.sg/venues/swissotel-the-stamford,019b2da8-9deb-77ee-803f-2ac06a1a31e2,0,,Atrium Ballroom,"Ballroom, Indoor",2d18f133-9007-4fa4-84a7-7376e5324733,Mon-Thu,Eternal Menu,150,280,$183++/pax
Fairmont Singapore and Swissôtel The Stamford,swissotel-the-stamford,https://wedded.sg/venues/swissotel-the-stamford,019b2da8-9deb-77ee-803f-2ac06a1a31e2,0,,Atrium Ballroom,"Ballroom, Indoor",2d18f133-9007-4fa4-84a7-7376e5324733,Friday,Eternal Menu,150,280,$183++/pax
Fairmont Singapore and Swissôtel The Stamford,swissotel-the-stamford,https://wedded.sg/venues/swissotel-the-stamford,019b2da8-9deb-77ee-803f-2ac06a1a31e2,0,,Atrium Ballroom,"Ballroom, Indoor",2d18f133-9007-4fa4-84a7-7376e5324733,Saturday,Eternal Menu,150,280,$183++/pax
Fairmont Singapore and Swissôtel The Stamford,swissotel-the-stamford,https://wedded.sg/venues/swissotel-the-stamford,019b2da8-9deb-77ee-803f-2ac06a1a31e2,0,,Atrium Ballroom,"Ballroom, Indoor",2d18f133-9007-4fa4-84a7-7376e5324733,Sunday,Eternal Menu,150,280,$183++/pax
Fairmont Singapore and Swissôtel The Stamford,swissotel-the-stamford,https://wedded.sg/venues/swissotel-the-stamford,019b2da8-9deb-77ee-803f-2ac06a1a31e2,0,,Fairmont Ballroom,"Ballroom, Indoor",531860d9-be99-4cfd-b8cb-d76d7604fcf4,Mon-Thu,Eternal Menu,700,1400,$183++/pax
Fairmont Singapore and Swissôtel The Stamford,swissotel-the-stamford,https://wedded.sg/venues/swissotel-the-stamford,019b2da8-9deb-77ee-803f-2ac06a1a31e2,0,,Fairmont Ballroom,"Ballroom, Indoor",531860d9-be99-4cfd-b8cb-d76d7604fcf4,Friday,Eternal Menu,700,1400,$183++/pax
Fairmont Singapore and Swissôtel The Stamford,swissotel-the-stamford,https://wedded.sg/venues/swissotel-the-stamford,019b2da8-9deb-77ee-803f-2ac06a1a31e2,0,,Fairmont Ballroom,"Ballroom, Indoor",531860d9-be99-4cfd-b8cb-d76d7604fcf4,Saturday,Eternal Menu,700,1400,$183++/pax
Fairmont Singapore and Swissôtel The Stamford,swissotel-the-stamford,https://wedded.sg/venues/swissotel-the-stamford,019b2da8-9deb-77ee-803f-2ac06a1a31e2,0,,Fairmont Ballroom,"Ballroom, Indoor",531860d9-be99-4cfd-b8cb-d76d7604fcf4,Sunday,Eternal Menu,700,1400,$183++/pax
Fairmont Singapore and Swissôtel The Stamford,swissotel-the-stamford,https://wedded.sg/venues/swissotel-the-stamford,019b2da8-9deb-77ee-803f-2ac06a1a31e2,0,,SKAI Suites on Level 69,"Glasshouse, Indoor",b95da381-401b-439c-9224-472718b1390f,Mon-Thu,6-Course Individually Plated Menu,150,180,$199++/pax
Fairmont Singapore and Swissôtel The Stamford,swissotel-the-stamford,https://wedded.sg/venues/swissotel-the-stamford,019b2da8-9deb-77ee-803f-2ac06a1a31e2,0,,SKAI Suites on Level 69,"Glasshouse, Indoor",b95da381-401b-439c-9224-472718b1390f,Friday,6-Course Individually Plated Menu,150,180,$199++/pax
Fairmont Singapore and Swissôtel The Stamford,swissotel-the-stamford,https://wedded.sg/venues/swissotel-the-stamford,019b2da8-9deb-77ee-803f-2ac06a1a31e2,0,,SKAI Suites on Level 69,"Glasshouse, Indoor",b95da381-401b-439c-9224-472718b1390f,Saturday,6-Course Individually Plated Menu,150,180,$199++/pax
Fairmont Singapore and Swissôtel The Stamford,swissotel-the-stamford,https://wedded.sg/venues/swissotel-the-stamford,019b2da8-9deb-77ee-803f-2ac06a1a31e2,0,,SKAI Suites on Level 69,"Glasshouse, Indoor",b95da381-401b-439c-9224-472718b1390f,Sunday,6-Course Individually Plated Menu,150,180,$199++/pax
Fairmont Singapore and Swissôtel The Stamford,swissotel-the-stamford,https://wedded.sg/venues/swissotel-the-stamford,019b2da8-9deb-77ee-803f-2ac06a1a31e2,0,,Stamford Ballroom,"Ballroom, Indoor",faa0d302-8e21-4c9a-acf3-ca4e5858da16,Mon-Thu,Eternal Menu,250,480,$183++/pax
Fairmont Singapore and Swissôtel The Stamford,swissotel-the-stamford,https://wedded.sg/venues/swissotel-the-stamford,019b2da8-9deb-77ee-803f-2ac06a1a31e2,0,,Stamford Ballroom,"Ballroom, Indoor",faa0d302-8e21-4c9a-acf3-ca4e5858da16,Friday,Eternal Menu,250,480,$183++/pax
Fairmont Singapore and Swissôtel The Stamford,swissotel-the-stamford,https://wedded.sg/venues/swissotel-the-stamford,019b2da8-9deb-77ee-803f-2ac06a1a31e2,0,,Stamford Ballroom,"Ballroom, Indoor",faa0d302-8e21-4c9a-acf3-ca4e5858da16,Saturday,Eternal Menu,250,480,$183++/pax
Fairmont Singapore and Swissôtel The Stamford,swissotel-the-stamford,https://wedded.sg/venues/swissotel-the-stamford,019b2da8-9deb-77ee-803f-2ac06a1a31e2,0,,Stamford Ballroom,"Ballroom, Indoor",faa0d302-8e21-4c9a-acf3-ca4e5858da16,Sunday,Eternal Menu,250,480,$183++/pax
The Alkaff Mansion,the-alkaff-mansion,https://wedded.sg/venues/the-alkaff-mansion,019b0193-e0a0-763c-9dcd-7eda031594c9,2,TAM Weddijng Kit.pdf | Alkaff 2024 (L2 exclusive).pdf,UNA restaurant (Level 2),"Colonial/Historical, Event Venue, Garden & Greenery, Indoor, Outdoor, Restaurant",25a07125-254f-4fd0-9b75-fe351a05877b,Saturday,Wedding Banquet,126,240,"$20,000++"
The Alkaff Mansion,the-alkaff-mansion,https://wedded.sg/venues/the-alkaff-mansion,019b0193-e0a0-763c-9dcd-7eda031594c9,2,TAM Weddijng Kit.pdf | Alkaff 2024 (L2 exclusive).pdf,UNA restaurant (Level 2),"Colonial/Historical, Event Venue, Garden & Greenery, Indoor, Outdoor, Restaurant",25a07125-254f-4fd0-9b75-fe351a05877b,Sunday,Wedding Banquet,126,240,"$20,000++"
The Capitol Kempinski Hotel,the-capitol-kempinski-hotel,https://wedded.sg/venues/the-capitol-kempinski-hotel,019b6f96-5b84-7c90-a6f8-7ea1addccd82,4,Wedding Brochure The Atelier Updated.pdf | Wedding Brochure 15 Stamford Updated.pdf | Wedding Brochure Capitol BBP Updated.pdf | Wedding Brochure Capitol Theatre Updated.pdf,15 Stamford Restaurant,"Colonial/Historical, Indoor, Restaurant",bf8e04ca-546c-4cc1-a82d-86ed750f9ccd,Mon-Thu,4-Course Individually Plated Western Menu,80,118,$308++/pax
The Capitol Kempinski Hotel,the-capitol-kempinski-hotel,https://wedded.sg/venues/the-capitol-kempinski-hotel,019b6f96-5b84-7c90-a6f8-7ea1addccd82,4,Wedding Brochure The Atelier Updated.pdf | Wedding Brochure 15 Stamford Updated.pdf | Wedding Brochure Capitol BBP Updated.pdf | Wedding Brochure Capitol Theatre Updated.pdf,15 Stamford Restaurant,"Colonial/Historical, Indoor, Restaurant",bf8e04ca-546c-4cc1-a82d-86ed750f9ccd,Friday,4-Course Individually Plated Western Menu,80,118,$308++/pax
The Capitol Kempinski Hotel,the-capitol-kempinski-hotel,https://wedded.sg/venues/the-capitol-kempinski-hotel,019b6f96-5b84-7c90-a6f8-7ea1addccd82,4,Wedding Brochure The Atelier Updated.pdf | Wedding Brochure 15 Stamford Updated.pdf | Wedding Brochure Capitol BBP Updated.pdf | Wedding Brochure Capitol Theatre Updated.pdf,15 Stamford Restaurant,"Colonial/Historical, Indoor, Restaurant",bf8e04ca-546c-4cc1-a82d-86ed750f9ccd,Saturday,4-Course Individually Plated Western Menu,80,118,$308++/pax
The Capitol Kempinski Hotel,the-capitol-kempinski-hotel,https://wedded.sg/venues/the-capitol-kempinski-hotel,019b6f96-5b84-7c90-a6f8-7ea1addccd82,4,Wedding Brochure The Atelier Updated.pdf | Wedding Brochure 15 Stamford Updated.pdf | Wedding Brochure Capitol BBP Updated.pdf | Wedding Brochure Capitol Theatre Updated.pdf,15 Stamford Restaurant,"Colonial/Historical, Indoor, Restaurant",bf8e04ca-546c-4cc1-a82d-86ed750f9ccd,Sunday,4-Course Individually Plated Western Menu,80,118,$308++/pax
The Capitol Kempinski Hotel,the-capitol-kempinski-hotel,https://wedded.sg/venues/the-capitol-kempinski-hotel,019b6f96-5b84-7c90-a6f8-7ea1addccd82,4,Wedding Brochure The Atelier Updated.pdf | Wedding Brochure 15 Stamford Updated.pdf | Wedding Brochure Capitol BBP Updated.pdf | Wedding Brochure Capitol Theatre Updated.pdf,Capitol Bistro. Bar. Patisserie,"Garden & Greenery, Glasshouse, Indoor",4796eb58-13fa-476c-ba2a-b8176ecc998b,Mon-Thu,5-Course Individually Plated Western Menu,80,200,$258++/pax
The Capitol Kempinski Hotel,the-capitol-kempinski-hotel,https://wedded.sg/venues/the-capitol-kempinski-hotel,019b6f96-5b84-7c90-a6f8-7ea1addccd82,4,Wedding Brochure The Atelier Updated.pdf | Wedding Brochure 15 Stamford Updated.pdf | Wedding Brochure Capitol BBP Updated.pdf | Wedding Brochure Capitol Theatre Updated.pdf,Capitol Bistro. Bar. Patisserie,"Garden & Greenery, Glasshouse, Indoor",4796eb58-13fa-476c-ba2a-b8176ecc998b,Friday,5-Course Individually Plated Western Menu,80,200,$258++/pax
The Capitol Kempinski Hotel,the-capitol-kempinski-hotel,https://wedded.sg/venues/the-capitol-kempinski-hotel,019b6f96-5b84-7c90-a6f8-7ea1addccd82,4,Wedding Brochure The Atelier Updated.pdf | Wedding Brochure 15 Stamford Updated.pdf | Wedding Brochure Capitol BBP Updated.pdf | Wedding Brochure Capitol Theatre Updated.pdf,Capitol Bistro. Bar. Patisserie,"Garden & Greenery, Glasshouse, Indoor",4796eb58-13fa-476c-ba2a-b8176ecc998b,Saturday,5-Course Individually Plated Western Menu,80,200,$258++/pax
The Capitol Kempinski Hotel,the-capitol-kempinski-hotel,https://wedded.sg/venues/the-capitol-kempinski-hotel,019b6f96-5b84-7c90-a6f8-7ea1addccd82,4,Wedding Brochure The Atelier Updated.pdf | Wedding Brochure 15 Stamford Updated.pdf | Wedding Brochure Capitol BBP Updated.pdf | Wedding Brochure Capitol Theatre Updated.pdf,Capitol Bistro. Bar. Patisserie,"Garden & Greenery, Glasshouse, Indoor",4796eb58-13fa-476c-ba2a-b8176ecc998b,Sunday,5-Course Individually Plated Western Menu,80,200,$258++/pax
The Capitol Kempinski Hotel,the-capitol-kempinski-hotel,https://wedded.sg/venues/the-capitol-kempinski-hotel,019b6f96-5b84-7c90-a6f8-7ea1addccd82,4,Wedding Brochure The Atelier Updated.pdf | Wedding Brochure 15 Stamford Updated.pdf | Wedding Brochure Capitol BBP Updated.pdf | Wedding Brochure Capitol Theatre Updated.pdf,Capitol Theatre,"Colonial/Historical, Indoor",fb57569d-b9c1-4fd5-b429-0fa296c1c4bb,Mon-Thu,8-Course Individually Plated Chinese Menu or 5-Course Western Menu,200,300,$388++/pax
The Capitol Kempinski Hotel,the-capitol-kempinski-hotel,https://wedded.sg/venues/the-capitol-kempinski-hotel,019b6f96-5b84-7c90-a6f8-7ea1addccd82,4,Wedding Brochure The Atelier Updated.pdf | Wedding Brochure 15 Stamford Updated.pdf | Wedding Brochure Capitol BBP Updated.pdf | Wedding Brochure Capitol Theatre Updated.pdf,Capitol Theatre,"Colonial/Historical, Indoor",fb57569d-b9c1-4fd5-b429-0fa296c1c4bb,Friday,8-Course Individually Plated Chinese Menu or 5-Course Western Menu,200,300,$388++/pax
The Capitol Kempinski Hotel,the-capitol-kempinski-hotel,https://wedded.sg/venues/the-capitol-kempinski-hotel,019b6f96-5b84-7c90-a6f8-7ea1addccd82,4,Wedding Brochure The Atelier Updated.pdf | Wedding Brochure 15 Stamford Updated.pdf | Wedding Brochure Capitol BBP Updated.pdf | Wedding Brochure Capitol Theatre Updated.pdf,Capitol Theatre,"Colonial/Historical, Indoor",fb57569d-b9c1-4fd5-b429-0fa296c1c4bb,Saturday,8-Course Individually Plated Chinese Menu or 5-Course Western Menu,200,300,$388++/pax
The Capitol Kempinski Hotel,the-capitol-kempinski-hotel,https://wedded.sg/venues/the-capitol-kempinski-hotel,019b6f96-5b84-7c90-a6f8-7ea1addccd82,4,Wedding Brochure The Atelier Updated.pdf | Wedding Brochure 15 Stamford Updated.pdf | Wedding Brochure Capitol BBP Updated.pdf | Wedding Brochure Capitol Theatre Updated.pdf,Capitol Theatre,"Colonial/Historical, Indoor",fb57569d-b9c1-4fd5-b429-0fa296c1c4bb,Sunday,8-Course Individually Plated Chinese Menu or 5-Course Western Menu,200,300,$388++/pax
The Capitol Kempinski Hotel,the-capitol-kempinski-hotel,https://wedded.sg/venues/the-capitol-kempinski-hotel,019b6f96-5b84-7c90-a6f8-7ea1addccd82,4,Wedding Brochure The Atelier Updated.pdf | Wedding Brochure 15 Stamford Updated.pdf | Wedding Brochure Capitol BBP Updated.pdf | Wedding Brochure Capitol Theatre Updated.pdf,The Atelier,Indoor,aca44129-03cc-4660-840e-651b55d1c971,Mon-Thu,6-Course Individually Plated Chinese Menu or 4-Course Western Menu,80,110,$289++/pax
The Capitol Kempinski Hotel,the-capitol-kempinski-hotel,https://wedded.sg/venues/the-capitol-kempinski-hotel,019b6f96-5b84-7c90-a6f8-7ea1addccd82,4,Wedding Brochure The Atelier Updated.pdf | Wedding Brochure 15 Stamford Updated.pdf | Wedding Brochure Capitol BBP Updated.pdf | Wedding Brochure Capitol Theatre Updated.pdf,The Atelier,Indoor,aca44129-03cc-4660-840e-651b55d1c971,Friday,6-Course Individually Plated Chinese Menu or 4-Course Western Menu,80,110,$289++/pax
The Capitol Kempinski Hotel,the-capitol-kempinski-hotel,https://wedded.sg/venues/the-capitol-kempinski-hotel,019b6f96-5b84-7c90-a6f8-7ea1addccd82,4,Wedding Brochure The Atelier Updated.pdf | Wedding Brochure 15 Stamford Updated.pdf | Wedding Brochure Capitol BBP Updated.pdf | Wedding Brochure Capitol Theatre Updated.pdf,The Atelier,Indoor,aca44129-03cc-4660-840e-651b55d1c971,Saturday,6-Course Individually Plated Chinese Menu or 4-Course Western Menu,80,110,$289++/pax
The Capitol Kempinski Hotel,the-capitol-kempinski-hotel,https://wedded.sg/venues/the-capitol-kempinski-hotel,019b6f96-5b84-7c90-a6f8-7ea1addccd82,4,Wedding Brochure The Atelier Updated.pdf | Wedding Brochure 15 Stamford Updated.pdf | Wedding Brochure Capitol BBP Updated.pdf | Wedding Brochure Capitol Theatre Updated.pdf,The Atelier,Indoor,aca44129-03cc-4660-840e-651b55d1c971,Sunday,6-Course Individually Plated Chinese Menu or 4-Course Western Menu,80,110,$289++/pax
THE CHEVRONS,the-chevrons,https://wedded.sg/venues/the-chevrons,019b6e6a-5582-748c-8637-209a4451d5ab,0,,Ballroom,"Ballroom, Event Venue, Indoor",ca7dd19e-e5e2-4d3e-9209-917e6ef17aac,Mon-Thu,8-Course Chinese Menu by Kian Huat Restaurant,310,400,$124++/pax
THE CHEVRONS,the-chevrons,https://wedded.sg/venues/the-chevrons,019b6e6a-5582-748c-8637-209a4451d5ab,0,,Ballroom,"Ballroom, Event Venue, Indoor",ca7dd19e-e5e2-4d3e-9209-917e6ef17aac,Friday,8-Course Chinese Menu by Kian Huat Restaurant,310,400,$124++/pax
THE CHEVRONS,the-chevrons,https://wedded.sg/venues/the-chevrons,019b6e6a-5582-748c-8637-209a4451d5ab,0,,Ballroom,"Ballroom, Event Venue, Indoor",ca7dd19e-e5e2-4d3e-9209-917e6ef17aac,Saturday,8-Course Chinese Menu by Kian Huat Restaurant,310,400,$124++/pax
THE CHEVRONS,the-chevrons,https://wedded.sg/venues/the-chevrons,019b6e6a-5582-748c-8637-209a4451d5ab,0,,Ballroom,"Ballroom, Event Venue, Indoor",ca7dd19e-e5e2-4d3e-9209-917e6ef17aac,Sunday,8-Course Chinese Menu by Kian Huat Restaurant,310,400,$124++/pax
THE CHEVRONS,the-chevrons,https://wedded.sg/venues/the-chevrons,019b6e6a-5582-748c-8637-209a4451d5ab,0,,Carnation Room,"Event Venue, Indoor",e5051105-630e-45a4-ace1-c55cadb70ecc,Mon-Thu,8-Course Chinese Menu by Kian Huat Restaurant,120,150,$124++/pax
THE CHEVRONS,the-chevrons,https://wedded.sg/venues/the-chevrons,019b6e6a-5582-748c-8637-209a4451d5ab,0,,Carnation Room,"Event Venue, Indoor",e5051105-630e-45a4-ace1-c55cadb70ecc,Friday,8-Course Chinese Menu by Kian Huat Restaurant,120,150,$124++/pax
THE CHEVRONS,the-chevrons,https://wedded.sg/venues/the-chevrons,019b6e6a-5582-748c-8637-209a4451d5ab,0,,Carnation Room,"Event Venue, Indoor",e5051105-630e-45a4-ace1-c55cadb70ecc,Saturday,8-Course Chinese Menu by Kian Huat Restaurant,120,150,$124++/pax
THE CHEVRONS,the-chevrons,https://wedded.sg/venues/the-chevrons,019b6e6a-5582-748c-8637-209a4451d5ab,0,,Carnation Room,"Event Venue, Indoor",e5051105-630e-45a4-ace1-c55cadb70ecc,Sunday,8-Course Chinese Menu by Kian Huat Restaurant,120,150,$124++/pax
THE CHEVRONS,the-chevrons,https://wedded.sg/venues/the-chevrons,019b6e6a-5582-748c-8637-209a4451d5ab,0,,Rose & Carnation Room,"Event Venue, Indoor",12dc379d-e383-498e-b5d5-e53dd02d1678,Mon-Thu,8-Course Chinese Menu by Kian Huat Restaurant,160,220,$124++/pax
THE CHEVRONS,the-chevrons,https://wedded.sg/venues/the-chevrons,019b6e6a-5582-748c-8637-209a4451d5ab,0,,Rose & Carnation Room,"Event Venue, Indoor",12dc379d-e383-498e-b5d5-e53dd02d1678,Friday,8-Course Chinese Menu by Kian Huat Restaurant,160,220,$124++/pax
THE CHEVRONS,the-chevrons,https://wedded.sg/venues/the-chevrons,019b6e6a-5582-748c-8637-209a4451d5ab,0,,Rose & Carnation Room,"Event Venue, Indoor",12dc379d-e383-498e-b5d5-e53dd02d1678,Saturday,8-Course Chinese Menu by Kian Huat Restaurant,160,220,$124++/pax
THE CHEVRONS,the-chevrons,https://wedded.sg/venues/the-chevrons,019b6e6a-5582-748c-8637-209a4451d5ab,0,,Rose & Carnation Room,"Event Venue, Indoor",12dc379d-e383-498e-b5d5-e53dd02d1678,Sunday,8-Course Chinese Menu by Kian Huat Restaurant,160,220,$124++/pax
The Clifford Pier (The Fullerton Bay Hotel),the-clifford-pier-the-fullerton-bay-hotel,https://wedded.sg/venues/the-clifford-pier-the-fullerton-bay-hotel,019b6db6-42de-73dd-aca6-8e1e104525b4,0,,Main Hall,"Colonial/Historical, Indoor, Outdoor, Waterfront",a06f8e0a-b346-48b4-91a2-e6bbd1095b92,Mon-Thu,4-Course Western Menu or 6-Course Individually Plated Chinese Menu,150,280,$278++/pax
The Clifford Pier (The Fullerton Bay Hotel),the-clifford-pier-the-fullerton-bay-hotel,https://wedded.sg/venues/the-clifford-pier-the-fullerton-bay-hotel,019b6db6-42de-73dd-aca6-8e1e104525b4,0,,Main Hall,"Colonial/Historical, Indoor, Outdoor, Waterfront",a06f8e0a-b346-48b4-91a2-e6bbd1095b92,Friday,4-Course Western Menu or 6-Course Individually Plated Chinese Menu,150,280,$278++/pax
The Clifford Pier (The Fullerton Bay Hotel),the-clifford-pier-the-fullerton-bay-hotel,https://wedded.sg/venues/the-clifford-pier-the-fullerton-bay-hotel,019b6db6-42de-73dd-aca6-8e1e104525b4,0,,Main Hall,"Colonial/Historical, Indoor, Outdoor, Waterfront",a06f8e0a-b346-48b4-91a2-e6bbd1095b92,Saturday,4-Course Western Menu or 6-Course Individually Plated Chinese Menu,150,280,$278++/pax
The Clifford Pier (The Fullerton Bay Hotel),the-clifford-pier-the-fullerton-bay-hotel,https://wedded.sg/venues/the-clifford-pier-the-fullerton-bay-hotel,019b6db6-42de-73dd-aca6-8e1e104525b4,0,,Main Hall,"Colonial/Historical, Indoor, Outdoor, Waterfront",a06f8e0a-b346-48b4-91a2-e6bbd1095b92,Sunday,4-Course Western Menu or 6-Course Individually Plated Chinese Menu,150,280,$278++/pax
The Fullerton Hotel Singapore,the-fullerton-hotel-singapore,https://wedded.sg/venues/the-fullerton-hotel-singapore,019b72bc-a347-7d58-98d5-d38f452beb8e,3,The Straits Room 2025 till 30 Dec 2026.pdf | The Lighthouse 2025 (Solemnization & Wedding).pdf | The Ballroom Fullerton Hotel.pdf,Jade Restaurant,"Colonial/Historical, Glasshouse, Indoor, Restaurant",cee3de2e-c785-4863-8a16-2699ecfbfde5,Mon-Thu,Lunch Course,100,120,$188++/pax
The Fullerton Hotel Singapore,the-fullerton-hotel-singapore,https://wedded.sg/venues/the-fullerton-hotel-singapore,019b72bc-a347-7d58-98d5-d38f452beb8e,3,The Straits Room 2025 till 30 Dec 2026.pdf | The Lighthouse 2025 (Solemnization & Wedding).pdf | The Ballroom Fullerton Hotel.pdf,Jade Restaurant,"Colonial/Historical, Glasshouse, Indoor, Restaurant",cee3de2e-c785-4863-8a16-2699ecfbfde5,Friday,Lunch Course,100,120,$188++/pax
The Fullerton Hotel Singapore,the-fullerton-hotel-singapore,https://wedded.sg/venues/the-fullerton-hotel-singapore,019b72bc-a347-7d58-98d5-d38f452beb8e,3,The Straits Room 2025 till 30 Dec 2026.pdf | The Lighthouse 2025 (Solemnization & Wedding).pdf | The Ballroom Fullerton Hotel.pdf,Jade Restaurant,"Colonial/Historical, Glasshouse, Indoor, Restaurant",cee3de2e-c785-4863-8a16-2699ecfbfde5,Saturday,Lunch Course,100,120,$188++/pax
The Fullerton Hotel Singapore,the-fullerton-hotel-singapore,https://wedded.sg/venues/the-fullerton-hotel-singapore,019b72bc-a347-7d58-98d5-d38f452beb8e,3,The Straits Room 2025 till 30 Dec 2026.pdf | The Lighthouse 2025 (Solemnization & Wedding).pdf | The Ballroom Fullerton Hotel.pdf,Jade Restaurant,"Colonial/Historical, Glasshouse, Indoor, Restaurant",cee3de2e-c785-4863-8a16-2699ecfbfde5,Sunday,Lunch Course,100,120,$188++/pax
The Fullerton Hotel Singapore,the-fullerton-hotel-singapore,https://wedded.sg/venues/the-fullerton-hotel-singapore,019b72bc-a347-7d58-98d5-d38f452beb8e,3,The Straits Room 2025 till 30 Dec 2026.pdf | The Lighthouse 2025 (Solemnization & Wedding).pdf | The Ballroom Fullerton Hotel.pdf,The Ballroom,"Ballroom, Indoor",b560411c-49c1-4bf5-926b-aa11a20e0e83,Mon-Thu,Chinese or Western Menu,200,480,$228++/pax
The Fullerton Hotel Singapore,the-fullerton-hotel-singapore,https://wedded.sg/venues/the-fullerton-hotel-singapore,019b72bc-a347-7d58-98d5-d38f452beb8e,3,The Straits Room 2025 till 30 Dec 2026.pdf | The Lighthouse 2025 (Solemnization & Wedding).pdf | The Ballroom Fullerton Hotel.pdf,The Ballroom,"Ballroom, Indoor",b560411c-49c1-4bf5-926b-aa11a20e0e83,Friday,Chinese or Western Menu,200,480,$228++/pax
The Fullerton Hotel Singapore,the-fullerton-hotel-singapore,https://wedded.sg/venues/the-fullerton-hotel-singapore,019b72bc-a347-7d58-98d5-d38f452beb8e,3,The Straits Room 2025 till 30 Dec 2026.pdf | The Lighthouse 2025 (Solemnization & Wedding).pdf | The Ballroom Fullerton Hotel.pdf,The Ballroom,"Ballroom, Indoor",b560411c-49c1-4bf5-926b-aa11a20e0e83,Saturday,Chinese or Western Menu,220,480,$228++/pax
The Fullerton Hotel Singapore,the-fullerton-hotel-singapore,https://wedded.sg/venues/the-fullerton-hotel-singapore,019b72bc-a347-7d58-98d5-d38f452beb8e,3,The Straits Room 2025 till 30 Dec 2026.pdf | The Lighthouse 2025 (Solemnization & Wedding).pdf | The Ballroom Fullerton Hotel.pdf,The Ballroom,"Ballroom, Indoor",b560411c-49c1-4bf5-926b-aa11a20e0e83,Sunday,Chinese or Western Menu,220,480,$228++/pax
The Fullerton Hotel Singapore,the-fullerton-hotel-singapore,https://wedded.sg/venues/the-fullerton-hotel-singapore,019b72bc-a347-7d58-98d5-d38f452beb8e,3,The Straits Room 2025 till 30 Dec 2026.pdf | The Lighthouse 2025 (Solemnization & Wedding).pdf | The Ballroom Fullerton Hotel.pdf,The Lighthouse,"Garden & Greenery, Glasshouse, Indoor, Outdoor, Rooftop, Waterfront",57730c79-c24c-4f12-bf14-d8634c0addbe,Mon-Thu,4-Course Western Menu,30,40,$218++/pax
The Fullerton Hotel Singapore,the-fullerton-hotel-singapore,https://wedded.sg/venues/the-fullerton-hotel-singapore,019b72bc-a347-7d58-98d5-d38f452beb8e,3,The Straits Room 2025 till 30 Dec 2026.pdf | The Lighthouse 2025 (Solemnization & Wedding).pdf | The Ballroom Fullerton Hotel.pdf,The Lighthouse,"Garden & Greenery, Glasshouse, Indoor, Outdoor, Rooftop, Waterfront",57730c79-c24c-4f12-bf14-d8634c0addbe,Friday,4-Course Western Menu,30,40,$218++/pax
The Fullerton Hotel Singapore,the-fullerton-hotel-singapore,https://wedded.sg/venues/the-fullerton-hotel-singapore,019b72bc-a347-7d58-98d5-d38f452beb8e,3,The Straits Room 2025 till 30 Dec 2026.pdf | The Lighthouse 2025 (Solemnization & Wedding).pdf | The Ballroom Fullerton Hotel.pdf,The Lighthouse,"Garden & Greenery, Glasshouse, Indoor, Outdoor, Rooftop, Waterfront",57730c79-c24c-4f12-bf14-d8634c0addbe,Saturday,4-Course Western Menu,30,40,$218++/pax
The Fullerton Hotel Singapore,the-fullerton-hotel-singapore,https://wedded.sg/venues/the-fullerton-hotel-singapore,019b72bc-a347-7d58-98d5-d38f452beb8e,3,The Straits Room 2025 till 30 Dec 2026.pdf | The Lighthouse 2025 (Solemnization & Wedding).pdf | The Ballroom Fullerton Hotel.pdf,The Lighthouse,"Garden & Greenery, Glasshouse, Indoor, Outdoor, Rooftop, Waterfront",57730c79-c24c-4f12-bf14-d8634c0addbe,Sunday,4-Course Western Menu,30,40,$218++/pax
The Fullerton Hotel Singapore,the-fullerton-hotel-singapore,https://wedded.sg/venues/the-fullerton-hotel-singapore,019b72bc-a347-7d58-98d5-d38f452beb8e,3,The Straits Room 2025 till 30 Dec 2026.pdf | The Lighthouse 2025 (Solemnization & Wedding).pdf | The Ballroom Fullerton Hotel.pdf,The Straits Room,"Colonial/Historical, Indoor",329e8c29-dfb7-4c36-b4ca-a31d84d8c8b7,Mon-Thu,Individually Plated Chinese or Western Cuisine,100,140,$228++/pax
The Fullerton Hotel Singapore,the-fullerton-hotel-singapore,https://wedded.sg/venues/the-fullerton-hotel-singapore,019b72bc-a347-7d58-98d5-d38f452beb8e,3,The Straits Room 2025 till 30 Dec 2026.pdf | The Lighthouse 2025 (Solemnization & Wedding).pdf | The Ballroom Fullerton Hotel.pdf,The Straits Room,"Colonial/Historical, Indoor",329e8c29-dfb7-4c36-b4ca-a31d84d8c8b7,Friday,Individually Plated Chinese or Western Cuisine,100,140,$228++/pax
The Fullerton Hotel Singapore,the-fullerton-hotel-singapore,https://wedded.sg/venues/the-fullerton-hotel-singapore,019b72bc-a347-7d58-98d5-d38f452beb8e,3,The Straits Room 2025 till 30 Dec 2026.pdf | The Lighthouse 2025 (Solemnization & Wedding).pdf | The Ballroom Fullerton Hotel.pdf,The Straits Room,"Colonial/Historical, Indoor",329e8c29-dfb7-4c36-b4ca-a31d84d8c8b7,Saturday,Individually Plated Chinese or Western Cuisine,100,140,$228++/pax
The Fullerton Hotel Singapore,the-fullerton-hotel-singapore,https://wedded.sg/venues/the-fullerton-hotel-singapore,019b72bc-a347-7d58-98d5-d38f452beb8e,3,The Straits Room 2025 till 30 Dec 2026.pdf | The Lighthouse 2025 (Solemnization & Wedding).pdf | The Ballroom Fullerton Hotel.pdf,The Straits Room,"Colonial/Historical, Indoor",329e8c29-dfb7-4c36-b4ca-a31d84d8c8b7,Sunday,Individually Plated Chinese or Western Cuisine,100,140,$228++/pax
il Giardino @ The Garage,the-garage,https://wedded.sg/venues/the-garage,019b18e8-d0ed-7553-802f-4c1952f2a479,1,il Giardino @ The Garage 2026 Bridal Showcase Packages (100pax).pdf,Il Giardino,"Garden & Greenery, Indoor, Outdoor, Restaurant",b636bf46-04b9-41d6-86b8-71b00d8a0848,Saturday,Standard Course,100,140,$155++/pax
il Giardino @ The Garage,the-garage,https://wedded.sg/venues/the-garage,019b18e8-d0ed-7553-802f-4c1952f2a479,1,il Giardino @ The Garage 2026 Bridal Showcase Packages (100pax).pdf,Il Giardino,"Garden & Greenery, Indoor, Outdoor, Restaurant",b636bf46-04b9-41d6-86b8-71b00d8a0848,Sunday,Standard Course,100,140,$155++/pax
The Masons Table,the-masons-table,https://wedded.sg/venues/the-masons-table,019bcf18-26ef-7bd2-8dc5-a103d8e7c21e,2,The Masons Table.pdf | The Masons Table Food Menu.pdf,Whole Room,"Colonial/Historical, Event Venue, Indoor",9b45816b-57fa-42a2-9fcf-fa0a1fef8be2,Mon-Thu,Light Buffet,1,160,"$2,150++"
The Masons Table,the-masons-table,https://wedded.sg/venues/the-masons-table,019bcf18-26ef-7bd2-8dc5-a103d8e7c21e,2,The Masons Table.pdf | The Masons Table Food Menu.pdf,Whole Room,"Colonial/Historical, Event Venue, Indoor",9b45816b-57fa-42a2-9fcf-fa0a1fef8be2,Friday,Light Buffet,1,160,"$2,150++"
The Masons Table,the-masons-table,https://wedded.sg/venues/the-masons-table,019bcf18-26ef-7bd2-8dc5-a103d8e7c21e,2,The Masons Table.pdf | The Masons Table Food Menu.pdf,Whole Room,"Colonial/Historical, Event Venue, Indoor",9b45816b-57fa-42a2-9fcf-fa0a1fef8be2,Saturday,Light Buffet,1,160,"$2,150++"
The Masons Table,the-masons-table,https://wedded.sg/venues/the-masons-table,019bcf18-26ef-7bd2-8dc5-a103d8e7c21e,2,The Masons Table.pdf | The Masons Table Food Menu.pdf,Whole Room,"Colonial/Historical, Event Venue, Indoor",9b45816b-57fa-42a2-9fcf-fa0a1fef8be2,Sunday,Light Buffet,1,160,"$2,150++"
The Barracks Hotel / The Outpost Hotel Sentosa,the-outpost-hotel-sentosa,https://wedded.sg/venues/the-outpost-hotel-sentosa,019b6a7b-fdf3-7168-b172-32ca7f3885f8,2,The Barracks Lawn Dinner Package.pdf | 2026 wedding dinner package new.pdf,Barracks Lawn,"Colonial/Historical, Garden & Greenery, Glasshouse, Outdoor",f55989dc-054f-48d2-af25-fbddb0f284d2,Mon-Thu,Sumptuous Set Menus,200,260,"$130,000++/ 200 pax"
The Barracks Hotel / The Outpost Hotel Sentosa,the-outpost-hotel-sentosa,https://wedded.sg/venues/the-outpost-hotel-sentosa,019b6a7b-fdf3-7168-b172-32ca7f3885f8,2,The Barracks Lawn Dinner Package.pdf | 2026 wedding dinner package new.pdf,Barracks Lawn,"Colonial/Historical, Garden & Greenery, Glasshouse, Outdoor",f55989dc-054f-48d2-af25-fbddb0f284d2,Friday,Sumptuous Set Menus,200,260,"$130,000++/ 200 pax"
The Barracks Hotel / The Outpost Hotel Sentosa,the-outpost-hotel-sentosa,https://wedded.sg/venues/the-outpost-hotel-sentosa,019b6a7b-fdf3-7168-b172-32ca7f3885f8,2,The Barracks Lawn Dinner Package.pdf | 2026 wedding dinner package new.pdf,Barracks Lawn,"Colonial/Historical, Garden & Greenery, Glasshouse, Outdoor",f55989dc-054f-48d2-af25-fbddb0f284d2,Saturday,Sumptuous Set Menus,200,260,"$130,000++/ 200 pax"
The Barracks Hotel / The Outpost Hotel Sentosa,the-outpost-hotel-sentosa,https://wedded.sg/venues/the-outpost-hotel-sentosa,019b6a7b-fdf3-7168-b172-32ca7f3885f8,2,The Barracks Lawn Dinner Package.pdf | 2026 wedding dinner package new.pdf,Barracks Lawn,"Colonial/Historical, Garden & Greenery, Glasshouse, Outdoor",f55989dc-054f-48d2-af25-fbddb0f284d2,Sunday,Sumptuous Set Menus,200,260,"$130,000++/ 200 pax"
The Barracks Hotel / The Outpost Hotel Sentosa,the-outpost-hotel-sentosa,https://wedded.sg/venues/the-outpost-hotel-sentosa,019b6a7b-fdf3-7168-b172-32ca7f3885f8,2,The Barracks Lawn Dinner Package.pdf | 2026 wedding dinner package new.pdf,Revelry Hall,"Colonial/Historical, Garden & Greenery, Indoor, Outdoor",d4f604e5-ffc9-4872-b6d4-643afb37c205,Mon-Thu,Western or Chinese Set Menu,120,160,$182++/pax
The Barracks Hotel / The Outpost Hotel Sentosa,the-outpost-hotel-sentosa,https://wedded.sg/venues/the-outpost-hotel-sentosa,019b6a7b-fdf3-7168-b172-32ca7f3885f8,2,The Barracks Lawn Dinner Package.pdf | 2026 wedding dinner package new.pdf,Revelry Hall,"Colonial/Historical, Garden & Greenery, Indoor, Outdoor",d4f604e5-ffc9-4872-b6d4-643afb37c205,Friday,Western or Chinese Set Menu,120,160,$182++/pax
The Barracks Hotel / The Outpost Hotel Sentosa,the-outpost-hotel-sentosa,https://wedded.sg/venues/the-outpost-hotel-sentosa,019b6a7b-fdf3-7168-b172-32ca7f3885f8,2,The Barracks Lawn Dinner Package.pdf | 2026 wedding dinner package new.pdf,Revelry Hall,"Colonial/Historical, Garden & Greenery, Indoor, Outdoor",d4f604e5-ffc9-4872-b6d4-643afb37c205,Saturday,Western or Chinese Set Menu,120,160,$219++/pax
The Barracks Hotel / The Outpost Hotel Sentosa,the-outpost-hotel-sentosa,https://wedded.sg/venues/the-outpost-hotel-sentosa,019b6a7b-fdf3-7168-b172-32ca7f3885f8,2,The Barracks Lawn Dinner Package.pdf | 2026 wedding dinner package new.pdf,Revelry Hall,"Colonial/Historical, Garden & Greenery, Indoor, Outdoor",d4f604e5-ffc9-4872-b6d4-643afb37c205,Sunday,Western or Chinese Set Menu,120,160,$219++/pax
THE OUTSET,the-outset,https://wedded.sg/venues/the-outset,019bd1c2-c922-7923-a0c9-a54d8c6b83b8,5,THE OUTSET. Wedding Buffet Menu (2025 2026) (2).pdf | THE OUTSET. Amber Plated Menu (2025) (1).pdf | THE OUTSET. Lume Plated Menu (2025).pdf | THE OUTSET. Wedding Decor.pdf | THE OUTSET. Event Deck (2025) (2).pdf,With Solemnisation Area,Event Venue,6fad65e4-64be-46d0-8f20-359391ced5b7,Mon-Thu,"With Solemn Area, Buffet",50,72,$800++
THE OUTSET,the-outset,https://wedded.sg/venues/the-outset,019bd1c2-c922-7923-a0c9-a54d8c6b83b8,5,THE OUTSET. Wedding Buffet Menu (2025 2026) (2).pdf | THE OUTSET. Amber Plated Menu (2025) (1).pdf | THE OUTSET. Lume Plated Menu (2025).pdf | THE OUTSET. Wedding Decor.pdf | THE OUTSET. Event Deck (2025) (2).pdf,With Solemnisation Area,Event Venue,6fad65e4-64be-46d0-8f20-359391ced5b7,Friday,"With Solemn Area, Buffet",50,72,"$1,200++"
THE OUTSET,the-outset,https://wedded.sg/venues/the-outset,019bd1c2-c922-7923-a0c9-a54d8c6b83b8,5,THE OUTSET. Wedding Buffet Menu (2025 2026) (2).pdf | THE OUTSET. Amber Plated Menu (2025) (1).pdf | THE OUTSET. Lume Plated Menu (2025).pdf | THE OUTSET. Wedding Decor.pdf | THE OUTSET. Event Deck (2025) (2).pdf,With Solemnisation Area,Event Venue,6fad65e4-64be-46d0-8f20-359391ced5b7,Saturday,"With Solemn Area, Buffet",50,72,"$1,600++"
THE OUTSET,the-outset,https://wedded.sg/venues/the-outset,019bd1c2-c922-7923-a0c9-a54d8c6b83b8,5,THE OUTSET. Wedding Buffet Menu (2025 2026) (2).pdf | THE OUTSET. Amber Plated Menu (2025) (1).pdf | THE OUTSET. Lume Plated Menu (2025).pdf | THE OUTSET. Wedding Decor.pdf | THE OUTSET. Event Deck (2025) (2).pdf,With Solemnisation Area,Event Venue,6fad65e4-64be-46d0-8f20-359391ced5b7,Sunday,"With Solemn Area, Buffet",50,72,"$1,600++"
THE OUTSET,the-outset,https://wedded.sg/venues/the-outset,019bd1c2-c922-7923-a0c9-a54d8c6b83b8,5,THE OUTSET. Wedding Buffet Menu (2025 2026) (2).pdf | THE OUTSET. Amber Plated Menu (2025) (1).pdf | THE OUTSET. Lume Plated Menu (2025).pdf | THE OUTSET. Wedding Decor.pdf | THE OUTSET. Event Deck (2025) (2).pdf,Without Solemnisation Area,"Event Venue, Indoor",f446f70c-0c8c-45e6-a0d7-721951a5c19b,Mon-Thu,"With Carpet Aisle, Buffet",50,136,$800++
THE OUTSET,the-outset,https://wedded.sg/venues/the-outset,019bd1c2-c922-7923-a0c9-a54d8c6b83b8,5,THE OUTSET. Wedding Buffet Menu (2025 2026) (2).pdf | THE OUTSET. Amber Plated Menu (2025) (1).pdf | THE OUTSET. Lume Plated Menu (2025).pdf | THE OUTSET. Wedding Decor.pdf | THE OUTSET. Event Deck (2025) (2).pdf,Without Solemnisation Area,"Event Venue, Indoor",f446f70c-0c8c-45e6-a0d7-721951a5c19b,Friday,"With Carpet Aisle, Buffet",50,136,"$1,200++"
THE OUTSET,the-outset,https://wedded.sg/venues/the-outset,019bd1c2-c922-7923-a0c9-a54d8c6b83b8,5,THE OUTSET. Wedding Buffet Menu (2025 2026) (2).pdf | THE OUTSET. Amber Plated Menu (2025) (1).pdf | THE OUTSET. Lume Plated Menu (2025).pdf | THE OUTSET. Wedding Decor.pdf | THE OUTSET. Event Deck (2025) (2).pdf,Without Solemnisation Area,"Event Venue, Indoor",f446f70c-0c8c-45e6-a0d7-721951a5c19b,Saturday,"With Carpet Aisle, Buffet",50,136,"$1,600++"
THE OUTSET,the-outset,https://wedded.sg/venues/the-outset,019bd1c2-c922-7923-a0c9-a54d8c6b83b8,5,THE OUTSET. Wedding Buffet Menu (2025 2026) (2).pdf | THE OUTSET. Amber Plated Menu (2025) (1).pdf | THE OUTSET. Lume Plated Menu (2025).pdf | THE OUTSET. Wedding Decor.pdf | THE OUTSET. Event Deck (2025) (2).pdf,Without Solemnisation Area,"Event Venue, Indoor",f446f70c-0c8c-45e6-a0d7-721951a5c19b,Sunday,"With Carpet Aisle, Buffet",50,136,"$1,600++"
"The Ritz-Carlton, Millenia Singapore",the-ritz-carlton-millenia-singapore,https://wedded.sg/venues/the-ritz-carlton-millenia-singapore,019b6d9d-e6b1-7712-a538-b3c5cfb66a09,0,,Glass Pavilion,"Garden & Greenery, Glasshouse, Indoor, Outdoor",1356851a-5500-4d29-94b3-b66eb65ee66e,Mon-Thu,Summer Pavilion - Chinese individually plated menu or Cantonese set menu,150,200,$208++/pax
"The Ritz-Carlton, Millenia Singapore",the-ritz-carlton-millenia-singapore,https://wedded.sg/venues/the-ritz-carlton-millenia-singapore,019b6d9d-e6b1-7712-a538-b3c5cfb66a09,0,,Glass Pavilion,"Garden & Greenery, Glasshouse, Indoor, Outdoor",1356851a-5500-4d29-94b3-b66eb65ee66e,Friday,Summer Pavilion - Chinese individually plated menu or Cantonese set menu,150,200,$208++/pax
"The Ritz-Carlton, Millenia Singapore",the-ritz-carlton-millenia-singapore,https://wedded.sg/venues/the-ritz-carlton-millenia-singapore,019b6d9d-e6b1-7712-a538-b3c5cfb66a09,0,,Glass Pavilion,"Garden & Greenery, Glasshouse, Indoor, Outdoor",1356851a-5500-4d29-94b3-b66eb65ee66e,Saturday,Summer Pavilion - Chinese individually plated menu or Cantonese set menu,150,200,$208++/pax
"The Ritz-Carlton, Millenia Singapore",the-ritz-carlton-millenia-singapore,https://wedded.sg/venues/the-ritz-carlton-millenia-singapore,019b6d9d-e6b1-7712-a538-b3c5cfb66a09,0,,Glass Pavilion,"Garden & Greenery, Glasshouse, Indoor, Outdoor",1356851a-5500-4d29-94b3-b66eb65ee66e,Sunday,Summer Pavilion - Chinese individually plated menu or Cantonese set menu,150,200,$208++/pax
"The Ritz-Carlton, Millenia Singapore",the-ritz-carlton-millenia-singapore,https://wedded.sg/venues/the-ritz-carlton-millenia-singapore,019b6d9d-e6b1-7712-a538-b3c5cfb66a09,0,,Grand Ballroom,"Ballroom, Indoor",356375e5-5671-48db-bb5c-d698738b05ad,Mon-Thu,Summer Pavilion - Chinese individually plated menu or Cantonese set menu,280,900,$208++/pax
"The Ritz-Carlton, Millenia Singapore",the-ritz-carlton-millenia-singapore,https://wedded.sg/venues/the-ritz-carlton-millenia-singapore,019b6d9d-e6b1-7712-a538-b3c5cfb66a09,0,,Grand Ballroom,"Ballroom, Indoor",356375e5-5671-48db-bb5c-d698738b05ad,Friday,Summer Pavilion - Chinese individually plated menu or Cantonese set menu,280,900,$208++/pax
"The Ritz-Carlton, Millenia Singapore",the-ritz-carlton-millenia-singapore,https://wedded.sg/venues/the-ritz-carlton-millenia-singapore,019b6d9d-e6b1-7712-a538-b3c5cfb66a09,0,,Grand Ballroom,"Ballroom, Indoor",356375e5-5671-48db-bb5c-d698738b05ad,Saturday,Summer Pavilion - Chinese individually plated menu or Cantonese set menu,280,900,$208++/pax
"The Ritz-Carlton, Millenia Singapore",the-ritz-carlton-millenia-singapore,https://wedded.sg/venues/the-ritz-carlton-millenia-singapore,019b6d9d-e6b1-7712-a538-b3c5cfb66a09,0,,Grand Ballroom,"Ballroom, Indoor",356375e5-5671-48db-bb5c-d698738b05ad,Sunday,Summer Pavilion - Chinese individually plated menu or Cantonese set menu,280,900,$208++/pax
"The Ritz-Carlton, Millenia Singapore",the-ritz-carlton-millenia-singapore,https://wedded.sg/venues/the-ritz-carlton-millenia-singapore,019b6d9d-e6b1-7712-a538-b3c5cfb66a09,0,,Junior Ballroom,Ballroom,,,,,,
"The Ritz-Carlton, Millenia Singapore",the-ritz-carlton-millenia-singapore,https://wedded.sg/venues/the-ritz-carlton-millenia-singapore,019b6d9d-e6b1-7712-a538-b3c5cfb66a09,0,,North Pavillion,,,,,,,
The Riverhouse,the-riverhouse-1,https://wedded.sg/venues/the-riverhouse-1,019bc63c-2ed0-785d-8295-f104df31b644,0,,Mimi Restaurant,"Indoor, Outdoor, Restaurant, Waterfront",3eef639a-3e9d-42c6-9c39-e7494079b066,Saturday,Individually Plated 6-Course Menu,110,270,"$16,500++"
The Riverhouse,the-riverhouse-1,https://wedded.sg/venues/the-riverhouse-1,019bc63c-2ed0-785d-8295-f104df31b644,0,,Mimi Restaurant,"Indoor, Outdoor, Restaurant, Waterfront",3eef639a-3e9d-42c6-9c39-e7494079b066,Sunday,Individually Plated 6-Course Menu,110,270,"$16,500++"
The Robertson House by The Crest Collection,the-robertson-house-by-the-crest-collection,https://wedded.sg/venues/the-robertson-house-by-the-crest-collection,019b6d82-b5c2-786b-82ef-13269501889e,1,The Robertson House   Wedding Package.pdf,Ballroom,"Ballroom, Indoor, Waterfront",8995d659-b82c-42d2-b910-0768a01326bb,Mon-Thu,3-Course Western Set Menu,40,50,$168++/pax
The Robertson House by The Crest Collection,the-robertson-house-by-the-crest-collection,https://wedded.sg/venues/the-robertson-house-by-the-crest-collection,019b6d82-b5c2-786b-82ef-13269501889e,1,The Robertson House   Wedding Package.pdf,Ballroom,"Ballroom, Indoor, Waterfront",8995d659-b82c-42d2-b910-0768a01326bb,Friday,3-Course Western Set Menu,40,50,$168++/pax
The Robertson House by The Crest Collection,the-robertson-house-by-the-crest-collection,https://wedded.sg/venues/the-robertson-house-by-the-crest-collection,019b6d82-b5c2-786b-82ef-13269501889e,1,The Robertson House   Wedding Package.pdf,Ballroom,"Ballroom, Indoor, Waterfront",8995d659-b82c-42d2-b910-0768a01326bb,Saturday,3-Course Western Set Menu,40,50,$168++/pax
The Robertson House by The Crest Collection,the-robertson-house-by-the-crest-collection,https://wedded.sg/venues/the-robertson-house-by-the-crest-collection,019b6d82-b5c2-786b-82ef-13269501889e,1,The Robertson House   Wedding Package.pdf,Ballroom,"Ballroom, Indoor, Waterfront",8995d659-b82c-42d2-b910-0768a01326bb,Sunday,3-Course Western Set Menu,40,50,$168++/pax
The Secret Haven,the-secret-haven,https://wedded.sg/venues/the-secret-haven,019bbded-1e9c-7b81-9d4e-0cd6ca842ec9,3,Secret Haven Package.pdf | Buffet Package.pdf | Saving for BTO Package.pdf,The Secret Haven,"Event Venue, Glasshouse, Indoor",ffce8053-9dc4-4e1e-9716-7f451ac7cbf6,Mon-Thu,10-course premium cocktail reception buffet (3hr venue usage),70,120,$129++/pax
The Secret Haven,the-secret-haven,https://wedded.sg/venues/the-secret-haven,019bbded-1e9c-7b81-9d4e-0cd6ca842ec9,3,Secret Haven Package.pdf | Buffet Package.pdf | Saving for BTO Package.pdf,The Secret Haven,"Event Venue, Glasshouse, Indoor",ffce8053-9dc4-4e1e-9716-7f451ac7cbf6,Friday,10-course premium cocktail reception buffet (3hr venue usage),70,120,$129++/pax
The Secret Haven,the-secret-haven,https://wedded.sg/venues/the-secret-haven,019bbded-1e9c-7b81-9d4e-0cd6ca842ec9,3,Secret Haven Package.pdf | Buffet Package.pdf | Saving for BTO Package.pdf,The Secret Haven,"Event Venue, Glasshouse, Indoor",ffce8053-9dc4-4e1e-9716-7f451ac7cbf6,Saturday,10-course premium cocktail reception buffet (3hr venue usage),70,120,$129++/pax
The Secret Haven,the-secret-haven,https://wedded.sg/venues/the-secret-haven,019bbded-1e9c-7b81-9d4e-0cd6ca842ec9,3,Secret Haven Package.pdf | Buffet Package.pdf | Saving for BTO Package.pdf,The Secret Haven,"Event Venue, Glasshouse, Indoor",ffce8053-9dc4-4e1e-9716-7f451ac7cbf6,Sunday,10-course premium cocktail reception buffet (3hr venue usage),70,120,$129++/pax
The Secret Patio,the-secret-patio,https://wedded.sg/venues/the-secret-patio,019bd572-0fc9-77c4-97b5-cd1fa91d76a3,4,2026:27 Venue Rental only.pdf | 2026:27 TSP venue + food packages +Photography+ Floral (A4).pdf | 2026:27 ROM package.pdf | 2026:27 Solemn Peach Garden.pdf,Full Venue Use for 4h (VIP Room + Main Hall),"Colonial/Historical, Event Venue, Indoor",14e78857-134f-4bcd-a6f5-05125a0982a5,Mon-Thu,Venue Package Deal (see brochure),1,35,"$4,404++"
The Secret Patio,the-secret-patio,https://wedded.sg/venues/the-secret-patio,019bd572-0fc9-77c4-97b5-cd1fa91d76a3,4,2026:27 Venue Rental only.pdf | 2026:27 TSP venue + food packages +Photography+ Floral (A4).pdf | 2026:27 ROM package.pdf | 2026:27 Solemn Peach Garden.pdf,Full Venue Use for 4h (VIP Room + Main Hall),"Colonial/Historical, Event Venue, Indoor",14e78857-134f-4bcd-a6f5-05125a0982a5,Friday,Venue Package Deal (see brochure),1,35,"$4,404++"
The Secret Patio,the-secret-patio,https://wedded.sg/venues/the-secret-patio,019bd572-0fc9-77c4-97b5-cd1fa91d76a3,4,2026:27 Venue Rental only.pdf | 2026:27 TSP venue + food packages +Photography+ Floral (A4).pdf | 2026:27 ROM package.pdf | 2026:27 Solemn Peach Garden.pdf,Full Venue Use for 4h (VIP Room + Main Hall),"Colonial/Historical, Event Venue, Indoor",14e78857-134f-4bcd-a6f5-05125a0982a5,Saturday,Venue Package Deal (see brochure),1,35,"$4,404++"
The Secret Patio,the-secret-patio,https://wedded.sg/venues/the-secret-patio,019bd572-0fc9-77c4-97b5-cd1fa91d76a3,4,2026:27 Venue Rental only.pdf | 2026:27 TSP venue + food packages +Photography+ Floral (A4).pdf | 2026:27 ROM package.pdf | 2026:27 Solemn Peach Garden.pdf,Full Venue Use for 4h (VIP Room + Main Hall),"Colonial/Historical, Event Venue, Indoor",14e78857-134f-4bcd-a6f5-05125a0982a5,Sunday,Venue Package Deal (see brochure),1,35,"$4,404++"
The Secret Patio,the-secret-patio,https://wedded.sg/venues/the-secret-patio,019bd572-0fc9-77c4-97b5-cd1fa91d76a3,4,2026:27 Venue Rental only.pdf | 2026:27 TSP venue + food packages +Photography+ Floral (A4).pdf | 2026:27 ROM package.pdf | 2026:27 Solemn Peach Garden.pdf,Solemnisation - VIP Room (1hr) + Main hall (1hr),"Colonial/Historical, Event Venue, Indoor",1eecb387-1cfe-4c32-8fff-a38cf3d5f969,Mon-Thu,Pastry Selections or Peach Garden 8-Course Dimsum,1,35,"$2,075++"
The Secret Patio,the-secret-patio,https://wedded.sg/venues/the-secret-patio,019bd572-0fc9-77c4-97b5-cd1fa91d76a3,4,2026:27 Venue Rental only.pdf | 2026:27 TSP venue + food packages +Photography+ Floral (A4).pdf | 2026:27 ROM package.pdf | 2026:27 Solemn Peach Garden.pdf,Solemnisation - VIP Room (1hr) + Main hall (1hr),"Colonial/Historical, Event Venue, Indoor",1eecb387-1cfe-4c32-8fff-a38cf3d5f969,Friday,Pastry Selections or Peach Garden 8-Course Dimsum,1,35,"$2,075++"
The Secret Patio,the-secret-patio,https://wedded.sg/venues/the-secret-patio,019bd572-0fc9-77c4-97b5-cd1fa91d76a3,4,2026:27 Venue Rental only.pdf | 2026:27 TSP venue + food packages +Photography+ Floral (A4).pdf | 2026:27 ROM package.pdf | 2026:27 Solemn Peach Garden.pdf,Solemnisation - VIP Room (1hr) + Main hall (1hr),"Colonial/Historical, Event Venue, Indoor",1eecb387-1cfe-4c32-8fff-a38cf3d5f969,Saturday,Pastry Selections or Peach Garden 8-Course Dimsum,1,35,"$2,075++"
The Secret Patio,the-secret-patio,https://wedded.sg/venues/the-secret-patio,019bd572-0fc9-77c4-97b5-cd1fa91d76a3,4,2026:27 Venue Rental only.pdf | 2026:27 TSP venue + food packages +Photography+ Floral (A4).pdf | 2026:27 ROM package.pdf | 2026:27 Solemn Peach Garden.pdf,Solemnisation - VIP Room (1hr) + Main hall (1hr),"Colonial/Historical, Event Venue, Indoor",1eecb387-1cfe-4c32-8fff-a38cf3d5f969,Sunday,Pastry Selections or Peach Garden 8-Course Dimsum,1,35,"$2,075++"
The Secret Patio,the-secret-patio,https://wedded.sg/venues/the-secret-patio,019bd572-0fc9-77c4-97b5-cd1fa91d76a3,4,2026:27 Venue Rental only.pdf | 2026:27 TSP venue + food packages +Photography+ Floral (A4).pdf | 2026:27 ROM package.pdf | 2026:27 Solemn Peach Garden.pdf,Solemnisation - VIP Room (1hr) + Main hall (2hr),"Colonial/Historical, Event Venue, Indoor",a367c57a-825e-4fa7-bd47-efc3328f7a69,Mon-Thu,Peach Garden 8-Course Solemnisation Buffet,1,35,"$2,819++"
The Secret Patio,the-secret-patio,https://wedded.sg/venues/the-secret-patio,019bd572-0fc9-77c4-97b5-cd1fa91d76a3,4,2026:27 Venue Rental only.pdf | 2026:27 TSP venue + food packages +Photography+ Floral (A4).pdf | 2026:27 ROM package.pdf | 2026:27 Solemn Peach Garden.pdf,Solemnisation - VIP Room (1hr) + Main hall (2hr),"Colonial/Historical, Event Venue, Indoor",a367c57a-825e-4fa7-bd47-efc3328f7a69,Friday,Peach Garden 8-Course Solemnisation Buffet,1,35,"$2,819++"
The Secret Patio,the-secret-patio,https://wedded.sg/venues/the-secret-patio,019bd572-0fc9-77c4-97b5-cd1fa91d76a3,4,2026:27 Venue Rental only.pdf | 2026:27 TSP venue + food packages +Photography+ Floral (A4).pdf | 2026:27 ROM package.pdf | 2026:27 Solemn Peach Garden.pdf,Solemnisation - VIP Room (1hr) + Main hall (2hr),"Colonial/Historical, Event Venue, Indoor",a367c57a-825e-4fa7-bd47-efc3328f7a69,Saturday,Peach Garden 8-Course Solemnisation Buffet,1,35,"$2,819++"
The Secret Patio,the-secret-patio,https://wedded.sg/venues/the-secret-patio,019bd572-0fc9-77c4-97b5-cd1fa91d76a3,4,2026:27 Venue Rental only.pdf | 2026:27 TSP venue + food packages +Photography+ Floral (A4).pdf | 2026:27 ROM package.pdf | 2026:27 Solemn Peach Garden.pdf,Solemnisation - VIP Room (1hr) + Main hall (2hr),"Colonial/Historical, Event Venue, Indoor",a367c57a-825e-4fa7-bd47-efc3328f7a69,Sunday,Peach Garden 8-Course Solemnisation Buffet,1,35,"$2,819++"
The Singapore EDITION,the-singapore-edition,https://wedded.sg/venues/the-singapore-edition,019b6d77-be98-7e09-9c99-ce5a77853e31,2,EDITION IntimateCelebrations.pdf | EDITION Weddings.pdf,Ballroom,"Ballroom, Indoor",1c24bf1f-ef51-4ce8-b6fe-a554542df1f5,Mon-Thu,Wedding Banquet,250,340,$268++/pax
The Singapore EDITION,the-singapore-edition,https://wedded.sg/venues/the-singapore-edition,019b6d77-be98-7e09-9c99-ce5a77853e31,2,EDITION IntimateCelebrations.pdf | EDITION Weddings.pdf,Ballroom,"Ballroom, Indoor",1c24bf1f-ef51-4ce8-b6fe-a554542df1f5,Friday,Wedding Banquet,250,340,$268++/pax
The Singapore EDITION,the-singapore-edition,https://wedded.sg/venues/the-singapore-edition,019b6d77-be98-7e09-9c99-ce5a77853e31,2,EDITION IntimateCelebrations.pdf | EDITION Weddings.pdf,Ballroom,"Ballroom, Indoor",1c24bf1f-ef51-4ce8-b6fe-a554542df1f5,Saturday,Wedding Banquet,250,340,$268++/pax
The Singapore EDITION,the-singapore-edition,https://wedded.sg/venues/the-singapore-edition,019b6d77-be98-7e09-9c99-ce5a77853e31,2,EDITION IntimateCelebrations.pdf | EDITION Weddings.pdf,Ballroom,"Ballroom, Indoor",1c24bf1f-ef51-4ce8-b6fe-a554542df1f5,Sunday,Wedding Banquet,250,340,$268++/pax
The Singapore EDITION,the-singapore-edition,https://wedded.sg/venues/the-singapore-edition,019b6d77-be98-7e09-9c99-ce5a77853e31,2,EDITION IntimateCelebrations.pdf | EDITION Weddings.pdf,Boardroom,"Garden & Greenery, Indoor",0a3f54ad-6aaf-4f49-b691-f4761544bda8,Mon-Thu,Wedding Banquet,30,50,$268++/pax
The Singapore EDITION,the-singapore-edition,https://wedded.sg/venues/the-singapore-edition,019b6d77-be98-7e09-9c99-ce5a77853e31,2,EDITION IntimateCelebrations.pdf | EDITION Weddings.pdf,Boardroom,"Garden & Greenery, Indoor",0a3f54ad-6aaf-4f49-b691-f4761544bda8,Friday,Wedding Banquet,30,50,$268++/pax
The Singapore EDITION,the-singapore-edition,https://wedded.sg/venues/the-singapore-edition,019b6d77-be98-7e09-9c99-ce5a77853e31,2,EDITION IntimateCelebrations.pdf | EDITION Weddings.pdf,Boardroom,"Garden & Greenery, Indoor",0a3f54ad-6aaf-4f49-b691-f4761544bda8,Saturday,Wedding Banquet,30,50,$268++/pax
The Singapore EDITION,the-singapore-edition,https://wedded.sg/venues/the-singapore-edition,019b6d77-be98-7e09-9c99-ce5a77853e31,2,EDITION IntimateCelebrations.pdf | EDITION Weddings.pdf,Boardroom,"Garden & Greenery, Indoor",0a3f54ad-6aaf-4f49-b691-f4761544bda8,Sunday,Wedding Banquet,30,50,$268++/pax
The St. Regis Singapore,the-st-regis-singapore,https://wedded.sg/venues/the-st-regis-singapore,019b6ade-1b56-7bbd-85ff-49696e551eed,3,St Regis John Jacob Lunch.pdf | St Regis John Jacob Dinner.pdf | St Regis Caroline's Mansion.pdf,Caroline's Mansion,"Colonial/Historical, Indoor",9aef945c-2166-4b22-84eb-1e1c0dd4364f,Mon-Thu,"Elegant Romance (Cantonese / Western Menu, 1-Night Stay)",120,160,$269++/pax
The St. Regis Singapore,the-st-regis-singapore,https://wedded.sg/venues/the-st-regis-singapore,019b6ade-1b56-7bbd-85ff-49696e551eed,3,St Regis John Jacob Lunch.pdf | St Regis John Jacob Dinner.pdf | St Regis Caroline's Mansion.pdf,Caroline's Mansion,"Colonial/Historical, Indoor",9aef945c-2166-4b22-84eb-1e1c0dd4364f,Friday,"Elegant Romance (Cantonese / Western Menu, 1-Night Stay)",120,160,$269++/pax
The St. Regis Singapore,the-st-regis-singapore,https://wedded.sg/venues/the-st-regis-singapore,019b6ade-1b56-7bbd-85ff-49696e551eed,3,St Regis John Jacob Lunch.pdf | St Regis John Jacob Dinner.pdf | St Regis Caroline's Mansion.pdf,Caroline's Mansion,"Colonial/Historical, Indoor",9aef945c-2166-4b22-84eb-1e1c0dd4364f,Saturday,"Elegant Romance (Cantonese / Western Menu, 1-Night Stay)",120,160,$269++/pax
The St. Regis Singapore,the-st-regis-singapore,https://wedded.sg/venues/the-st-regis-singapore,019b6ade-1b56-7bbd-85ff-49696e551eed,3,St Regis John Jacob Lunch.pdf | St Regis John Jacob Dinner.pdf | St Regis Caroline's Mansion.pdf,Caroline's Mansion,"Colonial/Historical, Indoor",9aef945c-2166-4b22-84eb-1e1c0dd4364f,Sunday,"Elegant Romance (Cantonese / Western Menu, 1-Night Stay)",120,160,$269++/pax
The St. Regis Singapore,the-st-regis-singapore,https://wedded.sg/venues/the-st-regis-singapore,019b6ade-1b56-7bbd-85ff-49696e551eed,3,St Regis John Jacob Lunch.pdf | St Regis John Jacob Dinner.pdf | St Regis Caroline's Mansion.pdf,John Jacob Ballroom,"Ballroom, Colonial/Historical, Indoor",dac34e75-c0e5-426b-b9eb-5e586cdeb0e1,Saturday,"Midday Romance (Cantonese / Western Menu, 1-Night Stay)",250,420,$239++/pax
The St. Regis Singapore,the-st-regis-singapore,https://wedded.sg/venues/the-st-regis-singapore,019b6ade-1b56-7bbd-85ff-49696e551eed,3,St Regis John Jacob Lunch.pdf | St Regis John Jacob Dinner.pdf | St Regis Caroline's Mansion.pdf,John Jacob Ballroom,"Ballroom, Colonial/Historical, Indoor",dac34e75-c0e5-426b-b9eb-5e586cdeb0e1,Sunday,"Midday Romance (Cantonese / Western Menu, 1-Night Stay)",250,420,$239++/pax
The Summerhouse,the-summerhouse,https://wedded.sg/venues/the-summerhouse,019bc053-8363-7e2f-8d69-d6a3a0fcb75f,1,The Summerhouse Wedding Kit (1).pdf,The Summerhouse,"Colonial/Historical, Garden & Greenery, Glasshouse, Indoor, Outdoor, Restaurant",802ab0b2-23a6-4c58-a9bc-6778e6e365ea,Saturday,4-Course Menu,108,180,"$16,000++"
The Summerhouse,the-summerhouse,https://wedded.sg/venues/the-summerhouse,019bc053-8363-7e2f-8d69-d6a3a0fcb75f,1,The Summerhouse Wedding Kit (1).pdf,The Summerhouse,"Colonial/Historical, Garden & Greenery, Glasshouse, Indoor, Outdoor, Restaurant",802ab0b2-23a6-4c58-a9bc-6778e6e365ea,Sunday,4-Course Menu,108,180,"$16,000++"
The Westin,the-westin,https://wedded.sg/venues/the-westin,019b6ad3-3538-7bd6-83f6-dde419dcce32,4,Cook & Brew Wedding Package (1).pdf | Wedding Package Weekday Dinner 2026.pdf | Wedding Package Weekend Dinner 2026.pdf | Wedding Package Lunch 2026.pdf,Cook & Brew Restaurant,"Glasshouse, Indoor, Restaurant, Rooftop, Waterfront",5116de79-db06-4df4-8677-5df76a25e55d,Mon-Thu,4-Course Menu,60,80,$180++/pax
The Westin,the-westin,https://wedded.sg/venues/the-westin,019b6ad3-3538-7bd6-83f6-dde419dcce32,4,Cook & Brew Wedding Package (1).pdf | Wedding Package Weekday Dinner 2026.pdf | Wedding Package Weekend Dinner 2026.pdf | Wedding Package Lunch 2026.pdf,Cook & Brew Restaurant,"Glasshouse, Indoor, Restaurant, Rooftop, Waterfront",5116de79-db06-4df4-8677-5df76a25e55d,Friday,4-Course Menu,60,80,$180++/pax
The Westin,the-westin,https://wedded.sg/venues/the-westin,019b6ad3-3538-7bd6-83f6-dde419dcce32,4,Cook & Brew Wedding Package (1).pdf | Wedding Package Weekday Dinner 2026.pdf | Wedding Package Weekend Dinner 2026.pdf | Wedding Package Lunch 2026.pdf,Cook & Brew Restaurant,"Glasshouse, Indoor, Restaurant, Rooftop, Waterfront",5116de79-db06-4df4-8677-5df76a25e55d,Saturday,4-Course Menu,60,80,$180++/pax
The Westin,the-westin,https://wedded.sg/venues/the-westin,019b6ad3-3538-7bd6-83f6-dde419dcce32,4,Cook & Brew Wedding Package (1).pdf | Wedding Package Weekday Dinner 2026.pdf | Wedding Package Weekend Dinner 2026.pdf | Wedding Package Lunch 2026.pdf,Cook & Brew Restaurant,"Glasshouse, Indoor, Restaurant, Rooftop, Waterfront",5116de79-db06-4df4-8677-5df76a25e55d,Sunday,4-Course Menu,60,80,$180++/pax
The Westin,the-westin,https://wedded.sg/venues/the-westin,019b6ad3-3538-7bd6-83f6-dde419dcce32,4,Cook & Brew Wedding Package (1).pdf | Wedding Package Weekday Dinner 2026.pdf | Wedding Package Weekend Dinner 2026.pdf | Wedding Package Lunch 2026.pdf,Grand Ballroom,"Ballroom, Indoor",abb2b750-b261-4f79-98e8-87416aca4850,Mon-Thu,7-Course Individually Plated Menu,200,300,$199++/pax
The Westin,the-westin,https://wedded.sg/venues/the-westin,019b6ad3-3538-7bd6-83f6-dde419dcce32,4,Cook & Brew Wedding Package (1).pdf | Wedding Package Weekday Dinner 2026.pdf | Wedding Package Weekend Dinner 2026.pdf | Wedding Package Lunch 2026.pdf,Grand Ballroom,"Ballroom, Indoor",abb2b750-b261-4f79-98e8-87416aca4850,Friday,7-Course Individually Plated Menu,200,300,$199++/pax
The Westin,the-westin,https://wedded.sg/venues/the-westin,019b6ad3-3538-7bd6-83f6-dde419dcce32,4,Cook & Brew Wedding Package (1).pdf | Wedding Package Weekday Dinner 2026.pdf | Wedding Package Weekend Dinner 2026.pdf | Wedding Package Lunch 2026.pdf,Grand Ballroom,"Ballroom, Indoor",abb2b750-b261-4f79-98e8-87416aca4850,Saturday,7-Course Individually Plated Menu,200,300,$199++/pax
The Westin,the-westin,https://wedded.sg/venues/the-westin,019b6ad3-3538-7bd6-83f6-dde419dcce32,4,Cook & Brew Wedding Package (1).pdf | Wedding Package Weekday Dinner 2026.pdf | Wedding Package Weekend Dinner 2026.pdf | Wedding Package Lunch 2026.pdf,Grand Ballroom,"Ballroom, Indoor",abb2b750-b261-4f79-98e8-87416aca4850,Sunday,7-Course Individually Plated Menu,200,300,$199++/pax
TungLok Heen @ Resorts World Sentosa,tunglok-heen,https://wedded.sg/venues/tunglok-heen,019b9a57-70d6-7ced-be0b-a1f009f67d6f,1,ih W tlh Menu.pdf,Restaurant,"Indoor, Restaurant",82e98fa2-9007-472a-96c4-fc4bac36c36f,Mon-Thu,6-Course Chinese Menu (Blissful Celebration),80,160,$178++/pax
TungLok Heen @ Resorts World Sentosa,tunglok-heen,https://wedded.sg/venues/tunglok-heen,019b9a57-70d6-7ced-be0b-a1f009f67d6f,1,ih W tlh Menu.pdf,Restaurant,"Indoor, Restaurant",82e98fa2-9007-472a-96c4-fc4bac36c36f,Friday,6-Course Chinese Menu (Blissful Celebration),80,160,$188++/pax
TungLok Heen @ Resorts World Sentosa,tunglok-heen,https://wedded.sg/venues/tunglok-heen,019b9a57-70d6-7ced-be0b-a1f009f67d6f,1,ih W tlh Menu.pdf,Restaurant,"Indoor, Restaurant",82e98fa2-9007-472a-96c4-fc4bac36c36f,Saturday,6-Course Chinese Menu (Blissful Celebration),80,160,$188++/pax
TungLok Heen @ Resorts World Sentosa,tunglok-heen,https://wedded.sg/venues/tunglok-heen,019b9a57-70d6-7ced-be0b-a1f009f67d6f,1,ih W tlh Menu.pdf,Restaurant,"Indoor, Restaurant",82e98fa2-9007-472a-96c4-fc4bac36c36f,Sunday,6-Course Chinese Menu (Blissful Celebration),80,160,$188++/pax
TungLok Seafood (Gardens by the Bay),tunglok-seafood-gardens-by-the-bay,https://wedded.sg/venues/tunglok-seafood-gardens-by-the-bay,019b9a49-ff8d-7a82-a92c-c3aa0469f1fd,1,ih W tlsf gbb Menu.pdf,Restaurant,"Garden & Greenery, Glasshouse, Indoor, Restaurant",4f9052f6-b0ad-463a-8576-ff25c94701ab,Mon-Thu,8-Course Chinese Set Menu A,1,180,"$18,000++"
TungLok Seafood (Gardens by the Bay),tunglok-seafood-gardens-by-the-bay,https://wedded.sg/venues/tunglok-seafood-gardens-by-the-bay,019b9a49-ff8d-7a82-a92c-c3aa0469f1fd,1,ih W tlsf gbb Menu.pdf,Restaurant,"Garden & Greenery, Glasshouse, Indoor, Restaurant",4f9052f6-b0ad-463a-8576-ff25c94701ab,Friday,8-Course Chinese Set Menu A,1,180,"$18,000++"
TungLok Seafood (Gardens by the Bay),tunglok-seafood-gardens-by-the-bay,https://wedded.sg/venues/tunglok-seafood-gardens-by-the-bay,019b9a49-ff8d-7a82-a92c-c3aa0469f1fd,1,ih W tlsf gbb Menu.pdf,Restaurant,"Garden & Greenery, Glasshouse, Indoor, Restaurant",4f9052f6-b0ad-463a-8576-ff25c94701ab,Saturday,8-Course Chinese Set Menu A,1,180,"$18,000++"
TungLok Seafood (Gardens by the Bay),tunglok-seafood-gardens-by-the-bay,https://wedded.sg/venues/tunglok-seafood-gardens-by-the-bay,019b9a49-ff8d-7a82-a92c-c3aa0469f1fd,1,ih W tlsf gbb Menu.pdf,Restaurant,"Garden & Greenery, Glasshouse, Indoor, Restaurant",4f9052f6-b0ad-463a-8576-ff25c94701ab,Sunday,8-Course Chinese Set Menu A,1,180,"$18,000++"
Village Hotel Changi,village-hotel-changi,https://wedded.sg/venues/village-hotel-changi,019b6a9d-a17a-7287-a787-ae0b18078aed,4,solemn buffet.pdf | eternal vows.pdf | timeless union.pdf | everlasting bliss.pdf,Creek,"Garden & Greenery, Outdoor, Waterfront",2c065520-cd5a-4e78-a050-3cd0c87b480c,Mon-Thu,Eternal Vows - 8-Course Chinese Menu,30,180,$130++/pax
Village Hotel Changi,village-hotel-changi,https://wedded.sg/venues/village-hotel-changi,019b6a9d-a17a-7287-a787-ae0b18078aed,4,solemn buffet.pdf | eternal vows.pdf | timeless union.pdf | everlasting bliss.pdf,Creek,"Garden & Greenery, Outdoor, Waterfront",2c065520-cd5a-4e78-a050-3cd0c87b480c,Friday,Eternal Vows - 8-Course Chinese Menu,30,180,$130++/pax
Village Hotel Changi,village-hotel-changi,https://wedded.sg/venues/village-hotel-changi,019b6a9d-a17a-7287-a787-ae0b18078aed,4,solemn buffet.pdf | eternal vows.pdf | timeless union.pdf | everlasting bliss.pdf,Creek,"Garden & Greenery, Outdoor, Waterfront",2c065520-cd5a-4e78-a050-3cd0c87b480c,Saturday,Eternal Vows - 8-Course Chinese Menu,30,180,$130++/pax
Village Hotel Changi,village-hotel-changi,https://wedded.sg/venues/village-hotel-changi,019b6a9d-a17a-7287-a787-ae0b18078aed,4,solemn buffet.pdf | eternal vows.pdf | timeless union.pdf | everlasting bliss.pdf,Creek,"Garden & Greenery, Outdoor, Waterfront",2c065520-cd5a-4e78-a050-3cd0c87b480c,Sunday,Eternal Vows - 8-Course Chinese Menu,30,180,$130++/pax
Village Hotel Changi,village-hotel-changi,https://wedded.sg/venues/village-hotel-changi,019b6a9d-a17a-7287-a787-ae0b18078aed,4,solemn buffet.pdf | eternal vows.pdf | timeless union.pdf | everlasting bliss.pdf,Infinity,"Garden & Greenery, Glasshouse, Indoor, Outdoor, Waterfront",02351838-4b88-4291-8c0e-f661a791eea9,Mon-Thu,Eternal Vows - 8-Course Chinese Menu,30,80,$130++/pax
Village Hotel Changi,village-hotel-changi,https://wedded.sg/venues/village-hotel-changi,019b6a9d-a17a-7287-a787-ae0b18078aed,4,solemn buffet.pdf | eternal vows.pdf | timeless union.pdf | everlasting bliss.pdf,Infinity,"Garden & Greenery, Glasshouse, Indoor, Outdoor, Waterfront",02351838-4b88-4291-8c0e-f661a791eea9,Friday,Eternal Vows - 8-Course Chinese Menu,30,80,$130++/pax
Village Hotel Changi,village-hotel-changi,https://wedded.sg/venues/village-hotel-changi,019b6a9d-a17a-7287-a787-ae0b18078aed,4,solemn buffet.pdf | eternal vows.pdf | timeless union.pdf | everlasting bliss.pdf,Infinity,"Garden & Greenery, Glasshouse, Indoor, Outdoor, Waterfront",02351838-4b88-4291-8c0e-f661a791eea9,Saturday,Eternal Vows - 8-Course Chinese Menu,30,80,$130++/pax
Village Hotel Changi,village-hotel-changi,https://wedded.sg/venues/village-hotel-changi,019b6a9d-a17a-7287-a787-ae0b18078aed,4,solemn buffet.pdf | eternal vows.pdf | timeless union.pdf | everlasting bliss.pdf,Infinity,"Garden & Greenery, Glasshouse, Indoor, Outdoor, Waterfront",02351838-4b88-4291-8c0e-f661a791eea9,Sunday,Eternal Vows - 8-Course Chinese Menu,30,80,$130++/pax
Village Hotel Changi,village-hotel-changi,https://wedded.sg/venues/village-hotel-changi,019b6a9d-a17a-7287-a787-ae0b18078aed,4,solemn buffet.pdf | eternal vows.pdf | timeless union.pdf | everlasting bliss.pdf,Oval,Indoor,a861c9ef-3b56-4707-985b-c11405335d76,Mon-Thu,Eternal Vows - 8-Course Chinese Menu,30,130,$130++/pax
Village Hotel Changi,village-hotel-changi,https://wedded.sg/venues/village-hotel-changi,019b6a9d-a17a-7287-a787-ae0b18078aed,4,solemn buffet.pdf | eternal vows.pdf | timeless union.pdf | everlasting bliss.pdf,Oval,Indoor,a861c9ef-3b56-4707-985b-c11405335d76,Friday,Eternal Vows - 8-Course Chinese Menu,30,130,$130++/pax
Village Hotel Changi,village-hotel-changi,https://wedded.sg/venues/village-hotel-changi,019b6a9d-a17a-7287-a787-ae0b18078aed,4,solemn buffet.pdf | eternal vows.pdf | timeless union.pdf | everlasting bliss.pdf,Oval,Indoor,a861c9ef-3b56-4707-985b-c11405335d76,Saturday,Eternal Vows - 8-Course Chinese Menu,30,130,$130++/pax
Village Hotel Changi,village-hotel-changi,https://wedded.sg/venues/village-hotel-changi,019b6a9d-a17a-7287-a787-ae0b18078aed,4,solemn buffet.pdf | eternal vows.pdf | timeless union.pdf | everlasting bliss.pdf,Oval,Indoor,a861c9ef-3b56-4707-985b-c11405335d76,Sunday,Eternal Vows - 8-Course Chinese Menu,30,130,$130++/pax
Village Hotel Changi,village-hotel-changi,https://wedded.sg/venues/village-hotel-changi,019b6a9d-a17a-7287-a787-ae0b18078aed,4,solemn buffet.pdf | eternal vows.pdf | timeless union.pdf | everlasting bliss.pdf,Poolside,"Garden & Greenery, Outdoor, Rooftop, Waterfront",1ea16977-0d9b-45e8-89a8-976a76241e62,Mon-Thu,Eternal Vows - 8-Course Chinese Menu,30,80,$130++/pax
Village Hotel Changi,village-hotel-changi,https://wedded.sg/venues/village-hotel-changi,019b6a9d-a17a-7287-a787-ae0b18078aed,4,solemn buffet.pdf | eternal vows.pdf | timeless union.pdf | everlasting bliss.pdf,Poolside,"Garden & Greenery, Outdoor, Rooftop, Waterfront",1ea16977-0d9b-45e8-89a8-976a76241e62,Friday,Eternal Vows - 8-Course Chinese Menu,30,80,$130++/pax
Village Hotel Changi,village-hotel-changi,https://wedded.sg/venues/village-hotel-changi,019b6a9d-a17a-7287-a787-ae0b18078aed,4,solemn buffet.pdf | eternal vows.pdf | timeless union.pdf | everlasting bliss.pdf,Poolside,"Garden & Greenery, Outdoor, Rooftop, Waterfront",1ea16977-0d9b-45e8-89a8-976a76241e62,Saturday,Eternal Vows - 8-Course Chinese Menu,30,80,$130++/pax
Village Hotel Changi,village-hotel-changi,https://wedded.sg/venues/village-hotel-changi,019b6a9d-a17a-7287-a787-ae0b18078aed,4,solemn buffet.pdf | eternal vows.pdf | timeless union.pdf | everlasting bliss.pdf,Poolside,"Garden & Greenery, Outdoor, Rooftop, Waterfront",1ea16977-0d9b-45e8-89a8-976a76241e62,Sunday,Eternal Vows - 8-Course Chinese Menu,30,80,$130++/pax
Village Hotel Changi,village-hotel-changi,https://wedded.sg/venues/village-hotel-changi,019b6a9d-a17a-7287-a787-ae0b18078aed,4,solemn buffet.pdf | eternal vows.pdf | timeless union.pdf | everlasting bliss.pdf,Quad,Indoor,643ed5fb-cc3d-4571-a8e3-d86ddf1c1e8f,Mon-Thu,Eternal Vows - 8-Course Chinese Menu,30,80,$130++/pax
Village Hotel Changi,village-hotel-changi,https://wedded.sg/venues/village-hotel-changi,019b6a9d-a17a-7287-a787-ae0b18078aed,4,solemn buffet.pdf | eternal vows.pdf | timeless union.pdf | everlasting bliss.pdf,Quad,Indoor,643ed5fb-cc3d-4571-a8e3-d86ddf1c1e8f,Friday,Eternal Vows - 8-Course Chinese Menu,30,80,$130++/pax
Village Hotel Changi,village-hotel-changi,https://wedded.sg/venues/village-hotel-changi,019b6a9d-a17a-7287-a787-ae0b18078aed,4,solemn buffet.pdf | eternal vows.pdf | timeless union.pdf | everlasting bliss.pdf,Quad,Indoor,643ed5fb-cc3d-4571-a8e3-d86ddf1c1e8f,Saturday,Eternal Vows - 8-Course Chinese Menu,30,80,$130++/pax
Village Hotel Changi,village-hotel-changi,https://wedded.sg/venues/village-hotel-changi,019b6a9d-a17a-7287-a787-ae0b18078aed,4,solemn buffet.pdf | eternal vows.pdf | timeless union.pdf | everlasting bliss.pdf,Quad,Indoor,643ed5fb-cc3d-4571-a8e3-d86ddf1c1e8f,Sunday,Eternal Vows - 8-Course Chinese Menu,30,80,$130++/pax
Village Hotel Changi,village-hotel-changi,https://wedded.sg/venues/village-hotel-changi,019b6a9d-a17a-7287-a787-ae0b18078aed,4,solemn buffet.pdf | eternal vows.pdf | timeless union.pdf | everlasting bliss.pdf,Sphere,Indoor,c7438cee-0162-4e2a-a9ec-f66b0e90a462,Mon-Thu,Eternal Vows - 8-Course Chinese Menu,30,70,$130++/pax
Village Hotel Changi,village-hotel-changi,https://wedded.sg/venues/village-hotel-changi,019b6a9d-a17a-7287-a787-ae0b18078aed,4,solemn buffet.pdf | eternal vows.pdf | timeless union.pdf | everlasting bliss.pdf,Sphere,Indoor,c7438cee-0162-4e2a-a9ec-f66b0e90a462,Friday,Eternal Vows - 8-Course Chinese Menu,30,70,$130++/pax
Village Hotel Changi,village-hotel-changi,https://wedded.sg/venues/village-hotel-changi,019b6a9d-a17a-7287-a787-ae0b18078aed,4,solemn buffet.pdf | eternal vows.pdf | timeless union.pdf | everlasting bliss.pdf,Sphere,Indoor,c7438cee-0162-4e2a-a9ec-f66b0e90a462,Saturday,Eternal Vows - 8-Course Chinese Menu,30,70,$130++/pax
Village Hotel Changi,village-hotel-changi,https://wedded.sg/venues/village-hotel-changi,019b6a9d-a17a-7287-a787-ae0b18078aed,4,solemn buffet.pdf | eternal vows.pdf | timeless union.pdf | everlasting bliss.pdf,Sphere,Indoor,c7438cee-0162-4e2a-a9ec-f66b0e90a462,Sunday,Eternal Vows - 8-Course Chinese Menu,30,70,$130++/pax
Village Hotel Changi,village-hotel-changi,https://wedded.sg/venues/village-hotel-changi,019b6a9d-a17a-7287-a787-ae0b18078aed,4,solemn buffet.pdf | eternal vows.pdf | timeless union.pdf | everlasting bliss.pdf,Square Ballroom,"Ballroom, Indoor",45650b56-e70b-4122-b050-643a4c642a09,Mon-Thu,Eternal Vows - 8-Course Chinese Menu,30,250,$130++/pax
Village Hotel Changi,village-hotel-changi,https://wedded.sg/venues/village-hotel-changi,019b6a9d-a17a-7287-a787-ae0b18078aed,4,solemn buffet.pdf | eternal vows.pdf | timeless union.pdf | everlasting bliss.pdf,Square Ballroom,"Ballroom, Indoor",45650b56-e70b-4122-b050-643a4c642a09,Friday,Eternal Vows - 8-Course Chinese Menu,30,250,$130++/pax
Village Hotel Changi,village-hotel-changi,https://wedded.sg/venues/village-hotel-changi,019b6a9d-a17a-7287-a787-ae0b18078aed,4,solemn buffet.pdf | eternal vows.pdf | timeless union.pdf | everlasting bliss.pdf,Square Ballroom,"Ballroom, Indoor",45650b56-e70b-4122-b050-643a4c642a09,Saturday,Eternal Vows - 8-Course Chinese Menu,30,250,$130++/pax
Village Hotel Changi,village-hotel-changi,https://wedded.sg/venues/village-hotel-changi,019b6a9d-a17a-7287-a787-ae0b18078aed,4,solemn buffet.pdf | eternal vows.pdf | timeless union.pdf | everlasting bliss.pdf,Square Ballroom,"Ballroom, Indoor",45650b56-e70b-4122-b050-643a4c642a09,Sunday,Eternal Vows - 8-Course Chinese Menu,30,250,$130++/pax
Village Hotel Katong,village-hotel-katong,https://wedded.sg/venues/village-hotel-katong,019b6a82-f6d8-7598-bdd4-ad330423db36,3,everlasting bliss package.pdf | timeless union brochure.pdf | eternal vows   chinese banquet brochure.pdf,Alfresco,"Outdoor, Rooftop",45f0e5d1-5734-4f45-9f60-b3eaa2795aef,Mon-Thu,Eternal Vows - 8-Course Chinese Menu,30,30,$130++/pax
Village Hotel Katong,village-hotel-katong,https://wedded.sg/venues/village-hotel-katong,019b6a82-f6d8-7598-bdd4-ad330423db36,3,everlasting bliss package.pdf | timeless union brochure.pdf | eternal vows   chinese banquet brochure.pdf,Alfresco,"Outdoor, Rooftop",45f0e5d1-5734-4f45-9f60-b3eaa2795aef,Friday,Eternal Vows - 8-Course Chinese Menu,30,30,$130++/pax
Village Hotel Katong,village-hotel-katong,https://wedded.sg/venues/village-hotel-katong,019b6a82-f6d8-7598-bdd4-ad330423db36,3,everlasting bliss package.pdf | timeless union brochure.pdf | eternal vows   chinese banquet brochure.pdf,Alfresco,"Outdoor, Rooftop",45f0e5d1-5734-4f45-9f60-b3eaa2795aef,Saturday,Eternal Vows - 8-Course Chinese Menu,30,30,$130++/pax
Village Hotel Katong,village-hotel-katong,https://wedded.sg/venues/village-hotel-katong,019b6a82-f6d8-7598-bdd4-ad330423db36,3,everlasting bliss package.pdf | timeless union brochure.pdf | eternal vows   chinese banquet brochure.pdf,Alfresco,"Outdoor, Rooftop",45f0e5d1-5734-4f45-9f60-b3eaa2795aef,Sunday,Eternal Vows - 8-Course Chinese Menu,30,30,$130++/pax
Village Hotel Katong,village-hotel-katong,https://wedded.sg/venues/village-hotel-katong,019b6a82-f6d8-7598-bdd4-ad330423db36,3,everlasting bliss package.pdf | timeless union brochure.pdf | eternal vows   chinese banquet brochure.pdf,Galangal,Indoor,850528d8-79c5-4eb2-865c-d49ee468498a,Mon-Thu,Eternal Vows - 8-Course Chinese Menu,30,50,$130++/pax
Village Hotel Katong,village-hotel-katong,https://wedded.sg/venues/village-hotel-katong,019b6a82-f6d8-7598-bdd4-ad330423db36,3,everlasting bliss package.pdf | timeless union brochure.pdf | eternal vows   chinese banquet brochure.pdf,Galangal,Indoor,850528d8-79c5-4eb2-865c-d49ee468498a,Friday,Eternal Vows - 8-Course Chinese Menu,30,50,$130++/pax
Village Hotel Katong,village-hotel-katong,https://wedded.sg/venues/village-hotel-katong,019b6a82-f6d8-7598-bdd4-ad330423db36,3,everlasting bliss package.pdf | timeless union brochure.pdf | eternal vows   chinese banquet brochure.pdf,Galangal,Indoor,850528d8-79c5-4eb2-865c-d49ee468498a,Saturday,Eternal Vows - 8-Course Chinese Menu,30,50,$130++/pax
Village Hotel Katong,village-hotel-katong,https://wedded.sg/venues/village-hotel-katong,019b6a82-f6d8-7598-bdd4-ad330423db36,3,everlasting bliss package.pdf | timeless union brochure.pdf | eternal vows   chinese banquet brochure.pdf,Galangal,Indoor,850528d8-79c5-4eb2-865c-d49ee468498a,Sunday,Eternal Vows - 8-Course Chinese Menu,30,50,$130++/pax
Village Hotel Katong,village-hotel-katong,https://wedded.sg/venues/village-hotel-katong,019b6a82-f6d8-7598-bdd4-ad330423db36,3,everlasting bliss package.pdf | timeless union brochure.pdf | eternal vows   chinese banquet brochure.pdf,Saffron Ballroom,"Ballroom, Indoor",b34e7a59-0b61-43ff-8fd5-c0142ef4af55,Mon-Thu,Eternal Vows - 8-Course Chinese Menu,30,150,$130++/pax
Village Hotel Katong,village-hotel-katong,https://wedded.sg/venues/village-hotel-katong,019b6a82-f6d8-7598-bdd4-ad330423db36,3,everlasting bliss package.pdf | timeless union brochure.pdf | eternal vows   chinese banquet brochure.pdf,Saffron Ballroom,"Ballroom, Indoor",b34e7a59-0b61-43ff-8fd5-c0142ef4af55,Friday,Eternal Vows - 8-Course Chinese Menu,30,150,$130++/pax
Village Hotel Katong,village-hotel-katong,https://wedded.sg/venues/village-hotel-katong,019b6a82-f6d8-7598-bdd4-ad330423db36,3,everlasting bliss package.pdf | timeless union brochure.pdf | eternal vows   chinese banquet brochure.pdf,Saffron Ballroom,"Ballroom, Indoor",b34e7a59-0b61-43ff-8fd5-c0142ef4af55,Saturday,Eternal Vows - 8-Course Chinese Menu,30,150,$130++/pax
Village Hotel Katong,village-hotel-katong,https://wedded.sg/venues/village-hotel-katong,019b6a82-f6d8-7598-bdd4-ad330423db36,3,everlasting bliss package.pdf | timeless union brochure.pdf | eternal vows   chinese banquet brochure.pdf,Saffron Ballroom,"Ballroom, Indoor",b34e7a59-0b61-43ff-8fd5-c0142ef4af55,Sunday,Eternal Vows - 8-Course Chinese Menu,30,150,$130++/pax
Village Hotel Sentosa,village-hotel-sentosa,https://wedded.sg/venues/village-hotel-sentosa,019b6a56-9f5c-7a15-a0af-f21a97c40e74,1,2026 wedding dinner package new.pdf,The Commune,Indoor,c1f062e4-e27e-4f5d-9078-1fc4c97a2036,Mon-Thu,Chef's Menu,200,320,$162++/pax
Village Hotel Sentosa,village-hotel-sentosa,https://wedded.sg/venues/village-hotel-sentosa,019b6a56-9f5c-7a15-a0af-f21a97c40e74,1,2026 wedding dinner package new.pdf,The Commune,Indoor,c1f062e4-e27e-4f5d-9078-1fc4c97a2036,Friday,Chef's Menu,200,320,$162++/pax
Village Hotel Sentosa,village-hotel-sentosa,https://wedded.sg/venues/village-hotel-sentosa,019b6a56-9f5c-7a15-a0af-f21a97c40e74,1,2026 wedding dinner package new.pdf,The Commune,Indoor,c1f062e4-e27e-4f5d-9078-1fc4c97a2036,Saturday,Chef's Menu,200,320,$192++/pax
Village Hotel Sentosa,village-hotel-sentosa,https://wedded.sg/venues/village-hotel-sentosa,019b6a56-9f5c-7a15-a0af-f21a97c40e74,1,2026 wedding dinner package new.pdf,The Commune,Indoor,c1f062e4-e27e-4f5d-9078-1fc4c97a2036,Sunday,Chef's Menu,200,320,$192++/pax
Vineyard at HortPark,vineyard-at-hortpark,https://wedded.sg/venues/vineyard-at-hortpark,019bbdcb-b7f4-7e36-8d8b-e97d08b7039c,0,,Full Restaurant (Indoor Dining Hall and The Verandah),"Garden & Greenery, Glasshouse, Indoor, Outdoor, Restaurant",647f2c4e-9543-430b-8522-62db04db45c2,Mon-Thu,4 Course Western Set Menu or Deluxe International Buffet Menu,1,146,"$7,500++"
Vineyard at HortPark,vineyard-at-hortpark,https://wedded.sg/venues/vineyard-at-hortpark,019bbdcb-b7f4-7e36-8d8b-e97d08b7039c,0,,Full Restaurant (Indoor Dining Hall and The Verandah),"Garden & Greenery, Glasshouse, Indoor, Outdoor, Restaurant",647f2c4e-9543-430b-8522-62db04db45c2,Friday,4 Course Western Set Menu or Deluxe International Buffet Menu,1,146,"$11,000++"
Vineyard at HortPark,vineyard-at-hortpark,https://wedded.sg/venues/vineyard-at-hortpark,019bbdcb-b7f4-7e36-8d8b-e97d08b7039c,0,,Full Restaurant (Indoor Dining Hall and The Verandah),"Garden & Greenery, Glasshouse, Indoor, Outdoor, Restaurant",647f2c4e-9543-430b-8522-62db04db45c2,Saturday,4 Course Western Set Menu or Deluxe International Buffet Menu,1,146,"$11,000++"
Vineyard at HortPark,vineyard-at-hortpark,https://wedded.sg/venues/vineyard-at-hortpark,019bbdcb-b7f4-7e36-8d8b-e97d08b7039c,0,,Full Restaurant (Indoor Dining Hall and The Verandah),"Garden & Greenery, Glasshouse, Indoor, Outdoor, Restaurant",647f2c4e-9543-430b-8522-62db04db45c2,Sunday,4 Course Western Set Menu or Deluxe International Buffet Menu,1,146,"$11,000++"
Vineyard at HortPark,vineyard-at-hortpark,https://wedded.sg/venues/vineyard-at-hortpark,019bbdcb-b7f4-7e36-8d8b-e97d08b7039c,0,,Indoor Dining Hall,"Garden & Greenery, Glasshouse, Indoor, Restaurant",b70df4b4-b0f5-4ea9-af4f-17dc8611af83,Mon-Thu,4 Course Western Set Menu or Deluxe International Buffet Menu,1,86,"$4,900++"
Vineyard at HortPark,vineyard-at-hortpark,https://wedded.sg/venues/vineyard-at-hortpark,019bbdcb-b7f4-7e36-8d8b-e97d08b7039c,0,,Indoor Dining Hall,"Garden & Greenery, Glasshouse, Indoor, Restaurant",b70df4b4-b0f5-4ea9-af4f-17dc8611af83,Friday,4 Course Western Set Menu or Deluxe International Buffet Menu,1,86,"$9,000++"
Vineyard at HortPark,vineyard-at-hortpark,https://wedded.sg/venues/vineyard-at-hortpark,019bbdcb-b7f4-7e36-8d8b-e97d08b7039c,0,,Indoor Dining Hall,"Garden & Greenery, Glasshouse, Indoor, Restaurant",b70df4b4-b0f5-4ea9-af4f-17dc8611af83,Saturday,4 Course Western Set Menu or Deluxe International Buffet Menu,1,86,"$9,000++"
Vineyard at HortPark,vineyard-at-hortpark,https://wedded.sg/venues/vineyard-at-hortpark,019bbdcb-b7f4-7e36-8d8b-e97d08b7039c,0,,Indoor Dining Hall,"Garden & Greenery, Glasshouse, Indoor, Restaurant",b70df4b4-b0f5-4ea9-af4f-17dc8611af83,Sunday,4 Course Western Set Menu or Deluxe International Buffet Menu,1,86,"$9,000++"
Vineyard at HortPark,vineyard-at-hortpark,https://wedded.sg/venues/vineyard-at-hortpark,019bbdcb-b7f4-7e36-8d8b-e97d08b7039c,0,,The Verandah (Air Conditioned Outdoor),"Garden & Greenery, Glasshouse, Indoor, Outdoor, Restaurant",2c058b1e-791d-4546-ac5f-1754d9ae9de0,Mon-Thu,4 Course Western Set Menu or Deluxe International Buffet Menu,1,60,"$3,500++"
Vineyard at HortPark,vineyard-at-hortpark,https://wedded.sg/venues/vineyard-at-hortpark,019bbdcb-b7f4-7e36-8d8b-e97d08b7039c,0,,The Verandah (Air Conditioned Outdoor),"Garden & Greenery, Glasshouse, Indoor, Outdoor, Restaurant",2c058b1e-791d-4546-ac5f-1754d9ae9de0,Friday,4 Course Western Set Menu or Deluxe International Buffet Menu,1,60,"$4,500++"
Vineyard at HortPark,vineyard-at-hortpark,https://wedded.sg/venues/vineyard-at-hortpark,019bbdcb-b7f4-7e36-8d8b-e97d08b7039c,0,,The Verandah (Air Conditioned Outdoor),"Garden & Greenery, Glasshouse, Indoor, Outdoor, Restaurant",2c058b1e-791d-4546-ac5f-1754d9ae9de0,Saturday,4 Course Western Set Menu or Deluxe International Buffet Menu,1,60,"$4,500++"
Vineyard at HortPark,vineyard-at-hortpark,https://wedded.sg/venues/vineyard-at-hortpark,019bbdcb-b7f4-7e36-8d8b-e97d08b7039c,0,,The Verandah (Air Conditioned Outdoor),"Garden & Greenery, Glasshouse, Indoor, Outdoor, Restaurant",2c058b1e-791d-4546-ac5f-1754d9ae9de0,Sunday,4 Course Western Set Menu or Deluxe International Buffet Menu,1,60,"$4,500++"
voco Orchard,voco-orchard,https://wedded.sg/venues/voco-orchard,019ae2a1-671d-7196-bac7-7a583f614d9d,1,VOCO 2026.pdf,Grand Ballroom,"Ballroom, Indoor",6d11c215-0c0b-42a6-9c82-91919f201c83,Mon-Thu,7-Course Chinese Menu,200,420,$169++/pax
voco Orchard,voco-orchard,https://wedded.sg/venues/voco-orchard,019ae2a1-671d-7196-bac7-7a583f614d9d,1,VOCO 2026.pdf,Grand Ballroom,"Ballroom, Indoor",6d11c215-0c0b-42a6-9c82-91919f201c83,Friday,7-Course Chinese Menu,200,420,$169++/pax
voco Orchard,voco-orchard,https://wedded.sg/venues/voco-orchard,019ae2a1-671d-7196-bac7-7a583f614d9d,1,VOCO 2026.pdf,Grand Ballroom,"Ballroom, Indoor",6d11c215-0c0b-42a6-9c82-91919f201c83,Saturday,7-Course Chinese Menu,200,420,$169++/pax
voco Orchard,voco-orchard,https://wedded.sg/venues/voco-orchard,019ae2a1-671d-7196-bac7-7a583f614d9d,1,VOCO 2026.pdf,Grand Ballroom,"Ballroom, Indoor",6d11c215-0c0b-42a6-9c82-91919f201c83,Sunday,7-Course Chinese Menu,200,420,$169++/pax
voco Orchard,voco-orchard,https://wedded.sg/venues/voco-orchard,019ae2a1-671d-7196-bac7-7a583f614d9d,1,VOCO 2026.pdf,Panorama Room,"Indoor, Rooftop",1b08bf9b-b92f-47bf-a000-8d789f73edf7,Mon-Thu,7-Course Chinese Menu,150,220,$169++/pax
voco Orchard,voco-orchard,https://wedded.sg/venues/voco-orchard,019ae2a1-671d-7196-bac7-7a583f614d9d,1,VOCO 2026.pdf,Panorama Room,"Indoor, Rooftop",1b08bf9b-b92f-47bf-a000-8d789f73edf7,Friday,7-Course Chinese Menu,150,220,$169++/pax
voco Orchard,voco-orchard,https://wedded.sg/venues/voco-orchard,019ae2a1-671d-7196-bac7-7a583f614d9d,1,VOCO 2026.pdf,Panorama Room,"Indoor, Rooftop",1b08bf9b-b92f-47bf-a000-8d789f73edf7,Saturday,7-Course Chinese Menu,150,220,$169++/pax
voco Orchard,voco-orchard,https://wedded.sg/venues/voco-orchard,019ae2a1-671d-7196-bac7-7a583f614d9d,1,VOCO 2026.pdf,Panorama Room,"Indoor, Rooftop",1b08bf9b-b92f-47bf-a000-8d789f73edf7,Sunday,7-Course Chinese Menu,150,220,$169++/pax
voco Orchard,voco-orchard,https://wedded.sg/venues/voco-orchard,019ae2a1-671d-7196-bac7-7a583f614d9d,1,VOCO 2026.pdf,Vista Room,Indoor,fb247672-412c-44e9-91d6-238017e181d5,Mon-Thu,7-Course Chinese Menu,100,200,$169++/pax
voco Orchard,voco-orchard,https://wedded.sg/venues/voco-orchard,019ae2a1-671d-7196-bac7-7a583f614d9d,1,VOCO 2026.pdf,Vista Room,Indoor,fb247672-412c-44e9-91d6-238017e181d5,Friday,7-Course Chinese Menu,100,200,$169++/pax
voco Orchard,voco-orchard,https://wedded.sg/venues/voco-orchard,019ae2a1-671d-7196-bac7-7a583f614d9d,1,VOCO 2026.pdf,Vista Room,Indoor,fb247672-412c-44e9-91d6-238017e181d5,Saturday,7-Course Chinese Menu,100,200,$169++/pax
voco Orchard,voco-orchard,https://wedded.sg/venues/voco-orchard,019ae2a1-671d-7196-bac7-7a583f614d9d,1,VOCO 2026.pdf,Vista Room,Indoor,fb247672-412c-44e9-91d6-238017e181d5,Sunday,7-Course Chinese Menu,100,200,$169++/pax
W Singapore Sentosa Cove,w-singapore-sentosa-cove,https://wedded.sg/venues/w-singapore-sentosa-cove,019b69be-c5a8-7b7c-8e21-66c341bfb5b1,6,Wedding at the kitchen table.pdf | Say 'I DO' ~ Studios Dinner.pdf | Say 'I DO' ~ Great Room Dinner.pdf | Say 'I DO' ~ Great Room Lunch.pdf | Say 'I DO' ~ Studios Lunch.pdf | Wedding at SKIRT.pdf,Great Room,"Garden & Greenery, Indoor, Outdoor",09b8ec7c-3d46-4478-92c9-03d1be23b89e,Mon-Thu,Chinese 6-Course Plated Menu,200,480,$198++/pax
W Singapore Sentosa Cove,w-singapore-sentosa-cove,https://wedded.sg/venues/w-singapore-sentosa-cove,019b69be-c5a8-7b7c-8e21-66c341bfb5b1,6,Wedding at the kitchen table.pdf | Say 'I DO' ~ Studios Dinner.pdf | Say 'I DO' ~ Great Room Dinner.pdf | Say 'I DO' ~ Great Room Lunch.pdf | Say 'I DO' ~ Studios Lunch.pdf | Wedding at SKIRT.pdf,Great Room,"Garden & Greenery, Indoor, Outdoor",09b8ec7c-3d46-4478-92c9-03d1be23b89e,Friday,Chinese 6-Course Plated Menu,200,480,$198++/pax
W Singapore Sentosa Cove,w-singapore-sentosa-cove,https://wedded.sg/venues/w-singapore-sentosa-cove,019b69be-c5a8-7b7c-8e21-66c341bfb5b1,6,Wedding at the kitchen table.pdf | Say 'I DO' ~ Studios Dinner.pdf | Say 'I DO' ~ Great Room Dinner.pdf | Say 'I DO' ~ Great Room Lunch.pdf | Say 'I DO' ~ Studios Lunch.pdf | Wedding at SKIRT.pdf,Great Room,"Garden & Greenery, Indoor, Outdoor",09b8ec7c-3d46-4478-92c9-03d1be23b89e,Saturday,Chinese 6-Course Plated Menu,200,480,$198++/pax
W Singapore Sentosa Cove,w-singapore-sentosa-cove,https://wedded.sg/venues/w-singapore-sentosa-cove,019b69be-c5a8-7b7c-8e21-66c341bfb5b1,6,Wedding at the kitchen table.pdf | Say 'I DO' ~ Studios Dinner.pdf | Say 'I DO' ~ Great Room Dinner.pdf | Say 'I DO' ~ Great Room Lunch.pdf | Say 'I DO' ~ Studios Lunch.pdf | Wedding at SKIRT.pdf,Great Room,"Garden & Greenery, Indoor, Outdoor",09b8ec7c-3d46-4478-92c9-03d1be23b89e,Sunday,Chinese 6-Course Plated Menu,200,480,$198++/pax
W Singapore Sentosa Cove,w-singapore-sentosa-cove,https://wedded.sg/venues/w-singapore-sentosa-cove,019b69be-c5a8-7b7c-8e21-66c341bfb5b1,6,Wedding at the kitchen table.pdf | Say 'I DO' ~ Studios Dinner.pdf | Say 'I DO' ~ Great Room Dinner.pdf | Say 'I DO' ~ Great Room Lunch.pdf | Say 'I DO' ~ Studios Lunch.pdf | Wedding at SKIRT.pdf,SKIRT Restaurant,"Garden & Greenery, Glasshouse, Indoor, Outdoor, Restaurant, Waterfront",42128bd7-2b90-4736-a23c-ea668455f307,Mon-Thu,4-Course Set Menu,50,110,$208++/pax
W Singapore Sentosa Cove,w-singapore-sentosa-cove,https://wedded.sg/venues/w-singapore-sentosa-cove,019b69be-c5a8-7b7c-8e21-66c341bfb5b1,6,Wedding at the kitchen table.pdf | Say 'I DO' ~ Studios Dinner.pdf | Say 'I DO' ~ Great Room Dinner.pdf | Say 'I DO' ~ Great Room Lunch.pdf | Say 'I DO' ~ Studios Lunch.pdf | Wedding at SKIRT.pdf,SKIRT Restaurant,"Garden & Greenery, Glasshouse, Indoor, Outdoor, Restaurant, Waterfront",42128bd7-2b90-4736-a23c-ea668455f307,Friday,4-Course Set Menu,50,110,$208++/pax
W Singapore Sentosa Cove,w-singapore-sentosa-cove,https://wedded.sg/venues/w-singapore-sentosa-cove,019b69be-c5a8-7b7c-8e21-66c341bfb5b1,6,Wedding at the kitchen table.pdf | Say 'I DO' ~ Studios Dinner.pdf | Say 'I DO' ~ Great Room Dinner.pdf | Say 'I DO' ~ Great Room Lunch.pdf | Say 'I DO' ~ Studios Lunch.pdf | Wedding at SKIRT.pdf,SKIRT Restaurant,"Garden & Greenery, Glasshouse, Indoor, Outdoor, Restaurant, Waterfront",42128bd7-2b90-4736-a23c-ea668455f307,Saturday,4-Course Set Menu,50,110,$208++/pax
W Singapore Sentosa Cove,w-singapore-sentosa-cove,https://wedded.sg/venues/w-singapore-sentosa-cove,019b69be-c5a8-7b7c-8e21-66c341bfb5b1,6,Wedding at the kitchen table.pdf | Say 'I DO' ~ Studios Dinner.pdf | Say 'I DO' ~ Great Room Dinner.pdf | Say 'I DO' ~ Great Room Lunch.pdf | Say 'I DO' ~ Studios Lunch.pdf | Wedding at SKIRT.pdf,SKIRT Restaurant,"Garden & Greenery, Glasshouse, Indoor, Outdoor, Restaurant, Waterfront",42128bd7-2b90-4736-a23c-ea668455f307,Sunday,4-Course Set Menu,50,110,$208++/pax
W Singapore Sentosa Cove,w-singapore-sentosa-cove,https://wedded.sg/venues/w-singapore-sentosa-cove,019b69be-c5a8-7b7c-8e21-66c341bfb5b1,6,Wedding at the kitchen table.pdf | Say 'I DO' ~ Studios Dinner.pdf | Say 'I DO' ~ Great Room Dinner.pdf | Say 'I DO' ~ Great Room Lunch.pdf | Say 'I DO' ~ Studios Lunch.pdf | Wedding at SKIRT.pdf,Studio Room,"Garden & Greenery, Glasshouse, Indoor, Outdoor",84200fe3-2bad-4b78-b37d-7ebeef31a29b,Mon-Thu,Chinese 6-Course Plated Menu,100,150,$198++/pax
W Singapore Sentosa Cove,w-singapore-sentosa-cove,https://wedded.sg/venues/w-singapore-sentosa-cove,019b69be-c5a8-7b7c-8e21-66c341bfb5b1,6,Wedding at the kitchen table.pdf | Say 'I DO' ~ Studios Dinner.pdf | Say 'I DO' ~ Great Room Dinner.pdf | Say 'I DO' ~ Great Room Lunch.pdf | Say 'I DO' ~ Studios Lunch.pdf | Wedding at SKIRT.pdf,Studio Room,"Garden & Greenery, Glasshouse, Indoor, Outdoor",84200fe3-2bad-4b78-b37d-7ebeef31a29b,Friday,Chinese 6-Course Plated Menu,100,150,$198++/pax
W Singapore Sentosa Cove,w-singapore-sentosa-cove,https://wedded.sg/venues/w-singapore-sentosa-cove,019b69be-c5a8-7b7c-8e21-66c341bfb5b1,6,Wedding at the kitchen table.pdf | Say 'I DO' ~ Studios Dinner.pdf | Say 'I DO' ~ Great Room Dinner.pdf | Say 'I DO' ~ Great Room Lunch.pdf | Say 'I DO' ~ Studios Lunch.pdf | Wedding at SKIRT.pdf,Studio Room,"Garden & Greenery, Glasshouse, Indoor, Outdoor",84200fe3-2bad-4b78-b37d-7ebeef31a29b,Saturday,Chinese 6-Course Plated Menu,100,150,$198++/pax
W Singapore Sentosa Cove,w-singapore-sentosa-cove,https://wedded.sg/venues/w-singapore-sentosa-cove,019b69be-c5a8-7b7c-8e21-66c341bfb5b1,6,Wedding at the kitchen table.pdf | Say 'I DO' ~ Studios Dinner.pdf | Say 'I DO' ~ Great Room Dinner.pdf | Say 'I DO' ~ Great Room Lunch.pdf | Say 'I DO' ~ Studios Lunch.pdf | Wedding at SKIRT.pdf,Studio Room,"Garden & Greenery, Glasshouse, Indoor, Outdoor",84200fe3-2bad-4b78-b37d-7ebeef31a29b,Sunday,Chinese 6-Course Plated Menu,100,150,$198++/pax
W Singapore Sentosa Cove,w-singapore-sentosa-cove,https://wedded.sg/venues/w-singapore-sentosa-cove,019b69be-c5a8-7b7c-8e21-66c341bfb5b1,6,Wedding at the kitchen table.pdf | Say 'I DO' ~ Studios Dinner.pdf | Say 'I DO' ~ Great Room Dinner.pdf | Say 'I DO' ~ Great Room Lunch.pdf | Say 'I DO' ~ Studios Lunch.pdf | Wedding at SKIRT.pdf,The Kitchen Table Restaurant,"Garden & Greenery, Glasshouse, Indoor, Outdoor, Restaurant, Waterfront",df7d45ec-a8a7-43e2-8a40-a924eefa0825,Mon-Thu,4-Course Set Menu or Buffet,80,138,$188++/pax
W Singapore Sentosa Cove,w-singapore-sentosa-cove,https://wedded.sg/venues/w-singapore-sentosa-cove,019b69be-c5a8-7b7c-8e21-66c341bfb5b1,6,Wedding at the kitchen table.pdf | Say 'I DO' ~ Studios Dinner.pdf | Say 'I DO' ~ Great Room Dinner.pdf | Say 'I DO' ~ Great Room Lunch.pdf | Say 'I DO' ~ Studios Lunch.pdf | Wedding at SKIRT.pdf,The Kitchen Table Restaurant,"Garden & Greenery, Glasshouse, Indoor, Outdoor, Restaurant, Waterfront",df7d45ec-a8a7-43e2-8a40-a924eefa0825,Friday,4-Course Set Menu or Buffet,80,138,$188++/pax
W Singapore Sentosa Cove,w-singapore-sentosa-cove,https://wedded.sg/venues/w-singapore-sentosa-cove,019b69be-c5a8-7b7c-8e21-66c341bfb5b1,6,Wedding at the kitchen table.pdf | Say 'I DO' ~ Studios Dinner.pdf | Say 'I DO' ~ Great Room Dinner.pdf | Say 'I DO' ~ Great Room Lunch.pdf | Say 'I DO' ~ Studios Lunch.pdf | Wedding at SKIRT.pdf,The Kitchen Table Restaurant,"Garden & Greenery, Glasshouse, Indoor, Outdoor, Restaurant, Waterfront",df7d45ec-a8a7-43e2-8a40-a924eefa0825,Saturday,4-Course Set Menu or Buffet,80,138,$188++/pax
W Singapore Sentosa Cove,w-singapore-sentosa-cove,https://wedded.sg/venues/w-singapore-sentosa-cove,019b69be-c5a8-7b7c-8e21-66c341bfb5b1,6,Wedding at the kitchen table.pdf | Say 'I DO' ~ Studios Dinner.pdf | Say 'I DO' ~ Great Room Dinner.pdf | Say 'I DO' ~ Great Room Lunch.pdf | Say 'I DO' ~ Studios Lunch.pdf | Wedding at SKIRT.pdf,The Kitchen Table Restaurant,"Garden & Greenery, Glasshouse, Indoor, Outdoor, Restaurant, Waterfront",df7d45ec-a8a7-43e2-8a40-a924eefa0825,Sunday,4-Course Set Menu or Buffet,80,138,$188++/pax
Wheeler's Tropikana,wheelers-tropikana,https://wedded.sg/venues/wheelers-tropikana,019b8899-0dc5-7643-b45c-45beccb94510,0,,Full Buyout,"Garden & Greenery, Indoor, Outdoor, Restaurant",61b374ad-397e-4346-b417-0180138f4974,Mon-Thu,10 Course Buffet,1,230,"$28,000++"
Wheeler's Tropikana,wheelers-tropikana,https://wedded.sg/venues/wheelers-tropikana,019b8899-0dc5-7643-b45c-45beccb94510,0,,Full Buyout,"Garden & Greenery, Indoor, Outdoor, Restaurant",61b374ad-397e-4346-b417-0180138f4974,Friday,10 Course Buffet,1,230,"$34,000++"
Wheeler's Tropikana,wheelers-tropikana,https://wedded.sg/venues/wheelers-tropikana,019b8899-0dc5-7643-b45c-45beccb94510,0,,Full Buyout,"Garden & Greenery, Indoor, Outdoor, Restaurant",61b374ad-397e-4346-b417-0180138f4974,Saturday,10 Course Buffet,1,230,"$34,000++"
Wheeler's Tropikana,wheelers-tropikana,https://wedded.sg/venues/wheelers-tropikana,019b8899-0dc5-7643-b45c-45beccb94510,0,,Full Buyout,"Garden & Greenery, Indoor, Outdoor, Restaurant",61b374ad-397e-4346-b417-0180138f4974,Sunday,10 Course Buffet,1,230,"$34,000++"
Wheeler's Tropikana,wheelers-tropikana,https://wedded.sg/venues/wheelers-tropikana,019b8899-0dc5-7643-b45c-45beccb94510,0,,Level 1 Deck,"Garden & Greenery, Outdoor, Restaurant",a5f878d1-4918-43d5-9a2a-e6045d3c5aae,Mon-Thu,10 Course Buffet,1,170,"$20,000++"
Wheeler's Tropikana,wheelers-tropikana,https://wedded.sg/venues/wheelers-tropikana,019b8899-0dc5-7643-b45c-45beccb94510,0,,Level 1 Deck,"Garden & Greenery, Outdoor, Restaurant",a5f878d1-4918-43d5-9a2a-e6045d3c5aae,Friday,10 Course Buffet,1,170,"$24,000++"
Wheeler's Tropikana,wheelers-tropikana,https://wedded.sg/venues/wheelers-tropikana,019b8899-0dc5-7643-b45c-45beccb94510,0,,Level 1 Deck,"Garden & Greenery, Outdoor, Restaurant",a5f878d1-4918-43d5-9a2a-e6045d3c5aae,Saturday,10 Course Buffet,1,170,"$24,000++"
Wheeler's Tropikana,wheelers-tropikana,https://wedded.sg/venues/wheelers-tropikana,019b8899-0dc5-7643-b45c-45beccb94510,0,,Level 1 Deck,"Garden & Greenery, Outdoor, Restaurant",a5f878d1-4918-43d5-9a2a-e6045d3c5aae,Sunday,10 Course Buffet,1,170,"$24,000++"
Wheeler's Tropikana,wheelers-tropikana,https://wedded.sg/venues/wheelers-tropikana,019b8899-0dc5-7643-b45c-45beccb94510,0,,Level 2 Deck,"Garden & Greenery, Indoor, Restaurant",9dd5ef6c-ae70-4b44-97dd-a87329a6331b,Mon-Thu,10 Course Buffet,1,60,"$8,000++"
Wheeler's Tropikana,wheelers-tropikana,https://wedded.sg/venues/wheelers-tropikana,019b8899-0dc5-7643-b45c-45beccb94510,0,,Level 2 Deck,"Garden & Greenery, Indoor, Restaurant",9dd5ef6c-ae70-4b44-97dd-a87329a6331b,Friday,10 Course Buffet,1,60,"$10,000++"
Wheeler's Tropikana,wheelers-tropikana,https://wedded.sg/venues/wheelers-tropikana,019b8899-0dc5-7643-b45c-45beccb94510,0,,Level 2 Deck,"Garden & Greenery, Indoor, Restaurant",9dd5ef6c-ae70-4b44-97dd-a87329a6331b,Saturday,10 Course Buffet,1,60,"$10,000++"
Wheeler's Tropikana,wheelers-tropikana,https://wedded.sg/venues/wheelers-tropikana,019b8899-0dc5-7643-b45c-45beccb94510,0,,Level 2 Deck,"Garden & Greenery, Indoor, Restaurant",9dd5ef6c-ae70-4b44-97dd-a87329a6331b,Sunday,10 Course Buffet,1,60,"$10,000++"
Ya Ge @ Orchid Hotel,ya-ge-at-orchid-hotel,https://wedded.sg/venues/ya-ge-at-orchid-hotel,019b9a3c-a93e-7d04-8910-c5784db68763,1,wedding packages 2025 26.pdf,Restaurant,"Indoor, Restaurant",71cee0bf-55e4-4ffa-91d7-17e0728229d8,Mon-Thu,8-Course Chinese Menu (Celebration Set Menu),50,120,$119++/pax
Ya Ge @ Orchid Hotel,ya-ge-at-orchid-hotel,https://wedded.sg/venues/ya-ge-at-orchid-hotel,019b9a3c-a93e-7d04-8910-c5784db68763,1,wedding packages 2025 26.pdf,Restaurant,"Indoor, Restaurant",71cee0bf-55e4-4ffa-91d7-17e0728229d8,Friday,8-Course Chinese Menu (Celebration Set Menu),50,120,$119++/pax
Ya Ge @ Orchid Hotel,ya-ge-at-orchid-hotel,https://wedded.sg/venues/ya-ge-at-orchid-hotel,019b9a3c-a93e-7d04-8910-c5784db68763,1,wedding packages 2025 26.pdf,Restaurant,"Indoor, Restaurant",71cee0bf-55e4-4ffa-91d7-17e0728229d8,Saturday,8-Course Chinese Menu (Celebration Set Menu),50,120,$119++/pax
Ya Ge @ Orchid Hotel,ya-ge-at-orchid-hotel,https://wedded.sg/venues/ya-ge-at-orchid-hotel,019b9a3c-a93e-7d04-8910-c5784db68763,1,wedding packages 2025 26.pdf,Restaurant,"Indoor, Restaurant",71cee0bf-55e4-4ffa-91d7-17e0728229d8,Sunday,8-Course Chinese Menu (Celebration Set Menu),50,120,$119++/pax
York Hotel Singapore,york-hotel-singapore,https://wedded.sg/venues/york-hotel-singapore,019b69a9-a6ce-7404-afa2-0db44e7ed3c1,1,york.pdf,Rosemarie Hall,Indoor,dc849b86-5aed-4f82-ba81-6ba1e522c23a,Mon-Thu,Sweet Romance,160,300,$118++/pax
York Hotel Singapore,york-hotel-singapore,https://wedded.sg/venues/york-hotel-singapore,019b69a9-a6ce-7404-afa2-0db44e7ed3c1,1,york.pdf,Rosemarie Hall,Indoor,dc849b86-5aed-4f82-ba81-6ba1e522c23a,Friday,Sweet Romance,160,300,$124++/pax
York Hotel Singapore,york-hotel-singapore,https://wedded.sg/venues/york-hotel-singapore,019b69a9-a6ce-7404-afa2-0db44e7ed3c1,1,york.pdf,Rosemarie Hall,Indoor,dc849b86-5aed-4f82-ba81-6ba1e522c23a,Saturday,Sweet Romance,160,300,$124++/pax
York Hotel Singapore,york-hotel-singapore,https://wedded.sg/venues/york-hotel-singapore,019b69a9-a6ce-7404-afa2-0db44e7ed3c1,1,york.pdf,Rosemarie Hall,Indoor,dc849b86-5aed-4f82-ba81-6ba1e522c23a,Sunday,Sweet Romance,160,300,$124++/pax
York Hotel Singapore,york-hotel-singapore,https://wedded.sg/venues/york-hotel-singapore,019b69a9-a6ce-7404-afa2-0db44e7ed3c1,1,york.pdf,Top of the York,Indoor,be486bc5-c473-405d-89ce-579cd02aa28b,Mon-Thu,Sweet Romance,100,120,$118++/pax
York Hotel Singapore,york-hotel-singapore,https://wedded.sg/venues/york-hotel-singapore,019b69a9-a6ce-7404-afa2-0db44e7ed3c1,1,york.pdf,Top of the York,Indoor,be486bc5-c473-405d-89ce-579cd02aa28b,Friday,Sweet Romance,100,120,$124++/pax
York Hotel Singapore,york-hotel-singapore,https://wedded.sg/venues/york-hotel-singapore,019b69a9-a6ce-7404-afa2-0db44e7ed3c1,1,york.pdf,Top of the York,Indoor,be486bc5-c473-405d-89ce-579cd02aa28b,Saturday,Sweet Romance,100,120,$124++/pax
York Hotel Singapore,york-hotel-singapore,https://wedded.sg/venues/york-hotel-singapore,019b69a9-a6ce-7404-afa2-0db44e7ed3c1,1,york.pdf,Top of the York,Indoor,be486bc5-c473-405d-89ce-579cd02aa28b,Sunday,Sweet Romance,100,120,$124++/pax
