channel,datetime,images,links,message_id,preview_url,text,url
blissfulbrides,2026-06-27T01:02:50+00:00,[],"[""https://www.blissfulbrides.sg/package-detaile/2847/man-fu-yuan-wedding-packages-2026""]",1859,,"Man Fu Yuan Wedding Packages 2026
by Frasers House, a Luxury Collection Hotel, Singapor
e
Start from $3288++
For more information
Here
!",https://t.me/blissfulbrides/1859
blissfulbrides,2026-06-26T01:01:12+00:00,[],"[""https://www.blissfulbrides.sg/package-detaile/2798/eternal-vows-chinese-banquet-2026-2027""]",1857,,"Eternal Vows - Chinese Banquet 2026/2027
by Village Hotel Katong
Start from $1556.30++
For more information
Here
!",https://t.me/blissfulbrides/1857
blissfulbrides,2026-06-24T01:03:52+00:00,[],"[""https://www.blissfulbrides.sg/package-detaile/2842/2026-weekend-wedding-dinner-package""]",1855,,"2026 Weekend Wedding Dinner Package
by PARKROYAL on Beach Road
Start from $1868++
For more information
Here
!",https://t.me/blissfulbrides/1855
blissfulbrides,2026-06-23T01:04:33+00:00,[],"[""https://www.blissfulbrides.sg/package-detaile/2830/couple-watercolor-painting-live-on-your-wedding-day""]",1854,,"Couple Watercolor Painting - Live on Your Wedding Day
by BYCRAFT
Start from $1300+
+
For more information
Here
!",https://t.me/blissfulbrides/1854
blissfulbrides,2026-06-22T01:05:05+00:00,[],"[""https://www.blissfulbrides.sg/package-detaile/2850/impian-selamanya""]",1853,,"Impian Selamanya
by Village Hotel Changi
Start from $7300
++
For more information
Here
!",https://t.me/blissfulbrides/1853
blissfulbrides,2026-06-21T01:04:31+00:00,[],"[""https://www.blissfulbrides.sg/package-detaile/2801/timeless-union-international-buffet-indian-weddings-2026-2027""]",1851,,"Timeless Union - International Buffet & Indian Weddings 2026/2027
by Village Hotel Katong
Start from $141,48++
For more information
Here
!",https://t.me/blissfulbrides/1851
blissfulbrides,2026-06-20T01:04:40+00:00,[],"[""https://www.blissfulbrides.sg/package-detaile/2840/2027-weekday-wedding-package""]",1850,,"2027 Weekday Wedding Package
by PARKROYAL on Beach Road
Start from $1668++
For more information
Here
!",https://t.me/blissfulbrides/1850
blissfulbrides,2026-06-19T01:04:37+00:00,[],"[""https://www.blissfulbrides.sg/event-detail/1143/A-Westin-Wedding-Showcase""]",1849,,"A Westin Wedding Showcase
Event Deta
ils
Organizer: The Westin Singapore
Admission: Admission is free (By appointment only)
Event Date: Saturday, 25 July 2026. 11AM - 6PM. Last appointment at 5PM
Celebrate the start of your forever at The Westin Singapore, where refined luxury and impeccable hospitality set the stage for an extraordinary wedding. Join us at our wedding showcase and discover how your wedding can be crafted into a seamless and unforgettable experience.
For more information or to RSVP
Here
!",https://t.me/blissfulbrides/1849
blissfulbrides,2026-06-18T01:03:49+00:00,[],"[""https://www.instagram.com/explore/tags/01/"", ""https://events.blissfulbrides.sg/crowne-plaza-wedding-showcase-july-2026/""]",1848,,"Step into Love Takes Flight, the Crowne Plaza Changi Airport Wedding Showcase on Sunday, 5 July 2026, from 12:00 PM to 5:00 PM, and experience what your wedding day could truly feel like.
Explore beautifully curated showrooms, themed wedding setups, and elegant event spaces designed to inspire every stage of your celebration. Walk through the venue at your own pace, envision your ceremony and reception, and discover how each space can be transformed to reflect your unique love story.
What to expect:
★ Complimentary Entry
★ Personalised Consultations
★ Guided Venue Tours
★ External Wedding Vendor Showcases
★ One-Day-Only Exclusive Savings
★ Offerings for All Cultural Weddings
Event Details:
Date: Sunday, 5 July 2026
Time: 12:00 PM – 5:00 PM
Venue: Chengal Ballroom, Level 1, 75 Airport Boulevard,
#01
-01, Singapore 819664
RSVP
Here
!",https://t.me/blissfulbrides/1848
blissfulbrides,2026-06-17T01:04:05+00:00,[],"[""https://www.blissfulbrides.sg/package-detaile/2817/grand-ballroom-2026-saturday-dinner-package""]",1847,,"Grand Ballroom 2026 Saturday Dinner Packag
e
by Frasers House, a Luxury Collection Hotel, Singapor
e
Start from $248.80++
For more information
Here
!",https://t.me/blissfulbrides/1847
blissfulbrides,2026-06-16T01:04:21+00:00,[],"[""https://www.blissfulbrides.sg/package-detaile/2849/impian-selamanya""]",1845,,"Impian Selamanya
by Village Hotel Katong
Start from $730
0++
For more information
Here
!",https://t.me/blissfulbrides/1845
blissfulbrides,2026-06-15T01:01:19+00:00,[],"[""https://www.blissfulbrides.sg/package-detaile/2622/japan-pre-wedding-videography-and-complimentary-photography""]",1844,,"Japan Pre wedding Videography and Complimentary Photography
by Mr Bombastic Production
Now at $1200 (U.P. $1600) — enjoy 25% off!
🇯🇵
✨
For more information
Here
!",https://t.me/blissfulbrides/1844
blissfulbrides,2026-06-14T01:04:52+00:00,[],"[""https://www.blissfulbrides.sg/package-detaile/2823/the-vault-2026-package""]",1843,,"The Vault 2026 Package
by Frasers House, a Luxury Collection Hotel, Singapor
e
Start from $168++
For more information
Here
!",https://t.me/blissfulbrides/1843
blissfulbrides,2026-06-13T01:01:36+00:00,[],"[""https://www.blissfulbrides.sg/package-detaile/2619/actual-day-photography-videography""]",1842,,"Actual Day Photography + Videography
by Mr Bombastic Production
Now at $4088 (U.P. $4688) — save 12.8%!
For more information
Here
!",https://t.me/blissfulbrides/1842
blissfulbrides,2026-06-12T01:03:15+00:00,[],"[""https://www.blissfulbrides.sg/package-detaile/2822/the-library-2026-solemnisation-package""]",1841,,"The Library 2026 Solemnisation Package
by Frasers House, a Luxury Collection Hotel, Singapor
e
Start from $4288++
For more information
Here
!",https://t.me/blissfulbrides/1841
blissfulbrides,2026-06-11T01:01:34+00:00,[],"[""https://www.blissfulbrides.sg/package-detaile/2843/year-2027-weekend-wedding-dinner-package""]",1840,,"Year 2027 Weekend Wedding Dinner Package
by PARKROYAL on Beach Road
Start from $1868++
For more information
Here
!",https://t.me/blissfulbrides/1840
blissfulbrides,2026-06-10T01:03:38+00:00,[],"[""https://www.blissfulbrides.sg/package-detaile/2620/actual-day-photography""]",1839,,"Actual Day Photography
by Mr Bombastic Production
Now at $2288 (U.P. $2488) — enjoy 8% off!
For more information
Here
!",https://t.me/blissfulbrides/1839
blissfulbrides,2026-06-09T01:02:22+00:00,[],"[""https://www.blissfulbrides.sg/event-detail/1141/Romance-Reverie-a-voco-Orchard-Singapore-Wedding-Workshop""]",1838,,"Romance Reverie – a voco Orchard Singapore Wedding Workshop
Event Detai
ls
Organizer: voco Orchard Singapore by IHG Hotel
Admission: By appointment only
Event Date: Friday, 19 June 2026. 6pm to 9pm
Step into a curated showcase of our 2027 wedding themes, each crafted to reflect timeless romance, and modern elegance. Explore our elegant venue spaces brought to life in styled setups, offering a glimpse of how your special day could unfold in each setting.
For more information or to RSVP
Here
!",https://t.me/blissfulbrides/1838
blissfulbrides,2026-06-08T01:03:06+00:00,[],"[""https://www.blissfulbrides.sg/articles/wedding/jtb-singapore-takes-the-guesswork-out-of-japan-photo-weddings""]",1837,,"🇯🇵
Dreaming of a Japan photo wedding?
From Kyoto’s Fushimi Inari Shrine to the iconic Osaka Castle, JTB Singapore makes planning your Japan wedding photoshoot easier with exclusive packages starting from SGD 3,988
✨
Read
JTB Singapore Takes the Guesswork Out of Japan Photo Weddings
and explore the packages for your dream pre-wedding experience
💍",https://t.me/blissfulbrides/1837
blissfulbrides,2026-06-07T01:04:54+00:00,[],"[""https://www.blissfulbrides.sg/package-detaile/2828/signature-guest-portraits""]",1836,,"Signature Guest Portraits
by BYCRAFT
Start from $990+
+
For more information
Here
!",https://t.me/blissfulbrides/1836
blissfulbrides,2026-06-06T01:03:26+00:00,[],"[""https://www.blissfulbrides.sg/articles/wedding/glasshouse-venues-in-singapore-wedding-event-guide""]",1835,,"🌿
Looking for a beautiful glasshouse venue in Singapore?
Explore stunning venues perfect for weddings, solemnisations, and special events. From cozy spaces to large celebrations, this guide covers venue sizes, locations, and useful tips before you book
✨
Read more
Glasshouse Venues in Singapore (Wedding & Event Guide)
to find the perfect venue for your big day
💍",https://t.me/blissfulbrides/1835
blissfulbrides,2026-06-05T01:00:24+00:00,[],"[""https://www.blissfulbrides.sg/package-detaile/2621/actual-day-videography""]",1834,,"Actual Day Videography
by Mr Bombastic Production
Now at $3088 (U.P. $3488) — save 11.5%!
For more information
Here
!",https://t.me/blissfulbrides/1834
blissfulbrides,2026-06-04T01:02:27+00:00,[],"[""https://www.blissfulbrides.sg/package-detaile/2852/timeless-nikah""]",1832,,"Timeless Nikah
by Village Hotel Katong
Start from $50+
+
For more information
Here
!",https://t.me/blissfulbrides/1832
blissfulbrides,2026-06-03T01:03:15+00:00,[],"[""https://www.blissfulbrides.sg/articles/chinese-wedding-traditions/wedding-ang-bao-wishes-in-singapore-what-to-write-on-a-red-packet""]",1831,,"🧧
Singapore wedding ang bao wishes guide
Not sure what to write on a wedding red packet? Explore simple and meaningful ang bao wishes for friends, family, and formal occasions
✨
Read
Wedding Ang Bao Wishes in Singapore (What to Write on a Red Packet)
to find wedding wishes you can use for any celebration
💍",https://t.me/blissfulbrides/1831
blissfulbrides,2026-06-02T01:02:36+00:00,[],"[""https://www.blissfulbrides.sg/package-detaile/2826/2026-2027-wedding-dinner-package""]",1830,,"2026 & 2027 Wedding Dinner Package
by Concorde Hotel Singapore
Start from $1598
++
For more information
Here
!",https://t.me/blissfulbrides/1830
blissfulbrides,2026-06-01T01:03:01+00:00,[],"[""https://www.blissfulbrides.sg/package-detaile/2866/blind-box""]",1829,,"Blind Box
by Redyam
For more information
Here
!",https://t.me/blissfulbrides/1829
blissfulbrides,2026-05-31T01:04:06+00:00,[],"[""https://www.blissfulbrides.sg/package-detaile/2802/timeless-union-international-buffet-indian-weddings-2026-2027""]",1828,,"Timeless Union - International Buffet & Indian Weddings 2026/2027
by Village Hotel Changi
Start from $141,48++
For more information
Here
!",https://t.me/blissfulbrides/1828
blissfulbrides,2026-05-29T01:04:12+00:00,[],"[""https://www.blissfulbrides.sg/package-detaile/2854/short-getaway-pre-wedding-2-day-1-night-1288-staycation-ferry-included""]",1827,,"Short Getaway Pre Wedding 2 Day 1 Night $1288 ( Staycation & Ferry included )
by Mr Bombastic Production
Start from $1288++
For more information
Here
!",https://t.me/blissfulbrides/1827
blissfulbrides,2026-05-28T01:03:45+00:00,[],"[""https://www.blissfulbrides.sg/package-detaile/2821/presidential-suite-2026-solemnisation-dinner-package""]",1826,,"Presidential Suite 2026 Solemnisation Dinner Package
by Frasers House, a Luxury Collection Hotel, Singapor
e
Start from $7288++
For more information
Here
!",https://t.me/blissfulbrides/1826
blissfulbrides,2026-05-27T01:00:22+00:00,[],"[""https://www.blissfulbrides.sg/package-detaile/2867/wedding-cake""]",1824,,"Wedding Cake
by Redyam
Start from $9+
+
For more information
Here
!",https://t.me/blissfulbrides/1824
blissfulbrides,2026-05-26T01:01:19+00:00,[],"[""https://www.blissfulbrides.sg/package-detaile/2829/live-abstract-painting""]",1823,,"Live Abstract Painting
by BYCRAFT
Start from $1080++
For more information
Here
!",https://t.me/blissfulbrides/1823
blissfulbrides,2026-05-25T10:03:48+00:00,[],"[""https://www.blissfulbrides.sg/event-detail/1140/A-Twilight-Wedding-Affair-Stevens""]",1822,,"A Twilight Wedding Affair
@Stevens
Event Details
Organizer: Novotel Singapore on Stevens
Admission: Free - Limited slots available
Event Date: Sunday, 31 May 2026. 1:00 PM & 3:00 PM
Step into an enchanting twilight showcase and unlock a universe of exclusive wedding privileges crafted to make your dream celebration even more magical.
✨
Designed for couples planning their 2027 wedding, A Twilight Wedding Affair @ Stevens brings together breathtaking venues, stellar wedding inspirations, and luxurious rewards — all in one unforgettable afternoon at Novotel Singapore on Stevens.
For more information or to RSVP
Here
!",https://t.me/blissfulbrides/1822
blissfulbrides,2026-05-25T01:02:01+00:00,[],"[""https://www.blissfulbrides.sg/package-detaile/2819/grand-ballroom-2026-weekday-lunch-and-dinner-package""]",1821,,"Grand Ballroom 2026 Weekday Lunch and Dinner Package
by Frasers House, a Luxury Collection Hotel, Singapor
e
Start from $178++
For more information
Here
!",https://t.me/blissfulbrides/1821
blissfulbrides,2026-05-24T01:03:42+00:00,[],"[""https://www.blissfulbrides.sg/articles/wedding/small-weddings-are-the-new-big-thing-why-intimate-celebrations-are-trending""]",1820,,"Weddings were once defined by size. Larger guest lists often meant a more complete or expected celebration.
Today, more couples in Singapore are choosing a different approach. Intimate weddings are not seen as a compromise, but as a conscious decision to focus on what truly matters.
Here’s what’s driving the shift:
▫️
Changing priorities and more intentional planning
▫️
A more personal and meaningful guest experience
▫️
Greater control over budget and details
▫️
Less pressure from expectations
▫️
A stronger focus on the couple’s story
A smaller wedding doesn’t mean less. It often means more of what matters.
Visit
Small Weddings Are the New Big Thing: Why Intimate Celebrations Are Trending
to explore whether an intimate celebration is the right choice for your wedding.",https://t.me/blissfulbrides/1820
blissfulbrides,2026-05-23T01:02:24+00:00,[],"[""https://www.blissfulbrides.sg/articles/wedding/wedding-vows-in-singapore-rom-personal-vows-you-can-use""]",1819,,"💍
Singapore wedding vows guide for ROM & personal ceremonies
Looking for the right words for your big day? Explore simple, romantic, and meaningful wedding vow examples in English and Mandarin
✨
Read more
Wedding Vows in Singapore (ROM & Personal Vows You Can Use)
to find wedding vows you can use or personalise for your special day
💖",https://t.me/blissfulbrides/1819
blissfulbrides,2026-05-22T10:03:56+00:00,[],"[""https://www.blissfulbrides.sg/event-detail/1139/Simply-Yours-Celebrations-Wedding-Showcase""]",1818,,"PARKROYAL on Beach Road warmly invite you to their Wedding Showcase on Sunday, 7 June 2026 from 11.00am to 6.00pm. Enjoy exclusive wedding packages from just S$1,668++ per table, completed with thoughtfully curated privileges designed to elevate every moment of your special day. Terms and conditions apply.
Meet with the team at PARKROYAL on Beach Road for a personalised consultation and be among the first 10 couples to enjoy a complimentary 6-Course Food Tasting experience during the showcase when you RSVP
✨
For more information or to RSVP
Here
!",https://t.me/blissfulbrides/1818
blissfulbrides,2026-05-22T01:03:01+00:00,[],"[""https://www.blissfulbrides.sg/package-detaile/2851/timeless-nikah""]",1817,,"Timeless Nikah
by Village Hotel Changi
Start from $50++
For more information
Here
!",https://t.me/blissfulbrides/1817
blissfulbrides,2026-05-21T01:04:38+00:00,[],"[""https://www.blissfulbrides.sg/articles/wedding/lunch-vs-dinner-weddings-cost-atmosphere-and-guest-experience""]",1816,,"Choosing between a lunch or dinner wedding may seem like a simple decision at first.
But in reality, it shapes more than just your schedule. From cost and atmosphere to guest experience and the overall flow of the day, each option creates a very different kind of celebration.
Here’s what couples should consider before deciding:
▫️
Cost differences and budget flexibility
▫️
Atmosphere and overall mood
▫️
Guest comfort and experience
▫️
Lighting and photography style
▫️
Energy and flow of the celebration
Visit
Lunch vs Dinner Weddings: Cost, Atmosphere and Guest Experience
to explore which timing suits your wedding best.",https://t.me/blissfulbrides/1816
blissfulbrides,2026-05-20T01:04:31+00:00,[],"[""https://www.blissfulbrides.sg/event-detail/1138/Marguerite-Event-Showcase-2026""]",1815,,"Marguerite Event Showcase 2026
Event Detai
ls
Organizer: Marguerite & Hortus
Admission: Free
Event Date: 1st June 2026, Monday. 11AM – 8PM
Join us for our inaugural Marguerite Event Showcase, set within the stunning Flower Dome at Gardens by the Bay. A one stop shop for corporate hosts seeking a distinctive venue for private events as well as couples planning their perfect wedding, this one-day open house invites guests to explore ready-styled event settings at Marguerite and Hortus. Meet a curated selection of event partners while discovering the possibilities for your upcoming celebration!
For more information or to RSVP
Here
!",https://t.me/blissfulbrides/1815
blissfulbrides,2026-05-19T01:01:25+00:00,[],"[""https://www.blissfulbrides.sg/articles/your-wedding-emcee-script-a-practical-guide-for-singapore-banquet-dinners""]",1814,,"Planning your wedding banquet in Singapore?
🎤
✨
From grand march-ins and lively
yam seng
to speeches and closing moments, a well-prepared emcee script helps guide the flow of your celebration and keeps every segment running on cue.
👉
Your Wedding Emcee Script: A Practical Guide for Singapore Banquet Dinners
to plan a seamless and memorable evening
💍",https://t.me/blissfulbrides/1814
blissfulbrides,2026-05-18T01:03:07+00:00,[],"[""https://www.blissfulbrides.sg/package-detaile/2848/luce-wedding-packages-2026""]",1813,,"LUCE Wedding Packages 2026
by Frasers House, a Luxury Collection Hotel, Singapore
Start from $154
++
For more information
Here
!",https://t.me/blissfulbrides/1813
blissfulbrides,2026-05-17T01:01:59+00:00,[],"[""https://www.blissfulbrides.sg/articles/wedding/amici-events-catering-where-weddings-are-made-personal""]",1812,,"Looking for a wedding that truly feels like
you
?
✨
AMICI Events & Catering brings together personalised details, seamless coordination, and refined dining to create a celebration that’s elegant, meaningful, and effortlessly memorable. Plus, enjoy a 10% early bird discount for 2026 bookings
💍
👉
AMICI Events & Catering: Where Weddings Are Made Personal
to discover how they bring your vision to life!",https://t.me/blissfulbrides/1812
blissfulbrides,2026-05-16T01:04:23+00:00,[],"[""https://www.blissfulbrides.sg/package-detaile/2853/latebird-promo""]",1811,,"LateBird Prom
o
by Mr Bombastic Productio
n
Start from $1288+
+
For more information
Here
!",https://t.me/blissfulbrides/1811
blissfulbrides,2026-05-15T01:49:38+00:00,[],"[""https://www.blissfulbrides.sg/articles/wedding/hotel-restaurant-or-outdoor-wedding-what-works-best-in-singapore-s-climate""]",1810,,"Choosing between a hotel, restaurant, or outdoor venue may seem like a style decision, but in Singapore, it quickly becomes a practical one.
With heat, humidity, and unpredictable rain, each option creates a very different experience for both you and your guests. What feels ideal visually may not always translate comfortably on the day itself.
Here’s what couples should consider when deciding:
▪️
Hotel venues for comfort and controlled environments
▪️
Restaurant weddings for a more intimate atmosphere
▪️
Outdoor venues that depend heavily on weather conditions
▪️
Heat, humidity, and sudden weather changes
▪️
Guest comfort throughout the celebration
The best venue isn’t just the most beautiful one. It’s the one that works for your environment and your experience.
Visit
Hotel, Restaurant or Outdoor Wedding: What Works Best in Singapore's Climate?
to explore how to choose a venue that balances atmosphere, comfort, and practicality.",https://t.me/blissfulbrides/1810
blissfulbrides,2026-05-12T01:04:49+00:00,[],"[""https://www.blissfulbrides.sg/event-detail/1137/Rhapsody-of-Love-a-voco-Orchard-Singapore-Wedding-Workshop""]",1809,,"Rhapsody of Love – a voco Orchard Singapore Wedding Workshop
Event Detail
s
Organizer: voco Orchard Singapore by IHG Hotel
Admission: By appointment only
Event Date: Friday, 22 May 2026. 6pm to 9pm.
Step into an evening of romance at voco Orchard Singapore’s Rhapsody of Love Wedding Workshop, where your dream celebration begins to unfold. Discover our beautifully curated 2027 wedding themes, explore our enchanting venues dressed for the occasion, and envision your special day brought to life.
For more information or to RSVP
Here
!",https://t.me/blissfulbrides/1809
blissfulbrides,2026-05-10T01:02:18+00:00,[],"[""https://www.blissfulbrides.sg/articles/wedding-goals-vs-reality-what-singapore-couples-often-underestimate""]",1808,,"Before you get swept up in Pinterest boards and Instagram-perfect weddings, there’s something worth understanding first. What looks effortless online often comes with layers of complexity behind the scenes. In Singapore, many couples underestimate not the beauty of weddings — but the reality of what it takes to bring that vision to life.
Here’s what often catches couples off guard:
✨
The true cost of “small details” that quickly add up
✨
Guest lists that grow beyond initial plans
✨
The time and energy needed to manage multiple vendors
✨
Family expectations and cultural responsibilities
✨
Tight timelines and constant decision-making
✨
The emotional toll of planning alongside daily life
✨
Unexpected hiccups, even on the wedding day itself
Visit
Wedding Goals vs Reality: What Singapore Couples Often Underestimate
and plan with clarity, not just inspiration.",https://t.me/blissfulbrides/1808
blissfulbrides,2026-05-08T01:01:52+00:00,[],"[""https://www.blissfulbrides.sg/articles/what-not-to-wear-to-a-wedding-avoid-these-outfit-mistakes""]",1807,,"Got a wedding invite and planning your outfit?
💐
Looking polished and appropriate is easier when you know what to avoid—so you can feel confident, stylish, and perfectly guest-ready for the celebration.
What Not To Wear To A Wedding: Avoid These Outfit Mistakes
to dress your best for the big day
✨",https://t.me/blissfulbrides/1807
blissfulbrides,2026-05-06T01:04:35+00:00,[],"[""https://www.blissfulbrides.sg/event-detail/1136/The-Art-of-Celebration-at-The-St-Regis-Singapore""]",1806,,"The Art of Celebration at The St. Regis Singapore
Event Deta
ils
Organizer: The St. Regis Singapore
Admission: Complimentary. Prior appointments are required.
Event Date: 30 May 2026. 11am - 6pm
Host your dream wedding at the city’s most prestigious address. As the original House of Celebration, weddings held at The St. Regis have long been synonymous with grandeur and distinction.
For more information or to RSVP
Here
!",https://t.me/blissfulbrides/1806
blissfulbrides,2026-05-04T01:42:18+00:00,[],"[""https://www.blissfulbrides.sg/articles/wedding-banquet-games-guests-love-during-the-festive-season""]",1805,,"Planning a wedding banquet this festive season?
🎉
From interactive games to fun-filled activities, the right ideas can get everyone laughing, mingling, and fully immersed in your celebration—turning your banquet into a truly memorable experience
✨
Wedding Banquet Games Guests Love During The Festive Season
to discover games your guests will love!",https://t.me/blissfulbrides/1805
blissfulbrides,2026-05-03T01:01:58+00:00,[],"[""https://www.blissfulbrides.sg/articles/wedding/wedding-banquet-decor-inspired-by-new-year-s-lights""]",1804,,"Dreaming of a wedding banquet that truly shines?
✨
Inspired by New Year’s lights, this decor style brings a magical glow to your celebration—think twinkling lights, warm ambiance, and unforgettable moments your guests will love
🔗
Wedding Banquet Decor Inspired By New Year’s Lights to explore how
to bring this festive vision to life
💫",https://t.me/blissfulbrides/1804
blissfulbrides,2026-05-02T01:03:31+00:00,[],"[""https://www.blissfulbrides.sg/articles/wedding/engagement-to-rom-to-wedding-mapping-your-journey-clearly""]",1803,,"From the moment you say yes to the wedding day itself, the journey is not always as straightforward as it seems.
In Singapore, couples often navigate multiple milestones, from engagement to ROM to the actual celebration. Each step comes with its own purpose, timing, and decisions.
Here’s what to consider when planning your journey:
▫️
The role of the engagement period
▫️
Understanding ROM as your legal marriage
▫️
Different ways to structure your ROM and wedding
▫️
Timing each phase realistically
▫️
Choosing a wedding style that suits your priorities
▫️
Cultural and practical considerations
When you understand the full picture, planning becomes clearer and more intentional.
Visit
Engagement to ROM to Wedding: Mapping Your Journey Clearly
to explore how to map your wedding journey with clarity.",https://t.me/blissfulbrides/1803
blissfulbrides,2026-05-01T01:00:23+00:00,[],"[""https://www.blissfulbrides.sg/articles/wedding/hiring-a-day-of-coordinator-what-couples-should-know""]",1802,,"Thinking of hiring a day-of wedding coordinator?
💍
From managing timelines to handling last-minute surprises, they help keep your big day smooth and stress-free. Find out what they do, why they matter, and how to choose the right one.
🔗
Hiring A Day-Of Coordinator: What Couples Should Know
to learn everything you need before hiring one!",https://t.me/blissfulbrides/1802
blissfulbrides,2026-04-30T01:02:21+00:00,[],"[""https://www.blissfulbrides.sg/articles/first-things-first-conversations-every-couple-should-have-before-wedding-planning""]",1801,,"Before you choose a venue or set a budget, there’s something far more important to address.
Wedding planning doesn’t just test your organisation skills — it reveals your values, expectations, and communication patterns. Skipping foundational conversations may seem easier in the moment, but misalignment tends to surface when stress is highest.
Here are the conversations worth having first:
📌
What this wedding truly means to each of you
📌
Money boundaries and financial expectations
📌
Family roles, influence, and possible pressure
📌
How decisions will actually be made
📌
Lifestyle goals, children, and long‑term priorities
📌
Emotional and practical expectations for the day itself
Visit
First Things First: Conversations Every Couple Should Have Before Wedding Planning
to explore the essential conversations that make every wedding decision clearer and more intentional.",https://t.me/blissfulbrides/1801
blissfulbrides,2026-04-29T01:01:41+00:00,[],"[""https://www.blissfulbrides.sg/articles/wedding/from-photos-to-reels-the-rise-of-wedding-content-creators""]",1800,,"Wedding memories no longer live only in albums
📸
Today, couples are embracing reels, candid clips, and real-time stories to remember their day as it truly happened.
From nervous laughter to spontaneous hugs, wedding content creators capture moments that feel immediate, personal, and alive
🤍
Discover why this trend is becoming part of modern weddings — and how couples are choosing to tell their story.
Read more here
🔗
From Photos To Reels: The Rise Of Wedding Content Creators
!",https://t.me/blissfulbrides/1800
blissfulbrides,2026-04-24T01:04:23+00:00,[],"[""https://www.blissfulbrides.sg/event-detail/1135/Your-Riverside-Romance-Awaits""]",1799,,"Your Riverside Romance Awaits
Event Details
Organizer: Four Points by Sheraton Singapore, Riverview
Admission: Free
Event Date: 29 May 2026, from 5pm–8pm
Discover your timeless riverside romance and say ""I do"" with Four Points by Sheraton Singapore, Riverview. Step into an enchanting wedding experience by the Singapore River, designed to spark inspiration for your dream celebration.
For more information or to RSVP
Here
!",https://t.me/blissfulbrides/1799
blissfulbrides,2026-04-23T01:00:42+00:00,[],"[""https://www.blissfulbrides.sg/articles/modern-love-in-singapore-what-marriage-means-today""]",1798,,"Marriage in Singapore no longer looks the way it did decades ago.
Here’s how modern marriage is evolving:
🤍
The shift from duty to partnership
🤍
Redefining traditional gender roles
🤍
Balancing individual identity with commitment
🤍
Navigating family expectations
🤍
Facing financial realities together
🤍
Prioritising shared values over social pressure
Visit
Modern Love in Singapore: What Marriage Means Today
to explore how couples in Singapore are redefining what commitment looks like today.",https://t.me/blissfulbrides/1798
blissfulbrides,2026-04-22T01:05:08+00:00,[],"[""https://www.blissfulbrides.sg/event-detail/1134/Heritage-of-Love-Wedding-Showcase""]",1797,,"Heritage of Love Wedding Showcase
Event Detai
ls
Organizer: Frasers House, a Luxury Collection Hotel, Singapore
Admission: Free
Event Date: 17 May 2026. 11am - 6pm
Frasers House, a Luxury Collection Hotel, Singapore invites couples to discover its first wedding showcase under its new name, where a storied address becomes the setting for a new beginning.
At
Heritage of Love
, couples are welcome to explore the hotel’s distinctive wedding venues, where heritage architecture and natural light create settings that feel both intimate and timeless. From elegant private spaces to the quiet grandeur of the ballroom, each venue offers a beautiful backdrop for your celebration.
For more information or to RSVP
Here
!",https://t.me/blissfulbrides/1797
blissfulbrides,2026-04-21T01:02:58+00:00,[],"[""https://www.blissfulbrides.sg/event-detail/1133/CELEBRATE-YOUR-WEDDING-IN-TIMELESS-ELEGANCE""]",1796,,"Celebrate Your Wedding In Timeless Elegance
Promotion Detai
ls
Organizer: Sentosa Golf Club
Promotion Period: Promotion is valid for new wedding bookings confirmed by 31 May 2026, for celebrations held by 31 March 2027.
Confirm a minimum of ten tables and receive one additional table with our compliments at a preferential rate
Enquire about our wedding packages today.
RSVP here
to secure your slot!",https://t.me/blissfulbrides/1796
blissfulbrides,2026-04-20T01:05:10+00:00,[],"[""https://www.blissfulbrides.sg/articles/age-gap-relationships-different-timelines-how-couples-navigate-expectations""]",1795,,"Being in love doesn’t automatically mean you’re in the same life stage.
Here’s where timing differences usually surface:
✨
Career priorities and long‑term goals
✨
Financial readiness and lifestyle expectations
✨
Conversations about children and family planning
✨
Family and cultural pressure
✨
Defining what’s truly non‑negotiable
✨
Building a shared vision for the future
🔗
Visit
Age Gap Relationships & Different Timelines: How Couples Navigate Expectations
to explore how couples navigate timing differences with clarity, communication, and confidence.",https://t.me/blissfulbrides/1795
blissfulbrides,2026-04-18T01:01:31+00:00,[],"[""https://www.blissfulbrides.sg/articles/budgeting-for-a-wedding-in-singapore-without-the-stress""]",1794,,"Budgeting for a wedding in Singapore can feel overwhelming, especially when expectations, comparisons, and rising costs all come into play.
💍
But a meaningful celebration doesn’t require financial anxiety or debt. What it does require is honesty, clarity, and the confidence to make choices that reflect what truly matters to you.
In this article, we walk through how to budget realistically, where to prioritise your spending, and how to stay grounded throughout the planning process.
Visit
Budgeting for a Wedding in Singapore Without the Stress
to read more!",https://t.me/blissfulbrides/1794
blissfulbrides,2026-04-17T01:02:04+00:00,[],"[""https://weddingshowcasethestandardsingapore.eventbrite.sg/?aff=blissfulbrides""]",1793,,"The Wedding Showcase at The Standard, Singapore, April 18 & 19, 3-7PM
The Standard, Singapore invites you to experience weddings the way they should feel. Book with us and enjoy perks like a couple’s stay, an entourage day‑use room, and World of Hyatt Bonus Points.
Join our Wedding Showcase on April 18–19, 3PM–7PM, and stand a chance to walk away with a staycation and a dining experience on us.
For more information or to RSVP
Here
!",https://t.me/blissfulbrides/1793
blissfulbrides,2026-04-16T01:34:28+00:00,[],"[""https://www.blissfulbrides.sg/articles/how-to-plan-a-meaningful-wedding-that-reflects-your-relationship-not-social-media""]",1792,,"Scrolling through Instagram or wedding blogs can make it feel like your wedding day needs to be picture perfect. Dramatic florals, designer gowns, exotic venues, it is easy to forget that a meaningful wedding is not about what looks good on camera.
Here’s how to keep your celebration grounded:
💍
Starting with your relationship, not online aesthetics
💍
Defining clear non‑negotiables
💍
Aligning your budget with your shared priorities
💍
Being intentional about your guest list
💍
Creating moments that feel authentic, not staged
Visit
How to Plan a Meaningful Wedding That Reflects Your Relationship (Not Social Media)
to discover how to plan a celebration that feels intentional, personal, and true to who you are as a couple.",https://t.me/blissfulbrides/1792
blissfulbrides,2026-04-15T01:04:28+00:00,[],"[""https://bows.sg/"", ""https://bows.sg/""]",1791,,"Following the strong response from our previous show, where over 2,000 couples joined us and many benefited from cash rebates that helped them meaningfully offset their wedding costs, we are pleased to announce the return of the “Haus of Vows” Blissful One-Stop Wedding Show (BOWS), our second tri-annual wedding event of 2026.
Event Highlights:
⭐
Stand a chance to receive up to *$50,000 in cash rebates, exclusively for purchasing couples
⭐
*$25,000 worth of lucky draw prizes
⭐
Exclusive promotions from over *70 vendors, with packages available only at the show
⭐
Bridal runway showcasing new-season collections
⭐
*Complimentary goodie bags while stocks last
⭐
*Complimentary culinary and beverage tasting experience
…and more.
Event Details:
Date: Saturday and Sunday, 6 to 7 June 2026
Time: 12:00 PM to 9:00 PM
Venue: Marina Bay Sands Convention Centre, Level 1, Hall C
RSVP
Here
!
*
T&Cs apply.",https://t.me/blissfulbrides/1791
blissfulbrides,2026-04-14T01:00:32+00:00,[],"[""https://www.tablecheck.com/en/shops/parkroyal-beach-road-wedding/reserve?start_date=2026-04-19""]",1790,,"Where your wedding story begins
💍
Experience an intimate wedding workshop at PARKROYAL on Beach Road's Sky Ballroom, styled to inspire and designed for meaningful conversations with our wedding curators.
Enjoy exclusive privileges, including savings of up to S$200 per table and curated wedding perks — all thoughtfully put together for a celebration that’s Simply Yours.
Drop by on 19 April 2026 from 9am to 4pm to meet with their Wedding Curators for a personalised consultation.
RSVP
to receive a complimentary SGD50 nett spa voucher as their special gift to you while you embark on this beautiful journey!",https://t.me/blissfulbrides/1790
blissfulbrides,2026-04-13T01:01:50+00:00,[],"[""https://www.blissfulbrides.sg/articles/how-early-should-you-book-vendors-in-singapore""]",1789,,"How early should you actually book your wedding vendors in Singapore?
💍
Book too early, and you may commit before your vision is clear. Wait too long, and your preferred vendors might already be unavailable.
From venues and photographers to makeup artists and florists, each vendor has a different booking window — and knowing the right timing can save you stress, money, and disappointment.
We break it all down in our latest article, so you can plan with clarity and confidence.
🔗
Visit
How Early Should You Book Vendors in Singapore?
to discover more!",https://t.me/blissfulbrides/1789
blissfulbrides,2026-04-11T01:03:51+00:00,[],"[""https://www.blissfulbrides.sg/articles/getting-married-this-year-a-realistic-wedding-planning-timeline-for-singapore-couples""]",1788,,"Getting married this year?
💍
Between work, family expectations, and endless decisions, wedding planning in Singapore can feel overwhelming very quickly.
That’s why having a clear, realistic timeline matters. From the early planning stages to the final weeks before the big day, knowing what to focus on — and when — can help you plan with more confidence and far less stress.
We’ve laid it all out in our latest article to help you stay organised, grounded, and excited throughout the journey
🔗
Getting Married This Year? A Realistic Wedding Planning Timeline for Singapore Couples
to learn more!",https://t.me/blissfulbrides/1788
blissfulbrides,2026-04-10T01:01:45+00:00,[],"[""https://www.blissfulbrides.sg/event-detail/1130/A-Twilight-Wedding-Affair-Stevens""]",1787,,"A Twilight Wedding Affair @ Stevens
Event Detai
ls
Organizer: Novotel Singapore on Stevens
Admission: Limited slots available - RSVP required.
Event Date: Sunday, 31 May 2026. 1:00 PM & 3:00 PM
A Twilight Wedding Affair @ Stevens is a curated wedding showcase for couples planning their 2026/2027 weddings, featuring elegant venues, exclusive privileges, and over 20 trusted wedding partners — all in one immersive afternoon at Novotel Singapore on Stevens. From intimate solemnisation settings to grand ballroom celebrations, discover how your dream wedding can unfold with effortless elegance and a touch of celestial magic.
For more information or to RSVP
Here
!",https://t.me/blissfulbrides/1787
blissfulbrides,2026-04-09T01:00:58+00:00,[],"[""https://www.blissfulbrides.sg/event-detail/1129/Enchanted-Wedding-Fair-at-Holiday-Inn-Singapore-Atrium""]",1786,,"Enchanted Wedding Fair at Holiday Inn Singapore Atrium
Event Details
Organizer: Holiday Inn Singapore Atrium
Admission: By RSVP only – appointment required.
Event Date: 19 April 2026, from 12.00pm to 6.00pm.
Plan your perfect wedding at the Holiday Inn Singapore Atrium Wedding Fair on Sunday, 19 April 2026, from 12.00pm to 6.00pm. Meet the hotel’s wedding specialists, tour elegant ballroom venues, and enjoy personalised consultations for 2026 and 2027 weddings.
For more information or to RSVP
Here
!",https://t.me/blissfulbrides/1786
blissfulbrides,2026-04-08T01:00:26+00:00,[],"[""https://bit.ly/NUSSWedding2026"", ""?q=%23NUSS"", ""?q=%23NUSSWeddingShowcase"", ""?q=%23WhereYourLoveStoryBegins"", ""?q=%23NUSSGuildhouses"", ""?q=%23DreamWeddingSG"", ""?q=%23WeddingPlanning""]",1783,,"Where your love story begins
💍
Start your wedding journey at the NUSS Wedding Showcase. Discover our three distinctive Guild Houses, meet trusted vendors, and enjoy exclusive perks available only during the showcase.
📅
18 April 2026
⏰
11am to 5pm
📍
Kent Ridge Guild House, Della & Seng Gee Guild Hall, 9 Kent Ridge Drive, Singapore 119241
*What to Expect:
Complimentary Entry
Enjoy Up To $588 Off Wedding Packages
Bridal Consultation
Make-Up Preview (RSVP required)
Take-home Floral Posy
Buffet Tasting
Photobooth
Curated Gift Packs
Tap
here
to reserve your spot today
#NUSS
#NUSSWeddingShowcase
#WhereYourLoveStoryBegins
#NUSSGuildhouses
#DreamWeddingSG
#WeddingPlanning",https://t.me/blissfulbrides/1783
blissfulbrides,2026-04-07T10:03:54+00:00,[],"[""https://www.blissfulbrides.sg/event-detail/1128/Celebrate-Love-with-Exclusive-Savings-up-to-10-Off-Perks""]",1782,,"Where your wedding story begins
💍
Experience an intimate wedding workshop at PARKROYAL on Beach Road's Sky Ballroom, styled to inspire and designed for meaningful conversations with our wedding curators.
Enjoy exclusive privileges, including savings of up to S$200 per table and curated wedding perks — all thoughtfully put together for a celebration that’s Simply Yours.
Drop by on 11 April 2026 from 9am to 4pm to meet with their Wedding Curators for a personalised consultation.
RSVP
to receive a complimentary SGD50 nett spa voucher as their special gift to you while you embark on this beautiful journey!",https://t.me/blissfulbrides/1782
blissfulbrides,2026-04-05T01:00:58+00:00,[],"[""https://www.blissfulbrides.sg/package-detaile/2804/grand-ballroom-wedding-dinner-package-friday-and-sunday-2027""]",1778,,"Grand Ballroom Wedding Dinner Package (Friday and Sunday) 2027
by Singapore Marriott Tang Plaza Hotel
Start from $1988++
For more information
Here
!",https://t.me/blissfulbrides/1778
blissfulbrides,2026-04-01T01:02:35+00:00,[],"[""https://www.blissfulbrides.sg/event-detail/1126/Everlasting-Love-Wedding-Showcase-by-Holiday-Inn-Express-Suites-Singapore-Novena""]",1777,,"✨
Begin Your Forever with Us
✨
Holiday Inn Express & Suites Singapore Novena warmly invites you to our Everlasting Love Wedding Showcase, where timeless romance meets thoughtfully curated wedding experiences
Meet our dedicated planners and trusted vendors, explore beautifully styled setups, and envision a celebration that truly reflects your unique love stor
✨
Special showcase-only offers
✨
Thoughtfully curated Chinese, Malay & Myanmar theme
✨
Personalised consultations with our team
💍
Confirm your wedding package during the event and enjoy exclusive, one-day-only privileges designed to make your dream day even more unforgettable.
💌
RSVP
here
or reach out to us at sales@hiexsnovena.com to begin your journey to “I do.”",https://t.me/blissfulbrides/1777
blissfulbrides,2026-03-30T03:02:16+00:00,[],"[""https://events.blissfulbrides.sg/orchard-hotel-singapore-wedding-showcase-2026/"", ""https://events.blissfulbrides.sg/orchard-hotel-singapore-wedding-showcase-2026/""]",1776,,"Step into a world of timeless elegance at Millennium of Love, a wedding showcase by Orchard Hotel Singapore on 19 April 2026, 12:00 PM to 5:00 PM. From intimate celebrations to truly grand occasions, discover how this iconic hotel redefines wedding splendour, accommodating from 18 to over 100 tables in the heart of the city.
What to Expect
★ Complimentary entry
★ Personalised consultations with dedicated wedding specialists
★ Guided venue tours and gourmet tastings
★ *Exclusive event only privileges including:
🏨
Complimentary stay in the designer bridal suite with breakfast included
🍷
Complimentary alcohol
💐
Floral arrangements and centrepiece selections
📺
Large LED wall screen 7.9 metres by 3.8 metres
Event Details:
Date: Sunday, 19 April 2026
Time: 12:00 PM – 5:00 PM
Venue: Orchard Grand Ballroom, Level 3, 442 Orchard Rd, Singapore 238879
RSVP
Here
!
*T&Cs Apply.",https://t.me/blissfulbrides/1776
blissfulbrides,2026-03-23T01:33:58+00:00,[],"[""https://www.blissfulbrides.sg/package-detaile/2805/grand-ballroom-wedding-dinner-package-saturday-2027""]",1775,,"Grand Ballroom Wedding Dinner Package (Saturday) 2027
by Singapore Marriott Tang Plaza Hotel
Start from $2088++
For more information
Here
!",https://t.me/blissfulbrides/1775
blissfulbrides,2026-03-22T01:31:02+00:00,[],"[""https://www.blissfulbrides.sg/package-detaile/2792/magical-lapland-wedding-package""]",1773,,"Magical Lapland Wedding Package
by Lapland Lodge
Start from $6299++
For more information
Here
!",https://t.me/blissfulbrides/1773
blissfulbrides,2026-03-20T01:01:32+00:00,[],"[""https://www.blissfulbrides.sg/package-detaile/2806/grand-ballroom-wedding-lunch-package-2027""]",1772,,"Grand Ballroom Wedding Lunch Package 2027
by Singapore Marriott Tang Plaza Hotel
Start from $1888++
For more information
Here
!",https://t.me/blissfulbrides/1772
blissfulbrides,2026-03-19T01:03:34+00:00,[],"[""https://events.blissfulbrides.sg/a-wedding-showcase-the-capitol-kempinski-hotel-singapore-2026/""]",1771,,"Celebrate the start of your forever here at The Capitol Kempinski Hotel Singapore.
✨
Join us for our exclusive Wedding Show on 28 March 2026 and discover how your love story can unfold within one of Singapore’s most iconic heritage landmarks. From the cinematic grandeur of Capitol Theatre to the timeless elegance of 15 Stamford Restaurant and the refined charm of The Atelier, explore breathtaking spaces where classic heritage meets modern romance.
Enjoy live serenades by The Musical Touch, savour delicate canapés, and uncover exclusive wedding perks available only during the show.
Stay till the end and stand a chance to win our Grand Lucky Draw, a two-night stay at The Apurva Kempinski Bali. The perfect beginning of your honeymoon dreams.
💍
RSVP now via
🔗
events.blissfulbrides.sg/a-wedding-showcase-the-capitol-kempinski-hotel-singapore-2026",https://t.me/blissfulbrides/1771
blissfulbrides,2026-03-18T01:05:04+00:00,[],"[""https://www.blissfulbrides.sg/11/jewellery-accessories/detail/1332/jnsq-gem"", ""https://www.blissfulbrides.sg/articles/wedding/your-story-set-in-stone-why-jnsq-gem-is-quietly-redefining-bespoke-bridal-jewellery""]",1770,,"Built on meaning and care,
JNSQ Gem
is redefining bespoke bridal jewellery for couples who want their story reflected in every detail
🤍
Founded by two sisters, the brand specialises in lab-grown diamonds and gemstones — creating personalised pieces that feel intentional, transparent, and beautifully accessible, without compromising on quality.
👉
Your Story, Set in Stone Why JNSQ Gem is quietly redefining bespoke bridal jewellery
read the full article and discover jewellery that’s truly set in stone
✨
💍",https://t.me/blissfulbrides/1770
blissfulbrides,2026-03-17T01:03:04+00:00,[],"[""https://www.blissfulbrides.sg/package-detaile/2793/pre-wedding-photography-package""]",1769,,"Pre-Wedding Photography Package
by JTB Singapore
Start from $3988++
For more information
Here
!",https://t.me/blissfulbrides/1769
blissfulbrides,2026-03-10T12:02:28+00:00,[],"[""https://events.blissfulbrides.sg/mondrian-singapore-duxton-wedding-showcase-2026/""]",1767,,"Step into The Art of “I Do”, Mondrian Singapore Duxton’s first-ever wedding showcase on 28 March, 12 PM – 5 PM. Explore how the hotel’s distinctive venues go beyond traditional ballrooms, with immersive displays and exclusive event-day privileges for your special day.
From sunlit dining at Bottega di Carna, intimate vibes at Christina’s, lush Mondrian Garden ceremonies (pet-friendly!), to lively gatherings at Jungle Ballroom & Canyon Club, there’s a space for every celebration.
What to Expect:
★ Complimentary entry
★ Personalised consultations
★ Guided venue tours
★ One-day-only lucky draw prizes
Event Details:
Date: Saturday, 28 March 2026
Time: 12:00 PM – 5:00 PM
Venue: Bottega di Carna, Singapore 819664
🔗
RSVP
Here
!",https://t.me/blissfulbrides/1767
blissfulbrides,2026-03-10T01:01:18+00:00,[],"[""https://www.blissfulbrides.sg/11/jewellery-accessories/detail/1129/i-primo-singapore"", ""https://www.blissfulbrides.sg/articles/wedding/i-primo-singapore-unveils-two-exquisite-limited-edition-engagement-rings-from-japan-s-handcrafted-hatsusora-series""]",1766,,"Handcrafted in Japan,
I-PRIMO Singapore
unveils two limited-edition engagement rings —
Amanogawa
and
Hatsuakari
— where timeless elegance meets poetic romance
🤍
👉
I‑PRIMO Singapore Unveils Two Exquisite Limited‑Edition Engagement Rings from Japan’s Handcrafted “Hatsusora” Series
to read the full article and discover these exquisite designs
💍
✨",https://t.me/blissfulbrides/1766
blissfulbrides,2026-03-08T01:00:56+00:00,[],"[""https://www.blissfulbrides.sg/event-detail/1121/The-Wedding-Atelier-An-Heirloom-of-Love""]",1765,,"The Wedding Atelier: An Heirloom of Love
Event Details
Organizer: Paradox Singapore
Admission: Complimentary, by appointment only
Event Date: Sunday, 29 March 2026. 11am – 5.30pm
Every love story unfolds in its own rhythm in quiet glances, the shared laughter and the intimate details that shape a life together. Your wedding day should not simply be an event, but a reflection of  that rhythm: classic, elegant and uniquely yours.
For more information or to RSVP
Here
!",https://t.me/blissfulbrides/1765
blissfulbrides,2026-03-08T01:00:56+00:00,[],"[""https://www.blissfulbrides.sg/package-detaile/2778/singapore-zoo-forest-lodge""]",1764,,"Singapore Zoo, Forest Lodge
by Mandai Wildlife Reserve
Start from $208++
For more information
Here
!",https://t.me/blissfulbrides/1764
blissfulbrides,2026-03-07T01:03:41+00:00,[],"[""https://www.blissfulbrides.sg/event-detail/1119/Elevate-Your-Wedding-Perks-When-You-Book-with-Village-Hotel-Katong""]",1763,,"Elevate Your Wedding Perks When You Book with Village Hotel Katong
Promotion Details
Organizer: Village Hotel Katong
Promotion Period: From 1 March 2026 to 30 April 2026
Be it the vibrant heritage charm of Village Hotel Katong or the tranquil coastal elegance of Village Hotel Changi, each of our venues offer a distinctive flair to beautifully complement your love story.
For more information or to RSVP
Here
!",https://t.me/blissfulbrides/1763
blissfulbrides,2026-03-06T01:00:15+00:00,[],"[""https://www.blissfulbrides.sg/9/hotels/detail/54/grand-copthorne-waterfront-hotel"", ""https://www.blissfulbrides.sg/articles/wedding/where-riverside-serenity-meets-forever-grand-copthorne-waterfront-hotel-singapore""]",1762,,"One of Singapore's most romantic waterfront wedding venues:
Grand Copthorne Waterfront Hotel Singapore
. Six stunning spaces and riverside gazebo ceremonies along Singapore River. Book your dream celebration today.
🔗
Where Riverside Serenity Meets Forever: Grand Copthorne Waterfront Hotel Singapore
to read the full article and discover why couples love Grand Copthorne Waterfront
✨",https://t.me/blissfulbrides/1762
blissfulbrides,2026-03-05T01:01:16+00:00,[],"[""https://www.blissfulbrides.sg/event-detail/1120/Elevate-Your-Wedding-Perks-When-You-Book-with-Village-Hotel-Changi""]",1761,,"Elevate Your Wedding Perks When You Book with Village Hotel Changi
Promotion Details
Organizer: Village Hotel Changi
Promotion Period: From 1 March 2026 to 30 April 2026
Be it the vibrant heritage charm of Village Hotel Katong or the tranquil coastal elegance of Village Hotel Changi, each of our venues offer a distinctive flair to beautifully complement your love story.
For more information or to RSVP
Here
!",https://t.me/blissfulbrides/1761
blissfulbrides,2026-03-04T01:01:26+00:00,[],"[""https://www.blissfulbrides.sg/event-detail/1118/Serendipity-by-the-Waterfront-Wedding-Showcase""]",1760,,"Serendipity by the Waterfront Wedding Showcase
Event Details
Organizer: Grand Copthorne Waterfront Hotel Singapore
Admission: Complimentary, RSVP required
Event Date: 12 April, Sunday. 12:00 PM – 4:00 PM
Step into a world of romance and inspiration at Serendipity by the Waterfront, the exclusive wedding showcase at Grand Copthorne Waterfront Hotel Singapore. Join us on 12 April, from 12:00 pm to 5:00 pm, for an unforgettable experience filled with elegance, creativity, and love.
For more information or to RSVP
Here
!",https://t.me/blissfulbrides/1760
blissfulbrides,2026-03-03T01:02:13+00:00,[],"[""https://www.instagram.com/explore/tags/01/"", ""https://events.blissfulbrides.sg/crowne-plaza-wedding-showcase-march-2026/""]",1759,,"Step into Love Takes Flight, the Crowne Plaza Changi Airport
Wedding Showcase, on Sunday, 29 March 2026, from 12:00 PM to 5:00 PM, and experience your wedding coming to life. Explore every curated showroom, immerse yourself in themed setups, and see first-hand how each space can be transformed for your celebration.
Wander through versatile ballrooms, discover exclusive event-only packages, and interact with the Crowne Plaza team to personalise every detail. From elegant Western-style receptions to beautifully tailored Malay wedding experiences, envision your perfect day and take the next step towards a seamless, unforgettable celebration.
What to expect:
★ Complimentary Entry
★ Personalised Consultations
★ Guided Venue Tours
★ External Wedding Vendor Showcases
★ One-Day-Only Exclusive Savings
★ Offerings for All Cultural Weddings
Event Details:
Date: Sunday, 29 March 2026
Time: 12:00 PM – 5:00 PM
Venue: Chengal Ballroom, Level 1, 75 Airport Boulevard,
#01
-01, Singapore 819664
RSVP
Here
!",https://t.me/blissfulbrides/1759
blissfulbrides,2026-03-02T01:00:56+00:00,[],"[""https://www.blissfulbrides.sg/articles/wedding/cang-ai-wedding-20-years-of-asian-bridal-excellence-in-singapore"", ""https://www.blissfulbrides.sg/articles/wedding/cang-ai-wedding-20-years-of-asian-bridal-excellence-in-singapore""]",1758,,"With 20 years of Asian bridal excellence,
Cang-Ai Wedding
is for brides looking for a boutique that truly understands them
🤍
From gowns designed to flatter real bodies to a seamless one-stop experience, everything is kept simple, thoughtful, and stress-free — so you can focus on feeling confident and beautiful every step of the way.
🔗
Cang-Ai Wedding: 20 Years of Asian Bridal Excellence in Singapore
to read the full article and discover why your story starts here
✨",https://t.me/blissfulbrides/1758
blissfulbrides,2026-03-01T01:05:00+00:00,[],"[""https://www.blissfulbrides.sg/package-detaile/2772/lunch-packages""]",1757,,"Lunch Packages
by Mandai Rainforest Resort by Banyan Tree
Start from $2288++
For more information
Here
!",https://t.me/blissfulbrides/1757
blissfulbrides,2026-02-28T01:03:29+00:00,[],"[""https://www.blissfulbrides.sg/event-detail/1116/A-Sanctuary-Where-Your-Forever-Begins-Wedding-Showcase""]",1756,,"A Sanctuary Where Your Forever Begins Wedding Showcase
Event Details
Organizer: Dusit Thani Laguna Singapore
Admission: Complimentary Admission
Event Date: 29 March 2026. 10:00 to 17:00
Begin your forever at Dusit Thani Laguna Singapore, where refined luxury, lush landscapes, and heartfelt hospitality come together.
For more information or to RSVP
Here
!",https://t.me/blissfulbrides/1756
blissfulbrides,2026-02-26T01:04:20+00:00,[],"[""https://www.blissfulbrides.sg/package-detaile/2764/malay-wedding-package-2026-2027""]",1754,,"Malay Wedding Package 2026 & 2027
by Holiday Inn Singapore Atrium
Start from $148++
For more information
Here
!",https://t.me/blissfulbrides/1754
blissfulbrides,2026-02-25T01:03:43+00:00,[],"[""https://www.blissfulbrides.sg/event-detail/1115/Simply-Yours-Celebrations-Wedding-Showcase""]",1753,,"Simply Yours Celebrations Wedding Showcase
Event Details
Organizer: PARKROYAL on Beach Road
Admission: Free
Event Date: 15 March 2026. 11.00am to 6.00pm.
Join PARKROYAL on Beach Road at their Wedding Showcase and experience an exclusive preview of your special day. Discovery their elegant pillarless ballrooms, savour a curated wedding menu tasting and meet their wedding curators for a personalised guidance to bring your dream celebration to life.
For more information or to RSVP
Here
!",https://t.me/blissfulbrides/1753
blissfulbrides,2026-02-22T01:01:30+00:00,[],"[""https://www.blissfulbrides.sg/articles/wedding/myth-or-reality-does-the-wedding-ring-really-have-to-be-3x-the-groom-s-salary""]",1752,,"Heard of the “3× salary” ring rule?
💍
For many couples in Singapore, real life budgets and real priorities matter far more than old myths.
Before feeling pressured to overspend, it helps to understand where this rule came from and how couples today are actually choosing their engagement rings.
Tap the link to read more at
Does the Wedding Ring Really Have to Be 3x the Groom's Salary?",https://t.me/blissfulbrides/1752
blissfulbrides,2026-02-22T01:01:30+00:00,[],"[""https://www.blissfulbrides.sg/package-detaile/2777/night-safari-tipi-tent""]",1751,,"Night Safari, Tipi Tent
by Mandai Wildlife Reserve
Start from $338++
For more information
Here
!",https://t.me/blissfulbrides/1751
blissfulbrides,2026-02-19T01:04:39+00:00,[],"[""https://www.blissfulbrides.sg/articles/wedding/wedding-catering-with-peach-garden-when-your-dream-venue-needs-the-perfect-menu""]",1750,,"Discover Peach Garden's external wedding catering in Singapore. Bring exceptional Cantonese cuisine to any venue with customisable sit-down or buffet options.
🔗
Wedding Catering with Peach Garden: When Your Dream Venue Needs the Perfect Menu
to read the full article and discover how Peach Garden completes your perfect day
🍽️
🤍",https://t.me/blissfulbrides/1750
blissfulbrides,2026-02-18T01:02:47+00:00,[],"[""https://www.blissfulbrides.sg/package-detaile/2773/dinner-packages""]",1749,,"Dinner Packages
by Mandai Rainforest Resort by Banyan Tree
Start from $2388++
For more information
Here
!",https://t.me/blissfulbrides/1749
blissfulbrides,2026-02-17T01:02:32+00:00,[],"[""https://www.blissfulbrides.sg/detail/1070/voco-orchard-singapore"", ""https://www.blissfulbrides.sg/event-detail/1114/The-Trip-to-I-Do-a-voco-Orchard-Singapore-Wedding-Showcase""]",1748,,"The Trip to “I Do” – a voco Orchard Singapore Wedding Showcase
Event Details
Organizer:
voco Orchard Singapore
Admission: Free | By appointment only
Event Date: Saturday, 7 March 2026. 10am to 5pm.
Confirm your wedding package at our Wedding Showcase and stand a chance to win at our
""Surprise Holiday Destination"" Hourly Lucky Draw
.
What's more - you could fly away with the
Grand Prize of 1 Million IHG One Rewards Points
-
equivalent to more than 50 room nights or dining experiences at IHG properties worldwide.
For more information or to RSVP
Here
!",https://t.me/blissfulbrides/1748
blissfulbrides,2026-02-15T01:01:38+00:00,[],"[""https://www.blissfulbrides.sg/articles/wedding/who-to-invite-to-your-wedding-a-complete-guest-guide""]",1746,,"💍
Not sure who should be on your wedding guest list?
This guide breaks it down — from setting your budget and defining boundaries to managing plus-ones, travel factors, and building a thoughtful B-list. Plus, easy best practices to keep everything organised and stress-free.
👉
Read our latest article or click
🔗
Who To Invite To Your Wedding: A Complete Guest Guide
!",https://t.me/blissfulbrides/1746
blissfulbrides,2026-02-14T01:02:22+00:00,[],"[""https://www.blissfulbrides.sg/articles/wedding/queena-wedding-singapore-where-dreams-take-flight""]",1745,,"Experience luxury bridal excellence with Queena Wedding Singapore, and discover why discerning Singapore brides choose Queena for their special day.
🔗
Queena Wedding Singapore: Where Dreams Take Flight
to read the full article and discover why discerning Singapore brides choose Queena for their big day
✨
💍",https://t.me/blissfulbrides/1745
blissfulbrides,2026-02-13T01:00:32+00:00,[],"[""https://www.blissfulbrides.sg/package-detaile/2779/bird-paradise-crimson-restaurant""]",1744,,"Bird Paradise, Crimson Restaurant
by Mandai Wildlife Reserve
Start from $318++
For more information
Here
!",https://t.me/blissfulbrides/1744
blissfulbrides,2026-02-12T01:01:40+00:00,[],"[""https://www.blissfulbrides.sg/articles/wedding/thinking-about-a-destination-wedding-here-s-what-nobody-tells-you""]",1743,,"Thinking of a destination wedding? There’s so much more to it than you think!
From legal requirements and paperwork to guest logistics and unexpected costs, planning a wedding abroad often comes with details couples only realise along the way.
We’ve broken down what really matters — so you can plan with clarity, confidence, and fewer surprises.
🔗
Thinking About a Destination Wedding? Here's What Nobody Tells You
what nobody tells you about planning a destination wedding — from legalities to guest realities.",https://t.me/blissfulbrides/1743
blissfulbrides,2026-02-10T01:00:32+00:00,[],"[""https://www.blissfulbrides.sg/package-detaile/2775/wedding-brochure""]",1742,,"Wedding Brochure
by Dusit Thani Laguna Singapore
Start from $148++
For more information
Here
!",https://t.me/blissfulbrides/1742
blissfulbrides,2026-02-09T01:03:58+00:00,[],"[""https://www.blissfulbrides.sg/articles/wedding/common-wedding-guest-list-dilemmas-and-how-to-overcome-them""]",1741,,"💡
Guest List Drama? You’re Not Alone — And Yes, There Are Ways to Fix It
💍
Dealing with limited venue capacity, family expectations, work colleagues, and even cultural pressure? It’s totally normal to feel pulled in every direction. Start by prioritising who truly matters and be honest about your limits — it’s your day, and setting clear boundaries (even with loved ones) brings
peace
to a stressful part of
💖
wedding planning.
🔗
Common Wedding Guest List Dilemmas and How to Overcome Them
to learn how to handle common guest list dilemmas with grace and clarity.",https://t.me/blissfulbrides/1741
blissfulbrides,2026-02-08T01:01:09+00:00,[],"[""https://www.blissfulbrides.sg/articles/wedding/things-to-note-when-choosing-the-perfect-bridal-makeup""]",1740,,"Wedding planning comes with a long to-do list, but your bridal makeup deserves more than a last-minute decision.
From understanding your skin under Singapore’s heat, to choosing a look that lasts through happy tears and countless photos, the right approach helps you feel confident from start to finish.
🔗
Things to Note When Choosing the Perfect Bridal Makeup
to discover how to achieve a bridal look that photographs beautifully, lasts all day, and still feels like you!",https://t.me/blissfulbrides/1740
blissfulbrides,2026-02-07T01:04:14+00:00,[],"[""https://www.blissfulbrides.sg/package-detaile/2791/10hours-actual-day-photography-makeup""]",1738,,"10hours Actual Day Photography + Makeup
by Pengyu Official
VIP Member Promotion
from
$2488
to $2088
For more information
Here
!",https://t.me/blissfulbrides/1738
blissfulbrides,2026-02-06T01:03:42+00:00,[],"[""https://www.blissfulbrides.sg/event-detail/1113/glam-together-bridesmaid-beauty-class""]",1737,,"Glam Together Bridesmaid Beauty Class
Promotion Details
Organizer: Hayley Makeup & Hair
When: Subject to Artist availability
Promotion Period: till 31 Dec 2026
Led by a professional makeup artist, each session teaches step-by-step techniques for creating a soft, polished look that lasts from ceremony to reception.
For more information or to RSVP
Here
!",https://t.me/blissfulbrides/1737
blissfulbrides,2026-02-05T01:01:58+00:00,[],"[""https://www.blissfulbrides.sg/event-detail/1112/valentine-s-special-promotion""]",1736,,"Valentine’s Special Promotion
Promotion Details
Organizer: Hayley Makeup & Hair
Promotion Period: till 14 Feb 2026
For more information or to RSVP
Here
!",https://t.me/blissfulbrides/1736
blissfulbrides,2026-02-04T01:02:57+00:00,[],"[""https://www.blissfulbrides.sg/package-detaile/2769/2026-wedding-packages""]",1734,,"2026 Wedding Packages
by voco Orchard Singapore
Start from $1688++
For more information
Here
!",https://t.me/blissfulbrides/1734
blissfulbrides,2026-02-03T01:33:40+00:00,[],"[""https://www.blissfulbrides.sg/articles/wedding/bridal-wellness-staying-beautiful-and-balanced-through-wedding-planning-stress""]",1733,,"Wedding planning can get overwhelming, but taking care of yourself is non-negotiable. From nourishing your body with proper meals and hydration, to carving out quiet moments through mindfulness and meditation, to keeping active in ways you
actually
enjoy — these little habits make all the difference. A balanced bride is a radiant bride.
💖
🔗
Bridal Wellness: Staying Beautiful and Balanced Through Wedding Planning Stress
to discover simple wellness steps that keep you beautiful, calm, and centered throughout your journey.",https://t.me/blissfulbrides/1733
blissfulbrides,2026-02-02T01:03:21+00:00,[],"[""https://www.blissfulbrides.sg/package-detaile/2767/esplanade-wedding-package-2026""]",1732,,"Esplanade Wedding Package 2026
by Carlton Hotel Singapore
Start from $1468++
For more information
Here
!",https://t.me/blissfulbrides/1732
blissfulbrides,2026-02-01T01:00:17+00:00,[],"[""https://www.blissfulbrides.sg/1/beauty-wellness/detail/191/my-cozy-room"", ""https://www.blissfulbrides.sg/articles/editor-s-choice-awards/why-brides-trust-my-cozy-room-for-their-wedding-glow""]",1731,,"💆‍♀️
✨
Your Bridal Glow, Handled with Care
✨
💆‍♀️
When the pressure to look perfect is real, brides turn to what they trust
🤍
My Cozy Room
is known for gentle, personalised bridal facials that truly work — even for sensitive skin
✨
🔗
Why Brides Trust My Cozy Room for Their Wedding Glow
to read the full feature and discover why brides trust My Cozy Room for their wedding glow
🤍",https://t.me/blissfulbrides/1731
blissfulbrides,2026-01-31T01:04:26+00:00,[],"[""https://www.blissfulbrides.sg/package-detaile/2768/wedding-package-2026""]",1730,,"Wedding Package 2026
by Carlton Hotel Singapore
Start from $1598++
For more information
Here
!",https://t.me/blissfulbrides/1730
blissfulbrides,2026-01-30T01:01:47+00:00,[],"[""https://www.blissfulbrides.sg/event-detail/1111/Voyage-Of-Love-Wedding-Show-by-M-Hotel-Singapore""]",1729,,"Voyage Of Love Wedding Show by M Hotel Singapore
Ev
ent Details
Organizer: M Hotel Singapore
Admission: Complimentary, RSVP required
Event Date: 7 February 2026. 11:00 AM – 6:00 PM
Join us at the Voyage of Love Wedding Show, the perfect experience for your wedding planning journey!
RSVP and receive a $50 dining voucher at our wedding show, and don't miss out on our exciting lucky draw with guaranteed prizes when you confirm your wedding with us.
For more information or to RSVP
Here
!",https://t.me/blissfulbrides/1729
blissfulbrides,2026-01-29T01:00:25+00:00,[],"[""https://www.blissfulbrides.sg/package-detaile/2766/indian-wedding-package-2026-2027""]",1727,,"Indian Wedding Package 2026 & 2027
by Holiday Inn Singapore Atrium
Start from $148++
For more information
Here
!",https://t.me/blissfulbrides/1727
blissfulbrides,2026-01-28T01:03:16+00:00,[],"[""https://www.blissfulbrides.sg/package-detaile/2781/actual-day-photography""]",1726,,"Actual Day Photography
by Pengyu Official
VIP Member Promotion
from
$1988
to $1680
For more information
Here
!",https://t.me/blissfulbrides/1726
blissfulbrides,2026-01-27T01:02:49+00:00,[],"[""https://www.blissfulbrides.sg/articles/wedding/new-wedding-trends-to-spark-your-imagination""]",1725,,"[New Wedding Trends!
💡
] Think beyond the usual — imagine a wedding content creator capturing the magic, centrepieces made from fresh fruits and vegetables, a veil personal touch with your initials, and interactive photo + video moments that make your guests part of the story.
🔗
New Wedding Trends to Spark Your Imagination
to explore more!",https://t.me/blissfulbrides/1725
blissfulbrides,2026-01-26T01:01:18+00:00,[],"[""https://www.blissfulbrides.sg/package-detaile/2765/chinese-wedding-brochure-2026-2027""]",1723,,"Chinese Wedding Brochure 2026 & 2027
by Holiday Inn Singapore Atrium
Start from $1758++
For more information
Here
!",https://t.me/blissfulbrides/1723
blissfulbrides,2026-01-25T01:03:02+00:00,[],"[""https://www.blissfulbrides.sg/articles/wedding/dance-lessons-why-they-matter-for-your-wedding-s-first-dance""]",1722,,"[Wedding Dance Lesson Tips!]
Whether you’re aiming for smooth and romantic or fun and upbeat, wedding dance lessons help you feel confident, connected, and completely in sync on your big day. It’s not just practice — it’s bonding, laughing, and creating memories you’ll cherish forever.
From picking the right instructor to choosing
the
perfect song, a little prep makes your first dance truly magical.
💫
🔗
Dance Lessons: Why They Matter For Your Wedding's First Dance
to get started!",https://t.me/blissfulbrides/1722
blissfulbrides,2026-01-24T01:04:45+00:00,[],"[""https://www.blissfulbrides.sg/5/country-clubs/detail/37/one-15-marina-sentosa-cove"", ""https://www.blissfulbrides.sg/articles/wedding/weddings-with-a-view-intimate-weddings-at-the-iconic-building-one-15-marina-sentosa-cove""]",1721,,"💍
Say “I Do” with a View at ONE°15 Marina Sentosa Cove!
✨
At the
Iconic Building,
ONE°15 Marina Sentosa Cove
, intimate weddings feel effortlessly chic — refined yet relaxed, thoughtfully designed, and beautifully personal. Every detail flows seamlessly, letting your love story take centre stage
🌊
🤍
🔗
Weddings with a View: Intimate Weddings at the Iconic Building, ONE°15 Marina Sentosa Cove
to read the full article and discover why couples are falling in love with this iconic wedding setting.",https://t.me/blissfulbrides/1721
blissfulbrides,2026-01-23T01:04:41+00:00,[],"[""https://www.blissfulbrides.sg/package-detaile/2758/timeless-union""]",1720,,"Timeless Union
by Village Hotel Changi
Start from $119.80++
For more information
Here
!",https://t.me/blissfulbrides/1720
blissfulbrides,2026-01-22T01:03:30+00:00,[],"[""https://www.blissfulbrides.sg/event-detail/1109/Celebrate-Love-by-The-River-Wedding-Showcase"", ""https://www.blissfulbrides.sg/event-detail/1109/Celebrate-Love-by-The-River-Wedding-Showcase""]",1716,,"Celebrate Love by The River Wedding Showcase
Ev
ent Details
Organizer: Four Points by Sheraton Singapore, Riverview
Admission: Free
Event Date: 8 February 2026. 11.00am – 7.00pm
Celebrate your blessed union at Four Points by Sheraton Singapore, Riverview—where cherished Malay wedding traditions meet modern elegance along the beautiful Singapore River.
For more information or to RSVP H
e
re!",https://t.me/blissfulbrides/1716
blissfulbrides,2026-01-21T01:02:18+00:00,[],"[""https://www.blissfulbrides.sg/articles/wedding/rsvp-what-it-means-essential-tips""]",1715,,"📨
RSVP like a pro! Whether you're the couple or the guest, knowing the dos and don’ts of wedding RSVPs can save everyone a lot of stress.
💌
From responding on time to handling last-minute changes gracefully, these tips will keep things smooth and respectful on both sides.
💯
🔗
RSVP: What It Means & Essential Tips
to learn how to RSVP right!",https://t.me/blissfulbrides/1715
blissfulbrides,2026-01-20T01:03:17+00:00,[],"[""https://www.blissfulbrides.sg/package-detaile/2753/eternal-vows-buffet""]",1714,,"Eternal Vows - Buffet
by Village Hotel Changi
Start from $108++
For more information
Here
!",https://t.me/blissfulbrides/1714
blissfulbrides,2026-01-19T01:32:03+00:00,[],"[""https://www.blissfulbrides.sg/articles/wedding/the-clover-bridal-your-all-in-one-wedding-stop""]",1713,,"💍
✨
One Stop Bridal, Zero Stress, Bride-to-Be!
✨
💍
Planning your wedding should feel exciting, not overwhelming. With
The Clover Bridal
, everything you need comes together seamlessly —One place, all your wedding essentials. From gowns to glam to memories captured
✨
🔗
The Clover Bridal: Your All-in-One Wedding Stop
to read the full feature and discover why The Clover Bridal is truly an all-in-one wedding destination.",https://t.me/blissfulbrides/1713
blissfulbrides,2026-01-18T01:01:16+00:00,[],"[""https://www.blissfulbrides.sg/articles/wedding/what-the-30-5-rule-really-means-for-your-wedding-day""]",1712,,"⏰
Ever wonder how to keep your wedding day running
perfectly on time
without feeling rushed? The
30/5 Rule
might just be your secret weapon!
💍
✨
Discover how this simple rule helps you balance every moment — from your walk down the aisle to the last dance.
🕊️
💃
🔗
What The 30/5 Rule Really Means For Your Wedding Day
to master the art of wedding timing!
⏳",https://t.me/blissfulbrides/1712
blissfulbrides,2026-01-17T01:02:42+00:00,[],"[""https://www.blissfulbrides.sg/package-detaile/2760/2026-wedding-package-lunch""]",1711,,"2026 Wedding Package Lunch
by The Westin Singapore
Start from $1988++
For more information
Here
!",https://t.me/blissfulbrides/1711
blissfulbrides,2026-01-16T01:02:56+00:00,[],"[""https://www.blissfulbrides.sg/2/bridal-boutiques/detail/1167/the-clover-bridal"", ""https://www.blissfulbrides.sg/articles/wedding/the-clover-bridal-your-all-in-one-wedding-stop""]",1710,,"💐
Your All-in-One Bridal Journey Starts at The Clover Bridal
💍
Clover Bridal
, the leading destination for bridal brides-to-be, offers a one stop service to all your wedding needs: from curated evening and wedding gowns & suits, hair and makeup to photography and videography by a professionally trained inhouse team
✨
👰🏻‍♀️
🔗
The Clover Bridal: Your All-in-One Wedding Stop
to explore their offerings today!",https://t.me/blissfulbrides/1710
blissfulbrides,2026-01-15T01:00:19+00:00,[],"[""https://www.blissfulbrides.sg/package-detaile/2752/eternal-vows-buffet""]",1709,,"Eternal Vows - Buffet
by Village Hotel Katong
Start from $108++
For more information
Here
!",https://t.me/blissfulbrides/1709
blissfulbrides,2026-01-14T01:04:55+00:00,[],"[""https://www.blissfulbrides.sg/articles/wedding/morning-gatecrash-should-you-keep-or-skip-the-tradition""]",1708,,"💒
Thinking about keeping the Morning Gatecrash? Or maybe skipping it altogether? Either way, make the choice that feels right for
you
.
From fun challenges that honour tradition to taking things slower or doing something altogether different — there are plenty of ways to include or reimagine this ritual beautifully.
🔗
Morning Gatecrash: Should You Keep Or Skip The Tradition?
to weigh the pros and cons and decide what fits best for your wedding day!",https://t.me/blissfulbrides/1708
blissfulbrides,2026-01-13T01:03:50+00:00,[],"[""https://www.blissfulbrides.sg/articles/wedding/weddings-with-a-view-intimate-weddings-at-the-iconic-building-one-15-marina-sentosa-cove""]",1707,,"💍
Weddings with a View at ONE°15 Marina Sentosa Cove
✨
Host a stylish and cozy wedding at the Iconic Building at ONE°15 Marina Sentosa Cove: a sophisticated waterfront setting for great celebrations
🌊
💐
📌
Start planning your dream day—
🔗
Weddings with a View: Intimate Weddings at the Iconic Building, ONE°15 Marina Sentosa Cove
to explore more!",https://t.me/blissfulbrides/1707
blissfulbrides,2026-01-12T01:01:20+00:00,[],"[""https://www.blissfulbrides.sg/package-detaile/2759/timeless-union""]",1706,,"Timeless Union
by Village Hotel Katong
Start from $119.80++
For more information
Here
!",https://t.me/blissfulbrides/1706
blissfulbrides,2026-01-11T01:01:17+00:00,[],"[""https://www.blissfulbrides.sg/articles/wedding/your-dream-wedding-dress-might-just-be-hidden-in-one-of-these-10-bridal-boutiques-in-singapore""]",1705,,"💫
Your dream wedding dress could be just a fitting away! Explore 10 bridal boutiques in Singapore, each with its own charm and collection—perfect for brides with every style and vision.
👗
💍
🔗
Your Dream Wedding Dress Might Just Be Hidden In One Of These 10 Bridal Boutiques In Singapore
to explore these must-visit boutiques!",https://t.me/blissfulbrides/1705
blissfulbrides,2026-01-10T01:04:26+00:00,[],"[""https://www.blissfulbrides.sg/package-detaile/2741/constellation-wedding-package-2026""]",1704,,"Constellation Wedding Package 2026
by Novotel Singapore on Stevens
Start from $1188++
For more information
Here
!",https://t.me/blissfulbrides/1704
blissfulbrides,2026-01-09T01:04:39+00:00,[],"[""https://www.blissfulbrides.sg/package-detaile/2757/impian-selamanya""]",1703,,"Impian Selamanya
by Village Hotel Katong
Start from $6800++
For more information
Here
!",https://t.me/blissfulbrides/1703
blissfulbrides,2026-01-08T01:02:18+00:00,[],"[""https://www.blissfulbrides.sg/event-detail/1108/Celebrate-Love-by-The-Exclusive-Savings-up-to-10-off-Perks""]",1702,,"Celebrate Love by The Exclusive Savings up to 10% off + Perks
Promotion Details
Organizer: PARKROYAL on Beach Road
Promotion Period: till 31 Jan 2026
Your dream wedding deserves nothing less than perfection. Book your wedding banquet with us now and enjoy up to 10% off your total bill, along with exclusive perks tailored for your big day.
For more information or to RSVP H
ere!",https://t.me/blissfulbrides/1702
blissfulbrides,2026-01-06T01:02:04+00:00,[],"[""https://www.blissfulbrides.sg/package-detaile/2742/nova-wedding-package-2026""]",1701,,"Nova Wedding Package 2026
by Novotel Singapore on Stevens
Start from $1538++
For more information
Here
!",https://t.me/blissfulbrides/1701
blissfulbrides,2026-01-05T01:00:11+00:00,[],"[""https://www.blissfulbrides.sg/package-detaile/2761/2026-wedding-package-weekend-dinner""]",1700,,"2026 Wedding Package Weekend Dinner
by The Westin Singapore
Start from $2088++
For more information
Here
!",https://t.me/blissfulbrides/1700
blissfulbrides,2026-01-04T01:04:04+00:00,[],"[""https://www.blissfulbrides.sg/package-detaile/2743/food-exchange-wedding-package-2026""]",1699,,"Food Exchange Wedding Package 2026
by Novotel Singapore on Stevens
Start from $188++
For more information
Here
!",https://t.me/blissfulbrides/1699
blissfulbrides,2026-01-02T01:03:35+00:00,[],"[""https://www.blissfulbrides.sg/package-detaile/2754/eternal-vows-chinese""]",1698,,"Eternal Vows - Chinese
by Village Hotel Katong
Start from $1198++
For more information
Here
!",https://t.me/blissfulbrides/1698
blissfulbrides,2026-01-01T01:00:41+00:00,[],"[""https://www.blissfulbrides.sg/package-detaile/2756/impian-selamanya""]",1697,,"Impian Selamanya
by Village Hotel Changi
Start from $6800++
For more information
Here
!",https://t.me/blissfulbrides/1697
blissfulbrides,2025-12-30T01:03:26+00:00,[],"[""https://www.blissfulbrides.sg/package-detaile/2744/galactical-wedding-package-2026""]",1696,,"Galactical Wedding Package 2026
by Novotel Singapore on Stevens
Start from $1588++
For more information
Here
!",https://t.me/blissfulbrides/1696
blissfulbrides,2025-12-29T01:00:20+00:00,[],"[""https://www.blissfulbrides.sg/articles/wedding/si-dian-jin-etiquette-dos-and-don-ts-for-the-bride-s-parents""]",1695,,"💍
✨
Honouring Tradition with Grace
✨
💎
Si Dian Jin is more than just a gift — it’s a cherished symbol of love, respect, and blessings between families.
💖
👰
Discover the
Si Dian Jin Etiquette: Dos And Don’ts For The Bride’s Parents
to ensure this meaningful tradition is celebrated with elegance and sincerity
🌸",https://t.me/blissfulbrides/1695
blissfulbrides,2025-12-28T01:02:31+00:00,[],"[""https://www.blissfulbrides.sg/package-detaile/2762/2026-wedding-package-weekday-dinner""]",1694,,"2026 Wedding Package Weekday Dinner
by The Westin Singapore
Start from $1828++
For more information
Here
!",https://t.me/blissfulbrides/1694
blissfulbrides,2025-12-27T01:00:34+00:00,[],"[""https://www.blissfulbrides.sg/event-detail/1107/Carlton-Hotel-Singapore-Presents-A-New-Beginning-Unfolds-Wedding-Workshop"", ""https://www.blissfulbrides.sg/event-detail/1107/Carlton-Hotel-Singapore-Presents-A-New-Beginning-Unfolds-Wedding-Workshop"", ""https://www.blissfulbrides.sg/event-detail/1097/Love-Woven-in-Time-a-voco-Orchard-Singapore-Wedding-Showcase""]",1693,,"Carlton Hotel Singapore Presents A New Beginning Unfolds Wedding Workshop
E
vent Details
Organizer: Carlton Hotel Singapore
Admission: Admission is complimentary (Registration is required)
Event Date: Saturday, 24 January 2026. 12.00pm to 4.30 pm.
Join us at our Wedding Workshop on 24 January 2026 for a sneak preview of our transformed Empress Ballrooms. Featuring a refreshed modern aesthetic, enhanced lighting, refined architectural details along with LED screen, the ballrooms provide an elegant and inspiring setting that is perfect for your dream wedding.
For more information or to RSVP
H
ere
!",https://t.me/blissfulbrides/1693
blissfulbrides,2025-12-26T01:05:08+00:00,[],"[""https://www.blissfulbrides.sg/package-detaile/2745/solemnisation-x-l-aperitif-2026""]",1692,,"Solemnisation x L'Aperitif 2026
by Novotel Singapore on Stevens
Start from $1088++
For more information
Here
!",https://t.me/blissfulbrides/1692
blissfulbrides,2025-12-25T01:03:53+00:00,[],"[""https://www.blissfulbrides.sg/articles/wedding/the-biggest-wedding-seating-chart-mistakes-to-avoid""]",1691,,"💒
✨
Perfect Seats for a Perfect Celebration!
🪑
💍
Your wedding seating chart shouldn’t be a puzzle! From guest dynamics to last-minute changes, every detail counts in creating a smooth and joyful celebration.
🌸
💡
Discover the
The Biggest Wedding Seating Chart Mistakes To Avoid
and how to keep your guests comfortable and connected all night long!",https://t.me/blissfulbrides/1691
blissfulbrides,2025-12-24T01:03:08+00:00,[],"[""https://www.blissfulbrides.sg/package-detaile/2750/stay-blissful-wedding-package-2026-2027""]",1690,,"Stay Blissful Wedding Package 2026 - 2027
by Holiday Inn Singapore Orchard City Centre
Start from $1088++
For more information
Here
!",https://t.me/blissfulbrides/1690
blissfulbrides,2025-12-23T01:01:18+00:00,[],"[""https://www.blissfulbrides.sg/package-detaile/2755/eternal-vows-chinese""]",1689,,"Eternal Vows - Chinese
by Village Hotel Changi
Start from $1198++
For more information
Here
!",https://t.me/blissfulbrides/1689
blissfulbrides,2025-12-22T01:02:00+00:00,[],"[""https://www.blissfulbrides.sg/15/restaurants/detail/109/peach-garden-chinese-restaurant"", ""https://www.blissfulbrides.sg/articles/wedding/weddings-with-a-view-and-a-feast-peach-garden-chinese-restaurant""]",1688,,"🥂
Say “Yes” to Scenic Views and Scrumptious Feasts at Peach Garden Chinese Restaurant!
💒
🍽️
After an unforgettable celebration? Discover
Peach Garden Chinese Restaurant
’s four wedding venues in Singapore, offering stunning views and authentic Cantonese cuisine—
🔗
Weddings with a View (and a Feast): Peach Garden Chinese Restaurant
to begin!
🥢
💕",https://t.me/blissfulbrides/1688
blissfulbrides,2025-12-21T01:01:36+00:00,[],"[""https://www.blissfulbrides.sg/package-detaile/2746/wedding-venue-only-package-2026""]",1687,,"Wedding Venue Only Package 2026
by Novotel Singapore on Stevens
Start from $2588++
For more information
Here
!",https://t.me/blissfulbrides/1687
blissfulbrides,2025-12-20T01:01:29+00:00,[],"[""https://www.blissfulbrides.sg/package-detaile/2749/stay-truly-indian-wedding-package-2026-2027""]",1686,,"Stay Truly Indian Wedding Package 2026 - 2027
by Holiday Inn Singapore Orchard City Centre
Start from $110++
For more information
Here
!",https://t.me/blissfulbrides/1686
blissfulbrides,2025-12-19T01:04:20+00:00,[],"[""https://www.blissfulbrides.sg/1/beauty-wellness/detail/191/my-cozy-room"", ""https://www.blissfulbrides.sg/articles/editor-s-choice-awards/why-brides-trust-my-cozy-room-for-their-wedding-glow""]",1685,,"Step into the spotlight with flawless skin, thanks to the award-winning expertise of
My Cozy Room Beauty Spa
. From luxurious bridal facials to soothing back treatments, every session is tailored to bring out your natural radiance — no stress, no hard sell, just heartfelt care.
💆‍♀️
🌸
👰‍♀️
Glow with confidence on your big day —
Why Brides Trust My Cozy Room for Their Wedding Glow
to begin your bridal skincare journey!",https://t.me/blissfulbrides/1685
blissfulbrides,2025-12-18T01:04:46+00:00,[],"[""https://www.blissfulbrides.sg/package-detaile/2747/winestone-wedding-package-2026""]",1684,,"Winestone Wedding Package 2026
by Novotel Singapore on Stevens
Start from $138++
For more information
Here
!",https://t.me/blissfulbrides/1684
blissfulbrides,2025-12-16T01:04:19+00:00,[],"[""https://www.blissfulbrides.sg/articles/wedding/diy-wedding-decorations-unique-ideas""]",1683,,"🎨
Add a Personal Touch to Your Big Day with DIY Wedding Décor!
💐
✨
From handmade signage to nature-inspired accents, these creative ideas let you infuse your wedding with meaning and charm—while keeping things simple and heartfelt.
💍
💡
🔗
DIY Wedding Decorations: Unique Ideas
for inspiring DIY decoration ideas that’ll wow your guests!",https://t.me/blissfulbrides/1683
blissfulbrides,2025-12-12T01:03:18+00:00,[],"[""https://www.blissfulbrides.sg/articles/wedding/friend-inspired-roles-beyond-bridesmaids-groomsmen""]",1682,,"💖
Rethink the Wedding Party — Let Your Friends Shine in Unique Roles!
✨
Move over traditional bridesmaids and groomsmen—think Hype Squad, Vibe Curators, and Ceremony Storytellers! These fresh roles let your besties be part of your big day in fun, unforgettable ways.
🎤
🎶
📸
🔗
Friend-Inspired Roles Beyond Bridesmaids & Groomsmen
for more inspiration!",https://t.me/blissfulbrides/1682
blissfulbrides,2025-12-11T01:04:25+00:00,[],"[""https://www.blissfulbrides.sg/event-detail/1106/Echoes-of-Love-a-voco-Orchard-Singapore-intimate-wedding-workshop"", ""https://www.blissfulbrides.sg/event-detail/1106/Echoes-of-Love-a-voco-Orchard-Singapore-intimate-wedding-workshop"", ""https://www.blissfulbrides.sg/event-detail/1097/Love-Woven-in-Time-a-voco-Orchard-Singapore-Wedding-Showcase""]",1681,,"Echoes of Love – a voco Orchard Singapore intimate wedding workshop
E
vent Details
Organizer: voco Orchard Singapore
Admission: By appointment only
Event Date: Sunday, 25 January 2026. 10am to 5pm
Explore a curated showcase of wedding themes - from refined, intimate celebrations to grand, unforgettable soirées - each thoughtfully styled to inspire your perfect day.
For more information or to RSVP
H
ere
!",https://t.me/blissfulbrides/1681
blissfulbrides,2025-12-10T01:00:42+00:00,[],"[""https://www.blissfulbrides.sg/9/hotels/detail/492/amara-singapore"", ""https://www.blissfulbrides.sg/articles/editor-s-choice-awards/amara-singapore-editor-s-choice-for-preferred-banquet-venue-2025"", ""https://www.blissfulbrides.sg/articles/editor-s-choice-awards/amara-singapore-editor-s-choice-for-preferred-banquet-venue-2025"", ""https://www.blissfulbrides.sg/articles/editor-s-choice-awards/amara-singapore-editor-s-choice-for-preferred-banquet-venue-2025""]",1680,,"💫
Celebrate Timeless Elegance at Amara Singapore
💍
✨
Amara Singapore
offers the perfect blend of charm, convenience, and contemporary elegance for your big day. From beautifully designed venues to a central location and thoughtful service, every detail is tailored to elevate your celebration.
🥂
🌇
🔗
A
mara Singapore: Editor's Choice for Preferr
ed Banquet Venue 2025
to explore why Amara Singapore is a top pick for 2025 weddings!",https://t.me/blissfulbrides/1680
blissfulbrides,2025-12-08T01:30:01+00:00,[],"[""https://www.blissfulbrides.sg/articles/wedding/wedding-catering-with-peach-garden-when-your-dream-venue-needs-the-perfect-menu""]",1678,,"🍽️
Elevate Your Wedding Feast with Peach Garden!
🥢
💖
Discover Peach Garden's external wedding catering in Singapore. Bring exceptional Cantonese cuisine to any venue with customisable sit-down or buffet options
🥂
✨
🔗
Wedding Catering with Peach Garden: When Your Dream Venue Needs the Perfect Menu
to explore wedding menus made for your big day!",https://t.me/blissfulbrides/1678
blissfulbrides,2025-12-06T01:01:23+00:00,[],"[""https://www.blissfulbrides.sg/articles/wedding/your-ultimate-wedding-budget-guide""]",1677,,"From venue to vows, get the most out of your wedding budget with practical tips on expense allocation, tracking tools, and smart spending strategies. Because a magical day doesn’t have to come with a hefty price tag!
✨
📊
🔗
Your Ultimate Wedding Budget Guide
to discover the ultimate guide to stress-free wedding budgeting!",https://t.me/blissfulbrides/1677
blissfulbrides,2025-12-01T01:03:29+00:00,[],"[""https://www.blissfulbrides.sg/articles/wedding/the-art-of-creating-seating-chart-for-your-guests""]",1676,,"🪑
✨
Master the Art of the Wedding Seating Chart!
💍
🍽️
Planning your guest seating doesn't have to be a puzzle. From VIP placement to grouping guests by connection (and keeping the kids happy too!), a thoughtful seating chart brings harmony to your big day.
🎉
👫
👨‍👩‍👧
🔗
The Art of creating Seating Chart for your Guests
to discover smart tips for arranging your wedding reception like a pro!",https://t.me/blissfulbrides/1676
blissfulbrides,2025-11-30T01:03:07+00:00,[],"[""https://www.blissfulbrides.sg/package-detaile/2728/weekend-lunch-wedding-2026""]",1675,,"Weekend Lunch Wedding 2026
by PARKROYAL on Beach Road
Start from $1,868++
For more information
Here
!",https://t.me/blissfulbrides/1675
blissfulbrides,2025-11-29T01:04:37+00:00,[],"[""https://www.blissfulbrides.sg/articles/wedding/wedding-guest-list-do-s-don-t-s""]",1674,,"📝
Crafting the Perfect Wedding Guest List? Here’s How to Get It Right!
💍
💌
From creating a backup list to staying within budget, there are a few simple dos and don’ts that can save you from unnecessary stress. Make every name count and every seat matter!
💖
✨
🔗
Wedding Guest List: Do’s & Don’t's
for smart tips to create a guest list that’s both meaningful and manageable!",https://t.me/blissfulbrides/1674
blissfulbrides,2025-11-26T01:01:54+00:00,[],"[""https://www.blissfulbrides.sg/9/hotels/detail/1127/psmc-clarke-quay"", ""https://www.blissfulbrides.sg/articles/editor-s-choice-awards/paradox-singapore-merchant-court-editor-s-choice-for-preferred-banquet-venue-2025""]",1673,,"🌆
Say “I Do” by the Riverside at Paradox Singapore
💍
✨
Celebrate your big day at
Paradox Singapore
with stunning views, elegant ballrooms, and seamless service — all in the heart of the city. Whether it’s a grand banquet or intimate gathering, this award-winning venue turns every moment into magic.
💐
🥂
🔗
Paradox Singapore Merchant Court: Editor's Choice for Preferred Banquet Venue 2025
to start planning your unforgettable wedding!",https://t.me/blissfulbrides/1673
blissfulbrides,2025-11-23T01:01:45+00:00,[],"[""https://www.blissfulbrides.sg/9/hotels/detail/54/grand-copthorne-waterfront-hotel"", ""https://www.blissfulbrides.sg/articles/editor-s-choice-awards/grand-copthorne-waterfront-hotel-singapore-editor-s-choice-for-banquet-venue-of-the-year""]",1672,,"✨
Where Elegance Meets Celebration
💍
Celebrate your big day at
Grand Copthorne Waterfront Hotel Singapore
— proudly awarded Editor’s Choice for Banquet Venue of the Year!
🌟
Whether it’s riverside vows or a stunning ballroom celebration, this venue promises unforgettable moments and exquisite dining.
🥂
🔗
Grand Copthorne Waterfront Hotel Singapore: Editor's Choice for Banquet Venue of the Year
to learn more!",https://t.me/blissfulbrides/1672
blissfulbrides,2025-11-21T10:02:46+00:00,[],"[""https://bit.ly/2026-jan-bows-bbwebsite""]",1671,,"Start the new year with Haus of Vows, the tri-annual Blissful One-Stop Wedding Show (BOWS), returning on 10 to 11 January 2026, now with even more perks and exclusive deals.
Haus of Vows brings together everything a Singaporean couple needs to plan their perfect wedding. From stunning venues and designer gowns to photography, décor, jewellery, and honeymoon packages, couples can compare options, secure the best event-only promotions, and enjoy rewards from our $50,000 cash rebates pool.
𝐄𝐯𝐞𝐧𝐭 𝐇𝐢𝐠𝐡𝐥𝐢𝐠𝐡𝐭𝐬:
⭐️
Stand a chance to win up to $50,000 in cash rebates*, exclusively for purchasing couples
⭐️
$25,000 worth of lucky draw prizes*
⭐️
Special vendor packages available only at the show*
⭐️
Bridal gown runway featuring new-season gowns
⭐️
Complimentary goodie bags* (while stocks last)
…and more.
𝗘𝘃𝗲𝗻𝘁 𝗗𝗲𝘁𝗮𝗶𝗹𝘀:
Date & Time: 10 to 11 January 2026. 12:00 PM – 9:00 PM
Venue: Marina Bay Sands Convention Centre, Level 1, Hall C
RSVP
Here
!",https://t.me/blissfulbrides/1671
blissfulbrides,2025-11-21T01:03:34+00:00,[],"[""https://www.blissfulbrides.sg/package-detaile/2734/wedding-package-2026""]",1669,,"Wedding Package 2026
by METT Singapore
Start from $1,788++
For more information
Here
!",https://t.me/blissfulbrides/1669
blissfulbrides,2025-11-20T01:01:47+00:00,[],"[""https://www.blissfulbrides.sg/package-detaile/2733/2025-2026-wedding-packages""]",1668,,"2025 & 2026 Wedding Packages
by York Hotel Singapore
Start from $1,178++
For more information
Here
!",https://t.me/blissfulbrides/1668
blissfulbrides,2025-11-19T09:03:10+00:00,[],"[""https://www.tablecheck.com/en/parkroyal-beach-road-wedding/reserve/message""]",1667,,"Have questions about your wedding day? Join PARKROYAL on Beach Road this Sunday 23 November 2025 from 9:00am to 6:00pm and unlock fantastic rewards—enjoy 10% savings on your total banquet bill, receive complimentary $60 dining vouchers, and claim a range of special perks you won’t want to miss!
Secure your RSVP now:
https://www.tablecheck.com/en/parkroyal-beach-road-wedding/reserve/message",https://t.me/blissfulbrides/1667
blissfulbrides,2025-11-19T01:04:51+00:00,[],"[""https://www.blissfulbrides.sg/5/country-clubs/detail/37/one-15-marina-sentosa-cove"", ""https://www.blissfulbrides.sg/articles/wedding/marina-views-and-wedding-vows-inside-one-15-marina-sentosa-cove-s-constellation-ballroom""]",1666,,"🌊
Say ""I Do"" with a View at ONE°15 Marina Sentosa Cove
💍
✨
Set up your perfect wedding at
ONE°15 Marina Sentosa Cove
with Singapore's premier pillarless wedding venue in an exclusive waterfront setting
🌅
💫
📌
Discover how your wedding can shine—
🔗
Marina Views and Wedding Vows: Inside ONE°15 Marina Sentosa Cove’s Constellation Ballroom
to explore more!",https://t.me/blissfulbrides/1666
blissfulbrides,2025-11-18T01:02:29+00:00,[],"[""https://www.blissfulbrides.sg/articles/wedding/the-roadmap-to-i-do--a-guide-to-your-wedding-celebrations""]",1665,,"💍
From “Yes” to “I Do” — Your Wedding Celebration Guide Awaits!
✨
Planning your big day? Discover the perfect timeline for every celebration — from engagement parties and bridal showers to the ceremony and beyond. Make every milestone count on your journey to forever.
💫
🔗
The Roadmap to ‘I Do’: A Guide to Your Wedding Celebrations
to explore the ultimate wedding celebration checklist!",https://t.me/blissfulbrides/1665
blissfulbrides,2025-11-17T01:02:29+00:00,[],"[""https://www.blissfulbrides.sg/package-detaile/2732/wedding-package-2026""]",1664,,"Wedding Package 2026
by Carlton Hotel Singapore
Start from $1,468++
For more information
Here
!",https://t.me/blissfulbrides/1664
blissfulbrides,2025-11-16T01:00:27+00:00,[],"[""https://www.blissfulbrides.sg/package-detaile/2731/chinese-wedding-package-2025-2026-2027""]",1662,,"Chinese Wedding Package 2025, 2026 & 2027
by Holiday Inn Singapore Atrium
Start from $1698++
For more information
Here
!",https://t.me/blissfulbrides/1662
blissfulbrides,2025-11-15T01:00:52+00:00,[],"[""https://www.blissfulbrides.sg/event-detail/1102/A-Twilight-Wedding-Workshop"", ""https://www.blissfulbrides.sg/event-detail/1102/A-Twilight-Wedding-Workshop"", ""https://www.blissfulbrides.sg/event-detail/1097/Love-Woven-in-Time-a-voco-Orchard-Singapore-Wedding-Showcase""]",1661,,"A Twilight Wedding Workshop
E
vent Details
Organizer: Novotel Singapore on Stevens
Admission: Free
Event Date: Saturday, 13 December 2025. 1:00 PM & 3:00 PM.
Explore pet-friendly solemnisation venues, intimate poolside settings, and romantic ballrooms bathed in a soft celestial glow. Couples can also enjoy exclusive privileges worth up to
S$10,888
.
Perfect for
2026 couples
, especially those planning Chinese, Indian, Indian-Muslim, or intimate weddings, this workshop offers quick conversions, expert guidance, and inspiration tailored to every love story.
For more information or to RSVP
H
ere
!",https://t.me/blissfulbrides/1661
blissfulbrides,2025-11-14T01:02:35+00:00,[],"[""https://www.blissfulbrides.sg/9/hotels/detail/777/novotel-singapore-on-stevens-"", ""https://www.blissfulbrides.sg/articles/beauty-wellness/the-next-gen-wedding-what-s-new-at-novotel-singapore-on-stevens""]",1660,,"💡
Smarter Weddings Start at Novotel Singapore on Stevens!
💍
✨
For couples who like the idea of a wedding that feels thoughtfully put together,
Novotel Singapore on Stevens
is stepping up in a way that’s quietly impressive
🌿
💫
📲
Ready to explore the future of weddings?
🔗
The Next-Gen Wedding: What’s New at Novotel Singapore on Stevens
to get inspired!",https://t.me/blissfulbrides/1660
blissfulbrides,2025-11-13T01:03:13+00:00,[],"[""https://www.blissfulbrides.sg/package-detaile/2729/weekend-dinner-weekend-2026""]",1659,,"Weekend Dinner Weekend 2026
by PARKROYAL on Beach Road
Start from $1,868++
For more information
Here
!",https://t.me/blissfulbrides/1659
blissfulbrides,2025-11-12T01:02:51+00:00,[],"[""https://www.blissfulbrides.sg/event-detail/1100/Unveiling-An-Heirloom-of-Love-A-Wedding-Atelier-Like-No-Other"", ""https://www.blissfulbrides.sg/event-detail/1100/Unveiling-An-Heirloom-of-Love-A-Wedding-Atelier-Like-No-Other"", ""https://www.blissfulbrides.sg/event-detail/1097/Love-Woven-in-Time-a-voco-Orchard-Singapore-Wedding-Showcase""]",1658,,"Unveiling “An Heirloom of Love” – A Wedding Atelier Like No Other
E
vent Details
Organizer: Paradox Singapore
Admission: Complimentary, by appointment only
Event Date: 6 Dec 2025, Sat. 11am to 5pm
Step into our exclusive in-house wedding showcase, where we’re pulling back the curtain on everything new and spectacular at Paradox Singapore.
For more information or to RSVP
H
ere
!",https://t.me/blissfulbrides/1658
blissfulbrides,2025-11-02T01:03:09+00:00,[],"[""https://www.blissfulbrides.sg/9/hotels/detail/777/novotel-singapore-on-stevens-"", ""https://www.blissfulbrides.sg/articles/wedding/weddings-rewritten-plan-less-celebrate-more-at-novotel-singapore-on-stevens""]",1657,,"💍
Celebrate Your Way at Novotel Singapore on Stevens!
✨
Discover the wedding venues at
Novotel Singapore on Stevens
, all crafted for memorable, beautifully run celebrations
🥂
🌿
📌
Ready to rewrite the rules of wedding planning?
🔗
Weddings, Rewritten: Plan Less, Celebrate More at Novotel Singapore on Stevens
to start planning today!",https://t.me/blissfulbrides/1657
blissfulbrides,2025-11-01T01:01:47+00:00,[],"[""https://www.blissfulbrides.sg/package-detaile/2730/weekday-wedding-2026""]",1656,,"Weekday Wedding 2026
by PARKROYAL on Beach Road
Start from $1,668++
For more information
Here
!",https://t.me/blissfulbrides/1656
blissfulbrides,2025-10-31T13:34:08+00:00,[],"[""https://events.blissfulbrides.sg/crowne-plaza-wedding-showcase-nov-2025/""]",1655,,"Be captivated by the rainforest-inspired elegance of Crowne Plaza Changi Airport’s column-free ballroom, featuring a stunning 6-metre high ceiling that sets the perfect scene for your dream wedding.
🌿
✨
Join us at “Love Takes Flight” – Crowne Plaza Changi Airport’s Wedding Showcase on 23 November 2025 (10AM – 5PM) and discover the perfect blend of sophistication and romance.
💍
Here’s what’s waiting for you:
✅
Complimentary banquet tastings
✅
Guided venue tours
✅
Personalised consultations
✅
Handpicked wedding vendors
🎟
RSVP now and let your wedding journey take flight with Crowne Plaza Changi Airport.
T&Cs Apply.
𝐄𝐯𝐞𝐧𝐭 𝐃𝐞𝐭𝐚𝐢𝐥𝐬
📅
Date: 23 November 2025, 10 AM – 5 PM
📍
Venue: Chengal Ballroom, Crowne Plaza Changi Airport, 75 Airport Boulevard, #01-01, Changi Airport Terminal 3, Singapore 819664
🔗
RSVP
Here
!",https://t.me/blissfulbrides/1655
blissfulbrides,2025-10-31T01:04:54+00:00,[],"[""https://www.blissfulbrides.sg/articles/wedding/walking-tall-the-shoes-that-rise-to-the-occasion""]",1654,,"👠
Step into Style and Confidence on Your Big Day
💍
✨
Discover Walking Tall, Singapore’s boutique for stylish men’s height-increasing shoes - perfect for grooms, with discreet built-in lifts
💫
📌
Walk tall down the aisle —
🔗
Walking Tall: The Shoes That Rise to the Occasion
to find your perfect pair!",https://t.me/blissfulbrides/1654
blissfulbrides,2025-10-29T01:03:02+00:00,[],"[""https://www.blissfulbrides.sg/package-detaile/2726/stay-joyful-wedding-package-2026""]",1653,,"Stay Joyful Wedding Package 2026
by Holiday Inn Singapore Orchard City Centre
Start from $118++
For more information
Here
!",https://t.me/blissfulbrides/1653
blissfulbrides,2025-10-23T01:03:44+00:00,[],"[""https://www.blissfulbrides.sg/package-detaile/2721/ocean-gallery-wedding-packages-2025""]",1652,,"Ocean Gallery Wedding Packages 2025
by Resorts World Sentosa, Equarius Hotel
Start from $278++
For more information
Here
!",https://t.me/blissfulbrides/1652
blissfulbrides,2025-10-22T01:00:32+00:00,[],"[""https://www.blissfulbrides.sg/package-detaile/2725/stay-truly-indian-wedding-package-2026""]",1651,,"Stay Truly Indian Wedding Package 2026
by Holiday Inn Singapore Orchard City Centre
Start from $118++
For more information
Here
!",https://t.me/blissfulbrides/1651
blissfulbrides,2025-10-21T01:04:03+00:00,[],"[""https://www.blissfulbrides.sg/package-detaile/2715/bronze-package""]",1650,,"Bronze Package
by 23 Wedding Luxe
Start from RM 6,888
For more information
Here
!",https://t.me/blissfulbrides/1650
blissfulbrides,2025-10-20T01:01:47+00:00,[],"[""https://www.blissfulbrides.sg/2/bridal-boutiques/detail/1295/ailand-singapore"", ""https://www.blissfulbrides.sg/articles/wedding/ailand-singapore-your-perfect-all-in-one-wedding""]",1649,,"💍
Say “I Do” the Fuss-Free Way with Ailand Singapore!
✨
Ailand Singapore
: a boutique offering wedding gowns, planning services, and all-in-one packages. Personalised, elegant, and stress-free
👗
📸
💒
📌
Plan your perfect wedding the easy way—
🔗
Ailand Singapore: Your Perfect, All-in-One Wedding
to learn more!",https://t.me/blissfulbrides/1649
blissfulbrides,2025-10-19T01:02:08+00:00,[],"[""https://www.blissfulbrides.sg/package-detaile/2720/equarius-hotel-wedding-packages-2025""]",1648,,"Equarius Hotel Wedding Packages 2025
by Resorts World Sentosa, Equarius Hotel
Start from $1,888++
For more information
Here
!",https://t.me/blissfulbrides/1648
blissfulbrides,2025-10-18T01:01:27+00:00,[],"[""https://www.blissfulbrides.sg/9/hotels/detail/353/celebrate-ppsin-panpacific-com"", ""https://www.blissfulbrides.sg/articles/wedding/pan-pacific-singapore-an-award-winning-venue-where-wedding-dreams-take-flight""]",1647,,"💫
Let Your Wedding Dreams Take Flight at
Pan Pacific Singapore
💍
Elegant venues and award-winning cuisine transform wedding dreams into reality at this premier Singapore destination
🌸
✨
📌
Begin your forever with elegance—
🔗
Pan Pacific Singapore: An Award-Winning Venue Where Wedding Dreams Take Flight
to explore more.",https://t.me/blissfulbrides/1647
blissfulbrides,2025-10-17T01:02:40+00:00,[],"[""https://www.blissfulbrides.sg/event-detail/1099/Moments-to-Vows-Wedding-Open-House-2025"", ""https://www.blissfulbrides.sg/event-detail/1099/Moments-to-Vows-Wedding-Open-House-2025"", ""https://www.blissfulbrides.sg/event-detail/1097/Love-Woven-in-Time-a-voco-Orchard-Singapore-Wedding-Showcase""]",1646,,"Moments to Vows: Wedding Open House 2025
E
vent Details
Organizer: Holiday Inn Singapore Orchard City Centre
Admission: Free
Event Date: 26 Oct, Sun. 10:00 AM – 5:00 PM.
Plan Your Dream Wedding with Holiday Inn Singapore Orchard City Centre from S$1,288++ per table (S$200++ off per confirmed table from S$1,488++).
For more information or to RSVP
H
ere
!",https://t.me/blissfulbrides/1646
blissfulbrides,2025-10-16T01:04:15+00:00,[],"[""https://www.blissfulbrides.sg/event-detail/1098/Love-In-Bloom-Forever-Beyond-Wedding-Showcase"", ""https://www.blissfulbrides.sg/event-detail/1098/Love-In-Bloom-Forever-Beyond-Wedding-Showcase"", ""https://www.blissfulbrides.sg/event-detail/1097/Love-Woven-in-Time-a-voco-Orchard-Singapore-Wedding-Showcase""]",1645,,"Love In Bloom: Forever & Beyond Wedding Showcase
E
vent Details
Organizer: Dusit Thani Laguna Singapore
Admission: Complimentary Admission
Event Date: 9 November 2025. 10:00 to 17:00
Step into a world of romance, elegance, and luxury at Dusit Thani Laguna Singapore, where your love story is celebrated in a setting of unparalleled beauty. Set against a backdrop of lush greenery, serene ambiance, and exquisitely designed spaces, envision your dream day with us and let our dedicated team bring your vision to live.
For more information or to RSVP
H
ere
!",https://t.me/blissfulbrides/1645
blissfulbrides,2025-10-15T01:03:03+00:00,[],"[""https://www.blissfulbrides.sg/package-detaile/2722/solemnization-packages-2025""]",1644,,"Solemnization Packages 2025
by Resorts World Sentosa, Equarius Hotel
Start from $3,299++
For more information
Here
!",https://t.me/blissfulbrides/1644
blissfulbrides,2025-10-14T01:05:01+00:00,[],"[""https://www.blissfulbrides.sg/package-detaile/2723/universal-studios-singapore-wedding-packages-2025""]",1643,,"Universal Studios Singapore Wedding Packages 2025
by Resorts World Sentosa, Equarius Hotel
Start from $358++
For more information
Here
!",https://t.me/blissfulbrides/1643
blissfulbrides,2025-10-13T01:03:17+00:00,[],"[""https://www.blissfulbrides.sg/event-detail/1049/Say-I-Do-Amidst-Lust-Garden-Elegance"", ""https://www.blissfulbrides.sg/event-detail/1049/Say-I-Do-Amidst-Lust-Garden-Elegance"", ""https://www.blissfulbrides.sg/event-detail/1097/Love-Woven-in-Time-a-voco-Orchard-Singapore-Wedding-Showcase""]",1642,,"Say ""I Do"" Amidst Lust Garden Elegance
Promotion Details:
Organizer: Genting Hotel Jurong
Promotion Period: 1 Oct 2025 - 31 Dec 2026
Celebrate your love story with exclusive perks at Genting Hotel Jurong, where unforgettable moments are crafted just for you.
For more information or to RSVP
H
ere
!",https://t.me/blissfulbrides/1642
blissfulbrides,2025-10-12T01:04:51+00:00,[],"[""https://www.blissfulbrides.sg/package-detaile/2731/chinese-wedding-package-2025-2026-2027""]",1640,,"Chinese Wedding Package 2025, 2026 & 2027
by Holiday Inn Singapore Atrium
Start from $1,698++
For more information
Here
!",https://t.me/blissfulbrides/1640
blissfulbrides,2025-10-11T01:02:15+00:00,[],"[""https://www.blissfulbrides.sg/package-detaile/2719/wedding-reception-package""]",1639,,"Wedding Reception Package
by The Ritz Carlton - Bali
Start from USD 37,325++
For more information
Here
!",https://t.me/blissfulbrides/1639
blissfulbrides,2025-10-10T01:03:31+00:00,[],"[""https://www.blissfulbrides.sg/event-detail/1097/Love-Woven-in-Time-a-voco-Orchard-Singapore-Wedding-Showcase"", ""https://www.blissfulbrides.sg/event-detail/1097/Love-Woven-in-Time-a-voco-Orchard-Singapore-Wedding-Showcase"", ""https://www.blissfulbrides.sg/event-detail/1097/Love-Woven-in-Time-a-voco-Orchard-Singapore-Wedding-Showcase""]",1638,,"Love Woven in Time – a voco Orchard Singapore Wedding Showcase
E
vent Details
Organizer: voco Orchard Singapore
Admission: By appointment only
Event Date: Sunday, 2 November 2025. 10am to 5pm
Couples who confirm their wedding during the showcase will enjoy exclusive perks and savings worth over $12,888, along with a chance to receive additional rebates up to $888 through our sure-win lucky draw.
For more information or to RSVP
H
ere
!",https://t.me/blissfulbrides/1638
blissfulbrides,2025-10-09T01:03:37+00:00,[],"[""https://www.blissfulbrides.sg/package-detaile/2711/grand-ballroom-wedding-dinner-package-saturday-until-september-2026""]",1637,,"Grand Ballroom Wedding Dinner Package (Saturday) until September 2026
by Singapore Marriott Tang Plaza Hotel
Start from $1988++
For more information
Here
!",https://t.me/blissfulbrides/1637
blissfulbrides,2025-10-08T01:03:24+00:00,[],"[""https://www.blissfulbrides.sg/package-detaile/2724/resorts-world-convention-centre-wedding-packages-2025-2026""]",1636,,"Resorts World Convention Centre Wedding Packages 2025-2026
by Resorts World Sentosa, Equarius Hotel
Start from $1,888++
For more information
Here
!",https://t.me/blissfulbrides/1636
blissfulbrides,2025-10-06T01:04:03+00:00,[],"[""https://www.blissfulbrides.sg/package-detaile/2718/majestic-wedding-package""]",1635,,"Majestic Wedding Package
by The Ritz Carlton - Bali
Start from USD 15,000
For more information
Here
!",https://t.me/blissfulbrides/1635
blissfulbrides,2025-10-05T01:05:03+00:00,[],"[""https://www.blissfulbrides.sg/articles/wedding/simply-yours-celebration-at-parkroyal-on-beach-road""]",1634,,"💍
Simply Yours, Simply Perfect — Celebrate Love at PARKROYAL on Beach Road
✨
Discover PARKROYAL on Beach Road, a stunning wedding venue in Singapore for an unforgettable celebration
🌿
💖
🔗
Simply Yours: Celebration at PARKROYAL on Beach Road
to discover your dream wedding venue today!",https://t.me/blissfulbrides/1634
blissfulbrides,2025-10-04T01:00:48+00:00,[],"[""https://www.blissfulbrides.sg/event-detail/1096/Voyage-Of-Love-Wedding-Show-by-M-Hotel-Singapore""]",1633,,"Voyage Of Love Wedding Show by M Hotel Singapore
Event Details
Organizer: M Hotel Singapore
Admission: Complimentary, RSVP required
Event Date: 26 Oct, Sun. 11:00 AM – 6:00 PM
Join us at the Voyage of Love Wedding Show, the perfect experience for your wedding planning journey! Discover our exclusive collection of in-house designed wedding themes and enjoy a tasting of our signature wedding dishes, thoughtfully created by our expert culinary team.
For more information or to RSVP
Here
!",https://t.me/blissfulbrides/1633
blissfulbrides,2025-10-03T01:03:42+00:00,[],"[""https://www.blissfulbrides.sg/package-detaile/2713/singapore-marriott-tang-plaza-hotel-grand-ballroom-wedding-dinner-package-friday-and-sunday-until-september-2026""]",1632,,"Singapore Marriott Tang Plaza Hotel - Grand Ballroom Wedding Dinner Package (Friday and Sunday) until September 2026
by Singapore Marriott Tang Plaza Hotel
Start from $1888++
For more information
Here
!",https://t.me/blissfulbrides/1632
blissfulbrides,2025-10-02T01:02:21+00:00,[],"[""https://www.blissfulbrides.sg/articles/wedding/tips-for-capturing-racial-harmony-in-wedding-photography""]",1631,,"📷
Capturing Cultures, Celebrating Love
💖
🌏
Make every frame a tribute to unity and heritage! Whether it’s honouring rituals, showcasing diverse attire, or blending traditions beautifully—learn how wedding photography can celebrate racial harmony in the most meaningful way.
💑
✨
🔗
Tips For Capturing Racial Harmony In Wedding Photography
to uncover tips for photographing multicultural love stories!",https://t.me/blissfulbrides/1631
blissfulbrides,2025-10-01T01:00:34+00:00,[],"[""https://www.blissfulbrides.sg/package-detaile/2716/platinum-package""]",1630,,"Platinum Package
by 23 Wedding Luxe
Start from RM 8,688
For more information
Here
!",https://t.me/blissfulbrides/1630
blissfulbrides,2025-09-30T01:00:20+00:00,[],"[""https://www.blissfulbrides.sg/9/hotels/detail/818/intercontinental-singapore"", ""https://www.blissfulbrides.sg/articles/wedding/a-heritage-affair-with-heart-weddings-at-intercontinental-singapore""]",1629,,"💒
Celebrate a Heritage Affair with Heart at InterContinental Singapore
✨
Host your wedding at
InterContinental Singapore
, where heritage meets intention, and where everything is designed to feel like it was made for you.
💍
💐
📌
Begin your wedding journey—
🔗
A Heritage Affair with Heart: Weddings at InterContinental Singapore
to find out more!",https://t.me/blissfulbrides/1629
blissfulbrides,2025-09-29T01:03:05+00:00,[],"[""https://www.blissfulbrides.sg/package-detaile/2712/grand-ballroom-wedding-dinner-package-fri-sun-eve-of-ph-ph-from-october-december-2026""]",1628,,"Grand Ballroom Wedding Dinner Package (Fri-Sun, Eve of PH & PH) from October - December 2026
by Singapore Marriott Tang Plaza Hotel
Start from $1988++
For more information
Here
!",https://t.me/blissfulbrides/1628
blissfulbrides,2025-09-28T01:00:41+00:00,[],"[""https://www.blissfulbrides.sg/package-detaile/2717/classic-package""]",1627,,"Classic Package
by 23 Wedding Luxe
Start from RM 10,488
For more information
Here
!",https://t.me/blissfulbrides/1627
blissfulbrides,2025-09-27T01:04:15+00:00,[],"[""https://www.blissfulbrides.sg/9/hotels/detail/1345/park-avenue-rochester"", ""https://www.blissfulbrides.sg/articles/wedding/a-warm-welcome-to-wedded-bliss-park-avenue-rochester""]",1626,,"💍
Celebrate Your Love Story at Park Avenue Rochester
✨
Park Avenue Rochester
offers elegant indoor wedding venues perfect for couples seeking a heartfelt celebration.
🌿
📸
📌
Explore more about what makes this venue truly unforgettable—
🔗
A Warm Welcome to Wedded Bliss: Park Avenue Rochester
to learn more!",https://t.me/blissfulbrides/1626
blissfulbrides,2025-09-26T01:01:59+00:00,[],"[""https://www.blissfulbrides.sg/package-detaile/2714/wedding-package""]",1625,,"Wedding Package
by Pullman Singapore Hill Street
Start from $178++
For more information
Here
!",https://t.me/blissfulbrides/1625
blissfulbrides,2025-09-25T01:04:20+00:00,[],"[""https://www.blissfulbrides.sg/event-detail/1095/An-Heirloom-of-Love-at-BOWS-2025""]",1624,,"An Heirloom of Love at BOWS 2025
Meet us at BOWS 2025:
Venue: Booth B4, Marina Bay Sands Convention Hall C, Level 1
Date: 11 – 12 Oct (Sat – Sun)
Time: 12pm – 9pm
Admission: Free
At Paradox Singapore, we believe every wedding is a unique love story waiting to be told. Our new bespoke wedding themes have been thoughtfully curated to help you bring that story to life. All in our magnificent ballroom, framed by soaring 5.5-metre ceiling, elegant floor-to-ceiling windows and a spectacular 21-metre LED wall.
For more information or to RSVP
Here
!",https://t.me/blissfulbrides/1624
blissfulbrides,2025-09-24T01:00:37+00:00,[],"[""https://www.blissfulbrides.sg/9/hotels/detail/700/eddieooi-onefarrer-com"", ""https://www.blissfulbrides.sg/articles/editor-s-choice-awards/one-farrer-hotel-blissful-brides-editor-s-choice-for-banquet-venue-2025""]",1623,,"💫
From grand ballrooms to thoughtful sustainability,
One Farrer Hotel
offers more than just a venue—it’s a complete wedding experience. Voted
Editor’s Choice Banquet Venue 2025
by Blissful Brides, your special day is in the best hands.
🥂
✨
Begin your journey—
🔗
One Farrer Hotel: Blissful Brides Editor’s Choice for Banquet Venue 2025
to explore how your dream wedding starts here!",https://t.me/blissfulbrides/1623
blissfulbrides,2025-09-23T01:04:14+00:00,[],"[""https://www.blissfulbrides.sg/package-detaile/2710/grand-ballroom-wedding-lunch-package-2025-2026""]",1622,,"Grand Ballroom Wedding Lunch Package 2025 - 2026
by Singapore Marriott Tang Plaza Hotel
Start from $1738++
For more information
Here
!",https://t.me/blissfulbrides/1622
blissfulbrides,2025-09-22T01:03:09+00:00,[],"[""https://www.blissfulbrides.sg/2/bridal-boutiques/detail/1302/eternal-love-wedding"", ""https://www.blissfulbrides.sg/articles/beauty-wellness/eternal-love-weddings-where-every-love-story-shines""]",1620,,"✨
Eternal Love Weddings – Where Your Love Story Takes Centre Stage
💖
Your dream wedding dress awaits at
Eternal Love Weddings
, where our curated collection offers timeless elegance and exquisite craftsmanship to make your big day unforgettable
👰‍♀️
📌
Begin your once-in-a-lifetime journey—
🔗
Eternal Love Weddings: Where Every Love Story Shines
to discover more.",https://t.me/blissfulbrides/1620
blissfulbrides,2025-09-21T01:02:20+00:00,[],"[""https://www.blissfulbrides.sg/15/restaurants/detail/109/peach-garden-chinese-restaurant"", ""https://www.blissfulbrides.sg/articles/editor-s-choice-awards/peach-garden-restaurant-blissful-brides-editor-s-choice-for-banquet-venue-2025""]",1619,,"🥢
Celebrate Your Big Day with Elegance and Flavour at
Peach Garden Restaurant
, where stunning banquet spaces meet award-winning Chinese cuisine. From intimate gatherings to grand celebrations, create memories that are as flavourful as they are unforgettable.
🍲
✨
📌
🍜
Peach Garden Restaurant: Blissful Brides Editor’s Choice for Banquet Venue 2025
to explore wedding packages at Peach Garden!",https://t.me/blissfulbrides/1619
blissfulbrides,2025-09-20T01:04:02+00:00,[],"[""https://www.blissfulbrides.sg/event-detail/1086/A-Twilight-Wedding-Affair-Lush-Constellations-of-Love""]",1618,,"A Twilight Wedding Affair: Lush Constellations of Love
Event Details
Organizer: Novotel Singapore on Stevens
Admission: Free
Event Date: 28 September 2025, Sunday
Enjoy special showcase benefits worth up to S$16,888, including 10% off total bill, privileges, and dreamy extras to make your big day even more magical.
For more information or to RSVP
Here
!",https://t.me/blissfulbrides/1618
blissfulbrides,2025-09-19T01:02:28+00:00,[],"[""https://www.blissfulbrides.sg/2/bridal-boutiques/detail/19/my-bridal-room"", ""https://www.blissfulbrides.sg/articles/wedding/my-bridal-room-an-experience-tailored-for-every-bride""]",1617,,"Find Your Perfect Fit at My Bridal Room
✨
Find the dress without the stress at
My Bridal Room
, served with style and a smile
👰‍♀️
💍
📌
Discover the bridal experience made just for you—
🔗
My Bridal Room: An Experience Tailored for Every Bride
to begin your journey!",https://t.me/blissfulbrides/1617
blissfulbrides,2025-09-18T01:01:57+00:00,[],"[""https://www.blissfulbrides.sg/articles/wedding/wedding-planner-and-why-do-you-need-them""]",1616,,"💡
Planning a wedding without the stress? Yes, it’s possible!
👰
💼
From budgeting like a pro to making sure no detail is missed, a wedding planner can be your behind-the-scenes superhero. Save time, stay sane, and enjoy every moment leading up to “I do”!
💖
🔗
Wedding Planner and Why Do You Need Them?
to see how a planner can make your dream day effortlessly perfect.",https://t.me/blissfulbrides/1616
blissfulbrides,2025-09-17T01:03:21+00:00,[],"[""https://www.blissfulbrides.sg/event-detail/1094/Auspicious-Beginnings-Feng-Shui-101-From-Wedding-to-Home-Life-Vol-2-0""]",1615,,"Auspicious Beginnings – Feng Shui 101: From Wedding to Home Life Vol 2.0
Event Details
Organizer: voco Orchard Singapore
Admission: Free
Event Date: Thursday, 09 October 2025. 7pm to 9pm | Registration begins at 6.30pm
Join renowned Feng Shui expert Master David Tong for an engaging talk on couple compatibility, choosing auspicious wedding dates, and understanding key Chinese customs like guo da li, an chuang, and dowry traditions.
For more information or to RSVP
Here
!",https://t.me/blissfulbrides/1615
blissfulbrides,2025-09-16T01:02:56+00:00,[],"[""https://bows.sg/""]",1614,,"From the wedding attire to the grand venue, every detail of your perfect day comes together at the grand finale of the Blissful One-Stop Wedding Show (BOWS) — Singapore’s leading all-in-one wedding showcase, happening on 11–12 October 2025, from 12 PM to 9 PM at Marina Bay Sands Convention Centre.
Attendees can also enjoy exclusive event only deals*, unlock up to $50,000* in cash rebates, and discover the finer details that will make their wedding day truly theirs.
Here’s what awaits you:
⭐️
$50,000* cash rebates for purchasing couples
⭐️
Bridal gown runway featuring over 30 exquisite gowns
⭐️
Complimentary goodie bags* (while stocks last)
⭐️
$20,000 worth of lucky draw prizes*
⭐️
Free gourmet food tasting*
⭐️
Special vendor packages available only at the show*
and many more...
𝐄𝐯𝐞𝐧𝐭 𝐃𝐞𝐭𝐚𝐢𝐥𝐬
📅
11th & 12th October, 2025
🕙
12pm - 9pm
📍
Marina Bay Sands Convention Centre Level 1, Hall C
🔗
RSVP Today
Here
!
*T&Cs apply.",https://t.me/blissfulbrides/1614
blissfulbrides,2025-09-15T01:02:02+00:00,[],"[""https://www.blissfulbrides.sg/9/hotels/detail/777/novotel-singapore-on-stevens-"", ""https://www.blissfulbrides.sg/articles/editor-s-choice-awards/novotel-singapore-on-stevens-editor-s-choice-for-banquet-venue-2025""]",1613,,"✨
With its enchanting venues, award-winning cuisine, and seamless service,
Novotel Singapore on Stevens
sets the perfect stage for the wedding of your dreams. Whether you're planning an intimate celebration or a grand banquet, elegance meets excellence right here.
💒
🍽️
🔗
Novotel Singapore on Stevens: Editor's Choice for Banquet Venue 2025
to begin your unforgettable journey!",https://t.me/blissfulbrides/1613
blissfulbrides,2025-09-14T01:04:43+00:00,[],"[""https://www.blissfulbrides.sg/package-detaile/2708/elsa-bridal-autumn-veil-2025-ela-15""]",1612,,"AUTUMN VEIL 2025 ELA 15
by ELSA Bridal
$6700
AUTUMN VEIL Fall 2025 captures the quiet poetry of Fall, where couture elegance meets the soul of the modern bride. Each gown flows with grace, light, and quiet confidence.
For more information
Here
!",https://t.me/blissfulbrides/1612
blissfulbrides,2025-09-13T01:33:18+00:00,[],"[""https://www.blissfulbrides.sg/articles/wedding/film-vs-digital-photography-for-weddings--is-film-dead""]",1611,,"📸
Film vs Digital — Which Captures Your Love Story Best?
💖
From the nostalgic charm of film to the crisp precision of digital, both photography styles bring something special to your big day. But which one matches your wedding vision?
🎞️
📷
💡
Explore the pros, cons, and timeless beauty of each—
🔗
Film Vs Digital Photography For Weddings – Is Film Dead?
to dive in!",https://t.me/blissfulbrides/1611
blissfulbrides,2025-09-12T01:34:01+00:00,[],"[""https://www.blissfulbrides.sg/event-detail/1092/Celebrate-Love-at-Mount-Faber-Peak-A-Wedding-Showcase""]",1610,,"Celebrate Love at Mount Faber Peak: A Wedding Showcase
Event Details
Organizer: Mount Faber Peak
Admission: Free
Event Date: 4-5 Oct 2025. 11:00 AM – 6:00 PM
Join us for our exclusive wedding show on 4th & 5th October! As a prime hilltop destination wedding venue, Mount Faber Peak is thrilled to host our very own in-house showcase. This is your opportunity to explore our stunning spaces and make your dream day a reality.
For more information or to RSVP
Here
!",https://t.me/blissfulbrides/1610
blissfulbrides,2025-09-11T01:02:21+00:00,[],"[""https://www.blissfulbrides.sg/package-detaile/2707/elsa-bridal-autumn-veil-2025-ela-13""]",1609,,"ELSA Bridal AUTUMN VEIL 2025 ELA 13
by ELSA Bridal
$7100
AUTUMN VEIL Fall 2025 captures the quiet poetry of Fall, where couture elegance meets the soul of the modern bride. Each gown flows with grace, light, and quiet confidence.
For more information
Here
!",https://t.me/blissfulbrides/1609
blissfulbrides,2025-09-10T01:03:34+00:00,[],"[""https://www.blissfulbrides.sg/9/hotels/detail/212/m-hotel-singapore"", ""https://www.blissfulbrides.sg/articles/wedding/m-hotel-singapore-where-weddings-are-as-grand-as-your-love-story""]",1608,,"💒
Begin Your Forever at M Hotel Singapore
✨
Celebrate your love at
M Hotel Singapore
with wedding themes tailored to your style and create a wedding that reflects your vision.
💖
📌
Ready to plan your big day?
🔗
M Hotel Singapore: Where Weddings Are as Grand as Your Love Story
to explore more!",https://t.me/blissfulbrides/1608
blissfulbrides,2025-09-09T01:02:39+00:00,[],"[""https://www.blissfulbrides.sg/event-detail/1091/A-Westin-Wedding-Showcase""]",1607,,"A Westin Wedding Showcase
Event Details
Organizer: The Westin Singapore
Admission: Free | Last appointment at 5pm
Event Date: 12 Oct, Sun. 11:00 AM – 6:00 PM
Host the wedding of your dreams in the heart of Marina Bay at The Westin Singapore. From breathtaking views and exquisite cuisine to personalized service and thoughtful details, our dedicated Westin Wedding Specialists are here to bring your dream day to life.
For more information or to RSVP
Here
!",https://t.me/blissfulbrides/1607
blissfulbrides,2025-09-07T01:03:34+00:00,[],"[""https://www.blissfulbrides.sg/package-detaile/2706/elsa-bridal-autumn-veil-2025-ela-12""]",1606,,"AUTUMN VEIL 2025 ELA 12
by ELSA Bridal
$7100
AUTUMN VEIL Fall 2025 captures the quiet poetry of Fall, where couture elegance meets the soul of the modern bride. Each gown flows with grace, light, and quiet confidence.
For more information
Here
!",https://t.me/blissfulbrides/1606
blissfulbrides,2025-09-06T01:01:36+00:00,[],"[""https://www.blissfulbrides.sg/9/hotels/detail/395/singapore-marriott-tang-plaza-hotel"", ""https://www.blissfulbrides.sg/articles/wedding/a-spectacular-setting-for-your-special-day-singapore-marriott-tang-plaza-hotel""]",1605,,"💍
Celebrate Your Love in Style at Singapore Marriott Tang Plaza Hotel
✨
Discover
Singapore Marriott Tang Plaza Hotel
's exquisite wedding venues, where every detail is designed for an unforgettable celebration
📸
💐
📌
Discover more about their packages and perks—
🔗
A Spectacular Setting for Your Special Day: Singapore Marriott Tang Plaza Hotel
to explore!",https://t.me/blissfulbrides/1605
blissfulbrides,2025-09-05T01:03:04+00:00,[],"[""https://www.blissfulbrides.sg/package-detaile/2709/wedding-packages""]",1604,,"Wedding Packages
by Paradox Singapore
Start from $1488++
For more information
Here
!",https://t.me/blissfulbrides/1604
blissfulbrides,2025-09-04T01:02:55+00:00,[],"[""https://www.blissfulbrides.sg/event-detail/1090/Carlton-Hotel-Singapore-s-Enchanted-I-Do-s-wedding-Workshop""]",1603,,"Carlton Hotel Singapore’s Enchanted I Do's wedding Workshop
Event Details
Organizer: Carlton Hotel Singapore
Admission: Admission is complimentary. Registration is required.
Event Date: 1 November 2025. 12pm to 4.30pm
With packages starting from $1,368 per table of 10, let our dedicated team of wedding specialists bring your vision to life and elevate your celebration to celestial heights.
For more information or to RSVP
Here
!",https://t.me/blissfulbrides/1603
blissfulbrides,2025-09-03T01:00:21+00:00,[],"[""https://www.blissfulbrides.sg/package-detaile/2705/elsa-bridal-autumn-veil-2025-ela-07""]",1602,,"AUTUMN VEIL 2025 ELA 07
by ELSA Bridal
$7700
AUTUMN VEIL Fall 2025 captures the quiet poetry of Fall, where couture elegance meets the soul of the modern bride. Each gown flows with grace, light, and quiet confidence.
For more information
Here
!",https://t.me/blissfulbrides/1602
blissfulbrides,2025-09-02T01:01:00+00:00,[],"[""https://www.blissfulbrides.sg/event-detail/1089/-Ongoing-Promotion-Celebrate-Love-with-Exclusive-Savings-up-to-10-Off-Perks""]",1601,,"[Ongoing Promotion] Celebrate Love with Exclusive Savings up to 10% Off + Perks
Promotion Details
Organizer: PARKROYAL on Beach Road
Promotion period: 1 Sept - 30 Sept 2025
Your dream wedding deserves nothing less than perfection. Book your wedding banquet with us now and enjoy up to
10% off
your total bill, along with
exclusive perks
tailored for your big day.
Terms & conditions apply*
For more information or to RSVP
Here
!",https://t.me/blissfulbrides/1601
blissfulbrides,2025-09-01T01:01:25+00:00,[],"[""https://www.blissfulbrides.sg/articles/beauty-wellness/beauty-hope-the-wedding-ready-glow-you-deserve""]",1600,,"💆‍♀️
Glow Like Never Before for Your Big Day
✨
With years of trusted expertise in skincare and wellness, Beauty Hope is your go-to destination to achieve a radiant, wedding-ready glow.. Offering personalised treatments and affordable excellence, they help couples glow with confidence—inside and out—on their big day
💖
🔗
Beauty Hope: The Wedding-Ready Glow You Deserve
to find out more!",https://t.me/blissfulbrides/1600
blissfulbrides,2025-08-31T01:04:47+00:00,[],"[""https://www.blissfulbrides.sg/package-detaile/2699/wedding-package-2025""]",1599,,"Wedding Package 2025
by Mount Faber Peak
Start from $148++
For more information
Here
!",https://t.me/blissfulbrides/1599
blissfulbrides,2025-08-29T01:00:40+00:00,[],"[""https://www.blissfulbrides.sg/package-detaile/2704/elsa-bridal-autumn-veil-2025-ela-06""]",1598,,"AUTUMN VEIL 2025 ELA 06
by ELSA Bridal
$7700
AUTUMN VEIL Fall 2025 captures the quiet poetry of Fall, where couture elegance meets the soul of the modern bride. Each gown flows with grace, light, and quiet confidence.
For more information
Here
!",https://t.me/blissfulbrides/1598
blissfulbrides,2025-08-28T01:02:48+00:00,[],"[""https://www.blissfulbrides.sg/package-detaile/2695/malay-wedding-package-2025-2026""]",1597,,"Malay Wedding Package 2025 & 2026
by Holiday Inn Singapore Atrium
Start from $148++
For more information
Here
!",https://t.me/blissfulbrides/1597
blissfulbrides,2025-08-27T01:05:03+00:00,[],"[""https://www.blissfulbrides.sg/9/hotels/detail/306/mount-faber-peak"", ""https://www.blissfulbrides.sg/articles/editor-s-choice-awards/mount-faber-peak-editor-s-choice-for-preferred-banquet-venue-2025""]",1596,,"🌟
Tie the Knot with a View at Mount Faber Peak
💍
🌿
Celebrate your big day at
Mount Faber Peak
, where panoramic city views, lush greenery, and award-winning service come together to create a one-of-a-kind wedding experience. From romantic solemnisations to elegant banquets, every moment at The Peak is made to be unforgettable.
🌸
✨
📌
Begin your journey to “I Do” — tap
🔗
Mount Faber Peak: Editor's Choice for Preferred Banquet Venue 2025
to explore more!",https://t.me/blissfulbrides/1596
blissfulbrides,2025-08-26T01:04:14+00:00,[],"[""https://www.blissfulbrides.sg/package-detaile/2702/elsa-bridal-autumn-veil-2025-ela-02""]",1595,,"AUTUMN VEIL 2025 ELA 02
by ELSA Bridal
$8000
AUTUMN VEIL Fall 2025 captures the quiet poetry of Fall, where couture elegance meets the soul of the modern bride. Each gown flows with grace, light, and quiet confidence.
For more information
Here
!",https://t.me/blissfulbrides/1595
blissfulbrides,2025-08-23T01:04:02+00:00,[],"[""https://www.blissfulbrides.sg/package-detaile/2592/iconic-building-2025""]",1594,,"Iconic Building 2025
by ONE°15 Marina Sentosa Cove Singapore
Start from $1588++
For more information
Here
!",https://t.me/blissfulbrides/1594
blissfulbrides,2025-08-22T01:00:48+00:00,[],"[""https://www.blissfulbrides.sg/event-detail/1088/Simply-Yours-The-Wedding-Showcase-by-Holiday-Inn-Express-Suites-Singapore-Novena""]",1593,,"Simply Yours: The Wedding Showcase by Holiday Inn Express & Suites Singapore Novena
Event Details
Organizer: Holiday Inn Express & Suites Singapore Novena
Admission: Free
Event Date: 27 Sep, Sat. 11:00 AM – 6:00 PM
Join us for Simply Yours, our first-ever in-house wedding showcase and discover effortless planning for your dream celebration.
For more information or to RSVP
Here
!",https://t.me/blissfulbrides/1593
blissfulbrides,2025-08-21T01:02:26+00:00,[],"[""https://www.blissfulbrides.sg/package-detaile/2694/chinese-wedding-package-2025-2026""]",1592,,"Chinese Wedding Package 2025 & 2026
by Holiday Inn Singapore Atrium
Start from $1688++
For more information
Here
!",https://t.me/blissfulbrides/1592
blissfulbrides,2025-08-20T01:04:37+00:00,[],"[""https://www.blissfulbrides.sg/9/hotels/detail/395/singapore-marriott-tang-plaza-hotel"", ""https://www.blissfulbrides.sg/articles/editor-s-choice-awards/singapore-marriott-tang-plaza-hotel-editor-s-choice-for-banquet-venue-of-the-year""]",1591,,"💎
Celebrate in Style at Singapore Marriott Tang Plaza Hotel
💍
✨
Turn your wedding day into an unforgettable celebration at
Singapore Marriott Tang Plaza Hotel
. From wow-worthy ballrooms and thoughtfully themed décor to a menu your guests will remember, this iconic venue along Orchard Road delivers on every wedding wish.
🌟
🍽
📌
Plan your dream “I Do” — tap
🔗
Singapore Marriott Tang Plaza Hotel: Editor's Choice for Banquet Venue of the Year
to learn more about this award-winning wedding destination!",https://t.me/blissfulbrides/1591
blissfulbrides,2025-08-19T01:02:49+00:00,[],"[""https://www.blissfulbrides.sg/event-detail/1087/Moments-to-Vows-In-House-Wedding-Show""]",1590,,"Moments to Vows In-House Wedding Show
Event Details
Organizer: Holiday Inn Singapore Orchard City Centre
Admission: Free
Event Date: 30 Aug, Sat. 10:00 AM – 5:00 PM
Make your wedding dreams come true with us at our Moments to Vows in-house wedding showcase! Discover exclusive perks and irresistible offers tailored to make your big day truly unforgettable.
For more information or to RSVP
Here
!",https://t.me/blissfulbrides/1590
blissfulbrides,2025-08-18T01:01:44+00:00,[],"[""https://www.blissfulbrides.sg/11/jewellery-accessories/detail/1203/aluxe"", ""https://www.blissfulbrides.sg/articles/wedding/the-brilliance-of-aluxe-diamonds-that-celebrate-love""]",1589,,"💎
Celebrate Love with the Sparkle of ALUXE Diamonds
✨
Discover
ALUXE
, Taiwan’s leading wedding jewellery brand. Competitively priced diamonds and custom designs of the best quality, all crafted for your love story
💖
💍
📌
Ready to find your perfect sparkle?
🔗
The Brilliance of ALUXE: Diamonds That Celebrate Love
to explore more!",https://t.me/blissfulbrides/1589
blissfulbrides,2025-08-17T01:01:23+00:00,[],"[""https://www.blissfulbrides.sg/package-detaile/2692/wedding-package-2025-international-buffet""]",1588,,"Wedding Package 2025 (International Buffet)
by Sentosa Golf Club
Start from $158.8++
For more information
Here
!",https://t.me/blissfulbrides/1588
blissfulbrides,2025-08-16T01:04:28+00:00,[],"[""https://www.blissfulbrides.sg/package-detaile/2703/elsa-bridal-autumn-veil-2025-ela-03""]",1587,,"AUTUMN VEIL 2025 ELA 03
by ELSA Bridal
$8000
AUTUMN VEIL Fall 2025 captures the quiet poetry of Fall, where couture elegance meets the soul of the modern bride. Each gown flows with grace, light, and quiet confidence.
For more information
Here
!",https://t.me/blissfulbrides/1587
blissfulbrides,2025-08-15T01:02:16+00:00,[],"[""https://www.blissfulbrides.sg/9/hotels/detail/810/dusit-thani-laguna-singapore"", ""https://www.blissfulbrides.sg/articles/editor-s-choice-awards/dusit-thani-laguna-singapore-editor-s-choice-for-banquet-venue-2025""]",1586,,"💍
A Luxe Celebration Awaits at
Dusit Thani Laguna Singapore
✨
Looking for a venue that blends serenity, elegance, and convenience? Dusit Thani Laguna Singapore offers breathtaking spaces and personalised service to turn your wedding into a truly unforgettable celebration.
🌿
💫
📌
Start planning the big day of your dreams—tap
🔗
Dusit Thani Laguna Singapore: Editor’s Choice for Banquet Venue 2025
to explore more!",https://t.me/blissfulbrides/1586
blissfulbrides,2025-08-14T01:04:45+00:00,[],"[""https://www.blissfulbrides.sg/event-detail/1086/A-Twilight-Wedding-Affair-Lush-Constellations-of-Love""]",1585,,"A Twilight Wedding Affair: Lush Constellations of Love
Event Details
Organizer: Novotel Singapore on Stevens
Admission: Free
Event Date: 28 September 2025, Sunday
Enjoy special showcase benefits worth up to S$16,888, including 10% off total bill, privileges, and dreamy extras to make your big day even more magical.
For more information or to RSVP
Here
!",https://t.me/blissfulbrides/1585
blissfulbrides,2025-08-13T01:04:36+00:00,[],"[""https://www.blissfulbrides.sg/package-detaile/2591/constellation-ballroom-2025""]",1584,,"Constellation Ballroom 2025
by ONE°15 Marina Sentosa Cove Singapore
Start from $1588++
For more information
Here
!",https://t.me/blissfulbrides/1584
blissfulbrides,2025-08-12T01:04:28+00:00,[],"[""https://www.blissfulbrides.sg/package-detaile/2691/wedding-packages-2025-chinese""]",1583,,"Wedding Packages 2025 (Chinese)
by Sentosa Golf Club
Start from $1388++
For more information
Here
!",https://t.me/blissfulbrides/1583
blissfulbrides,2025-08-11T01:04:01+00:00,[],"[""https://www.blissfulbrides.sg/articles/wedding/sky-high-vows-celebrate-your-special-day-at-grand-park-city-hall""]",1582,,"🌿
Say “I Do” Above the City at Grand Park City Hall
💍
✨
Discover Grand Park City Hall's enchanting venues offering intimate ceremonies, fine dining, and more
🌇
💖
📌
Begin your sky-high celebration—
🔗
Sky High Vows: Celebrate Your Special Day at Grand Park City Hall
to find out more!",https://t.me/blissfulbrides/1582
blissfulbrides,2025-08-10T01:00:58+00:00,[],"[""https://www.blissfulbrides.sg/package-detaile/2696/indian-wedding-package-2025-2026""]",1581,,"Indian Wedding Package 2025 & 2026
by Holiday Inn Singapore Atrium
Start from $148++
For more information
Here
!",https://t.me/blissfulbrides/1581
blissfulbrides,2025-08-09T01:01:03+00:00,[],"[""https://www.blissfulbrides.sg/9/hotels/detail/1211/ido-singapore-whotels-com"", ""https://www.blissfulbrides.sg/articles/editor-s-choice-awards/w-singapore-sentosa-cove-editor-s-choice-for-banquet-venue-of-the-year""]",1580,,"💍
Say “Forever” in Style at
W Singapore – Sentosa Cove
💫
🌊
From the iconic Great Room to intimate Studio spaces, W Singapore – Sentosa Cove brings your love story to life with luxurious flair and unforgettable details. Whether it’s a grand celebration or a cosy solemnisation, this award-winning venue sets the perfect stage.
💖
🔗
W Singapore - Sentosa Cove: Editor's Choice for Banquet Venue of the Year
to discover why it's the Editor’s Choice for Banquet Venue of the Year!",https://t.me/blissfulbrides/1580
blissfulbrides,2025-08-08T01:03:38+00:00,[],"[""https://www.blissfulbrides.sg/package-detaile/2687/wedding-package-2025-2026""]",1579,,"Wedding Package 2025 / 2026
by Four Points by Sheraton Singapore, Riverview
Start from $1338++
For more information
Here
!",https://t.me/blissfulbrides/1579
blissfulbrides,2025-08-07T01:04:43+00:00,[],"[""https://www.blissfulbrides.sg/package-detaile/2693/pyramid-wedding-package-2025""]",1578,,"Pyramid Wedding Package 2025
by Sentosa Golf Club
Start from $10,888++
For more information
Here
!",https://t.me/blissfulbrides/1578
blissfulbrides,2025-08-06T01:00:46+00:00,[],"[""https://www.blissfulbrides.sg/event-detail/1085/Auspicious-Beginnings-Feng-Shui-101-From-Wedding-to-Home-Life""]",1577,,"Auspicious Beginnings – Feng Shui 101: From Wedding to Home Life
Event Details
Organizer: voco Orchard Singapore
Admission: Complimentary
Event Date: Thursday, 21 August 2025. 7pm to 9pm
Join us for an insightful Feng Shui talk by
Master David Tong
as he shares key insights on
couple compatibility, auspicious wedding dates,
and meaningful
Chinese customs
like guo da li, an chuang, and dowry etiquette.
For more information or to RSVP
Here
!",https://t.me/blissfulbrides/1577
blissfulbrides,2025-08-05T01:01:17+00:00,[],"[""https://www.blissfulbrides.sg/package-detaile/2671/ohs-chinese-wedding-2026""]",1576,,"OHS Chinese Wedding 2026
by Orchard Hotel Singapore
Start from $1788++
For more information
Here
!",https://t.me/blissfulbrides/1576
blissfulbrides,2025-08-04T01:02:09+00:00,[],"[""https://www.blissfulbrides.sg/9/hotels/detail/492/amara-singapore"", ""https://www.blissfulbrides.sg/articles/wedding/amara-singapore-beyond-one-celebration""]",1575,,"💫
Celebrate Love in Style at Amara Singapore
💍
✨
Discover the Remarkable Transformation of
Amara Singapore
's Wedding Spaces: Where Luxury, Versatility, and Exceptional Service Come Together in the Heart of Tanjong Pagar. Your Dream Wedding Awaits
🌸
🎉
📌
Discover more—
Amara Singapore: Beyond One Celebration
to start planning your unforgettable day!",https://t.me/blissfulbrides/1575
blissfulbrides,2025-08-03T01:01:35+00:00,[],"[""https://www.blissfulbrides.sg/package-detaile/2669/ohs-muslim-wedding-2025-2026""]",1574,,"OHS Muslim Wedding 2025 & 2026
by Orchard Hotel Singapore
Start from $148++
For more information
Here
!",https://t.me/blissfulbrides/1574
blissfulbrides,2025-08-02T01:03:38+00:00,[],"[""https://www.blissfulbrides.sg/package-detaile/2686/wedding-package-2025-2026""]",1572,,"Wedding Package 2025 & 2026
by Chui Huay Lim Teochew Cuisine
Start from $999++
For more information
Here
!",https://t.me/blissfulbrides/1572
blissfulbrides,2025-08-01T01:03:31+00:00,[],"[""https://www.blissfulbrides.sg/9/hotels/detail/53/copthorne-kings-hotel"", ""https://www.blissfulbrides.sg/articles/editor-s-choice-awards/copthorne-king-s-hotel-singapore-blissful-brides-editor-s-choice-award-for-banquet-venue""]",1571,,"💫
Celebrate Your Big Day at
Copthorne King’s Hotel Singapore
💍
🍽️
Experience a seamless wedding journey from start to finish — with beautifully designed venues, thoughtful packages, and a feast of signature Teochew cuisine that your guests will remember.
🎉
✨
🔗
Copthorne King’s Hotel Singapore: Blissful Brides Editor’s Choice Award for Banquet Venue
to explore how your dream wedding!",https://t.me/blissfulbrides/1571
blissfulbrides,2025-07-31T01:02:21+00:00,[],"[""https://www.blissfulbrides.sg/event-detail/1084/Celebrate-Love-Elevated-Intimate""]",1570,,"Celebrate Love, Elevated & Intimate
Promotion Details
Organizer: Paradox Singapore
Promotion Period: Confirm your wedding with us by 30 November 2025
Whether you're envisioning a private soirée or a close-knit celebration with your nearest and dearest, our newly renovated ballroom sets the perfect stage. Soaring 5.5-metre ceilings, grand floor-to-ceiling windows, and a show-stopping 21-metre LED wall come together to create a space that feels both intimate and extraordinary.
For more information or to RSVP
Here
!",https://t.me/blissfulbrides/1570
blissfulbrides,2025-07-30T01:01:34+00:00,[],"[""https://www.blissfulbrides.sg/articles/wedding/wedding-planning-myths-what-should-be-on-your-checklist""]",1569,,"💍
✨
Think you need a massive guest list or to follow every tradition? Think again! Your big day should reflect
you
, not outdated expectations. Let go of the pressure and focus on what truly matters.
💖
🔗
Wedding Planning Myths: What Should Be On Your Checklist?
to uncover common wedding planning myths—and what
really
deserves a spot on your checklist!",https://t.me/blissfulbrides/1569
blissfulbrides,2025-07-29T01:01:08+00:00,[],"[""https://www.blissfulbrides.sg/package-detaile/2684/2025-2026-wedding-packages""]",1568,,"2025 & 2026 Wedding Packages
by voco Orchard Singapore
Start from $1588++
For more information
Here
!",https://t.me/blissfulbrides/1568
blissfulbrides,2025-07-28T01:00:35+00:00,[],"[""https://www.blissfulbrides.sg/articles/editor-s-choice-awards/a-dream-come-true-my-dream-wedding""]",1567,,"💍
Say yes to a seamless wedding journey with My Dream Wedding — where tradition meets trend, and every moment is beautifully captured.
💫
With 70 Korean-styled studios across Asia—they offer a one-stop bridal destination, complete with gowns, hair and makeup, and photography expertise for a stress-free experience from
“yes”
to
“I do”
.
💖
🔗
A Dream Come True: My Dream Wedding
to explore!",https://t.me/blissfulbrides/1567
blissfulbrides,2025-07-27T01:01:57+00:00,[],"[""https://www.blissfulbrides.sg/package-detaile/2685/solemnisation-package-2025-2026""]",1565,,"Solemnisation Package 2025 & 2026
by Chui Huay Lim Teochew Cuisine
Start from $6399++
For more information
Here
!",https://t.me/blissfulbrides/1565
blissfulbrides,2025-07-26T01:04:32+00:00,[],"[""https://www.blissfulbrides.sg/package-detaile/2700/elsa-bridal-autumn-veil-2025-ela-08""]",1564,,"AUTUMN VEIL 2025 ELA 08
by ELSA Bridal
$7700
AUTUMN VEIL Fall 2025 captures the quiet poetry of Fall, where couture elegance meets the soul of the modern bride. Each gown flows with grace, light, and quiet confidence.
For more information
Here
!",https://t.me/blissfulbrides/1564
blissfulbrides,2025-07-25T01:03:22+00:00,[],"[""https://www.blissfulbrides.sg/articles/editor-s-choice-awards/preferred-banquet-venues--mount-faber-peak""]",1563,,"💒
Celebrate love at new heights with Mount Faber Peak — where stunning views, romantic ambience, and exquisite dining come together for an unforgettable wedding celebration.
🌿
✨
🔗
Preferred Banquet Venues – Mount
Faber Peak to explore this dreamy venue for your big day!",https://t.me/blissfulbrides/1563
blissfulbrides,2025-07-24T01:02:35+00:00,[],"[""https://www.blissfulbrides.sg/package-detaile/2701/elsa-bridal-autumn-veil-2025-ela-01""]",1562,,"AUTUMN VEIL 2025 ELA 01
by ELSA Bridal
$8400
AUTUMN VEIL Fall 2025 captures the quiet poetry of Fall, where couture elegance meets the soul of the modern bride. Each gown flows with grace, light, and quiet confidence.
For more information
Here
!",https://t.me/blissfulbrides/1562
blissfulbrides,2025-07-22T01:01:18+00:00,[],"[""https://www.blissfulbrides.sg/event-detail/1083/Voyage-Of-Love-Wedding-Show""]",1561,,"Voyage Of Love Wedding Show
Event Details
Organizer: M Hotel Singapore
Admission: Complimentary, RSVP required
Event Date: 30 Aug, Sat. 11:00 AM – 6:00 PM
Join us at the Voyage of Love Wedding Show, the perfect experience for your wedding planning journey! Unlock up to $5,500 in exclusive perks.
For more information or to RSVP
Here
!",https://t.me/blissfulbrides/1561
blissfulbrides,2025-07-20T01:03:25+00:00,[],"[""https://www.blissfulbrides.sg/package-detaile/2665/premium-wedding-package""]",1559,,"Premium Wedding Package
by Legacy Yên Tử
Start from $80++
For more information
Here
!",https://t.me/blissfulbrides/1559
blissfulbrides,2025-07-19T01:04:45+00:00,[],"[""https://www.blissfulbrides.sg/package-detaile/2630/wedding-package-2025""]",1558,,"Wedding Package 2025
by Pan Pacific Singapore
Start from $1888++
For more information
Here
!",https://t.me/blissfulbrides/1558
blissfulbrides,2025-07-18T01:04:53+00:00,[],"[""https://www.blissfulbrides.sg/articles/editor-s-choice-awards/dive-into-forever-exchange-vows-at-a-one-of-a-kind-solemnisation-venue-the-robertson-house""]",1557,,"💍
Say “I Do” in style at  The Robertson House — where your love story unfolds with poolside elegance and timeless charm. From heartfelt vows to delectable menus, create a wedding experience that’s truly one of a kind.
✨
🏊‍♀️
🔗
Dive into Forever: Exchange Vows at a One-of-A-Kind Solemnisation Venue, The Robertson House
to begin planning your unforgettable day.",https://t.me/blissfulbrides/1557
blissfulbrides,2025-07-17T01:03:51+00:00,[],"[""https://www.blissfulbrides.sg/package-detaile/2661/a-taste-of-forever""]",1556,,"A Taste of Forever
by Park Avenue Rochester
Start from $138++
For more information
Here
!",https://t.me/blissfulbrides/1556
blissfulbrides,2025-07-16T01:01:15+00:00,[],"[""https://www.blissfulbrides.sg/package-detaile/2667/ohs-indian-wedding-2026""]",1555,,"OHS Indian Wedding 2026
by Orchard Hotel Singapore
Start from $148++
For more information
Here
!",https://t.me/blissfulbrides/1555
blissfulbrides,2025-07-15T01:01:29+00:00,[],"[""https://www.blissfulbrides.sg/package-detaile/2663/2025-wedding-package-chengal-ballroom-and-camilla-room""]",1554,,"2025 Wedding Package (Chengal Ballroom and Camilla Room)
by Crowne Plaza Changi Airport
Start from $1618++
For more information
Here
!",https://t.me/blissfulbrides/1554
blissfulbrides,2025-07-14T01:02:12+00:00,[],"[""https://www.blissfulbrides.sg/package-detaile/2679/joyous-wedding-package-151-250pax""]",1553,,"Joyous Wedding Package (151-250pax)
by Marina Bay Sands
Start from $238++
For more information
Here
!",https://t.me/blissfulbrides/1553
blissfulbrides,2025-07-13T01:05:13+00:00,[],"[""https://www.blissfulbrides.sg/articles/beauty-wellness/the-secret-to-radiant-wedding-ready-hair-beijing-101-s-signature-hair-scalp-treatment""]",1552,,"The Secret to Radiant, Wedding-Ready Hair: Beijing 101’s Signature Hair & Scalp Treatment
For nearly three decades, Beijing 101 has been transforming the landscape of hair and scalp care in Singapore.  Since 1998, this renowned establishment has helped countless individuals tackle their hair concerns through a unique fusion of Traditional Chinese Medicine (TCM) and contemporary technology. As couples prepare for their wedding day, Beijing 101 stands ready to ensure they walk down the aisle with confidence.
Read
here
for more
💕",https://t.me/blissfulbrides/1552
blissfulbrides,2025-07-12T01:03:20+00:00,[],"[""https://www.blissfulbrides.sg/event-detail/1080/A-Millennium-of-Love-Wedding-Showcase""]",1551,,"A Millennium of Love Wedding Showcase
Event Details
Organizer: Orchard Hotel Singapore
Admission: Free | Last appointment at 5pm
Event Date: 26 Jul, Sat. 11:00 AM – 6:00 PM
Step into a curated celebration where dreams take shape and timeless elegance meets modern romance.
For more information or to RSVP
Here
!",https://t.me/blissfulbrides/1551
blissfulbrides,2025-07-11T01:02:45+00:00,[],"[""https://www.blissfulbrides.sg/articles/editor-s-choice-awards/chui-huay-lim-teochew-cuisine-timeless-and-traditional-cuisine-for-your-big-day""]",1550,,"✨
Celebrate your big day with timeless elegance and traditional Teochew flavours at Chui Huay Lim Teochew Cuisine. From exquisite menus to stunning venues, honour heritage while creating new memories.
🍲
💍
🔗
Chui Huay Lim Teochew Cuisine: Timeless and Traditional Cuisine for Your Big Day
to explore wedding packages that blend tradition with sophistication.",https://t.me/blissfulbrides/1550
blissfulbrides,2025-07-10T01:04:14+00:00,[],"[""https://www.blissfulbrides.sg/package-detaile/2627/silver-package""]",1549,,"Silver Package
by Anhdraws
Start from VND11,990,000
For more information
Here
!",https://t.me/blissfulbrides/1549
blissfulbrides,2025-07-09T01:05:13+00:00,[],"[""https://www.blissfulbrides.sg/articles/wedding/how-to-choose-the-right-wedding-photography-package""]",1548,,"📸
Your big day deserves to be captured perfectly — from the first look to the last dance. Just like choosing your Mr & Mrs Right, picking the right photography team is key. It’s not just about price — it’s about chemistry, coverage, and storytelling.
💖
✨
🔗
How To Choose The Right Wedding Photography Package
for tips on finding the best-fit wedding photography package for your big day!",https://t.me/blissfulbrides/1548
blissfulbrides,2025-07-08T01:02:55+00:00,[],"[""https://www.blissfulbrides.sg/event-detail/1079/Tanglin-Gin-Jungle-Wedding-Open-House-2025""]",1547,,"Tanglin Gin Jungle Wedding Open House 2025
Event Details
Organizer: Tanglin Gin Jungle
Admission: Free
Event Date: 19 July 2025, 3PM - 8PM
Join us at the Tanglin Gin Jungle Wedding Open House 2025, a one day only showcase of trusted partners, curated experiences and bold possibilities for your next private event.
For more information or to RSVP
Here
!",https://t.me/blissfulbrides/1547
blissfulbrides,2025-07-07T09:33:58+00:00,[],"[""https://events.blissfulbrides.sg/concorde-hotel-singapore-2025/""]",1546,,"Step into a world where promises are made and petals pave the path to forever.
✨
Join us at “Promises & Petals” – a Wedding Showcase by Concorde Hotel Singapore, happening on 26 July 2025, from 11AM to 6PM.
Be inspired as we transform our elegant venue into a romantic celebration of wedding possibilities. Whether you're dreaming of an intimate solemnisation or a grand banquet, Promises & Petals is the perfect opportunity to explore thoughtfully tailored wedding packages that suit every couple’s unique love story.
💐
Here’s what awaits you:
✅
Exclusive wedding packages
✅
Guided ballroom tours
✅
Personalised consultations
✅
Handpicked wedding vendors
💍
Begin your forever at Promises & Petals, where every detail is crafted with love.
📅
Date: Saturday, 26 July 2025, 11AM – 6PM
📍
Venue: Concorde Hotel Singapore, 100 Orchard Rd, Singapore 238840
🔗
RSVP
Here
!",https://t.me/blissfulbrides/1546
blissfulbrides,2025-07-07T01:05:03+00:00,[],"[""https://www.blissfulbrides.sg/package-detaile/2633/everlasting-bliss-package""]",1545,,"Everlasting Bliss Package
by Village Hotel Katong
Start from $1,680++
For more information
Here
!",https://t.me/blissfulbrides/1545
blissfulbrides,2025-07-06T01:03:50+00:00,[],"[""https://www.blissfulbrides.sg/package-detaile/2639/timeless-union-package""]",1544,,"Timeless Union Package
by Village Hotel Katong
Start from $133++
For more information
Here
!",https://t.me/blissfulbrides/1544
blissfulbrides,2025-07-05T01:04:16+00:00,[],"[""https://www.blissfulbrides.sg/package-detaile/2656/embroidered-floral-lace-applique-long-wedding-dress""]",1543,,"Embroidered Floral Lace Applique Long Wedding Dress
by Konanmoko
$102.43
Konanmoko specially presents the latest collection, all of which are made with particular in-house designs and handmade sewing products. Dress up your cutie furry friends in their unique fashions.
For more information
Here
!",https://t.me/blissfulbrides/1543
blissfulbrides,2025-07-04T01:01:55+00:00,[],"[""https://www.blissfulbrides.sg/package-detaile/2629/diamond-package""]",1542,,"Diamond Package
by Anhdraws
Start from VND 14,990,000
For more information
Here
!",https://t.me/blissfulbrides/1542
blissfulbrides,2025-07-03T01:02:14+00:00,[],"[""https://www.blissfulbrides.sg/package-detaile/2668/ohs-indian-wedding-package-2025""]",1541,,"OHS Indian Wedding Package 2025
by Orchard Hotel Singapore
Start from $138++
For more information
Here
!",https://t.me/blissfulbrides/1541
blissfulbrides,2025-07-02T01:03:40+00:00,[],"[""https://www.blissfulbrides.sg/package-detaile/2664/2026-wedding-package-chengal-ballroom-and-camilla-room""]",1540,,"2026 Wedding Package (Chengal Ballroom and Camilla Room)
by Crowne Plaza Changi Airport
Start from $1,698++
For more information
Here
!",https://t.me/blissfulbrides/1540
blissfulbrides,2025-07-01T01:03:02+00:00,[],"[""https://www.blissfulbrides.sg/package-detaile/2680/romantic-wedding-package-50-100pax""]",1539,,"Romantic Wedding Package (50-100pax)
by Marina Bay Sands
Start from $238++
For more information
Here
!",https://t.me/blissfulbrides/1539
blissfulbrides,2025-06-29T01:03:47+00:00,[],"[""https://www.blissfulbrides.sg/package-detaile/2641/wedding-package""]",1538,,"Wedding Package
by Noa by Olivia
Start from $158++
For more information
Here
!",https://t.me/blissfulbrides/1538
blissfulbrides,2025-06-28T01:04:58+00:00,[],"[""https://www.blissfulbrides.sg/event-detail/1076/Celebrate-Love-by-The-River-Wedding-Showcase""]",1537,,"Celebrate Love by The River Wedding Showcase
Event Details
Organizer: Four Points by Sheraton Singapore, Riverview
Admission: Free
Event Date: 27 July 2025. 12:00 PM – 6:00 PM
Join our exclusive Wedding Showcase and discover everything for your perfect day. Experience stunning styled setups, all-inclusive packages, and exclusive perks designed just for you. Plus, complimentary refreshments while you plan with our expert wedding team.
For more information or to RSVP
Here
!",https://t.me/blissfulbrides/1537
blissfulbrides,2025-06-27T01:03:05+00:00,[],"[""https://www.blissfulbrides.sg/package-detaile/2676/blissful-wedding-package-101-150pax""]",1536,,"Blissful Wedding Package (101-150pax)
by Marina Bay Sands
Start from $238++
For more information
Here
!",https://t.me/blissfulbrides/1536
blissfulbrides,2025-06-26T01:04:12+00:00,[],"[""https://www.blissfulbrides.sg/package-detaile/2638/solemnisation-buffet-package""]",1535,,"Solemnisation Buffet Package
by Village Hotel Katong
Start from $133++
For more information
Here
!",https://t.me/blissfulbrides/1535
blissfulbrides,2025-06-25T01:00:23+00:00,[],"[""https://www.blissfulbrides.sg/9/hotels/detail/818/intercontinental-singapore"", ""https://www.blissfulbrides.sg/articles/wedding/a-heritage-affair-with-heart-weddings-at-intercontinental-singapore""]",1534,,"A Heritage Affair with Heart: Weddings at InterContinental Singapore
There’s no shortage of luxury hotels in Singapore, but few balance grandeur with personality quite like
InterContinental Singapore
. Located in the heart of Bugis, this heritage hotel is a masterclass in timeless elegance, designed for couples who want a wedding that feels both personal and unforgettable.
Read
here
for more!
💕",https://t.me/blissfulbrides/1534
blissfulbrides,2025-06-24T01:01:21+00:00,[],"[""https://www.blissfulbrides.sg/event-detail/1075/A-Westin-Wedding-Showcase""]",1533,,"A Westin Wedding Showcase
Event Details
Organizer: The Westin Singapore
Admission: Free | Last appointment at 5pm
Event Date: 12 Jul, Sat. 11:00 AM – 6:00 PM
Join us for our exclusive wedding showcase and let our dedicated Westin Wedding Specialists bring your vision to life — creating a celebration that reflects your unique love story and leaves lasting memories.
For more information or to RSVP
Here
!",https://t.me/blissfulbrides/1533
blissfulbrides,2025-06-23T01:01:01+00:00,[],"[""https://www.blissfulbrides.sg/5/country-clubs/detail/206/seletar-country-club"", ""https://www.blissfulbrides.sg/articles/editor-s-choice-awards/seletar-country-club-where-your-wedding-dreams-take-flight""]",1532,,"🌅
Picture saying your vows with the stunning Seletar Reservoir as your backdrop, bathed in the golden glow of a sunset.
Seletar Country Club
offers not just a wedding venue, but a romantic canvas where your dreams come to life. From breathtaking views to serene surroundings, it’s the perfect setting for your special day.
💍
💍
Start planning your dream wedding—tap the link
🔗
Seletar Country Club: Where Your Wedding Dreams Take Flight
to explore!",https://t.me/blissfulbrides/1532
blissfulbrides,2025-06-22T01:05:01+00:00,[],"[""https://www.blissfulbrides.sg/package-detaile/2643/suite-solemnisation-package-2025""]",1531,,"Suite Solemnisation Package 2025
by Grand Park City Hall
Start from $2688++
For more information
Here
!",https://t.me/blissfulbrides/1531
blissfulbrides,2025-06-21T01:01:03+00:00,[],"[""https://www.blissfulbrides.sg/event-detail/1069/Anchored-in-Love-Wedding-Showcase""]",1530,,"Anchored in Love Wedding Showcase
Event Details
Organizer: ONE°15 Marina Sentosa Cove Singapore
Admission: Free
Event Date: 5 July 2025, Saturday. From 12pm to 6pm
Your perfect big day begins here. Join us for Anchored in Love, a bespoke wedding showcase set amidst the breathtaking backdrop of our luxurious waterfront venues.
For more information or to RSVP
Here
!",https://t.me/blissfulbrides/1530
blissfulbrides,2025-06-19T10:03:10+00:00,[],"[""https://www.blissfulbrides.sg/event-detail/1074/Sospiri-Wedding-Showcase""]",1529,,"Sospiri Wedding Showcase
Event Details
Organizer: Milly & Frost
Admission: Free
Event Date: 22 June 2025. From 11:30 AM.
Join us at the Sospiri Wedding Showcase on 22 June 2025 for an inspiring day featuring an exclusive venue tour, a tasting of signature canapés and beverages, personalised consultations with event specialists and wedding partners, and special wedding package privileges.
For more information or to RSVP
Here
!",https://t.me/blissfulbrides/1529
blissfulbrides,2025-06-19T01:01:58+00:00,[],"[""https://www.blissfulbrides.sg/event-detail/1067/Garden-of-Love-Where-Romance-Blooms-in-Nature-s-Embrace""]",1528,,"Garden of Love Where Romance Blooms in Nature's Embrace
Event Details
Organizer: PARKROYAL COLLECTION Marina Bay, Singapore
Admission: Free
Event Date: Sunday, 13 July 2025. 11:00 AM – 6:00 PM
Step into a world of enchantment and say ""I do"" in 2026 at PARKROYAL COLLECTION Marina Bay, Singapore’s first Garden-in-a-Hotel.  Begin your journey with us at the Inspiringly Yours Celebrations Wedding Showcase on Sunday, 13 July 2025, where exclusive wedding perks and enchanting possibilities await.
For more information or to RSVP
Here
!",https://t.me/blissfulbrides/1528
blissfulbrides,2025-06-18T09:02:54+00:00,[],"[""https://www.blissfulbrides.sg/event-detail/1073/Simply-Yours-Celebrations-Wedding-Showcase-Iridescent-Fantasy""]",1527,,"Simply Yours Celebrations Wedding Showcase – Iridescent Fantasy
Event Details
Organizer: PARKROYAL on Beach Road
Admission: Free
Event Date: 13 July 2025
Make your dream wedding a reality — confirm your celebration with us on the day and enjoy up to 10% off your total Banquet Bill, along with exclusive perks worth up to SGD11,888++, topped with a whimsical surprise gift that adds a magical touch.
For more information or to RSVP
Here
!",https://t.me/blissfulbrides/1527
blissfulbrides,2025-06-18T01:03:08+00:00,[],"[""https://www.blissfulbrides.sg/package-detaile/2677/garden-solemnisation-package""]",1526,,"Garden Solemnisation Package
by Marina Bay Sands
Start from $2288++
For more information
Here
!",https://t.me/blissfulbrides/1526
blissfulbrides,2025-06-17T01:04:08+00:00,[],"[""https://www.blissfulbrides.sg/event-detail/1065/Magical-Love-of-Bliss-Wedding-Workshop""]",1525,,"Magical Love of Bliss Wedding Workshop
Event Details
Organizer: InterContinental
®
Singapore
Admission: By appointment basis only.
Event Date: Sunday, 6 July 2025, from 11:00am
Let your love story unfold in grandeur at
Magical Love of Bliss,
our romantic wedding
workshop
on
6 July 2025
, crafted for couples who dream of a celebration steeped in timeless elegance and romance.
For more information or to RSVP
Here
!",https://t.me/blissfulbrides/1525
blissfulbrides,2025-06-16T09:04:38+00:00,[],"[""https://events.blissfulbrides.sg/the-chevrons-singapore-2025/""]",1524,,"Couples who confirm their wedding during the showcase stand a chance to win up to S$3,000 worth of prizes — including an island getaway, a premium coffee machine, spa vouchers, and more.
RSVP and join us at THE CHEVRONS and begin planning the wedding you’ve always envisioned
💍
T&Cs Apply.
📅
Date: 21 June 2025, 11 AM – 5 PM
📍
Venue: THE CHEVRONS, Ballroom, 48 Boon Lay Way, Singapore 609961
🔗
RSVP
Here
!",https://t.me/blissfulbrides/1524
blissfulbrides,2025-06-16T01:03:48+00:00,[],"[""https://www.blissfulbrides.sg/articles/editor-s-choice-awards/turn-your-dreams-into-reality-one-farrer-hotel-for-an-unforgettable-wedding-experience"", ""https://www.blissfulbrides.sg/articles/editor-s-choice-awards/turn-your-dreams-into-reality-one-farrer-hotel-for-an-unforgettable-wedding-experience""]",1523,,"💍
Make your wedding dreams come true at
One Farrer Hotel
! Nestled in the heart of Singapore's heritage district, this stunning venue offers the perfect blend of elegance and versatility for your special day. Whether it's an intimate ceremony or a grand celebration, One Farrer Hotel provides unmatched service and a setting that will make your wedding unforgettable.
💫
Start planning your
unforgettable day
—tap the link
🔗
Turn Your Dreams into Reality: One Farrer Hotel for an Unforgettable Wedding Experience
to explore!",https://t.me/blissfulbrides/1523
blissfulbrides,2025-06-15T01:05:08+00:00,[],"[""https://www.blissfulbrides.sg/package-detaile/2670/ohs-chinese-wedding-package-2025""]",1522,,"OHS Chinese Wedding Package 2025
by Orchard Hotel Singapore
Start from $1588++
For more information
Here
!",https://t.me/blissfulbrides/1522
blissfulbrides,2025-06-14T13:00:41+00:00,[],"[""https://events.blissfulbrides.sg/love-takes-flight-wedding-showcase-2025/"", ""https://events.blissfulbrides.sg/love-takes-flight-wedding-showcase-2025/""]",1521,,"Picture saying “I do” with the breathtaking Jewel Changi Airport as your backdrop!
✨
Join us at ""Love Takes Flight"" – A Wedding Showcase by Crowne Plaza Changi Airport on 6 July 2025 (12PM – 5PM).
From exclusive venue promotions to on-the-spot perks and premium vendors – this is the perfect chance to bring your dream wedding to life.
💍
What’s waiting for you:
✅
Complimentary banquet tastings
✅
Guided venue tours
✅
Personalised consultations
✅
Handpicked wedding vendors
🎟
RSVP now
and let your wedding journey take flight with Crowne Plaza Changi Airport
⭐
T&Cs Apply.
📅
Date: 6 July 2025, 12 PM – 5 PM
📍
Venue: Chengal Ballroom, Crowne Plaza Changi Airport, 75 Airport Blvd, Singapore 819664
🔗
RSVP
Here
!",https://t.me/blissfulbrides/1521
blissfulbrides,2025-06-14T01:04:56+00:00,[],"[""https://www.blissfulbrides.sg/event-detail/1064/eternal-bliss-wedding-workshop-at-singapore-marriott-tang-plaza-hotel""]",1520,,"Eternal Bliss Wedding Workshop at Singapore Marriott Tang Plaza Hotel
Event Details
Organizer: Singapore Marriott Tang Plaza Hotel
Admission: Complimentary
Event Date: 6 Jul, Sun. 11:00 AM – 6:00 PM
Celebrate your love story at Singapore Marriott Tang Plaza Hotel. Say “I Do” amidst enchanting wedding themes that set the perfect mood – from the most intimate celebrations to the grand affairs. Let our Certified Wedding Planners craft a personalised package and bring your dream wedding to life.
For more information or to RSVP
Here
!",https://t.me/blissfulbrides/1520
blissfulbrides,2025-06-13T01:00:17+00:00,[],"[""https://events.blissfulbrides.sg/grand-copthorne-waterfront-hotel-singapore-2025/"", ""https://events.blissfulbrides.sg/grand-copthorne-waterfront-hotel-singapore-2025/""]",1519,,"Experience timeless elegance and riverside charm at Grand Copthorne Waterfront Hotel’s “Where Forever Begins” Wedding Showcase. Set in their newly refurbished event spaces—perfect for both intimate and grand celebrations—you can enjoy free entry, personalised consultations, venue tours, and connect with trusted external wedding vendors—all by the scenic Singapore River.
✨
Confirm your wedding during the showcase and stand a chance to win exclusive prizes, including:
💎
A 1-carat lab-grown diamond ring with a customised platinum band by ALUXE Jewelry (worth over $2,000)
🍽️
A weekend buffet dinner for four at Food Capital
🏨
A 3D2N Grand Deluxe staycation with Sunday Brunch for two
💵
Instant cash rebates of up to S$3,000!
RSVP today
to secure your spot and unlock these amazing perks—you’ll also get to explore curated wedding services, all under one roof.
💐
T&Cs apply.
📅
Date: 28 June 2025, 12 PM – 5 PM
📍
Venue: Waterfront Conference Centre, Level 2, 392 Havelock Rd, Singapore 169663
🔗
RSVP
Here
!",https://t.me/blissfulbrides/1519
blissfulbrides,2025-06-12T01:02:55+00:00,[],"[""https://www.blissfulbrides.sg/articles/wedding/a-spectacular-setting-for-your-special-day-singapore-marriott-tang-plaza-hotel""]",1518,,"A Spectacular Setting for Your Special Day: Singapore Marriott Tang Plaza Hotel
Discover Singapore Marriott Tang Plaza Hotel's exquisite wedding venues, where every detail is designed for an unforgettable celebration.
Read
here
for more
💞",https://t.me/blissfulbrides/1518
blissfulbrides,2025-06-11T01:04:05+00:00,[],"[""https://www.blissfulbrides.sg/event-detail/1063/parkroyal-collection-pickering-wedding-showcase""]",1517,,"PARKROYAL COLLECTION Pickering Wedding Showcase
Event Details
Organizer: PARKROYAL COLLECTION Pickering
Admission: Complimentary, strictly by appointment
Event Date: 12 Jul, Sat. 11:00 AM – 7:00 PM
Forever begins at PARKROYAL COLLECTION Pickering, Singapore. From exquisite cuisines, picture-perfect venues to personalised service, there’s nothing quite like a PARKROYAL COLLECTION wedding. Our dedicated Celebrations Curators are committed to attending to every detail, big or small; tying up the loose ends for you while you tie the knot.
For more information or to RSVP
Here
!",https://t.me/blissfulbrides/1517
blissfulbrides,2025-06-10T01:00:49+00:00,[],"[""https://www.blissfulbrides.sg/articles/beauty-wellness/beauty-hope-the-wedding-ready-glow-you-deserve""]",1516,,"Beauty Hope: The Wedding-Ready Glow You Deserve
With years of trusted expertise in skincare and wellness, Beauty Hope is your go-to destination to achieve a radiant, wedding-ready glow. Offering personalised treatments and affordable excellence, they help couples glow with confidence—inside and out—on their big day.
Read
here
for more
💌",https://t.me/blissfulbrides/1516
blissfulbrides,2025-06-09T01:02:21+00:00,[],"[""https://www.blissfulbrides.sg/package-detaile/2657/blue-waistcoat""]",1515,,"Blue Waistcoat
by Konanmoko
$68.26
Konanmoko specially presents the latest collection, all of which are made with particular in-house designs and handmade sewing products. Dress up your cutie furry friends in their unique fashions.
For more information
Here
!",https://t.me/blissfulbrides/1515
blissfulbrides,2025-06-08T01:00:33+00:00,[],"[""https://www.blissfulbrides.sg/package-detaile/2662/our-feast-of-love""]",1514,,"Our Feast of Love
by Park Avenue Rochester
Start from $158++
For more information
Here
!",https://t.me/blissfulbrides/1514
blissfulbrides,2025-06-07T01:04:24+00:00,[],"[""https://www.blissfulbrides.sg/articles/wedding/why-si-dian-jin-is-the-perfect-gift-for-special-occasions""]",1513,,"💎
The Beauty of Tradition Meets Timeless Elegance
💍
Si Dian Jin isn’t just a wedding tradition—it’s a heartfelt symbol of love, prosperity, and legacy. Whether it’s for weddings, anniversaries, or cherished milestones, this treasured gift tells a story that lasts for generations.
✨
📌
Discover the meaning behind this timeless treasure—tap the link
🔗
Why Si Dian Jin Is The Perfect Gift For Special Occasions
to learn more!",https://t.me/blissfulbrides/1513
blissfulbrides,2025-06-06T01:04:14+00:00,[],"[""https://www.blissfulbrides.sg/event-detail/1059/-Ongoing-Promotion-Wedding-Celebration-Privileges""]",1512,,"[Ongoing Promotion] Wedding Celebration Privileges
Event Details
Organizer: PARKROYAL COLLECTION Marina Bay, Singapore
Promotion Period: confirmed by 30 June 2025.
Celebrate the joyous occasion of your wedding with us and enjoy exclusive early bird privileges
💍
✨
For more information or to RSVP
Here
!",https://t.me/blissfulbrides/1512
blissfulbrides,2025-06-05T01:03:44+00:00,[],"[""https://www.blissfulbrides.sg/articles/wedding/the-brilliance-of-aluxe-diamonds-that-celebrate-love""]",1511,,"The Brilliance of ALUXE: Diamonds That Celebrate Love
Discover ALUXE, Taiwan’s leading wedding jewellery brand. Competitively priced diamonds and custom designs of the best quality, all crafted for your love story.
Read
here
for more
💞",https://t.me/blissfulbrides/1511
blissfulbrides,2025-06-04T01:05:11+00:00,[],"[""https://www.blissfulbrides.sg/event-detail/1062/Holiday-Inn-Singapore-Atrium-Wedding-Fair""]",1510,,"Holiday Inn Singapore Atrium Wedding Fair
Event Details
Organizer: Holiday Inn Singapore Atrium
Admission: Free
Event Date: Saturday, 21 June 2025 (Sat). 12 - 6pm (Last appointment at 5pm)
Say “I Do” to Incredible Savings & Unforgettable Moments! Save up to S$2,400 on Your Dream Wedding Banquet!
For more information or to RSVP
Here
!",https://t.me/blissfulbrides/1510
blissfulbrides,2025-06-03T01:00:23+00:00,[],"[""https://www.blissfulbrides.sg/package-detaile/2660/solemnisation-package""]",1509,,"Solemnisation Package
by JEN Singapore Tanglin by Shangri-La
Start from $88.8++
For more information
Here
!",https://t.me/blissfulbrides/1509
blissfulbrides,2025-06-02T01:04:52+00:00,[],"[""https://www.blissfulbrides.sg/package-detaile/2651/suntec-city-guild-house-wedding-package-2025""]",1508,,"Suntec City Guild House | Wedding Package 2025
by The National University of Singapore Society (NUSS)
Start from $78++
For more information
Here
!",https://t.me/blissfulbrides/1508
blissfulbrides,2025-06-01T01:03:47+00:00,[],"[""https://www.blissfulbrides.sg/event-detail/1061/EXCLUSIVE-WEDDING-OFFER-BY-W-SINGAPORE-SENTOSA-COVE""]",1507,,"EXCLUSIVE WEDDING OFFER BY W SINGAPORE – SENTOSA COVE
Promotion Details
Organizer: W Singapore - Sentosa Cove
Event period: 1 June - 30 June 2025
Lock in your dream wedding with us by 30 June 2025 and enjoy savings up to $10,000 —plus, a complimentary Giant LED Screen in the Great Room, illuminating your love story with unparalleled elegance.
Your big day deserves to be anything but ordinary. Let’s make it happen.
The offer is valid for weddings held by 30 April 2026
For more information or to RSVP
Here
!",https://t.me/blissfulbrides/1507
blissfulbrides,2025-05-31T01:03:50+00:00,[],"[""https://www.blissfulbrides.sg/9/hotels/detail/1072/mercure-singapore-bugis"", ""https://www.blissfulbrides.sg/articles/wedding/find-your-ideal-wedding-at-mercure-singapore-bugis""]",1506,,"Find Your Ideal Wedding at Mercure Singapore Bugis
Finding the right wedding venue is a delicate balance of style, location, and ambience.
Mercure Singapore Bugis
brings all three together, offering elegant spaces, impeccable service, and a backdrop that feels both modern and timeless
💍
✨
Read
here
for more
💞",https://t.me/blissfulbrides/1506
blissfulbrides,2025-05-30T01:04:40+00:00,[],"[""https://www.blissfulbrides.sg/package-detaile/2631/enamoured-ever-after-package""]",1505,,"Enamoured Ever After package
by Village Hotel Katong
Start from $78++
For more information
Here
!",https://t.me/blissfulbrides/1505
blissfulbrides,2025-05-29T01:00:16+00:00,[],"[""https://www.blissfulbrides.sg/package-detaile/2658/dark-blue-striped-tailcoat-tuxedo""]",1504,,"Dark Blue Striped Tailcoat Tuxedo
by Konanmoko
$85.41
Konanmoko specially presents the latest collection, all of which are made with particular in-house designs and handmade sewing products. Dress up your cutie furry friends in their unique fashions.
For more information
Here
!",https://t.me/blissfulbrides/1504
blissfulbrides,2025-05-28T01:03:52+00:00,[],"[""https://www.blissfulbrides.sg/articles/wedding/timeless-wedding-photography-for-unforgettable-moments""]",1503,,"📷
Say Yes to Picture-Perfect Memories!
💞
Your love story deserves to be captured beautifully—from pre-wedding portraits to the big “I do.” Discover how to choose the right photographer, what to expect on the day, and how to preserve every magical moment.
💫
🔗
Timeless Wedding Photography For Unforgettable Moments
to start planning your wedding photography journey today!
💍
✨",https://t.me/blissfulbrides/1503
blissfulbrides,2025-05-27T01:02:43+00:00,[],"[""https://www.blissfulbrides.sg/event-detail/1060/Enchanted-I-Do-s-Wedding-Workshop""]",1502,,"Enchanted I Do's Wedding Workshop
Event Details
Organizer: Carlton Hotel Singapore
Admission: Admission is complimentary
Event Date: Saturday, 26 July 2025. 12.00 pm to 4.00 pm
Enjoy exclusive perks like free-flow beer, additional wines, and more.
✨
For more information or to RSVP
Here
!",https://t.me/blissfulbrides/1502
blissfulbrides,2025-05-26T01:03:12+00:00,[],"[""https://www.blissfulbrides.sg/package-detaile/2650/kent-ridge-guild-house-wedding-package-2025""]",1501,,"Kent Ridge Guild House | Wedding Package 2025
by The National University of Singapore Society (NUSS)
Start from $78++
For more information
Here
!",https://t.me/blissfulbrides/1501
blissfulbrides,2025-05-25T01:03:27+00:00,[],"[""https://www.blissfulbrides.sg/package-detaile/2636/impian-wedding-package""]",1500,,"Impian Wedding Package
by Village Hotel Katong
Start from $15,500++
For more information
Here
!",https://t.me/blissfulbrides/1500
blissfulbrides,2025-05-24T01:00:12+00:00,[],"[""https://www.blissfulbrides.sg/package-detaile/2619/actual-day-photography-videography""]",1499,,"Actual Day Photography + Videography
by Mr Bombastic Production
✨
NOW: $4,088++
💰
U.P: $4
,688++
For more information
Here
!",https://t.me/blissfulbrides/1499
blissfulbrides,2025-05-23T01:01:15+00:00,[],"[""https://www.blissfulbrides.sg/articles/editor-s-choice-awards/unveiling-the-splendor-holiday-inn-singapore-orchard-city-centre-as-your-premier-wedding-venue"", ""https://www.blissfulbrides.sg/articles/editor-s-choice-awards/unveiling-the-splendor-holiday-inn-singapore-orchard-city-centre-as-your-premier-wedding-venue"", ""https://www.blissfulbrides.sg/articles/editor-s-choice-awards/unveiling-the-splendor-holiday-inn-singapore-orchard-city-centre-as-your-premier-wedding-venue"", ""https://www.blissfulbrides.sg/articles/editor-s-choice-awards/unveiling-the-splendor-holiday-inn-singapore-orchard-city-centre-as-your-premier-wedding-venue""]",1498,,"✨
A Celebration of Love in the Heart of Orchard!
💍
💖
Say ""I do"" in sheer elegance at
Holiday Inn Singapore Orchard City Centre
! From the
opulent Crystal Ballroom
to the
sophisticated Orchid Ballroom
and the
regal Maharajah Suite
, every space is designed to reflect your unique love story.
💫
Begin your forever in style—tap the link
🔗
Unveiling the Splendor: Holiday Inn
®
Singapore Orchard City Centre as  Your Premier Wedding Venue
to explore your dream venue!",https://t.me/blissfulbrides/1498
blissfulbrides,2025-05-22T01:02:41+00:00,[],"[""https://www.blissfulbrides.sg/package-detaile/2655/little-pearl-in-flower-wedding-dress""]",1497,,"Little Pearl in Flower Wedding Dress
by Konanmoko
$66.54
Konanmoko specially presents the latest collection, all of which are made with particular in-house designs and handmade sewing products. Dress up your cutie furry friends in their unique fashions.
For more information
Here
!",https://t.me/blissfulbrides/1497
blissfulbrides,2025-05-21T01:00:33+00:00,[],"[""https://www.blissfulbrides.sg/event-detail/1058/Forever-Yours-A-Celebration-of-Love""]",1496,,"Forever Yours:  A Celebration of Love
Event Details
Organizer: Dusit Thani Laguna Singapore
Admission: Complimentary Admission
Event Date: Saturday, 31 May 2025. 10:00 to 17:00 (last appointment 16:00)
Join us at our wedding showcase for direct consultations with the wedding team and vendors. Plus, enjoy savings & perks worth up to SGD 6,000++.
For more information or to RSVP
Here
!",https://t.me/blissfulbrides/1496
blissfulbrides,2025-05-20T01:00:59+00:00,[],"[""https://www.blissfulbrides.sg/package-detaile/2678/grand-wedding-package-251pax-and-above""]",1495,,"Grand Wedding Package (251pax and above)
by Marina Bay Sands
Start from $238++
For more information
Here
!",https://t.me/blissfulbrides/1495
blissfulbrides,2025-05-19T01:03:04+00:00,[],"[""https://www.blissfulbrides.sg/event-detail/1051/voco-Orchard-Singapore-Wedding-Workshop---Whispers-of-Love""]",1494,,"voco Orchard Singapore Wedding Workshop - Whispers of Love
Event Details
Organizer: voco Orchard Singapore
Admission: By appointment only
Event Date: Sunday, 1 June 2025. 10am to 5pm.
Join us for an intimate wedding workshop where you’ll explore our charming venues and themes, chat with our wedding hosts, and enjoy tasty canapés while planning your special day.
For more information or to RSVP
Here
!",https://t.me/blissfulbrides/1494
blissfulbrides,2025-05-18T01:04:14+00:00,[],"[""https://www.blissfulbrides.sg/9/hotels/detail/818/intercontinental-singapore"", ""https://www.blissfulbrides.sg/9/hotels/detail/818/intercontinental-singapore"", ""https://www.blissfulbrides.sg/9/hotels/detail/818/intercontinental-singapore"", ""https://www.blissfulbrides.sg/articles/editor-s-choice-awards/timeless-tales-of-romance-at-intercontinental-singapore"", ""https://www.blissfulbrides.sg/articles/editor-s-choice-awards/timeless-tales-of-romance-at-intercontinental-singapore"", ""https://www.blissfulbrides.sg/articles/editor-s-choice-awards/timeless-tales-of-romance-at-intercontinental-singapore""]",1493,,"Discover the perfect blend of old-world charm and modern elegance at
InterContinental
®
Singapore
!
💍
From its stunning architecture to its prime location, this 5-star hotel promises a wedding experience beyond ordinary. Ready to make timeless memories? Click the link to read more about what makes this venue so special!
💕
💫
Start your forever in style—tap the link
🔗
Timeless Tales of Romance at InterContinental
®
Singapore
to explore!",https://t.me/blissfulbrides/1493
blissfulbrides,2025-05-17T01:04:04+00:00,[],"[""https://www.blissfulbrides.sg/event-detail/1057/Where-Love-Reigns-A-Wedding-Showcase-at-Copthorne-King-s-Hotel-Singapore""]",1492,,"Where Love Reigns – A Wedding Showcase at Copthorne King’s Hotel Singapore
Event Details
Organizer: Copthorne King’s Hotel Singapore
Admission: Complimentary
Event Date: Saturday, 14 June 2025. 12PM – 5PM.
At Copthorne King’s Hotel Singapore, your wedding is more than just an event—it’s the beginning of a beautiful journey. Join us on 14 June 2025 from 12PM to 5PM for an unforgettable Wedding Showcase at Copthorne King’s Hotel Singapore!
For more information or to RSVP
Here
!",https://t.me/blissfulbrides/1492
blissfulbrides,2025-05-16T01:02:15+00:00,[],"[""https://www.blissfulbrides.sg/event-detail/1049/Exclusive-Perks-For-Heavenly-Couple""]",1491,,"Exclusive Perks For Heavenly Couple
Event Details
Organizer: Genting Hotel Jurong
Promotion Period: till 31 Dec 2025
Celebrate your love story with exclusive perks at Genting Hotel Jurong, where unforgettable moments are crafted just for you.
For more information or to RSVP
Here
!",https://t.me/blissfulbrides/1491
blissfulbrides,2025-05-15T01:02:54+00:00,[],"[""https://www.blissfulbrides.sg/package-detaile/2626/anhdraws-live-portrait""]",1490,,"Anhdraws Live Portrait
by Anhdraws
Start from VND 3,000,000/hr
For more information
Here
!",https://t.me/blissfulbrides/1490
blissfulbrides,2025-05-14T01:03:39+00:00,[],"[""https://www.blissfulbrides.sg/package-detaile/2628/gold-package""]",1489,,"Gold Package
by Anhdraws
Start from VND 12,990,000
For more information
Here
!",https://t.me/blissfulbrides/1489
blissfulbrides,2025-05-13T01:04:04+00:00,[],"[""https://www.blissfulbrides.sg/package-detaile/2648/intimate-wedding-lunch-and-dinner-package-2025""]",1488,,"Intimate Wedding Lunch and Dinner Package 2025
by Singapore Marriott Tang Plaza Hotel
Start from $1388++
For more information
Here
!",https://t.me/blissfulbrides/1488
blissfulbrides,2025-05-12T01:04:28+00:00,[],"[""https://www.blissfulbrides.sg/articles/wedding/amara-singapore-beyond-one-celebration""]",1487,,"Amara Singapore: Beyond One Celebration
Discover the Remarkable Transformation of Amara Singapore's Wedding Spaces: Where Luxury, Versatility, and Exceptional Service Come Together in the Heart of Tanjong Pagar. Your Dream Wedding Awaits.
Read
here
for more
💞",https://t.me/blissfulbrides/1487
blissfulbrides,2025-05-11T01:01:48+00:00,[],"[""https://www.blissfulbrides.sg/event-detail/1053/Wedding-Perks-for-2026-Weddings""]",1486,,"[Ongoing Promotion] Exclusive SG60 Perks for 2025 Weddings
Event Details
Organizer: voco Orchard Singapore
Promotion Period: till 31 Dec 2025.
From the first vow to a lifetime of memories, we’re dedicated to making your wedding day extraordinary. Let us help you craft the perfect celebration – one that beautifully reflects your unique love story.
For more information or to RSVP
Here
!",https://t.me/blissfulbrides/1486
blissfulbrides,2025-05-10T01:01:45+00:00,[],"[""https://www.blissfulbrides.sg/event-detail/1056/Exclusive-In-House-Wedding-Preview-Evening""]",1485,,"Exclusive In-House Wedding Preview Evening
Event Details
Organizer: Four Points by Sheraton Singapore, Riverview
Admission: Free
Event Date: 23 May 2025.
Join us for an Exclusive Wedding Preview Evening, where you'll get a first look at our latest wedding packages, enjoy exclusive perks, and meet our experienced wedding team. You’ll also have the opportunity to connect with our trusted Malay wedding partner, Wedding & Romance, for personalised ideas and inspiration.
For more information or to RSVP
Here
!",https://t.me/blissfulbrides/1485
blissfulbrides,2025-05-09T01:04:35+00:00,[],"[""https://www.blissfulbrides.sg/event-detail/1055/Where-Love-Meets-Timeless-Elegance-Wedding-Workshop-at-Goodwood-Park-Hotel""]",1483,,"Where Love Meets Timeless Elegance Wedding Workshop at Goodwood Park Hotel
Event Details
Organizer: Goodwood Park Hotel
Admission: Complimentary
Event Date: 16 May, Fri. 6:00 PM – 9:00 PM
Nestled amidst lush gardens, Goodwood Park Hotel is Singapore’s iconic heritage hotel that offers a wedding setting steeped in timeless elegance and old-world charm.
For more information or to RSVP
Here
!",https://t.me/blissfulbrides/1483
blissfulbrides,2025-05-08T01:01:34+00:00,[],"[""https://www.blissfulbrides.sg/event-detail/1050/Simply-Yours-Celebrations-Wedding-Showcase-Blushing-Beauty""]",1482,,"Simply Yours Celebrations Wedding Showcase – Blushing Beauty
Event Details
Organizer: PARKROYAL on Beach Road
Admission: Free
Event Date: 24 May 2025, 11.00am to 6.00pm
Step into a world of romance on 24 May at PARKROYAL on Beach Road. Let our Grand Ballroom, adorned in our signature Blushing Beauty theme, set the stage for the wedding of your dreams — just minutes from the heart of the city. Wander through our enchanting spaces, meet passionate wedding artisans, and discover everything you need to begin your forever.
For more information or to RSVP
Here
!",https://t.me/blissfulbrides/1482
blissfulbrides,2025-05-07T01:01:16+00:00,[],"[""https://www.blissfulbrides.sg/package-detaile/2654/fairy-butterfly-prom-dress""]",1481,,"Fairy Butterfly Prom Dress
by Konanmoko
$78.55
Konanmoko specially presents the latest collection, all of which are made with particular in-house designs and handmade sewing products. Dress up your cutie furry friends in their unique fashions.
For more information
Here
!",https://t.me/blissfulbrides/1481
blissfulbrides,2025-05-06T01:00:14+00:00,[],"[""https://www.blissfulbrides.sg/event-detail/1054/Wedding-Showcase-Vows-and-Blooms-Malay-Wedding-Traditions-""]",1480,,"Wedding Showcase: Vows and Blooms (Malay Wedding Traditions)
Event Details
Organizer: Seletar Country Club
Admission: Free
Event Date: 10 May 2025. 1:00 PM - 5:00 PM.
For more information or to RSVP
Here
!",https://t.me/blissfulbrides/1480
blissfulbrides,2025-05-05T01:02:51+00:00,[],"[""https://www.blissfulbrides.sg/event-detail/1052/-ongoing-promotion-exclusive-sg60-perks-for-2025-weddings""]",1479,,"[Ongoing Promotion] Exclusive SG60 Perks for 2025 Weddings
Event Details
Organizer: voco Orchard Singapore
Promotion Period: Valid for  couples who sign up by 1 June 2025.
There’s something magical about saying ‘I do’ in the same year Singapore turns 60 –  a milestone  moment for the nation, and the start of your own timeless journey. Let us craft a day that’s not only unforgettable, but intimately yours –  in a year where every vow holds an even deeper meaning.
For more information or to RSVP
Here
!",https://t.me/blissfulbrides/1479
blissfulbrides,2025-05-04T01:04:01+00:00,[],"[""https://www.blissfulbrides.sg/event-detail/1048/Limited-Time-Offer-At-Singapore-Marriott-Tang-Plaza-Hotel""]",1478,,"Limited Time Offer At Singapore Marriott Tang Plaza Hotel
Event Details
Organizer: Singapore Marriott Tang Plaza Hotel
Promotion Period: Till 31 May 2025
Begin the next chapter in your love story at Singapore Marriott Tang Plaza Hotel and let our Certified Wedding Planners craft the perfect fairy tale moment for your wedding.
For more information or to RSVP
Here
!",https://t.me/blissfulbrides/1478
blissfulbrides,2025-05-03T01:02:47+00:00,[],"[""https://www.blissfulbrides.sg/event-detail/1047/A-Westin-Wedding-Showcase""]",1477,,"A Westin Wedding Showcase
Event Details
Organizer: The Westin Singapore
Admission: Free | Last appointment at 5pm.
Event Date: 18 May, Sun. 11:00 AM – 6:00 PM.
Host the wedding of your dreams in the heart of Marina Bay at The Westin Singapore. From breathtaking venues and exquisite cuisine to personalized service and thoughtful details, our dedicated Westin Wedding Specialists are here to bring your dream day to life.
For more information or to RSVP
Here
!",https://t.me/blissfulbrides/1477
blissfulbrides,2025-05-02T01:02:25+00:00,[],"[""https://www.blissfulbrides.sg/package-detaile/2621/actual-day-videography""]",1475,,"Actual Day Videography
by Mr Bombastic Production
✨
NOW: $3,088++
💰
U.P: $
3,488++
For more information
Here
!",https://t.me/blissfulbrides/1475
blissfulbrides,2025-05-01T01:03:53+00:00,[],"[""https://www.blissfulbrides.sg/package-detaile/2653/ya-ge-solemnisation-2025-2026""]",1474,,"Ya Ge Solemnisation 2025/2026
by Ya Ge Restaurant
Start from $68++
For more information
Here
!",https://t.me/blissfulbrides/1474
blissfulbrides,2025-04-30T01:03:17+00:00,[],"[""https://www.blissfulbrides.sg/package-detaile/2659/grey-waistcoat""]",1473,,"Grey Waistcoat
by Konanmoko
$68.26
Konanmoko specially presents the latest collection, all of which are made with particular in-house designs and handmade sewing products. Dress up your cutie furry friends in their unique fashions.
For more information
Here
!",https://t.me/blissfulbrides/1473
blissfulbrides,2025-04-29T01:01:48+00:00,[],"[""https://www.blissfulbrides.sg/package-detaile/2649/2025-wedding-packages""]",1472,,"2025 Wedding Packages
by York Hotel Singapore
Start from $163++
For more information
Here
!",https://t.me/blissfulbrides/1472
blissfulbrides,2025-04-28T01:00:15+00:00,[],"[""https://www.blissfulbrides.sg/package-detaile/2642/wedding-package-2025""]",1470,,"Wedding Package 2025
by Grand Park City Hall
Start from $158++
For more information
Here
!",https://t.me/blissfulbrides/1470
blissfulbrides,2025-04-27T01:01:27+00:00,[],"[""https://www.blissfulbrides.sg/package-detaile/2646/grand-ballroom-wedding-dinner-package-2026-from-may-to-december-2026""]",1469,,"Grand Ballroom Wedding Dinner Package 2026 from May to December 2026
by Singapore Marriott Tang Plaza Hotel
Start from $1988++
For more information
Here
!",https://t.me/blissfulbrides/1469
blissfulbrides,2025-04-26T01:00:30+00:00,[],"[""https://www.blissfulbrides.sg/9/hotels/detail/700/eddieooi-onefarrer-com"", ""https://www.blissfulbrides.sg/articles/editor-s-choice-awards/one-farrer-hotel-blissful-brides-editor-s-choice-for-banquet-venue-2025""]",1468,,"One Farrer Hotel: Blissful Brides Editor’s Choice for Banquet Venue 2025
When it comes to wedding venues, few manage to dazzle and impress quite like
One Farrer Hotel
, earning it Blissful Brides’ coveted Editor’s Choice Award for ‘Banquet Venue’. With a balance of modern sophistication and a commitment to sustainability, this venue offers couples a stage as memorable as their love story.
Read
here
for more
💌",https://t.me/blissfulbrides/1468
blissfulbrides,2025-04-25T01:03:32+00:00,[],"[""https://www.blissfulbrides.sg/package-detaile/2612/angsana-glasshouse""]",1467,,"Angsana Glasshouse
by Mount Faber Peak
Start from $138++
For more information
Here
!",https://t.me/blissfulbrides/1467
blissfulbrides,2025-04-24T01:01:19+00:00,[],"[""https://www.blissfulbrides.sg/15/restaurants/detail/109/peach-garden-chinese-restaurant"", ""https://www.blissfulbrides.sg/articles/editor-s-choice-awards/peach-garden-restaurant-blissful-brides-editor-s-choice-for-banquet-venue-2025""]",1466,,"Peach Garden Restaurant: Blissful Brides Editor’s Choice for Banquet Venue 2025
When it comes to hosting a wedding that combines exquisite cuisine with an elegant setting, few venues can rival
Peach Garden
Chinese Restaurant. This year, we’re proud to bestow our Editor's Choice Award for Banquet Venue on Peach Garden, recognising their unwavering commitment to excellence in every aspect of wedding hosting
🏆
💕
Read
here
for more
💌",https://t.me/blissfulbrides/1466
blissfulbrides,2025-04-23T01:03:35+00:00,[],"[""https://www.blissfulbrides.sg/package-detaile/2644/grand-ballroom-wedding-dinner-package-friday-and-sunday-until-april-2026""]",1465,,"Grand Ballroom Wedding Dinner Package (Friday and Sunday) until April 2026
by Singapore Marriott Tang Plaza Hotel
Start from $1888++
For more information
Here
!",https://t.me/blissfulbrides/1465
blissfulbrides,2025-04-22T01:05:25+00:00,[],"[""https://www.blissfulbrides.sg/9/hotels/detail/810/dusit-thani-laguna-singapore"", ""https://www.blissfulbrides.sg/articles/editor-s-choice-awards/dusit-thani-laguna-singapore-editor-s-choice-for-banquet-venue-2025""]",1464,,"Dusit Thani Laguna Singapore: Editor’s Choice for Banquet Venue 2025
At Blissful Brides, we are committed to recognising venues that redefine the art of celebration, turning wedding dreams into reality. This year,
Dusit Thani Laguna Singapore
has earned its place as one of our Editor’s Choice Award winners for 'Banquet Venue', and it’s no surprise why. From its idyllic location to its exceptional event spaces, this venue offers everything couples could wish for - to create a wedding that is nothing short of extraordinary
💖
💐
Read
here
for more!",https://t.me/blissfulbrides/1464
blissfulbrides,2025-04-20T01:00:41+00:00,[],"[""https://www.blissfulbrides.sg/9/hotels/detail/395/singapore-marriott-tang-plaza-hotel"", ""https://www.blissfulbrides.sg/articles/editor-s-choice-awards/singapore-marriott-tang-plaza-hotel-editor-s-choice-for-banquet-venue-of-the-year""]",1463,,"Singapore Marriott Tang Plaza Hotel: Editor's Choice for Banquet Venue of the Year
Let's be real. Finding a wedding venue that doesn't feel like a carbon copy of every other event space is tough. But
Singapore Marriott Tang Plaza Hotel
? It's the real deal — which is exactly why we've awarded them our Editor's Choice for Preferred Banquet Venue in 2024, and again for 2025
🏆
💍
But what exactly about this hotel deserves our continued recognition? Read
here
to find out more
✨
🥰",https://t.me/blissfulbrides/1463
blissfulbrides,2025-04-18T01:02:14+00:00,[],"[""https://www.blissfulbrides.sg/event-detail/1046/Eternal-Bliss-Wedding-Promotion-by-Changi-Cove""]",1462,,"Eternal Bliss Wedding Promotion by Changi Cove
Event Details
Organizer: Changi Cove Singapore
Promotion Period: 01 April - 30 June 2025
Enjoy exclusive perks with our Eternal Bliss Wedding Promotion — including an additional 1-night stay with breakfast, room upgrade, fairy light décor, and many more.
For more information or to RSVP
Here
!",https://t.me/blissfulbrides/1462
blissfulbrides,2025-04-16T01:02:21+00:00,[],"[""https://www.blissfulbrides.sg/9/hotels/detail/1127/psmc-clarke-quay"", ""https://www.blissfulbrides.sg/articles/wedding/paradox-singapore-merchant-court-an-elegantwedding-venue-to-celebrate-your-big-day""]",1461,,"Paradox Singapore Merchant Court: An ElegantWedding Venue To Celebrate Your Big Day
Weddings should be magical and memorable. That’s where
Paradox Singapore Merchant Court
comes in — effortlessly chic, brilliantly located, and refreshingly fuss-free. Whether you're after a grand affair or something a little more intimate, the team knows how to set the stage without any hassle and stress
💍
✨
Read
here
for more
💐",https://t.me/blissfulbrides/1461
blissfulbrides,2025-04-15T01:01:17+00:00,[],"[""https://www.blissfulbrides.sg/event-detail/1045/A-Twilight-Wedding-Affair-Returns-Novotel-Singapore-on-Stevens""]",1460,,"A Twilight Affair Returns @ Novotel Singapore on Stevens
Event Details
Organizer: Novotel Singapore on Stevens
Admission: Free
Event Date: 24 May 2025. 12:00 PM - 6:00 PM.
Step into a realm where dream weddings are destined to come true! Drift into a realm of enchantment with up to 15% off your total bill*, as ethereal wedding themes unfold to transform your love story into a timeless fairytale.
For more information or to RSVP
Here
!",https://t.me/blissfulbrides/1460
blissfulbrides,2025-04-13T01:00:53+00:00,[],"[""https://www.blissfulbrides.sg/2/bridal-boutiques/detail/1294/beattie-wedding"", ""https://www.blissfulbrides.sg/articles/wedding/beattie-wedding-singapore-a-story-woven-in-elegance""]",1459,,"Beattie Wedding Singapore: A Story Woven in Elegance
Finding the perfect wedding dress is more than just ticking a box — it’s about feeling like the best version of yourself.
Beattie Wedding
Singapore understands this better than most. Their boutique combines world-class bridal fashion with warm, personalised service, ensuring every bride walks away with a dress (and memories) to cherish
👗
✨
Read more
here
📖
💍",https://t.me/blissfulbrides/1459
blissfulbrides,2025-04-12T01:01:00+00:00,[],"[""https://www.blissfulbrides.sg/9/hotels/detail/777/novotel-singapore-on-stevens-"", ""https://www.blissfulbrides.sg/articles/editor-s-choice-awards/novotel-singapore-on-stevens-editor-s-choice-for-banquet-venue-2025""]",1458,,"Novotel Singapore on Stevens: Editor's Choice for Banquet Venue 2025
When it comes to wedding venues, few manage to strike the perfect balance between breathtaking design, seamless service, and unforgettable experiences.
Novotel Singapore on Stevens
, located near Orchard Road, is one such gem. For us at Blissful Brides, this remarkable hotel has redefined what it means to host a truly magical wedding — and that’s why we’ve awarded Novotel Singapore on Stevens our Editor’s Choice award for Banquet Venues
💍
🏆
Read more
here
✨",https://t.me/blissfulbrides/1458
blissfulbrides,2025-04-11T01:02:41+00:00,[],"[""https://www.blissfulbrides.sg/event-detail/1041/-Whimsical-Wonderland-a-Wedding-Workshop""]",1457,,"‘Whimsical Wonderland’ Wedding Workshop by Paradox Singapore Merchant Court
Event Details
Organizer: Paradox Singapore Merchant Court
Admission: Complimentary
Event Date: 26 Apr, Sat. 11:00 AM – 5:00 PM.
Step into a world of refined elegance and bespoke celebrations at Paradox Singapore Merchant Court. Our magnificently refurbished, pillar-less grand ballroom – framed by breathtaking river views and enhanced with state-of-the-art visual technology – sets the perfect stage for the most important day of your life.
For more information or to RSVP
Here
!",https://t.me/blissfulbrides/1457
blissfulbrides,2025-04-10T01:01:27+00:00,[],"[""https://www.blissfulbrides.sg/event-detail/1044/Simply-Yours-Celebrations-Wedding-Workshop-at-PARKROYAL-on-Beach-Road""]",1456,,"Simply Yours Celebrations Wedding Workshop at PARKROYAL on Beach Road
Event Details
Organizer: PARKROYAL on Beach Road
Admission: Free
Event Date: 12 & 13 April 2025. 11.00am to 6.00pm.
Begin your forever and knot with savings at PARKROYAL on Beach Road. From elegant solemnisations to grand celebrations, let our wedding specialists tailor the perfect day just for you.
For more information or to RSVP
Here
!",https://t.me/blissfulbrides/1456
blissfulbrides,2025-04-09T01:03:17+00:00,[],"[""https://www.blissfulbrides.sg/event-detail/1036/Exceptional-Weddings-at-Mandarin-Oriental-Singapore""]",1455,,"Exceptional Weddings at Mandarin Oriental, Singapore
Event Details
Organizer: Mandarin Oriental, Singapore
Admission: Complimentary (Strictly by appointment only)
Event Date: 26 Apr, Sat. 11:00am - 6:00pm
Dress Code: Smart Casual
Enjoy exclusive on-day perks with attractive savings of up to SGD 8,888 upon confirmation of your big day with us during the showcase.
For more information or to RSVP
Here
!",https://t.me/blissfulbrides/1455
blissfulbrides,2025-04-08T01:03:04+00:00,[],"[""https://www.blissfulbrides.sg/event-detail/1043/-1-For-1-Wedding-Band-Event-Vivo-City-""]",1454,,"💍
1-For-1 Wedding Band Event @ Vivo City!
💕
Say ""I DO"" to 1-for-1 rings. Plus 1st 50 customers get extra $70 off with Atome!
✨
1-for-1 wedding bands (from $399/pc)
✨
½ carat diamond rings from $1,299
✨
50% off solitaire diamonds
✨
20% + 10% off gold workmanship
✨
KOSÉ SEKKISEI 4-Piece Deluxe Gift Set with every purchase
✨
In-store activities, limited to first come first serve: Tarot Reading (12 Apr) and Caricature (13 Apr)
🗓️
11 - 13 Apr 2025
📍
Love & Co. Vivo City, #01-125-126
For more information or to RSVP
Here
!",https://t.me/blissfulbrides/1454
blissfulbrides,2025-04-07T01:00:00+00:00,[],"[""https://www.blissfulbrides.sg/package-detaile/2637/solemnisation-buffet-package""]",1453,,"Solemnisation Buffet Package
by Village Hotel Changi
Start from $133++
For more information
Here
!",https://t.me/blissfulbrides/1453
blissfulbrides,2025-04-06T01:04:07+00:00,[],"[""https://www.blissfulbrides.sg/event-detail/1038/-EXCLUSIVE-WEDDING-OFFER-W-Singapore---Wedding-Online-April-promotion""]",1452,,"[Exclusive Wedding Offer] A Wedding Beyond Extraordinary at W Singapore – Sentosa Cove
Event Details
Organizer: W Singapore - Sentosa Cove
Promotion Period: 01 April - 30 April 2025
Lock in your dream wedding with us by 30 April 2025 and enjoy up to $10,000 in savings—plus, a complimentary Giant LED Screen (for events in Great Room only) to light up your love story in style.
For more information or to RSVP
Here
!",https://t.me/blissfulbrides/1452
blissfulbrides,2025-04-04T01:04:57+00:00,[],"[""https://www.blissfulbrides.sg/23/wedding-musicians/detail/1305/the-sound-origin"", ""https://www.blissfulbrides.sg/articles/wedding/the-sound-of-your-love-story-the-sound-origin""]",1450,,"The Sound of Your Love Story: The Sound Origin
Some moments in life deserve more than just a playlist. If you’re looking for an all-in-one solution to everything audio-related for your special day, including but not limited to songwriting, music production, technical set-up, and even live music, then
The Sound Origin
has you covered. With their all-rounded musical expertise, The Sound Origin is guaranteed to create experiences that resonate with couples and guests alike
💕
🎶
Read more
here
🎧
✨",https://t.me/blissfulbrides/1450
blissfulbrides,2025-04-03T00:59:51+00:00,[],"[""https://www.blissfulbrides.sg/9/hotels/detail/54/grand-copthorne-waterfront-hotel"", ""https://www.blissfulbrides.sg/articles/editor-s-choice-awards/grand-copthorne-waterfront-hotel-singapore-editor-s-choice-for-banquet-venue-of-the-year""]",1449,,"Grand Copthorne Waterfront Hotel Singapore: Editor's Choice for Banquet Venue of the Year
A wedding venue should be more than just a backdrop — it should set the stage for a celebration that feels as grand as the love it honours. That’s why
Grand Copthorne Waterfront Hotel Singapore
isn’t just another event space; it’s an experience. This year, it joins our exclusive list of Editor’s Choice Award winners for Banquet Venue, and it’s not hard to see why
🏆
💖
Read
here
for more
📖
✨",https://t.me/blissfulbrides/1449
blissfulbrides,2025-04-02T00:59:50+00:00,[],"[""https://blissfulbrides.sg/public/e-mag/BlissfulBrides-E-Magazine/Blissful-Brides-Issue-42/""]",1448,,"💍
Planning your dream wedding? Get inspired with
Blissful Brides Issue 42
! From trending bridal gowns to venue picks and real couple stories – this issue is your ultimate guide to saying “I do” in style.
✨
Flip through it now and bring your vision to life!
📖
https://blissfulbrides.sg/public/e-mag/BlissfulBrides-E-Magazine/Blissful-Brides-Issue-42/",https://t.me/blissfulbrides/1448
blissfulbrides,2025-04-01T01:01:18+00:00,[],"[""https://www.blissfulbrides.sg/event-detail/1026/-Ongoing-Promotion-Japan-Destination-Prewedding-Shoot""]",1447,,"[Ongoing Promotion] Japan Destination Prewedding Shoot
Event Details
Organizer: Mr Bombastic Production
Event Date: 1st April - 16th April
Dreaming of a destination prewedding shoot?
✈️
For just $1200, capture your love story in the breathtaking landscapes of Japan!
🇯🇵
Don’t miss this amazing opportunity to create memories that last a lifetime
💍
🎥
For more information or to RSVP
Here
!",https://t.me/blissfulbrides/1447
blissfulbrides,2025-03-31T01:04:31+00:00,[],"[""https://www.blissfulbrides.sg/1/beauty-wellness/detail/1262/beauty-planet"", ""https://www.blissfulbrides.sg/articles/wedding/beauty-planet-skincare-smart-devices-for-maximum-results""]",1446,,"Beauty Planet: Skincare Smart Devices for Maximum Results
Great skin shouldn’t be reserved for salon visits and extravagant spa days.
Beauty Planet
is here to change the game with cutting-edge, home-based devices that deliver almost instant results — perfect for those prepping for their big day or simply looking to elevate their skincare routine without stepping outside
🌟
🧖‍♀️
Intrigued? Read
here
for more
✨",https://t.me/blissfulbrides/1446
blissfulbrides,2025-03-30T01:03:04+00:00,[],"[""https://www.blissfulbrides.sg/event-detail/1037/Serenade-of-Love-Wedding-Showcase-2025""]",1445,,"Serenade of Love Wedding Showcase 2025
Event Details
Organizer: York Hotel Singapore
Admission: Strictly via appointment only
Event Date: Saturday, 17 May, 2025. 1 p.m. to 6 p.m.
At York Hotel Singapore, a memorable celebration begins with us.
Join us on 17 May 2025 for our
exclusive one-day Wedding Showcase, ""Serenade of Love""
, designed to help couples envision their dream wedding amidst the charm of our romantic venues.
For more information or to RSVP
Here
!",https://t.me/blissfulbrides/1445
blissfulbrides,2025-03-29T01:05:12+00:00,[],"[""https://www.blissfulbrides.sg/event-detail/1035/Above-the-Clouds-by-Pan-Pacific-Orchard""]",1444,,"Above the Clouds by Pan Pacific Orchard
Event Details
Organizer: Pan Pacific Singapore
Admission: Free
Event Date: 13 Apr, Sun. 11:00 AM – 5:00 PM
Love takes you to new heights. Step ABOVE THE CLOUDS, where romance meets the endless sky.
For more information or to RSVP
Here
!",https://t.me/blissfulbrides/1444
blissfulbrides,2025-03-28T01:04:06+00:00,[],"[""https://www.blissfulbrides.sg/9/hotels/detail/306/mount-faber-peak"", ""https://www.blissfulbrides.sg/articles/wedding/mount-faber-peak-editor-s-choice-for-preferred-banquet-venue-2025""]",1443,,"Mount Faber Peak: Editor's Choice for Preferred Banquet Venue 2025
When it comes to wedding venues that truly elevate the experience — literally and figuratively —
Mount Faber Peak
stands in a league of its own.  With panoramic views that stretch over the harbour and Sentosa Island, this hilltop haven is a dream come true for couples seeking a wedding venue that feels both unique and intimate. Blissful Brides is proud to honour Mount Faber Peak with our coveted Editor’s Choice Award for Preferred Banquet Venue, and here’s why it deserves a place on your shortlist
📖
✨
Read more
here
💌
💕",https://t.me/blissfulbrides/1443
blissfulbrides,2025-03-27T01:04:37+00:00,[],"[""https://www.blissfulbrides.sg/event-detail/1034/Sanctuary-of-Love-Wedding-Show""]",1442,,"Sanctuary of Love Wedding Show
Event Details
Organizer: Amara Sanctuary Resort Sentosa
Admission: Complimentary
Event Date: 12 Apr, Sat. 12:00 PM – 6:00 PM
Surrounded by the lush greenery of Sentosa Island, Amara Sanctuary Sentosa is a serene and romantic setting for your dream wedding. Exchange vows and celebrate your intimate wedding in our enchanting Glass Pavilion—an air-conditioned garden venue that blends elegance with nature.
For more information or to RSVP
Here
!",https://t.me/blissfulbrides/1442
blissfulbrides,2025-03-26T01:00:20+00:00,[],"[""https://www.blissfulbrides.sg/event-detail/1033/Celebrate-Love-with-Exclusive-Savings-Limited-Time-Wedding-Promotion-at-Carlton-Hotel-Singapore""]",1441,,"Celebrate Love with Exclusive Savings – Limited-Time Wedding Promotion at Carlton Hotel Singapore
Event Details
Organizer: Carlton Hotel Singapore
Promotion Period: 1 April to 20 May 2025
Celebrate your love story in our elegant ballrooms, complemented by exquisite menus from the award-winning Wah Lok Cantonese Restaurant.
For more information or to RSVP
Here
!",https://t.me/blissfulbrides/1441
blissfulbrides,2025-03-25T01:00:00+00:00,[],"[""https://www.blissfulbrides.sg/9/hotels/detail/53/copthorne-kings-hotel"", ""https://www.blissfulbrides.sg/articles/wedding/copthorne-king-s-hotel-singapore-a-blend-of-timeless-elegance-and-personality""]",1440,,"Copthorne King’s Hotel Singapore: A Blend of Timeless Elegance and Personality
When it comes to planning a wedding that marries impeccable service, exquisite cuisine, and enchanting decor,
Copthorne King’s Hotel Singapore
is an outstanding choice. Located along Havelock Road, this hotel combines convenience, sophistication, and heartfelt hospitality to make your special day unforgettable
💖
🌟
Read more
here
!",https://t.me/blissfulbrides/1440
blissfulbrides,2025-03-24T01:03:45+00:00,[],"[""https://www.blissfulbrides.sg/event-detail/1031/CHIJMES-Wedding-Experience-2025""]",1439,,"CHIJMES Wedding Experience 2025
Event Details
Organizer: Watabe Singapore
Admission: Free
Event Date: 13 April 2025. 10:00 AM – 6:00 PM.
Watabe Singapore is delighted to present the CHIJMES Wedding Experience 2025, along with the opening of new wedding dates extending through December 2026!
For more information or to RSVP
Here
!",https://t.me/blissfulbrides/1439
blissfulbrides,2025-03-23T01:00:20+00:00,[],"[""https://www.blissfulbrides.sg/2/bridal-boutiques/detail/1169/z-wedding"", ""https://www.blissfulbrides.sg/articles/wedding/z-wedding-your-dream-wedding-made-real""]",1438,,"Z Wedding: Your Dream Wedding, Made Real
Weddings are magical, but planning them? Not always. Enter Z Wedding, Singapore’s premier bridal studio, where every detail of your big day is handled with precision, passion, and flair. Say goodbye to vendor juggling and hello to seamless coordination. With
Z Wedding
, everything you need is under one roof: suits, designer gowns, makeup artistry, and photography and videography services
💍
👗
Curious? Read
here
for more
📖
✨",https://t.me/blissfulbrides/1438
blissfulbrides,2025-03-21T01:00:00+00:00,[],"[""https://www.blissfulbrides.sg/package-detaile/2625/weddings-nova""]",1437,,"Weddings Nova
by Winestone - Mercure Singapore on Stevens
Start from $3988++
For more information
Here
!",https://t.me/blissfulbrides/1437
blissfulbrides,2025-03-20T01:03:28+00:00,[],"[""https://www.blissfulbrides.sg/9/hotels/detail/1211/ido-singapore-whotels-com"", ""https://www.blissfulbrides.sg/articles/editor-s-choice-awards/w-singapore-sentosa-cove-editor-s-choice-for-banquet-venue-of-the-year""]",1436,,"W Singapore - Sentosa Cove: Editor's Choice for Banquet Venue of the Year
When we at Blissful Brides choose an Editor's Choice Award nominee, we're not just ticking boxes. We're celebrating a space that completely rewrites the wedding venue rulebook — and this year,
W Singapore - Sentosa Cove
is that game-changer for the category of 'Banquet Venue'
✨
🏆
Read
here
to find out more
💞",https://t.me/blissfulbrides/1436
blissfulbrides,2025-03-19T01:03:20+00:00,[],"[""https://www.blissfulbrides.sg/package-detaile/2635/impian-wedding-package""]",1435,,"Impian Wedding Package
by Village Hotel Changi
Start from $15,500++
For more information
Here
!",https://t.me/blissfulbrides/1435
blissfulbrides,2025-03-18T01:04:20+00:00,[],"[""https://www.blissfulbrides.sg/9/hotels/detail/1170/grand-park-city-hall"", ""https://www.blissfulbrides.sg/articles/wedding/sky-high-vows-celebrate-your-special-day-at-grand-park-city-hall""]",1434,,"Sky High Vows: Celebrate Your Special Day at Grand Park City Hall
Have you heard? Couples who desire atypical or unique wedding spots are turning their gaze skyward — specifically to the rooftop of
Grand Park City Hall
. Here, among wrought iron domes and gentle fountains, urban weddings take on an unexpected botanical twist. It's where ""I do"" comes with a view and wedding stress checks out before you do.
For those who believe marriage should start on a high note, this skyward sanctuary might just be your match made in heaven — or at least, several stories closer to it.
Read
here
for more!",https://t.me/blissfulbrides/1434
blissfulbrides,2025-03-17T01:02:06+00:00,[],"[""https://www.blissfulbrides.sg/event-detail/1030/Garden-of-Love-Where-Romance-Blooms-in-Nature-s-Embrace""]",1433,,"Garden of Love: Where Romance Blooms in Nature’s Embrace
Event Details
Organizer: PARKROYAL COLLECTION Marina Bay, Singapore
Admission: Free
Event Date: Sunday, 13 April 2025. 11:00 AM – 6:00 PM
Step into a world of enchantment and say ""I do"" in 2025 at PARKROYAL COLLECTION Marina Bay, Singapore’s first Garden-in-a-Hotel. Begin your journey with us at the
Inspiringly Yours Celebrations Wedding Showcase
on
Sunday, 13 April 2025
, where exclusive wedding perks and enchanting possibilities await.
For more information or to RSVP
Here
!",https://t.me/blissfulbrides/1433
blissfulbrides,2025-03-16T01:01:08+00:00,[],"[""https://www.blissfulbrides.sg/9/hotels/detail/513/hotel-jen-tanglin-singapore"", ""https://www.blissfulbrides.sg/articles/wedding/jen-singapore-tanglin-by-shangri-la-where-dreams-turn-into-wedding-day-reality""]",1432,,"JEN Singapore Tanglin by Shangri-La: Where Dreams Turn into Wedding Day Reality
A wedding venue sets the stage for one of the most important days of your life, and
JEN Singapore Tanglin by Shangri-La
delivers on every front. Combining contemporary style with timeless charm, this venue offers couples a modern yet warm space to celebrate their union. Here, every detail is designed to honour your unique vision and bring your dream day to life
💍
✨
How so? Read
here
for more!",https://t.me/blissfulbrides/1432
blissfulbrides,2025-03-15T01:02:31+00:00,[],"[""https://www.blissfulbrides.sg/event-detail/1025/March-Into-Love-Changi-Cove""]",1431,,"March Into Love @ Changi Cove
Event Details
Organizer: Changi Cove
Admission: Free
Event Date: 29 Mar, Sat. 12:00 PM – 5:00 PM
Enjoy exclusive perks like savings of up to $6,800 nett when you sign up during our wedding show, one table off with a minimum booking of 13 tables (10 persons each), complimentary room stays, free-flow beer, and more!
For more information or to RSVP
Here
!",https://t.me/blissfulbrides/1431
blissfulbrides,2025-03-14T01:02:57+00:00,[],"[""https://www.blissfulbrides.sg/package-detaile/2615/2025-lunch-package-wedding""]",1429,,"2025 Lunch Package Wedding
by The Westin Singapore
Start from $1888++
For more information
Here
!",https://t.me/blissfulbrides/1429
blissfulbrides,2025-03-13T01:03:53+00:00,[],"[""https://www.blissfulbrides.sg/event-detail/1028/Turning-Love-Stories-Into-Timeless-Memories""]",1428,,"Turning Love Stories Into Timeless Memories
Event Details
Organizer: Four Points by Sheraton Singapore
Event Date: 29 March 2025. 11 AM - 4 PM.
Join us at our in-house wedding show, the ultimate one-stop destination for couples seeking the perfect venue for their special day. At Four Points Singapore, we believe every wedding should be as unique as the couple it celebrates, and we’re here to make that dream a reality.
For more information or to RSVP
Here
!",https://t.me/blissfulbrides/1428
blissfulbrides,2025-03-12T01:02:04+00:00,[],"[""https://www.blissfulbrides.sg/18/wedding-venues/detail/958/ywca-fort-canning"", ""https://www.blissfulbrides.sg/articles/wedding/ywca-fort-canning-where-love-meets-legacy""]",1427,,"YWCA Fort Canning: Where Love Meets Legacy
In the bustling heart of Singapore, nestled between the verdant Fort Canning Park and the vibrant Orchard Road, lies a wedding venue that is no ordinary.
YWCA Fort Canning
isn't just another picturesque location to say ""I do"". Here, you’re stepping into a legacy of community service that spans over a century and a half — and here’s why
💍
🌿
Read more
here
✨",https://t.me/blissfulbrides/1427
blissfulbrides,2025-03-11T01:00:36+00:00,[],"[""https://www.blissfulbrides.sg/package-detaile/2610/ceremony-package""]",1426,,"Ceremony Package
by Meliá Ho Tram Beach Resort
Start from VND 45,000,000++
For more information
Here
!",https://t.me/blissfulbrides/1426
blissfulbrides,2025-03-10T02:04:59+00:00,[],"[""https://www.blissfulbrides.sg/detail/1301/blinkbeauties"", ""https://www.blissfulbrides.sg/articles/beauty-wellness/blinkbeauties-unveils-exclusive-wedding-wellness-packages""]",1425,,"Blinkbeauties Unveils Exclusive Wedding Wellness Packages
When brides start preparing for their wedding, they often face a maze of beauty treatments and wellness promises.
Blinkbeauties
cuts through the noise with a straightforward mission: deliver real, tangible results that actually make a difference. Their approach is refreshingly honest – no smoke and mirrors, just proven treatments that work
💆‍♀️
✨
Read more
here
💖",https://t.me/blissfulbrides/1425
blissfulbrides,2025-03-09T13:01:17+00:00,[],"[""https://bows.sg/"", ""https://bows.sg/""]",1424,,"Celebrate and pop that champagne as you get ready for an unforgettable wedding planning journey!
🍾
Join us at ""Allure of Love""—the Blissful One-Stop Wedding Show (BOWS), where you’ll experience seamless wedding planning with over 70 top wedding vendors.
Stand a chance to win back all your spending, enjoy exciting lucky draw prizes, and head home with your wedding checklist all checked off—and enjoy a free goodie bag with exclusive goodies!
🎁
Mark your calendars for 12 & 13 April at Marina Bay Sands Convention Centre, Hall C
🌹
RSVP now
and make your dream wedding come true!
✨
💍
𝐄𝐯𝐞𝐧𝐭 𝐃𝐞𝐭𝐚𝐢𝐥𝐬
📅
12th & 13th April, 2025
🕙
12pm - 9pm
📍
Marina Bay Sands Convention Centre Level 1, Hall C
🔗
RSVP Today
Here
!
𝐀 𝐒𝐩𝐞𝐜𝐢𝐚𝐥 𝐌𝐞𝐧𝐭𝐢𝐨𝐧 𝐓𝐨:
Bridal & Groom Attire:
@artizstudio
.sg
Floral Decoration:
@theinteriorcollections
Photography:
@60secondsphotography
Makeup Artist:
@alena_makeupsg
Jeweller:
@aluxe_sg
Venue:
@thealkaffmansion
Pet Apparel:
@konanmoko
Bride: Mia Jiang
Groom: Joel Ong",https://t.me/blissfulbrides/1424
blissfulbrides,2025-03-09T01:04:15+00:00,[],"[""https://www.blissfulbrides.sg/package-detaile/2607/celebrations-wedding-chinese-weekend-dinner-2026""]",1423,,"Celebrations Wedding Chinese Weekend Dinner 2026
by PARKROYAL COLLECTION Marina Bay, Singapore
Start from $228.80++
For more information
Here
!",https://t.me/blissfulbrides/1423
blissfulbrides,2025-03-08T13:05:02+00:00,[],"[""https://bows.sg/"", ""https://bows.sg/""]",1422,,"In celebration of the wedding planning journey of your dreams, we proudly unveil ""Allure of Love""—the Blissful One-Stop Wedding Show (BOWS)!
✨
Specially curated for soon-to-be-wed couples, this event promises an unforgettable experience with our $50,000 cash rebate pool, exciting prizes, a wide range of top vendors, and exclusive perks to help you create a wedding celebration that’s uniquely yours.
💍
RSVP now
and join us to celebrate love with a heart full of joy, one step closer to unveiling the wedding of your dreams!
🌹
𝐄𝐯𝐞𝐧𝐭 𝐃𝐞𝐭𝐚𝐢𝐥𝐬
📅
12th & 13th April, 2025
🕙
12pm - 9pm
📍
Marina Bay Sands Convention Centre Level 1, Hall C
🔗
RSVP Today
Here
!
𝐀 𝐒𝐩𝐞𝐜𝐢𝐚𝐥 𝐌𝐞𝐧𝐭𝐢𝐨𝐧 𝐓𝐨:
Bridal & Groom Attire:
@artizstudio
.sg
Floral Decoration:
@theinteriorcollections
Photography:
@60secondsphotography
Makeup Artist:
@alena_makeupsg
Jeweller:
@aluxe_sg
Venue:
@thealkaffmansion
Pet Apparel:
@konanmoko
Bride: Mia Jiang
Groom: Joel Ong",https://t.me/blissfulbrides/1422
blissfulbrides,2025-03-08T01:00:00+00:00,[],"[""https://www.blissfulbrides.sg/9/hotels/detail/1282/york-hotel"", ""https://www.blissfulbrides.sg/articles/wedding/york-hotel-singapore-your-perfect-wedding-haven-in-the-heart-of-the-city""]",1421,,"York Hotel Singapore: Your Perfect Wedding Haven in the Heart of the City
Imagine a place where the excitement of urban life gently fades into the background, replaced by an atmosphere of romance and celebration. This is
York Hotel Singapore
— a surreal sanctuary where love takes center stage, offering a perfect blend of convenience and charm, and creating the ideal backdrop for your special day
✨
💖
Read
here
to learn more
💍
📖",https://t.me/blissfulbrides/1421
blissfulbrides,2025-03-07T01:02:31+00:00,[],"[""https://www.blissfulbrides.sg/event-detail/1027/-Ongoing-Promotion-Melbourne-Destination-Prewedding-Shoot""]",1420,,"[Ongoing Promotion] Melbourne Destination Prewedding Shoot
Event Details
Organizer: Mr Bombastic Production
Event Date: 8th March - 23rd March
Dreaming of a destination prewedding shoot?
✈️
For just $1200, capture your love story in the breathtaking landscapes of Melbourne!
🇦🇺
Don’t miss this amazing opportunity to create memories that last a lifetime
💍
🎥
For more information or to RSVP
Here
!",https://t.me/blissfulbrides/1420
blissfulbrides,2025-03-06T01:01:23+00:00,[],"[""https://www.blissfulbrides.sg/event-detail/1023/Once-Millennium-Wedding-Showcase""]",1419,,"Once Millennium Wedding Showcase
Event Details
Organizer: Orchard Hotel Singapore
Admission: Free
Event Date: Sunday 16 March 2025 | 11.00am to 4pm.
Experience an unforgettable day as you indulge in a
complimentary tasting
of exquisite wedding dishes, specially curated by the award-winning
Hua Ting Restaurant
.
For more information or to RSVP
Here
!",https://t.me/blissfulbrides/1419
blissfulbrides,2025-03-05T01:01:59+00:00,[],"[""https://www.blissfulbrides.sg/9/hotels/detail/53/copthorne-kings-hotel"", ""https://www.blissfulbrides.sg/articles/wedding/copthorne-king-s-hotel-singapore-blissful-brides-editor-s-choice-award-for-banquet-venue""]",1418,,"Copthorne King’s Hotel Singapore: Blissful Brides Editor’s Choice Award for Banquet Venue
Discover why
Copthorne King’s Hotel Singapore
won Blissful Brides' Editor’s Choice Award for Banquet Venue. From award-winning cuisine to impeccable service, this venue offers everything for your dream wedding
💖
✨
Read more
here
💌",https://t.me/blissfulbrides/1418
blissfulbrides,2025-03-04T01:04:00+00:00,[],"[""https://www.blissfulbrides.sg/package-detaile/2616/2025-weekday-dinner-package-wedding""]",1416,,"2025 Weekday Dinner Package Wedding
by The Westin Singapore
Start from $1788++
For more information
Here
!",https://t.me/blissfulbrides/1416
blissfulbrides,2025-03-03T01:00:00+00:00,[],"[""https://www.blissfulbrides.sg/6/florists-stylists/detail/487/the-interior-collections"", ""https://www.blissfulbrides.sg/articles/wedding/the-interior-collections-crafting-affordable-luxury-for-your-wedding-day""]",1415,,"The Interior Collections: Crafting Affordable Luxury for Your Wedding Day
In the bustling world of wedding planning, one name has proven itself time and time again through its commitment to elegance, creativity, and budget-friendly solutions:
The Interior Collections
. Their philosophy is simple yet powerful — impeccable taste and boundless creativity can transform any wedding into a splendid affair, regardless of budget constraints
💐
💫
Read more
here
✨",https://t.me/blissfulbrides/1415
blissfulbrides,2025-03-02T01:05:08+00:00,[],"[""https://www.blissfulbrides.sg/event-detail/1024/Simply-Yours-Celebrations-Botanical-Love""]",1414,,"Simply Yours Celebrations – Botanical Love
Event Details
Organizer: PARKROYAL on Beach Road
Event Date: 22 March 2025
Experience the beautifully styled venue, meet expert wedding planners, and connect with exclusive vendors—plus, enjoy incredible savings of up to $11,888! As a special treat, confirmed couples will stand the chance to win a 20% discount off their total banquet bill, adding an extra touch of magic to your celebration.
For more information or to RSVP
Here
!",https://t.me/blissfulbrides/1414
blissfulbrides,2025-03-01T01:01:52+00:00,[],"[""https://www.blissfulbrides.sg/articles/wedding/a-spectacular-wedding-showcase-at-voco-orchard-singapore-an-ihg-hotel""]",1413,,"A Spectacular Wedding Showcase at voco Orchard Singapore, an IHG Hotel
voco Orchard Singapore announces its
'Halo of Love' wedding showcase
, set for
Sunday, 9 March 2025
. Located in Singapore's premier shopping district, this luxury hotel transforms its Grand Ballroom into a wedding wonderland from
10am to 5pm
, offering couples a glimpse into their perfect celebration.
Read more
here
💕",https://t.me/blissfulbrides/1413
blissfulbrides,2025-02-28T01:02:44+00:00,[],"[""https://events.blissfulbrides.sg/the-robertson-house-wedding-showcase-march-2025/""]",1412,,"The Robertson House by The Crest Collection Presents “A Storied Celebration by the Quayside“ Wedding Showcase
✨
Your love story deserves a setting as unique as you are, and The Robertson House is here to make it unforgettable.
💍
✨
What to Expect:
🍽
Complimentary gourmet tasting of our banquet menu
🎨
Beautifully curated wedding themes to spark your imagination
🤝
Direct consultations with wedding service providers
🎁
Exclusive event-day perks and exciting lucky draw prizes
💌
RSVP now
🔗
https://events.blissfulbrides.sg/the-robertson-house-wedding-showcase-march-2025/
to secure your spot! Don’t miss this chance to create a celebration as timeless as your love story
📅
Date: Saturday, 8 March 2025
⏰
Time: 10 AM - 5 PM
📍
Venue: The Robertson House by The Crest Collection, Robertson 4, 1 Unity St, Singapore 237983",https://t.me/blissfulbrides/1412
blissfulbrides,2025-02-27T01:00:07+00:00,[],"[""https://www.blissfulbrides.sg/package-detaile/2632/enamoured-ever-after-package""]",1411,,"Enamoured Ever After package
by Village Hotel Changi
Start from $118++
For more information
Here
!",https://t.me/blissfulbrides/1411
blissfulbrides,2025-02-26T01:01:45+00:00,[],"[""https://www.blissfulbrides.sg/package-detaile/2611/wedding-package-ban-heng-group-of-restaurants""]",1410,,"Wedding Package Ban Heng Group of Restaurants
by Ban Heng Restaurant @ Orchid Country Club
Start from $638++
For more information
Here
!",https://t.me/blissfulbrides/1410
blissfulbrides,2025-02-25T01:02:16+00:00,[],"[""https://www.blissfulbrides.sg/2/bridal-boutiques/detail/11/cangai-wedding"", ""https://www.blissfulbrides.sg/articles/wedding/cang-ai-bridal-singapore-crafting-timeless-love-stories-across-borders""]",1409,,"Cang Ai Bridal Singapore: Crafting Timeless Love Stories Across Borders
At
Cang Ai Bridal
, their journey began over 30 years ago in Taiwan with flagship boutiques in Taipei and Kaohsiung. With a commitment to excellence, they have helped countless couples turn their wedding dreams into reality. Nearly 20 years ago, they expanded their passion to Singapore, bringing their rich heritage and artistry to new brides
💍
✨
Read more
here
💌
📜",https://t.me/blissfulbrides/1409
blissfulbrides,2025-02-24T01:02:23+00:00,[],"[""https://www.blissfulbrides.sg/package-detaile/2614/the-ballroom""]",1408,,"The Ballroom
by Mount Faber Peak
Start from $128++
For more information
Here
!",https://t.me/blissfulbrides/1408
blissfulbrides,2025-02-23T01:03:46+00:00,[],"[""https://www.blissfulbrides.sg/package-detaile/2624/weddings-galactical""]",1407,,"Weddings Galactical
by Winestone - Mercure Singapore on Stevens
Start from $4988++
For more information
Here
!",https://t.me/blissfulbrides/1407
blissfulbrides,2025-02-22T01:02:17+00:00,[],"[""https://www.blissfulbrides.sg/package-detaile/2617/2025-weekend-dinner-package-wedding""]",1405,,"2025 Weekend Dinner Package Wedding
by The Westin Singapore
Start from $1988++
For more information
Here
!",https://t.me/blissfulbrides/1405
blissfulbrides,2025-02-21T01:04:56+00:00,[],"[""https://www.blissfulbrides.sg/9/hotels/detail/500/concorde-hotel-singapore"", ""https://www.blissfulbrides.sg/articles/wedding/a-timeless-romance-your-dream-wedding-at-concorde-hotel-singapore""]",1404,,"A Timeless Romance: Your Dream Wedding at Concorde Hotel Singapore
Love stories deserve an extraordinary stage, and
Concorde Hotel Singapore
delivers precisely that. Rising gracefully along the prestigious Orchard Road, this sophisticated venue has established itself as one of Singapore's premier wedding destinations.
Read more
here
💕",https://t.me/blissfulbrides/1404
blissfulbrides,2025-02-20T01:02:26+00:00,[],"[""https://www.blissfulbrides.sg/package-detaile/2623/weddings-constellation""]",1403,,"Weddings Constellation
by Winestone - Mercure Singapore on Stevens
Start from $5988++
For more information
Here
!",https://t.me/blissfulbrides/1403
blissfulbrides,2025-02-19T01:04:16+00:00,[],"[""https://www.blissfulbrides.sg/event-detail/1021/Halo-of-Love-A-voco-Orchard-Singapore-Wedding-Showcase""]",1402,,"Halo of Love – A voco Orchard Singapore Wedding Showcase
Event Details
Organizer: voco Orchard Singapore
Admission: By appointment only
Event Date: Sunday, 9 March 2025. 10am to 5pm
Every love story deserves a stunning beginning, and at voco Orchard Singapore, we create moments as beautiful as your journey together.
For more information or to RSVP
Here
!",https://t.me/blissfulbrides/1402
blissfulbrides,2025-02-18T01:01:05+00:00,[],"[""https://www.blissfulbrides.sg/package-detaile/2613/arbora""]",1401,,"Arbora
by Mount Faber Peak
Start from $208++
For more information
Here
!",https://t.me/blissfulbrides/1401
blissfulbrides,2025-02-17T01:05:08+00:00,[],"[""https://bit.ly/3WN5e5m""]",1400,,"Get wedding-ready or simply look your best with our 8-step Meridian Hair Growth Treatment—now only $50 (U.P. $724)!
✨
8-step treatment includes:
✔
Scalp Mask – Deep cleanse
✔
Customized Scalp Essence – Nourishment
✔
Meridian Hair Wash & Massage – Circulation boost
✔
Medi Air Jet – Enhances nutrient absorption
Blending TCM-inspired massage, premium Chinese herbs, and modern tech, this treatment rejuvenates your scalp and promotes natural hair growth.
🎁
Limited-time bonuses: Free Herbal Plus Anti-Hair Loss Lotion ($108 value) & $10 Starbucks Card
Prepay $50 & get a FREE Wooden Brush ($27.14 value)
📍
Book now to transform your hair! Sign up at
https://bit.ly/3WN5e5m
or WhatsApp
9-640-5730
with
Blissbrides
and your
name
to enjoy this promotion.",https://t.me/blissfulbrides/1400
blissfulbrides,2025-02-16T01:03:58+00:00,[],"[""https://www.blissfulbrides.sg/event-detail/1017/Exquisitely-Yours---The-St-Regis-Singapore-s-Wedding-Atelier""]",1399,,"Exquisitely Yours - The St. Regis Singapore’s Wedding Atelier
Event Details
Organizer: The St. Regis Singapore
Admission: Complimentary and by Appointment only.
Event Date: 23 Feb, Sun. 10:30 AM – 5:00 PM.
You are invited to the city’s most eminent address for The St. Regis Singapore’s Wedding Atelier - Exquisitely Yours.
For more information or to RSVP
Here
!",https://t.me/blissfulbrides/1399
blissfulbrides,2025-02-15T01:04:38+00:00,[],"[""https://www.blissfulbrides.sg/event-detail/1015/Romance-Beyond-Wedding-Showcase""]",1398,,"Romance & Beyond Wedding Showcase
Event Details
Organizer: InterContinental
®
Singapore
Admission: Free.
Event Date: Saturday, 1 March 2025. Grand Ballroom, Level 2.
Join us on
1 March 2025
, where love blooms and dreams unfold at our
Romance & Beyond Wedding Showcase
—a curated celebration of elegance, passion, and incredible moments. Be among the first to discover our
2026 wedding packages
, thoughtfully designed to inspire and elevate your special day with bespoke touches and timeless sophistication.
For more information or to RSVP
Here
!",https://t.me/blissfulbrides/1398
blissfulbrides,2025-02-14T01:01:17+00:00,[],"[""https://www.blissfulbrides.sg/event-detail/1016/Memories-Beyond-Imagination-Wedding-Showcase""]",1397,,"Memories, Beyond Imagination Wedding Showcase
Event Details
Organizer: JW Marriott Singapore South Beach
Admission: Complimentary
Event Date: 9 Mar, Sun. 11:00 AM – 6:00 PM.
Plan your 2025 and 2026 celebrations with exclusive privileges highlighted by Free Flow Beer for Three Hours, Two Bottles of House Wine for every 10 confirmed guests, Triple Marriott Bonvoy points on wedding banquet held in 2025 and more when you confirm during our wedding showcase on Sunday, 9 March 2025.
For more information or to RSVP
Here
!",https://t.me/blissfulbrides/1397
blissfulbrides,2025-02-13T01:00:42+00:00,[],"[""https://www.blissfulbrides.sg/event-detail/1019/A-Love-Story-Unfolds---Wedding-Showcase-By-One-Farrer-Hotel""]",1396,,"A Love Story Unfolds - Wedding Showcase By One Farrer Hotel
Event Details
Organizer: One Farrer Hotel
Admission: Free
Event Date: Saturday, 22 March 2025.
Embark on the creation of your dream love story with our team of seasoned professionals, elegant venues, exclusive wedding perks and all-new wedding themes.
For more information or to RSVP
Here
!",https://t.me/blissfulbrides/1396
blissfulbrides,2025-02-12T01:00:18+00:00,[],"[""https://wa.link/kxlipr""]",1395,,"Celebrate love and abundance this Chinese New Year with Cang Ai Singapore’s most joyful and prosperous wedding package yet!
💕
🧧
Receive a 𝐥𝐮𝐜𝐤𝐲 𝐀𝐧𝐠𝐩𝐨𝐰 𝐰𝐨𝐫𝐭𝐡 $𝟐,𝟏𝟖𝟎 when you book your dream wedding package with us!
✨
PLUS additional 𝐬𝐚𝐯𝐢𝐧𝐠𝐬 𝐮𝐩 𝐭𝐨 $𝟏,𝟖𝟖𝟖!
New Year, New Hopes
✨
Prosper This Snake Year!
🐍
At Cang Ai, we believe in starting your marriage journey with happiness and blessings. Just like a red packet filled with good wishes, let us fill your wedding preparations with love, joy, and prosperity!
Our comprehensive wedding packages include:
📸
Pre-wedding photoshoots
👗
Stunning bridal gowns
💖
Actual day services
💍
ROM services
This limited-time promotion is only available until the end of February! Book your consultation today and let’s create lasting memories this festive season!
✨
💌
WhatsApp:
https://wa.link/kxlipr",https://t.me/blissfulbrides/1395
blissfulbrides,2025-02-11T13:04:14+00:00,[],"[""https://events.blissfulbrides.sg/the-voyage-of-love-m-hotel-showcase-march-2025/""]",1394,,"Step into endless possibilities at the Voyage of Love Wedding Show! M Hotel Singapore’s exclusive wedding themes await, from garden settings to oriental elegance.
🌸
✨
Enjoy a tasting of signature dishes, and enter a lucky draw to win exciting prizes, including:
🎉
Grand Prize: 3D2N stay at M Social Phuket + $300 travel voucher!
🎉
Other Prizes: 2D1N Stay at M Hotel Singapore, Buffet Breakfast for 2, and more!
Plus, meet top wedding service providers all in one place!
🛍
📅
Date: 1st March 2025, 11 AM – 6 PM
📍
Venue: M Hotel Singapore City Centre, 81 Anson Rd, Singapore 079908
🔗
RSVP via link in bio or
https://events.blissfulbrides.sg/the-voyage-of-love-m-hotel-showcase-march-2025/",https://t.me/blissfulbrides/1394
blissfulbrides,2025-02-11T01:00:51+00:00,[],"[""https://www.blissfulbrides.sg/event-detail/1012/1-atico-wedding-showcase-2025""]",1393,,"1-Atico Wedding Showcase 2025
Event Details
Organizer: 1-Atico
Admission: $68 nett per couple
Event Date: 23 Feb, Sun. 6:00 PM – 9:00 PM.
Step into modern elegance at 1-Atico on 23 February at 6pm! Perched atop the city, 1-Atico offers breathtaking views and sleek design. Enjoy award-winning curated cuisine amidst the changing skyline, situated majestically atop the cityscape.
For more information or to RSVP
Here
!",https://t.me/blissfulbrides/1393
blissfulbrides,2025-02-10T01:30:55+00:00,[],"[""https://www.blissfulbrides.sg/package-detaile/2606/celebrations-wedding-chinese-weekday-2026""]",1392,,"Celebrations Wedding Chinese Weekday 2026
by PARKROYAL COLLECTION Marina Bay, Singapore
Start from $178.80++
For more information
Here
!",https://t.me/blissfulbrides/1392
blissfulbrides,2025-02-05T01:03:07+00:00,[],"[""https://www.blissfulbrides.sg/package-detaile/2603/wedding-packages-package-03""]",1391,,"Wedding Packages | Package 03
by Jacob Gordon Photography
Start from $1100++
For more information
Here
!",https://t.me/blissfulbrides/1391
blissfulbrides,2025-02-04T01:02:19+00:00,[],"[""https://www.blissfulbrides.sg/event-detail/1013/Enchanted-I-Do-s-Wedding-Workshop""]",1390,,"Enchanted I Do's Wedding Workshop by Carlton Hotel Singapore
Event Details
Organizer: Carlton Hotel Singapore
Admission: Complimentary (Registration is required)
Event Date: Saturday, 1 March 2025. 11.30 am to 5.00 pm.
Join us at the Carlton Hotel Singapore for our Enchanted I Do's wedding workshop, where you can immerse yourself in an extraordinary experience. Let our dedicated team of wedding experts transform your dream wedding into a beautiful reality.
For more information or to RSVP
Here
!",https://t.me/blissfulbrides/1390
blissfulbrides,2025-02-03T01:04:16+00:00,[],"[""https://www.blissfulbrides.sg/package-detaile/2608/celebrations-wedding-chinese-weekend-lunch-2026""]",1389,,"Celebrations Wedding Chinese Weekend Lunch 2026
by PARKROYAL COLLECTION Marina Bay, Singapore
Start from $198.80++
For more information
Here
!",https://t.me/blissfulbrides/1389
blissfulbrides,2025-02-02T01:03:38+00:00,[],"[""https://www.blissfulbrides.sg/package-detaile/2594/journey-of-love""]",1388,,"Journey of Love
by Mövenpick Resort Phan Thiet
under 159 million VND.
For more information
Here
!",https://t.me/blissfulbrides/1388
blissfulbrides,2025-02-01T01:02:56+00:00,[],"[""https://www.blissfulbrides.sg/package-detaile/2609/2025-intimate-wedding-package""]",1387,,"2025 Intimate Wedding Package
by PARKROYAL COLLECTION Marina Bay, Singapore
Start from $198.80++
For more information
Here
!",https://t.me/blissfulbrides/1387
blissfulbrides,2025-01-31T00:59:57+00:00,[],"[""https://www.blissfulbrides.sg/package-detaile/2597/wedding-package-2025""]",1385,,"Wedding Package 2025
by voco Orchard Singapore
Start from $1200++
For more information
Here
!",https://t.me/blissfulbrides/1385
blissfulbrides,2025-01-30T01:03:16+00:00,[],"[""https://www.blissfulbrides.sg/package-detaile/2602/wedding-packages-package-02""]",1384,,"Wedding Packages | Package 02
by Jacob Gordon Photography
Start from $1300++
For more information
Here
!",https://t.me/blissfulbrides/1384
blissfulbrides,2025-01-29T01:03:41+00:00,[],"[""https://www.blissfulbrides.sg/package-detaile/2595/sweet-dream""]",1383,,"Sweet Dream
by Mövenpick Resort Phan Thiet
Start from 160–290 million VND.
For more information
Here
!",https://t.me/blissfulbrides/1383
blissfulbrides,2025-01-28T01:01:26+00:00,[],"[""https://www.blissfulbrides.sg/package-detaile/2599/2025-2026-weddings-packages""]",1382,,"2025 & 2026 Weddings Packages
by Hilton Singapore Orchard
Start from $1988++
For more information
Here
!",https://t.me/blissfulbrides/1382
blissfulbrides,2025-01-27T01:04:52+00:00,[],"[""https://www.blissfulbrides.sg/package-detaile/2605/wedding-package-2025""]",1381,,"Wedding Package 2025
by Premier Village Phu Quoc
Start from USD $5294++
For more information
Here
!",https://t.me/blissfulbrides/1381
blissfulbrides,2025-01-26T01:04:00+00:00,[],"[""https://www.blissfulbrides.sg/package-detaile/2604/solemnisation-2025-2026-with-menu""]",1379,,"Solemnisation 2025 & 2026 (with Menu)
by Holiday Inn Singapore Atrium
Start from $128++
For more information
Here
!",https://t.me/blissfulbrides/1379
blissfulbrides,2025-01-25T01:04:46+00:00,[],"[""https://www.blissfulbrides.sg/package-detaile/2601/wedding-packages-package-01""]",1378,,"Wedding Packages | Package 01
by Jacob Gordon Photography
Start from $1500++
For more information
Here
!",https://t.me/blissfulbrides/1378
blissfulbrides,2025-01-24T01:04:57+00:00,[],"[""https://www.blissfulbrides.sg/event-detail/1011/a-promise-of-perfection-wedding-showcase""]",1377,,"A Promise Of Perfection Wedding Showcase
Event Details
Organizer: Sheraton Towers Singapore
Admission: Complimentary (By Appointment Only)
Event Date: 16 Feb, Sun. 11:00 AM – 4:30 PM
Enjoy exclusive wedding perks and privileges when you confirm your wedding with us on 16 February 2025.
For more information or to RSVP
Here
!",https://t.me/blissfulbrides/1377
blissfulbrides,2025-01-23T01:01:07+00:00,[],"[""https://www.blissfulbrides.sg/package-detaile/2596/beautiful-in-white""]",1376,,"Beautiful in White
by Mövenpick Resort Phan Thiet
Start from 300 million VND.
For more information
Here
!",https://t.me/blissfulbrides/1376
blissfulbrides,2025-01-22T01:00:00+00:00,[],"[""https://www.blissfulbrides.sg/package-detaile/2600/2025-2026-solemnisation""]",1375,,"2025 & 2026 Solemnisation
by Hilton Singapore Orchard
Start from $1888++
For more information
Here
!",https://t.me/blissfulbrides/1375
blissfulbrides,2025-01-21T01:00:42+00:00,[],"[""https://www.blissfulbrides.sg/package-detaile/2592/iconic-building""]",1374,,"Iconic Building Wedding Package 2025
by ONE°15 Marina Sentosa Cove Singapore
Start from $1588++
For more information
Here
!",https://t.me/blissfulbrides/1374
blissfulbrides,2025-01-20T01:01:17+00:00,[],"[""https://www.blissfulbrides.sg/articles/wedding/how-to-ensure-your-rented-evening-gown-fits-perfectly""]",1373,,"💃
✨
Renting the Perfect Evening Gown for Your Big Day?
🌟
Your big day is all about feeling good, looking fabulous, and being your happiest self!
💖
✨
Here’s how to find your perfect fit:
✔️
Prioritise comfort for all-day ease
✔️
Choose a style that boosts your confidence
✔️
Add those final touches for a flawless finish
Step into your special evening with a gown that fits like a dream, letting you shine with joy and grace. When you feel amazing, your happiness radiates through every moment!
🌹
💫
👉
Ready to glow? Tap the link in our bio or visit
🔗
How To Ensure Your Rented Evening Gown Fits Perfectly
for tips to make your rented gown flawless—and so much more wedding inspiration!
💍
✨",https://t.me/blissfulbrides/1373
blissfulbrides,2025-01-19T01:00:00+00:00,[],"[""https://www.blissfulbrides.sg/package-detaile/2598/2025-2026-the-manor-weddings-packages""]",1372,,"2025 & 2026 The Manor Weddings Packages
by Hilton Singapore Orchard
Start from $338++
For more information
Here
!",https://t.me/blissfulbrides/1372
blissfulbrides,2025-01-18T01:00:00+00:00,[],"[""https://www.blissfulbrides.sg/articles/wedding/how-to-create-a-wedding-checklist-at-a-singapore-wedding-fair""]",1371,,"✨
Plan Your Dream Wedding with Ease!
💍
🌸
Thinking of attending a wedding fair? Make your wedding planning journey effortless and enjoyable with these must-know tips!
💒
💕
✔️
Prioritise your needs
✔️
Bring a checklist
✔️
Compare options wisely
✔️
Ask all the right questions
From meeting vendors to scoring exclusive deals, wedding fairs in Singapore are your gateway to a perfect celebration.
🎉
✨
🌟
Mark Your Calendars!
🌟
Join us at the Blissful One-Stop Wedding Show (BOWS) on 13 & 14 April 2025. It’s the ultimate wedding showcase you don’t want to miss!
💖
👉
Ready to plan like a pro? Tap the link in our bio or visit
🔗
How To Create A Wedding Checklist At A Singapore Wedding Fair
for your complete guide to wedding fair success!
💍
✨",https://t.me/blissfulbrides/1371
blissfulbrides,2025-01-17T01:01:28+00:00,[],"[""https://www.blissfulbrides.sg/package-detaile/2591/constellation-ballroom""]",1370,,"Constellation Ballroom Wedding Package 2025
by ONE°15 Marina Sentosa Cove Singapore
Start from $1588++
For more information
Here
!",https://t.me/blissfulbrides/1370
blissfulbrides,2025-01-15T01:00:23+00:00,[],"[""https://www.blissfulbrides.sg/package-detaile/2590/wedding-package-2025-2026""]",1368,,"Wedding Package 2025 / 2026
by Four Points by Sheraton Singapore, Riverview
Start from $1388++
For more information
Here
!",https://t.me/blissfulbrides/1368
blissfulbrides,2025-01-12T01:03:57+00:00,[],"[""https://www.blissfulbrides.sg/package-detaile/2579/chinese-weekend-wedding-dinner-2025""]",1367,,"Chinese Weekend Wedding Dinner 2025
by PARKROYAL COLLECTION Marina Bay, Singapore
Start from $228.80++
For more information
Here
!",https://t.me/blissfulbrides/1367
blissfulbrides,2025-01-11T01:03:18+00:00,[],"[""https://www.blissfulbrides.sg/package-detaile/2584/full-glow-up-package""]",1366,,"Full Glow Up Package
by Blinkbeauties
🌸
💰
Exclusive at Blissful Bride
: $3308 (U.P. $4948)
For more information
Here
!",https://t.me/blissfulbrides/1366
blissfulbrides,2025-01-10T01:04:10+00:00,[],"[""https://www.blissfulbrides.sg/package-detaile/2593/wedding-package-2025""]",1363,,"Wedding Package 2025
by The Robertson House by The Crest Collection
Start from $1680++
For more information
Here
!",https://t.me/blissfulbrides/1363
blissfulbrides,2025-01-07T01:05:20+00:00,[],"[""https://www.blissfulbrides.sg/package-detaile/2588/couple-facial-package-10x-bust-enhancement-treatment""]",1362,,"Couple Facial Package (10x Bust Enhancement Treatment)
by Blinkbeauties
✨
💰
Exclusive at Blissful Bride
: $1588 (U.P. $2080)
For more information
Here
!",https://t.me/blissfulbrides/1362
blissfulbrides,2025-01-06T01:04:17+00:00,[],"[""https://www.blissfulbrides.sg/package-detaile/2578/chinese-weekday-wedding-lunch-or-dinner-2025""]",1361,,"Chinese Weekday Wedding Lunch or Dinner 2025
by PARKROYAL COLLECTION Marina Bay, Singapore
Start from $178.80++
For more information
Here
!",https://t.me/blissfulbrides/1361
blissfulbrides,2025-01-05T01:03:44+00:00,[],"[""https://www.blissfulbrides.sg/event-detail/1010/Forever-Love-Begins-Here-A-Westin-Wedding-Showcase""]",1360,,"Forever Love Begins Here: A Westin Wedding Showcase
Event Details
Organizer: The Westin Singapore
Admission: Free | Last appointment at 5pm
Event Date: 18 Jan, Sat. 11:00 AM – 6:00 PM.
Your dream wedding begins at The Westin Singapore. Our Westin Wedding Specialists will be with you every step of the planning, offering you intuitive service with meticulous attention to detail.
For more information or to RSVP
Here
!",https://t.me/blissfulbrides/1360
blissfulbrides,2025-01-04T01:04:06+00:00,[],"[""https://www.blissfulbrides.sg/package-detaile/2587/couple-facial-package-12x-tailor-facial""]",1359,,"Couple Facial Package (12x Tailor Facial)
by Blinkbeauties
💰
🌸
Exclusive at Blissful Bride
: $1296 (U.P. $1896)
For more information
Here
!",https://t.me/blissfulbrides/1359
blissfulbrides,2025-01-03T01:01:48+00:00,[],"[""https://www.blissfulbrides.sg/package-detaile/2573/weekday-wedding-lunch-dinner""]",1358,,"Weekday Wedding Lunch/Dinner Package 2025
by PARKROYAL on Beach Road
Start from $1588++
For more information
Here
!",https://t.me/blissfulbrides/1358
blissfulbrides,2025-01-02T01:01:28+00:00,[],"[""https://www.blissfulbrides.sg/event-detail/1009/-Ongoing-Promotion-Eternal-Vows-Wedding-Promotion-By-Carlton-Hotel-Singapore""]",1357,,"[Ongoing Promotion] Eternal Vows Wedding Promotion By Carlton Hotel Singapore
Promotion Details
Organizer: Carlton Hotel Singapore
Promotion Period: Confirm your wedding booking between 3 January and 19 January 2025.
Enjoy exclusive perks, including customised rebates, free-flow beer, additional wine bottles and more. Wedding packages start from $1,368 per table of 10 persons.
For more information or to RSVP
Here
!",https://t.me/blissfulbrides/1357
blissfulbrides,2025-01-01T01:02:47+00:00,[],"[""https://www.blissfulbrides.sg/package-detaile/2586/couple-facial-package-6x-tailor-facial""]",1356,,"Couple Facial Package (6x Tailor Facial)
by Blinkbeauties
✨
💰
Exclusive at Blissful Bride
: $768 (U.P. $948)
For more information
Here
!",https://t.me/blissfulbrides/1356
blissfulbrides,2024-12-31T00:59:58+00:00,[],"[""https://www.blissfulbrides.sg/articles/wedding/happily-ever-after-disney-inspired-wedding-dresses""]",1355,,"👗
Say ""Yes"" to Your Disney-Inspired Wedding Dress!
💍
🌟
Bring your fairytale dream to life with these enchanting Disney-inspired wedding dresses! Whether you’re channeling Cinderella's elegance or Ariel’s oceanic beauty, find the perfect dress to make you feel like royalty.
🌸
👑
👉
Head to the link in our bio or tap
🔗
Happily Ever After: Disney-Inspired Wedding Dresses
to explore all the magical styles and find your Happily Ever After!
💖",https://t.me/blissfulbrides/1355
blissfulbrides,2024-12-30T01:01:44+00:00,[],"[""https://www.blissfulbrides.sg/package-detaile/2585/full-slimming-package""]",1354,,"Full Slimming Package
by Blinkbeauties
✨
🌸
Exclusive at Blissful Bride
: $4378.00 (U.P. $5728.00)
For more information
Here
!",https://t.me/blissfulbrides/1354
blissfulbrides,2024-12-29T00:59:58+00:00,[],"[""https://www.blissfulbrides.sg/articles/wedding/things-to-avoid-for-your-wedding-skin-care""]",1353,,"💖
The Ultimate Guide to a Regret-Free Wedding
💍
✨
From selecting trusted vendors to embracing intimate moments, these tips will help you enjoy a stress-free, unforgettable celebration! Don’t forget to prioritize comfort, connect with loved ones, and soak in every magical moment.
🌸
💍
👉
Head to the link in our bio or tap
🔗
Things to Avoid for Your Wedding Skin Care
to read the full guide and plan your dream wedding today!
🌟
💕",https://t.me/blissfulbrides/1353
blissfulbrides,2024-12-28T01:01:51+00:00,[],"[""https://www.blissfulbrides.sg/package-detaile/2580/chinese-weekend-wedding-lunch-2025""]",1352,,"Chinese Weekend Wedding Lunch 2025
by PARKROYAL COLLECTION Marina Bay, Singapore
Start from $198.80++
For more information
Here
!",https://t.me/blissfulbrides/1352
blissfulbrides,2024-12-27T01:00:00+00:00,[],"[""https://www.blissfulbrides.sg/package-detaile/2538/sunday-dinner-package-2025""]",1350,,"Sunday Dinner Package 2025
by InterContinental
®
Singapore
Start from $218.80++
For more information
Here
!",https://t.me/blissfulbrides/1350
blissfulbrides,2024-12-26T00:59:58+00:00,[],"[""https://www.blissfulbrides.sg/articles/wedding/booking-a-wedding-room-block-everything-you-need-to-know""]",1349,,"🏨
Booking Wedding Room Blocks Made Easy!
💍
✨
Planning accommodations for your wedding guests? From understanding room block types to booking early and strategising outreach, we’ve got tips to simplify the process. Ensure everyone has a comfortable stay while keeping things stress-free!
💕
🎉
👉
Head to the link in our bio or tap
🔗
Booking A Wedding Room Block: Everything You Need To Know
to read the full guide and start planning your wedding room blocks like a pro!
🌟",https://t.me/blissfulbrides/1349
blissfulbrides,2024-12-25T01:00:58+00:00,[],"[""https://www.blissfulbrides.sg/package-detaile/2581/package-rate-2024-2025""]",1348,,"Package Rate 2024 & 2025
by a day cinematics
Start from $599++
For more information
Here
!",https://t.me/blissfulbrides/1348
blissfulbrides,2024-12-24T01:02:10+00:00,[],"[""https://www.blissfulbrides.sg/articles/wedding/a-comprehensive-wedding-dress-fitting-checklist-for-the-bride""]",1347,,"👰‍♀️
The Ultimate Wedding Dress Fitting Checklist
💍
✨
Finding the one is more than just about the style—it’s about the perfect fit too! From your first fitting to the final alterations, we’ve got everything you need to ensure your wedding dress fits like a dream.
🌸
💕
👉
Head to the link in our bio or tap
🔗
A Comprehensive Wedding Dress Fitting Checklist For The Bride
to read the full checklist and start your dress fitting journey with confidence!
✨
💖",https://t.me/blissfulbrides/1347
blissfulbrides,2024-12-23T01:00:00+00:00,[],"[""https://www.blissfulbrides.sg/package-detaile/2575/weekend-dinner""]",1346,,"Weekend Dinner Package 2025
by PARKROYAL on Beach Road
Start from $1788++
For more information
Here
!",https://t.me/blissfulbrides/1346
blissfulbrides,2024-12-22T00:59:57+00:00,[],"[""https://www.blissfulbrides.sg/event-detail/1007/-Ongoing-Promotion-Celebrations-Privileges-2025""]",1345,,"[Ongoing Promotion] Celebrations Privileges 2025
Promotion Details
Organizer: PARKROYAL COLLECTION Marina Bay, Singapore
Promotion Period: until 31 March 2025.
💍
Celebrate the joyous occasion of your 2025 wedding with us, and bask in exclusive early bird privileges.
✨
Don’t wait—secure your dream day today!
🎉
For more information or to RSVP
Here
!",https://t.me/blissfulbrides/1345
blissfulbrides,2024-12-21T01:02:09+00:00,[],"[""https://www.blissfulbrides.sg/package-detaile/2549/wedding-package-2025-january-to-august""]",1343,,"Wedding Package 2025 (January to August)
by Carlton Hotel Singapore
Start from $1308++
For more information
Here
!",https://t.me/blissfulbrides/1343
blissfulbrides,2024-12-20T01:01:30+00:00,[],"[""https://www.blissfulbrides.sg/event-detail/1006/Once-Upon-A-Wedding-An-intimate-voco-Orchard-Singapore-Wedding-Showcase""]",1342,,"Once Upon A Wedding – An intimate voco Orchard Singapore Wedding Showcase
Event Details
Organizer: voco Orchard Singapore
Admission: By appointment only
Event Date: Sunday, 19 January 2025. 10am to 6pm
Discover how we can transform your
intimate or grand affair
into reality, and enjoy perks and rebates worth over
$12,888,
plus a special on-day sign-up bonus gift.
For more information or to RSVP
Here
!",https://t.me/blissfulbrides/1342
blissfulbrides,2024-12-19T01:00:00+00:00,[],"[""https://www.blissfulbrides.sg/package-detaile/2582/exquisite-wedding-brochure-2025""]",1340,,"Exquisite Wedding Brochure 2025
by Shangri-La Rasa Sentosa, Singapore
Start from $228++
For more information
Here
!",https://t.me/blissfulbrides/1340
blissfulbrides,2024-12-18T01:01:39+00:00,[],"[""https://www.blissfulbrides.sg/event-detail/1008/-Ongoing-Promotion-Wedding-Promotion-2024-By-Sheraton-Towers-Singapore""]",1339,,"[Ongoing Promotion] Wedding Promotion 2024 By Sheraton Towers Singapore
Promotion Details
Organizer: Sheraton Towers Singapore
Promotion Period: confirmed by 5 January 2025.
It’s the season for giving! Let us sweeten your special day with one complimentary table (worth up to $2,038++) for every 10 tables confirmed.
For more information or to RSVP
Here
!",https://t.me/blissfulbrides/1339
blissfulbrides,2024-12-17T01:00:00+00:00,[],"[""https://www.blissfulbrides.sg/articles/wedding/the-ultimate-guide-to-a-regret-free-wedding-with-smart-tips""]",1338,,"💖
The Ultimate Guide to a Regret-Free Wedding
💍
✨
From selecting trusted vendors to embracing intimate moments, these tips will help you enjoy a stress-free, unforgettable celebration! Don’t forget to prioritize comfort, connect with loved ones, and soak in every magical moment.
🌸
💍
👉
Head to the link in our bio or tap
🔗
The Ultimate Guide to a Regret-Free Wedding With Smart Tips
to read the full guide and plan your dream wedding today!
🌟
💕",https://t.me/blissfulbrides/1338
blissfulbrides,2024-12-16T01:01:26+00:00,[],"[""https://www.blissfulbrides.sg/package-detaile/2576/intimate-wedding-2025""]",1337,,"Intimate Wedding 2025
by Grand Copthorne Waterfront Hotel Singapore
Start from $1808++
For more information
Here
!",https://t.me/blissfulbrides/1337
blissfulbrides,2024-12-15T01:01:27+00:00,[],"[""https://www.blissfulbrides.sg/event-detail/1002/-Ongoing-Promotion-Exceptional-Weddings-at-Mandarin-Oriental-Singapore""]",1336,,"[Ongoing Promotion] Exceptional Weddings at Mandarin Oriental, Singapore
Promotion Details
Organizer: Mandarin Oriental, Singapore
Promotion Period: until 31 December 2024.
Enjoy exclusive perks with attractive savings of up to SGD 4,688 upon confirmation of your big day with us before 31 December 2024. Valid for weddings held by 31 December 2025.
For more information or to RSVP
Here
!",https://t.me/blissfulbrides/1336
blissfulbrides,2024-12-14T01:01:59+00:00,[],"[""https://www.blissfulbrides.sg/package-detaile/2521/rccc-wedding-2025""]",1333,,"RCCC Wedding 2025
by Fairmont Singapore & Swissôtel The Stamford
✨
Start from $1828++
For more information
Here
!",https://t.me/blissfulbrides/1333
blissfulbrides,2024-12-13T01:00:59+00:00,[],"[""https://www.blissfulbrides.sg/event-detail/1004/romance-in-bloom-a-celebration-under-the-stars""]",1332,,"Romance in Bloom: A Celebration Under The Stars
Event Details
Organizer: PARKROYAL COLLECTION Marina Bay, Singapore
Admission: Free
Event Date & Time: Sunday 5 January 2025. 11am - 6pm
Celebrate your dream wedding at PARKROYAL COLLECTION Marina Bay, Singapore's first Garden-in-a-Hotel. Exchange sacred vows and let everlasting love flourish like the verdant oasis within the hotel. Each event is handled delicately by our experienced wedding consultants and culinary team, featuring epicurean menus, elegant wedding decor and tasteful settings.
For more information or to RSVP
Here
!",https://t.me/blissfulbrides/1332
blissfulbrides,2024-12-12T01:02:36+00:00,[],"[""https://www.blissfulbrides.sg/package-detaile/2583/elegance-enchantment-wedding-brochure-2025""]",1330,,"Elegance & Enchantment Wedding Brochure 2025
by Shangri-La Rasa Sentosa, Singapore
Start from $198++
For more information
Here
!",https://t.me/blissfulbrides/1330
blissfulbrides,2024-12-11T01:00:00+00:00,[],"[""https://www.blissfulbrides.sg/articles/wedding/ways-to-prepare-physically-and-mentally-for-your-wedding-day""]",1329,,"💍
Getting Ready for Your Big Day?
✨
💪
From balancing your nutrition and prioritizing sleep to managing stress and embracing mindfulness, wedding prep is all about feeling your best inside and out!
🌸
💖
Don’t forget to take time for yourself and your partner as you prepare for this beautiful journey together.
💕
👉
Head to the link in our bio or tap
🔗
Ways to Prepare Physically and Mentally for Your Wedding Day
for tips to help you shine—physically and mentally—on your special day!
🌟",https://t.me/blissfulbrides/1329
blissfulbrides,2024-12-10T01:01:06+00:00,[],"[""https://www.blissfulbrides.sg/event-detail/1005/-Ongoing-Promotion-Exclusive-December-2024-Wedding-Promotion-by-Goodwood-Park-Hotel""]",1328,,"[Ongoing Promotion] Exclusive December 2024 Wedding Promotion by Goodwood Park Hotel
Promotion Details
Organizer: Goodwood Park Hotel
Promotion Period: until 31 December 2024.
With packages starting at $1,688++ per table of 10, our bespoke offerings promise to elevate your celebration to extraordinary heights. Enjoy exclusive benefits including free-flow beer, additional wines, extended stays, and a range of delightful surprises when you confirm your wedding with us.
For more information or to RSVP
Here
!",https://t.me/blissfulbrides/1328
blissfulbrides,2024-12-09T01:00:23+00:00,[],"[""https://www.blissfulbrides.sg/package-detaile/2571/changi-cove_solemnization-package-_2025-2026""]",1324,,"Changi Cove Solemnization Package 2025 & 2026
by Changi Cove Singapore
Start from $85++
For more information
Here
!",https://t.me/blissfulbrides/1324
blissfulbrides,2024-12-08T01:02:00+00:00,[],"[""https://www.blissfulbrides.sg/articles/wedding/a-guide-to-your-wedding-proposal""]",1323,,"💍
Dreaming of the Perfect Proposal?
💫
💖
From choosing the right moment to creating a setting that’s truly magical, we’ve got all the tips you need to make your proposal one to remember! Whether it’s intimate or grand, make it uniquely yours.
✨
👉
Head to the link in our bio or tap
🔗
A Guide to Your Wedding Proposal
to read the full guide and get started on planning your unforgettable proposal!
💕",https://t.me/blissfulbrides/1323
blissfulbrides,2024-12-07T01:01:01+00:00,[],"[""https://www.blissfulbrides.sg/package-detaile/2577/wedding-package-2025""]",1322,,"Wedding Package 2025
by Grand Copthorne Waterfront Hotel Singapore
Start from $1808++
For more information
Here
!",https://t.me/blissfulbrides/1322
blissfulbrides,2024-12-06T01:01:26+00:00,[],"[""https://www.blissfulbrides.sg/articles/wedding/does-si-dian-jin-hold-any-meaning-in-today-s-society""]",1321,,"💍
Curious About the Tradition of Si Dian Jin?
✨
Si Dian Jin is a cherished Chinese wedding tradition, but does it still hold significance in today’s society? Discover the meaning behind this beautiful custom and how it continues to play a role in modern weddings.
💖
👰🏻
👉
Head to the link in our bio or tap
🔗
Does Si Dian Jin Hold Any Meaning In Today’s Society?
to learn more about the tradition and its relevance today!
🌿",https://t.me/blissfulbrides/1321
blissfulbrides,2024-12-05T01:02:04+00:00,[],"[""https://www.blissfulbrides.sg/package-detaile/2541/the-vault-wedding-package-2025""]",1319,,"The Vault Wedding Package 2025
by InterContinental
®
Singapore
Start from $168++
For more information
Here
!",https://t.me/blissfulbrides/1319
blissfulbrides,2024-12-04T01:00:30+00:00,[],"[""https://www.blissfulbrides.sg/package-detaile/2574/weekend-lunch""]",1318,,"Weekend Lunch Package 2025
by PARKROYAL on Beach Road
Start from $1788++
For more information
Here
!",https://t.me/blissfulbrides/1318
blissfulbrides,2024-12-03T16:50:07+00:00,[],"[""http://%F0%9F%94%97www.bows.sg/"", ""http://www.bows.sg/""]",1317,,"Unveil ""Allure of Love"" the highly anticipated Blissful One-Stop Wedding Show (BOWS)! Returning with even more sparkle, this tri-annual event is your gateway to turning wedding dreams into reality. With dazzling prizes, exclusive goodie bags (while stocks last), top-tier vendors all under one roof, and a chance to win back your spending in the $50,000 cash rebates, it’s the perfect destination for soon-to-be-wed couples or anyone seeking inspiration.
💐
RSVP now via
🔗
www.bows.sg
to secure your spot!
𝐄𝐯𝐞𝐧𝐭 𝐇𝐢𝐠𝐡𝐥𝐢𝐠𝐡𝐭𝐬:
🌟
Free Admission
🌟
Wide range Of Vendors
🌟
Free Goodie Bag* (While Stocks Last)
🌟
Lucky Draw Prizes*
🌟
$50,000 Cash Rebates*
🌟
Exclusive Tiered Bliss Rewards*
...and many more.
𝐄𝐯𝐞𝐧𝐭 𝐃𝐞𝐭𝐚𝐢𝐥𝐬
📅
4th & 5th January, 2025
🕙
12pm - 9pm
📍
Marina Bay Sands Convention Centre Level 1, Hall B
🔗
RSVP Today via Link in bio or
www.bows.sg
T&Cs apply*",https://t.me/blissfulbrides/1317
blissfulbrides,2024-12-03T01:00:56+00:00,[],"[""https://www.blissfulbrides.sg/articles/wedding/6-unique-ways-to-include-family-heirlooms-in-weddings""]",1315,,"✨
Honouring Heritage in Your Wedding
💍
Looking for a meaningful way to celebrate family traditions on your big day? From wearing heirloom jewelry to incorporating fabrics from a family wedding dress, there are so many unique ways to weave your heritage into your celebration.
💖
👰🏻
👉
Head to the link in our bio or tap
🔗
6 Unique Ways To Include Family Heirlooms In Weddings
to explore 6 special ways to include family heirlooms in your wedding!
🌿",https://t.me/blissfulbrides/1315
blissfulbrides,2024-12-02T01:01:08+00:00,[],"[""https://www.blissfulbrides.sg/event-detail/1001/Wedding-Atelier---Exquisitely-Yours-by-The-St-Regis-Singapore#tabal""]",1314,,"Wedding Atelier - Exquisitely Yours by The St. Regis Singapore
Event Details
Organizer: The St. Regis Singapore
Admission: Complimentary
Event Date: 14 Dec, Sat. 10:30 AM – 5:00 PM.
You are invited to the city’s most eminent address for The St. Regis Singapore’s Wedding Atelier - Exquisitely Yours.
For more information or to RSVP
Here
!",https://t.me/blissfulbrides/1314
blissfulbrides,2024-12-01T01:01:33+00:00,[],"[""https://www.blissfulbrides.sg/articles/wedding/5-tips-for-planning-the-perfect-wedding-on-a-tight-timeline""]",1313,,"⏳
Planning a Wedding on a Tight Timeline?
💍
✨
No need to stress! With the right planning, you can still have the perfect wedding, even on a short schedule. From prioritizing key tasks to staying organized, we’ve got 5 tips to help you pull it all together smoothly!
💖
🎉
👉
Head to the link in our bio or tap
🔗
5 Tips For Planning The Perfect Wedding On A Tight Timeline
to read the full article and start planning your dream wedding with ease!
🌸",https://t.me/blissfulbrides/1313
blissfulbrides,2024-11-30T01:00:53+00:00,[],"[""https://www.blissfulbrides.sg/package-detaile/2533/friday-dinner-package-2025""]",1311,,"Friday Dinner Package 2025
by InterContinental
®
Singapore
Start from $198++
For more information
Here
!",https://t.me/blissfulbrides/1311
blissfulbrides,2024-11-29T01:00:00+00:00,[],"[""https://www.blissfulbrides.sg/package-detaile/2545/twilight-weddings-weekday-dinner-package""]",1309,,"Twilight Weddings (Weekday Dinner Package)
by Novotel Singapore on Stevens
Start from $1308++
For more information
Here
!",https://t.me/blissfulbrides/1309
blissfulbrides,2024-11-28T01:01:01+00:00,[],"[""https://www.blissfulbrides.sg/articles/wedding/top-5-affordable-wedding-venues-in-singapore-to-consider""]",1308,,"💍
Looking for the perfect wedding venue in Singapore?
🌿
💒
From the breathtaking views at Mount Faber Peak to the charming vibes of Open Farm Community, we’ve found 5 beautiful and budget-friendly venues that are perfect for your big day!
🌸
✨
👉
Head to the link in our bio or tap
🔗
Top 5 Affordable Wedding Venues In Singapore To Consider
to explore these affordable options and start planning your dream wedding!
💕",https://t.me/blissfulbrides/1308
blissfulbrides,2024-11-27T01:01:08+00:00,[],"[""https://www.blissfulbrides.sg/event-detail/1000/Meet-Our-Certified-Wedding-Planners-From-Singapore-Marriott-Tang-Plaza-Hotel""]",1307,,"Meet Our Certified Wedding Planners From Singapore Marriott Tang Plaza Hotel
Event Details
Organizer: Singapore Marriott Tang Plaza Hotel
Admission: Complimentary (Advance Appointment Required)
Event Date: 1 Dec, Sun. 10:00 AM – 5:00 PM
Say “I do” and create wedding memories that last a lifetime at Singapore Marriott Tang Plaza Hotel. Located at the heart of Orchard Road, our charming venue and curated menus from award-winning Wan Hao Chinese Restaurant will inspire you to bring your dream wedding vision to life!
For more information or to RSVP
Here
!",https://t.me/blissfulbrides/1307
blissfulbrides,2024-11-26T01:02:08+00:00,[],"[""https://www.blissfulbrides.sg/9/hotels/detail/190/four-points-by-sheraton-singapore-riverview"", ""https://www.blissfulbrides.sg/articles/wedding/beyond-i-do-four-points-by-sheraton-singapore-s-all-inclusive-wedding-experience""]",1306,,"Beyond 'I Do': Four Points by Sheraton Singapore's All-Inclusive Wedding Experience
Looking for the perfect riverside wedding experience? At
Four Points by Sheraton Singapore, Riverview
, expect stunning views, versatile spaces, and exceptional service.
Read here
to find out more.",https://t.me/blissfulbrides/1306
blissfulbrides,2024-11-25T01:01:47+00:00,[],"[""https://www.blissfulbrides.sg/package-detaile/2569/changi-cove_muslim-wedding-package_2025-2026""]",1302,,"Changi Cove Muslim Wedding Package 2025 & 2026
by Changi Cove Singapore
Start from $111++
For more information
Here
!",https://t.me/blissfulbrides/1302
blissfulbrides,2024-11-24T01:01:30+00:00,[],"[""https://www.blissfulbrides.sg/articles/wedding/5-tips-for-incorporating-live-art-at-your-dream-wedding""]",1301,,"✨
Incorporating Live Art at Your Wedding?
🎨
💖
Transform your special day into a masterpiece with the magic of live art!
🖌️
Choose the perfect type of art that fits your theme and seamlessly blend it into your venue.
🎉
Plan the timing, collaborate with talented artists, and create beautiful keepsakes for lasting memories!
🎁
👉
Head to the link in our bio or tap
🔗
5 Tips For Incorporating Live Art At Your Dream Wedding
to read the full article for tips on making your wedding truly unforgettable with live art!
🌟
✨",https://t.me/blissfulbrides/1301
blissfulbrides,2024-11-23T01:01:41+00:00,[],"[""https://www.blissfulbrides.sg/package-detaile/2570/changi-cove_indian-wedding-package_2025-2026""]",1297,,"Changi Cove Indian Wedding Package 2025 & 2026
by Changi Cove Singapore
Start from $111++
For more information
Here
!",https://t.me/blissfulbrides/1297
blissfulbrides,2024-11-22T01:02:02+00:00,[],"[""https://www.blissfulbrides.sg/package-detaile/2539/weekday-wedding-lunch-and-dinner-2025""]",1295,,"Weekday Wedding Lunch and Dinner 2025
by InterContinental
®
Singapore
Start from $168++
For more information
Here
!",https://t.me/blissfulbrides/1295
blissfulbrides,2024-11-21T01:01:54+00:00,[],"[""https://www.blissfulbrides.sg/articles/wedding/creating-the-perfect-wedding-playlist-do-s-and-don-ts""]",1294,,"🎉
Creating the Perfect Wedding Playlist?
🎶
💍
Make your big day unforgettable with the right tunes! Start early and consider your guests' preferences while balancing your favorite songs with their requests.
✨
👉
Head to the link in our bio or tap
🔗
Creating The Perfect Wedding Playlist: Do’s And Don’ts
to read the full article for essential do’s and don’ts that will keep the dance floor packed all night!
💖
✨",https://t.me/blissfulbrides/1294
blissfulbrides,2024-11-20T01:00:24+00:00,[],"[""https://www.blissfulbrides.sg/9/hotels/detail/190/four-points-by-sheraton-singapore-riverview"", ""https://www.blissfulbrides.sg/articles/wedding/enchanting-weddings-with-a-view-four-points-by-sheraton-singapore-riverview""]",1293,,"Enchanting Weddings with a View:
Four Points by Sheraton Singapore, Riverview
A romantic riverside wedding venue in Singapore offering stunning outdoor ceremonies, comprehensive packages, personalised service, and luxurious amenities for an unforgettable celebration.
Read here
to find out more.",https://t.me/blissfulbrides/1293
blissfulbrides,2024-11-19T01:01:05+00:00,[],"[""https://www.blissfulbrides.sg/package-detaile/2550/wedding-package-2025-september-december""]",1291,,"Wedding Package 2025 (September - December)
by Carlton Hotel Singapore
Start from $1368++
For more information
Here
!",https://t.me/blissfulbrides/1291
blissfulbrides,2024-11-18T01:01:33+00:00,[],"[""https://www.blissfulbrides.sg/articles/wedding/writing-your-wedding-vows-what-you-should-and-shouldn-t-do""]",1290,,"✨
Writing Your Wedding Vows?
💖
✍️
Crafting the perfect vows is all about expressing your love! Reflect on your relationship, be personal, and speak from the heart to make meaningful promises.
💕
Avoid clichés, procrastination, and unrealistic promises to keep your vows genuine and heartfelt.
👉
Head to the link in our bio or tap
🔗
Writing Your Wedding Vows: What You Should and Shouldn’t Do
to read the full article and discover the do’s and don’ts for writing vows that’ll truly touch the heart!
💍
✨",https://t.me/blissfulbrides/1290
blissfulbrides,2024-11-17T01:00:43+00:00,[],"[""https://www.blissfulbrides.sg/package-detaile/2564/solemnisation-buffet-package-2024-2025""]",1289,,"Solemnisation Buffet Package 2024 & 2025
Start from $123++
For the love of a lifetime by Village Hotel Katong & Village Hotel Changi
❤️‍🔥
For more information
Here
!",https://t.me/blissfulbrides/1289
blissfulbrides,2024-11-16T01:01:34+00:00,[],"[""https://www.blissfulbrides.sg/articles/wedding/wedding-photography-styles-finding-the-perfect-match""]",1288,,"✨
Capturing Your Big Day in Style
📸
✨
Choosing the perfect wedding photography style is key to commemorating your big day! From timeless Traditional shots to the dreamy Light & Airy look, each style tells a unique story. Remember to consider your personal preferences, wedding theme, and photographer’s portfolio to find your perfect match!
💍
💕
👉
Head to the link in our bio or tap
🔗
Wedding Photography Styles: Finding the Perfect Match
to read the full article and discover which style is right for you!
💖",https://t.me/blissfulbrides/1288
blissfulbrides,2024-11-15T01:01:22+00:00,[],"[""https://www.blissfulbrides.sg/event-detail/998/Hues-of-Romance-Wedding-Workshop""]",1287,,"Hues of Romance Wedding Workshop
Event Details
Organizer: InterContinental
®
Singapore
Admission: Free
Event Date: Sunday, 1 December 2024. 12pm to 6pm.
Join us at our wedding workshop on 1 December for a personalised one-on-one consultation with our wedding specialists, who will guide you through every intricate detail of your dream wedding. Be among the first to explore our exclusive new wedding themes for 2025, each designed to captivate and inspire.
For more information or to RSVP
Here
!",https://t.me/blissfulbrides/1287
blissfulbrides,2024-11-14T01:00:23+00:00,[],"[""https://www.blissfulbrides.sg/articles/wedding/6-tips-for-a-wedding-budget-that-perfectly-fits-your-big-day""]",1286,,"✨
Planning a Wedding on a Budget?
💰
✨
💍
Planning your dream wedding without breaking the bank? Start by prioritizing what matters most
💕
, choose meaningful investments, and embrace minimalism for a stylish, affordable celebration. Don’t forget to get creative with DIY and adjust your budget as needed!
👉
Head to the link in our bio or tap
🔗
6 Tips for a Wedding Budget That Perfectly Fits Your Big Day
to read the full article and get more tips for a budget that fits your big day perfectly!
💖",https://t.me/blissfulbrides/1286
blissfulbrides,2024-11-13T01:02:02+00:00,[],"[""https://www.blissfulbrides.sg/3/cakes-desserts/detail/32/pine-garden-s-cake-pte-ltd"", ""https://www.blissfulbrides.sg/articles/wedding/wedding-cake-trends-with-pine-garden-what-s-next-in-singapore-s-wedding-scene""]",1285,,"Wedding Cake Trends with Pine Garden: What's Next in Singapore's Wedding Scene
Discover how
Pine Garden
, Singapore's heritage bakery since 1984, is revolutionising wedding cake trends in 2024, and explore how this award-winning bakery crafts unforgettable wedding centrepieces that blend tradition with contemporary elegance.
Read here
to find out more.",https://t.me/blissfulbrides/1285
blissfulbrides,2024-11-12T01:01:12+00:00,[],"[""https://www.blissfulbrides.sg/package-detaile/2546/twilight-weddings-weekday-lunch-package""]",1283,,"Twilight Weddings (Weekday Lunch Package)
by Novotel Singapore on Stevens
Start from $1108++
For more information
Here
!",https://t.me/blissfulbrides/1283
blissfulbrides,2024-11-11T01:01:55+00:00,[],"[""https://www.blissfulbrides.sg/articles/wedding/diy-wedding-decorations-unique-ideas""]",1282,,"DIY Wedding Decorations: Unique Ideas
Crafting unique, handmade details for your wedding is a delightful way to add a personal touch to your special day. From creating charming signage to heartfelt invitations and thoughtful favors, these DIY elements can infuse your wedding with your love story and personality. Plus, crafting some of these details can help you save some money!Are you excited to DIY your wedding? Blissful Brides has some inspiring ideas to help you wow your guests.
Read here
to find out more.",https://t.me/blissfulbrides/1282
blissfulbrides,2024-11-10T01:00:26+00:00,[],"[""https://www.blissfulbrides.sg/package-detaile/2551/wedding-packages-2025""]",1280,,"Wedding Packages 2025
by York Hotel Singapore
Start from $1138++
For more information
Here
!",https://t.me/blissfulbrides/1280
blissfulbrides,2024-11-09T01:00:34+00:00,[],"[""https://www.blissfulbrides.sg/event-detail/994/Turning-Love-Stories-Into-Timeless-Memories""]",1279,,"Turning Love Stories Into Timeless Memories
Event Details
Organizer: Four Points by Sheraton Singapore, Riverview
Admission: Free
Event Date: 1 Dec, Sunday. 1:00 PM - 6:00 PM
Join us at our in-house wedding show, the ultimate one-stop destination for couples seeking the perfect venue for their special day. At Four Points Singapore, we believe every wedding should be as unique as the couple it celebrates, and we’re here to make that dream a reality.
For more information or to RSVP
Here
!",https://t.me/blissfulbrides/1279
blissfulbrides,2024-11-08T01:00:21+00:00,[],"[""https://www.instagram.com/yvonnecreative/?hl=en"", ""https://www.instagram.com/60secondsphotography/"", ""https://www.instagram.com/1011production/?hl=en"", ""https://www.blissfulbrides.sg/event-detail/997/The-Vow-Beyond-Wedding-Showcase-at-Village-Hotel-Katong""]",1278,,"The Vow & Beyond Wedding Showcase at Village Hotel Katong
Event Details
Organizer: Village Hotel Katong
Admission: Free
Event Date: 6 December 2024, Friday. 5.30pm - 10pm.
Mark your calendars for
The Vow & Beyond Wedding Showcase at Village Hotel Katong
, where we turn your wedding dreams into reality!
Picture the exquisite gowns from
Yvonne Creations
, the timeless memories captured with
60 Seconds Photography
, and the bespoke wedding decor from
1011 Production
that will let your personality shine – with their varying expertise, our seasoned vendors are well-equipped to bring your visions to life.  They will also be sharing valuable insider tips – so don’t miss out!
For more information or to RSVP
Here
!",https://t.me/blissfulbrides/1278
blissfulbrides,2024-11-07T01:00:12+00:00,[],"[""https://www.blissfulbrides.sg/event-detail/995/Once-In-A-Millennium---Wedding-Show-at-Orchard-Hotel-Singapore""]",1277,,"Once In A Millennium - Wedding Show at Orchard Hotel Singapore
Event Details
Organizer: Orchard Hotel Singapore
Admission: Complimentary
Event Date: 24 Nov 2024. 11am to 4pm.
Step into a world of romance and timeless elegance at the Once in a Millennium Wedding Show, at Orchard Hotel Singapore. Whether you're just beginning your wedding journey or finalizing those special details, this event will be your one-stop destination for everything wedding-related.
For more information or to RSVP
Here
!",https://t.me/blissfulbrides/1277
blissfulbrides,2024-11-06T01:00:42+00:00,[],"[""https://www.blissfulbrides.sg/articles/wedding/the-art-of-creating-seating-chart-for-your-guests""]",1276,,"The Art of creating Seating Chart for your Guests
Putting together a wedding guest list isn't easy, and figuring out where everyone's going to sit? Even tougher. But don't worry! We're here to help you turn that stress into something fun and manageable.
Read here
to find out more.",https://t.me/blissfulbrides/1276
blissfulbrides,2024-11-05T01:01:06+00:00,[],"[""https://www.blissfulbrides.sg/9/hotels/detail/1199/mandarin-oriental"", ""https://www.blissfulbrides.sg/articles/wedding-news/unforgettable-weddings-at-mandarin-oriental-singapore""]",1275,,"Unforgettable Weddings at Mandarin Oriental, Singapore
Discover the epitome of wedding luxury at
Mandarin Oriental, Singapore
. From the stunning Oriental Ballroom to intimate venues, expert planning, and culinary excellence, create unforgettable memories in the heart of Marina Bay.
Read here
to find out more.",https://t.me/blissfulbrides/1275
blissfulbrides,2024-11-04T01:00:26+00:00,[],"[""https://www.blissfulbrides.sg/package-detaile/2540/weekend-lunch-package-2025""]",1273,,"Weekend Lunch Package 2025
by InterContinental
®
Singapore
Start from $218.80++
For more information
Here
!",https://t.me/blissfulbrides/1273
blissfulbrides,2024-11-03T01:00:54+00:00,[],"[""https://www.blissfulbrides.sg/articles/wedding/booking-a-wedding-room-block-everything-you-need-to-know""]",1272,,"Booking A Wedding Room Block: Everything You Need To Know
Need temporary accommodations for your wedding guests? A hotel room block may be what you need. Discover their benefits and tips to secure the best rates.
Read here
to find out more.",https://t.me/blissfulbrides/1272
blissfulbrides,2024-11-02T01:01:42+00:00,[],"[""https://www.blissfulbrides.sg/event-detail/996/Stay-Blissful-Wedding-Package-2025""]",1271,,"[Ongoing Promotion] Stay Blissful: Wedding Package 2025
Promotion Details
Organizer: Holiday Inn Singapore Orchard City Centre
Promotion Period: until 30 November 2024.
Enjoy $108++ Off Per Table!
Complete your wedding package with additional perks! Enjoy $108++ off per table for NEW bookings made by 30 November 2024. Applicable for Chinese menu and for weddings held from January to December 2025.
For more information or to RSVP
Here
!",https://t.me/blissfulbrides/1271
blissfulbrides,2024-11-01T01:02:02+00:00,[],"[""https://www.blissfulbrides.sg/9/hotels/detail/1196/hilton-singapore-orchard"", ""https://www.blissfulbrides.sg/articles/wedding/hilton-singapore-orchard-presents-hilton-honors-your-moments-a-bespoke-wedding-experience""]",1270,,"Hilton Singapore Orchard Presents: 'Hilton Honors Your Moments' - A Bespoke Wedding Experience
In the heart of Singapore's vibrant Orchard Road,
Hilton Singapore Orchard
is set to redefine wedding celebrations with its latest offering. From the first spark to life's key milestones, the hotel is committed to being part of every couple's wedding journey, crafting unforgettable moments before, during, and beyond the wedding day.
Read here
to find out more.",https://t.me/blissfulbrides/1270
blissfulbrides,2024-10-31T01:00:21+00:00,[],"[""https://www.blissfulbrides.sg/wedding-dress-evening-gown-rental?status=activate&amp;paginate=12&amp;page=7"", ""https://www.blissfulbrides.sg/articles/wedding/a-comprehensive-wedding-dress-fitting-checklist-for-the-bride""]",1269,,"A Comprehensive Wedding Dress Fitting Checklist For The Bride
Every bride-to-be knows just how thrilling yet daunting it is to find the perfect
wedding dress
for their big day. Thankfully, the fitting process makes this endeavour a lot easier and it is where your dreams become a reality.
Read here
to find out more.",https://t.me/blissfulbrides/1269
blissfulbrides,2024-10-30T01:01:50+00:00,[],"[""https://www.blissfulbrides.sg/event-detail/993/A-Promise-Of-Perfection-Wedding-Showcase""]",1268,,"A Promise Of Perfection Wedding Showcase
Event Details
Organizer: Sheraton Towers Singapore
Admission: Complimentary (By Appointment Only)
Event Date: 30 Nov, Sat. 11:00 AM – 5:00 PM
From intimate celebrations to elegant wedding receptions, Sheraton Towers Singapore provides the perfect venue for your most momentous day. Enjoy exclusive wedding perks and privileges when you confirm your wedding with us on 30 November 2024.
For more information or to RSVP
Here
!",https://t.me/blissfulbrides/1268
blissfulbrides,2024-10-29T11:00:59+00:00,[],"[""https://events.blissfulbrides.sg/melodies-of-love-a-wedding-showcase-by-paradox/""]",1267,,"💍
✨
Ready to plan the wedding of your dreams? Join us at
Melodies of Love: A Wedding Showcase
on Sunday, 10th November at Paradox Singapore Merchant Court!
💫
Here’s what to expect:
▪
Up to
S$88++ off
per table on selected packages
▪
Free-flow drinks & 1-night stay perks
▪
Stunning venue previews & luxury tastings
▪
Meet top wedding vendors & finalise your plans
▪
Lucky draw with amazing prizes!
🎁
RSVP today via the link in bio no and confirm your wedding with us—your dream wedding awaits!
💕
For more details, visit our RSVP page!
💐
Date: 10 November, 2024, 12:00 PM to 6:00 PM
Venue: 20 Merchant Rd, Singapore 058281, Merchant Court Ballroom, Lobby Level
RSVP Link:
Melodies of love | A Wedding Showcase by Paradox",https://t.me/blissfulbrides/1267
blissfulbrides,2024-10-29T01:02:07+00:00,[],"[""https://www.blissfulbrides.sg/package-detaile/2554/timeless-rendezvous--package-menus""]",1263,,"Timeless Rendezvous (Package)
by Rendezvous Hotel Singapore
💫
Start from $1605++
For more information
Here
!",https://t.me/blissfulbrides/1263
blissfulbrides,2024-10-28T01:01:53+00:00,[],"[""https://www.blissfulbrides.sg/bbadmin/edit-post/1468""]",1261,,"Ways to Prepare Physically and Mentally for Your Wedding Day
Wedding planning is a rollercoaster of emotions, from excitement to overwhelm. With so much to do, from selecting flowers to finalizing the guest list, it's easy to lose sight of the most important person in the planning process: You.
Read here
to find out more.",https://t.me/blissfulbrides/1261
blissfulbrides,2024-10-27T01:00:49+00:00,[],"[""https://www.blissfulbrides.sg/event-detail/991/Amara-Singapore-Wedding-Showcase""]",1260,,"Amara Singapore Wedding Showcase
Event Details
Organizer: Amara Singapore
Admission: Complimentary
Event Date: 24 Nov, Sun. 12:30 PM – 5:00 PM.
Join us at the Amara Singapore Wedding Showcase and let us bring your dream wedding to life, where every detail is crafted to perfection.
For more information or to RSVP
Here
!",https://t.me/blissfulbrides/1260
blissfulbrides,2024-10-26T01:00:41+00:00,[],"[""https://www.blissfulbrides.sg/articles/wedding/6-outdoor-wedding-planning-do-s-don-t-s""]",1259,,"6 Outdoor Wedding Planning Do’s & Don't’s
Have you always dreamed of a romantic beach wedding or a garden party? Take note of our dos and don'ts to ensure your outdoor wedding planning is perfect.
Read here
to find out more.",https://t.me/blissfulbrides/1259
blissfulbrides,2024-10-25T01:01:36+00:00,[],"[""https://www.blissfulbrides.sg/event-detail/992/An-Exquisite-Wedding-Show-At-Pan-Pacific-Singapore""]",1258,,"An Exquisite Wedding Show At Pan Pacific Singapore
Event Details
Organizer: Pan Pacific Singapore
Admission: By appointment only
Event Date: 9 Nov, Sat. 11:00 AM – 5:00 PM
Indulge in a delightful selection of light refreshments as you explore our exclusive wedding showcase. Take advantage of exceptional savings of up to $8,800, with bespoke rebates on each table and other privileges, applicable only during the wedding showcase.
For more information or to RSVP
Here
!",https://t.me/blissfulbrides/1258
blissfulbrides,2024-10-24T01:01:56+00:00,[],"[""https://www.blissfulbrides.sg/articles/wedding/a-guide-to-your-wedding-proposal""]",1257,,"A Guide to Your Wedding Proposal
Congratulations, you are about to propose! Whether you're feeling confident or stepping out of your comfort zone, there are some mistakes you'll want to avoid in this special moment. Before you open that ring box and pop the question, check out this list of don'ts from Blissful Brides!
✨
Read more
here
!",https://t.me/blissfulbrides/1257
blissfulbrides,2024-10-23T01:00:29+00:00,[],"[""https://www.blissfulbrides.sg/package-detaile/2520/skai-suites-wedding-2025""]",1254,,"SKAI Suites Wedding 2025
by Fairmont Singapore & Swissôtel The Stamford
💫
Start from $1988++
For more information
Here
!",https://t.me/blissfulbrides/1254
blissfulbrides,2024-10-22T01:00:52+00:00,[],"[""https://www.blissfulbrides.sg/event-detail/989/Blissful-Beginnings-Wedding-Workshop"", ""https://www.blissfulbrides.sg/event-detail/989/Blissful-Beginnings-Wedding-Workshop""]",1253,,"Blissful Beginnings Wedding Workshop
Event Details
Organizer: Singapore Marriott Tang Plaza Hotel
Admission: Complimentary
Event Date: 9 Nov, Sat. 10:00 AM – 4:00 PM.
RSVP today
and unlock up to $12,000 savings! Looking to hold a wedding at the Grand Ballroom with a minimum of 18 tables? Join us at our Wedding Workshop and see what we have to offer!
For more information or to RSVP
Here
!",https://t.me/blissfulbrides/1253
blissfulbrides,2024-10-21T01:01:38+00:00,[],"[""https://www.blissfulbrides.sg/package-detaile/2560/impian-wedding-package-2024-2025""]",1252,,"Impian Wedding Package 2024 & 2025
Start from $45++
For the love of a lifetime by Village Hotel Katong & Village Hotel Changi
💖
For more information
Here
!",https://t.me/blissfulbrides/1252
blissfulbrides,2024-10-20T01:01:13+00:00,[],"[""https://www.blissfulbrides.sg/articles/wedding/wedding-planner-and-why-do-you-need-them""]",1251,,"Wedding Planner and Why Do You Need Them?
Wedding planners handle all the details and keep track of everything you might not think of, ensuring your wedding runs smoothly and stress-free. Join Blissful Brides Vietnam as we explore the benefits of hiring a wedding expert.
✨
Read more
here
!",https://t.me/blissfulbrides/1251
blissfulbrides,2024-10-19T01:01:12+00:00,[],"[""https://www.blissfulbrides.sg/package-detaile/2546/twilight-weddings-weekday-lunch-package""]",1249,,"Twilight Weddings (Weekday Lunch Package)
by Novotel Singapore on Stevens
Start from $1108++
For more information
Here
!",https://t.me/blissfulbrides/1249
blissfulbrides,2024-10-18T01:00:32+00:00,[],"[""https://www.blissfulbrides.sg/package-detaile/2549/wedding-package-2025-january-to-august""]",1247,,"Wedding Package 2025 (January to August)
by Carlton Hotel Singapore
✨
Start from $1308++
For more information
Here
!",https://t.me/blissfulbrides/1247
blissfulbrides,2024-10-17T01:01:26+00:00,[],"[""https://events.blissfulbrides.sg/melodies-of-love-a-wedding-showcase-by-paradox/""]",1246,,"Melodies of Love Wedding Showcase
Event Details
Organizer: Paradox Singapore Merchant Court
Admission: Free
Event Date: Sunday 10/11/24, 12:00 PM to 06:00 PM
Discover a meticulously crafted menu, perfectly designed to enhance your special day at the
‘Melodies of Love’
Wedding Showcase, where elegance and flavour unite for an unforgettable celebration
💍
🎶
For more information or to RSVP
Here
!",https://t.me/blissfulbrides/1246
blissfulbrides,2024-10-16T01:02:11+00:00,[],"[""https://www.blissfulbrides.sg/articles/wedding/wedding-guest-list-do-s-don-t-s""]",1245,,"Wedding Guest List: Do’s & Don’t's
Creating a wedding guest list involves a delicate balancing act with a lot of careful consideration to avoid upsetting anyone.
Read more
here
!
✨",https://t.me/blissfulbrides/1245
blissfulbrides,2024-10-15T01:01:11+00:00,[],"[""https://www.blissfulbrides.sg/event-detail/988/love-takes-flight-wedding-showcase""]",1242,,"Love Takes Flight Wedding Showcase
Event Details
Organizer: Crowne Plaza Changi Airport
Admission: Free
Event Date: Sunday 27/10/24, 11:00 to 17:00
Explore endless possibilities for your dream wedding at
‘Love Takes Flight’
at Crowne Plaza Changi Airport Hotel
✨
For more information or to RSVP
Here
!",https://t.me/blissfulbrides/1242
blissfulbrides,2024-10-14T01:01:16+00:00,[],"[""https://www.blissfulbrides.sg/package-detaile/2535/saturday-dinner-package-october-december-2025""]",1240,,"Saturday Dinner Package October - December 2025
by InterContinental
®
Singapore
Start from $248.80++
For more information
Here
!",https://t.me/blissfulbrides/1240
blissfulbrides,2024-10-13T01:01:56+00:00,[],"[""https://www.blissfulbrides.sg/event-detail/984/Timeless-Vows-A-Journey-of-Love-and-Forever""]",1239,,"Timeless Vows: A Journey of Love and Forever
Event Details
Organizer: Dusit Thani Laguna Singapore
Admission: Complimentary
Event Date: Sunday, 1 Dec 2024. 10:00 to 17:00 (last appointment 16:00)
Craft your own fairytale wedding where mesmerizing views and captivating scenery set the stage for your perfect day, creating memories that will last for a lifetime.
For more information or to RSVP
Here
!",https://t.me/blissfulbrides/1239
blissfulbrides,2024-10-12T01:00:25+00:00,[],"[""https://www.blissfulbrides.sg/package-detaile/2559/everlasting-bliss-package-2024-2025-chinese""]",1238,,"Everlasting Bliss Package 2024 & 2025
Start from $1480++
For the love of a lifetime by Village Hotel Katong & Village Hotel Changi
💖
For more information
Here
!",https://t.me/blissfulbrides/1238
blissfulbrides,2024-10-11T10:06:16+00:00,[],"[""https://events.blissfulbrides.sg/love-takes-flight-wedding-showcase/""]",1237,,"🌟
𝐋𝐨𝐯𝐞 𝐓𝐚𝐤𝐞𝐬 𝐅𝐥𝐢𝐠𝐡𝐭: 𝐘𝐨𝐮𝐫 𝐃𝐫𝐞𝐚𝐦 𝐖𝐞𝐝𝐝𝐢𝐧𝐠 𝐀𝐰𝐚𝐢𝐭𝐬!
💖
✈️
Join us at the “Love Takes Flight” wedding showcase at Crowne Plaza Changi Airport, near Jewel Changi! Explore stunning rainforest and beach-themed wedding settings.
💍
✨
🎁
Highlights:
Lucky draw prizes & exclusive door gifts
Complimentary banquet tastings
One-on-one consultations with expert planners & top vendors
📅
Date: Sunday, October 27, 2024, 11 AM - 5 PM
📍
Venue: Chengal Ballroom, Crowne Plaza Changi Airport
📝
RSVP via
🔗
https://events.blissfulbrides.sg/love-takes-flight-wedding-showcase/",https://t.me/blissfulbrides/1237
blissfulbrides,2024-10-11T01:00:53+00:00,[],"[""https://www.blissfulbrides.sg/package-detaile/2532/boutique-wedding-at-bras-basah-2025""]",1235,,"Boutique Wedding at Bras Basah 2025
by InterContinental
®
Singapore
Start from $188++
For more information
Here
!",https://t.me/blissfulbrides/1235
blissfulbrides,2024-10-10T01:00:40+00:00,[],"[""https://www.blissfulbrides.sg/event-detail/987/Sanctuary-of-Love-Wedding-Showcase-at-Amara-Sanctuary-Sentosa""]",1234,,"Sanctuary of Love Wedding Showcase at Amara Sanctuary Sentosa
Event Details
Organizer: Amara Sanctuary Resort Sentosa
Admission: Free
Event Date: 31 October 2024. 12.00pm to 5.00pm
Confirm your wedding with us during this wedding showcase and you'll enjoy exclusive privileges, attractive perks and savings up to S$13,888, including rebates, unlimited house wine and beer, an additional night's stay, and more!
For more information or to RSVP
Here
!",https://t.me/blissfulbrides/1234
blissfulbrides,2024-10-09T01:00:09+00:00,[],"[""https://www.blissfulbrides.sg/package-detaile/2557/enamoured-ever-after-2024-2025""]",1233,,"Enamoured Ever After Package 2024 & 2025
Start from $118++
For the love of a lifetime by Village Hotel Katong & Village Hotel Changi
💗
For more information
Here
!",https://t.me/blissfulbrides/1233
blissfulbrides,2024-10-08T01:01:20+00:00,[],"[""https://www.blissfulbrides.sg/event-detail/986/Simply-Yours-Celebrations-Wedding-Show-The-Garden-of-Whispers""]",1232,,"Simply Yours Celebrations Wedding Show – The Garden of Whispers
Event Details
Organizer: PARKROYAL on Beach Road
Admission: Free
Event Date: 27 October 2024. 12:00 PM to 5:00 PM.
For more information or to RSVP
Here
!",https://t.me/blissfulbrides/1232
blissfulbrides,2024-10-07T01:01:50+00:00,[],"[""https://www.blissfulbrides.sg/package-detaile/2548/twilight-weddings-weekend-lunch-package""]",1230,,"Twilight Weddings (Weekend Lunch Package)
by Novotel Singapore on Stevens
Start from $1488++
For more information
Here
!",https://t.me/blissfulbrides/1230
blissfulbrides,2024-10-04T01:00:49+00:00,[],"[""https://www.blissfulbrides.sg/package-detaile/2566/timeless-union-package-2024-2025""]",1227,,"Timeless Union Package 2024 & 2025
Start from $153++
For the love of a lifetime by Village Hotel Katong & Village Hotel Changi
💞
For more information
Here
!",https://t.me/blissfulbrides/1227
blissfulbrides,2024-10-03T01:02:06+00:00,[],"[""https://www.blissfulbrides.sg/9/hotels/detail/357/crowneplaza"", ""https://www.blissfulbrides.sg/articles/wedding/crowne-plaza-changi-airport-singapore-where-dreams-take-flight""]",1226,,"Crowne Plaza Changi Airport Singapore: Where Dreams Take Flight
Discover the enchanting wedding venues at
Crowne Plaza Changi Airport Singapore
. From rainforest-themed ballrooms to intimate garden settings, create unforgettable memories in award-winning spaces.
Read here
to find out more.",https://t.me/blissfulbrides/1226
blissfulbrides,2024-10-02T01:30:28+00:00,[],"[""https://www.blissfulbrides.sg/package-detaile/2519/tchl-wedding-packages-2024-2025""]",1224,,"Chui Huay Lim Teochew Cuisine TCHL Wedding Packages 2024-2025
Start from $899++
For more information
Here
!",https://t.me/blissfulbrides/1224
blissfulbrides,2024-09-30T01:01:40+00:00,[],"[""https://www.blissfulbrides.sg/articles/wedding/what-makes-intercontinental-danang-sun-peninsula-resort-the-top-destination-for-sophisticated-travelers-and-luxurious-weddings""]",1222,,"What makes InterContinental Danang Sun Peninsula Resort the top destination for sophisticated travelers and luxurious weddings?
With the aspiration of transforming Vietnam into not only a tourist destination but also a 'diamond land' for perfect destination weddings, Blissful Brides had the privilege of hearing heartfelt insights from Mr. Seif Hamdy, General Manager of InterContinental Danang Sun Peninsula Resort. At the grand ""I Dreamed A Dream"" event organized by renowned designer Chung Thanh Phong, Mr. Hamdy shared his profound thoughts about the resort and Da Nang, where he has been dedicated to working for nearly a decade.
Read here
to find out more.",https://t.me/blissfulbrides/1222
blissfulbrides,2024-09-29T01:01:47+00:00,[],"[""https://www.blissfulbrides.sg/event-detail/979/Promise-To-Forever-Wedding-Workshop""]",1221,,"Promise To Forever Wedding Workshop
Event Details
Organizer: Carlton Hotel Singapore
Admission: Complimentary
Event Date: 27 Oct, Sun. 11:30 AM – 5:00 PM
Join us at the Carlton Hotel Singapore for our ""Promise to Forever"" wedding workshop, where you can immerse yourself in an extraordinary experience. Let our dedicated team of wedding experts transform your dream wedding into a beautiful reality.
For more information or to RSVP
Here
!",https://t.me/blissfulbrides/1221
blissfulbrides,2024-09-28T01:00:55+00:00,[],"[""https://www.blissfulbrides.sg/event-detail/981/Wed-in-Style-Wedding-Workshop-2024""]",1220,,"Wed in Style Wedding Workshop 2024
Event Details
Organizer: voco Orchard Singapore
Admission: By appointment only
Event Date: Saturday, 12 October 2024. 10am to 6pm.
Unlock a world of possibilities for your special day when you say “I do” at voco Orchard Singapore’s Wed in Style wedding workshop.
For more information or to RSVP
Here
!",https://t.me/blissfulbrides/1220
blissfulbrides,2024-09-27T01:01:39+00:00,[],"[""https://www.blissfulbrides.sg/package-detaile/2513/2025-premium-package-royal-thai""]",1218,,"2025 Premium Package (Royal Thai)
Start from $208.80++
Royal Thai
✨
SGD 208.80++ per person
✨
Minimum guarantee of 250 persons
✨
A surcharge of SGD 5++ per person applies for eve of and on public holidays
✨
Available for Monday to Sunday, valid from 1 January to 31 December 2025
For more information
Here
!",https://t.me/blissfulbrides/1218
blissfulbrides,2024-09-26T01:01:20+00:00,[],"[""https://www.blissfulbrides.sg/9/hotels/detail/190/four-points-by-sheraton-singapore-riverview"", ""https://www.blissfulbrides.sg/articles/wedding/riverside-romance-wedding-venues-at-four-points-by-sheraton-singapore""]",1217,,"Riverside Romance: Wedding Venues at Four Points by Sheraton Singapore
Discover the perfect wedding venue at
Four Points by Sheraton Singapore, Riverview
. From the grand Jubilee Ballroom to the sleek Robertson Room and charming riverside settings, create unforgettable moments for your special day.
Read here
to find out more.",https://t.me/blissfulbrides/1217
blissfulbrides,2024-09-25T01:01:39+00:00,[],"[""https://www.blissfulbrides.sg/articles/wedding/does-si-dian-jin-hold-any-meaning-in-today-s-society""]",1216,,"Does Si Dian Jin Hold Any Meaning In Today’s Society?
As traditions evolve, does Si Dian Jin still matter? In this article, we share the enduring relevance of this age-old practice in contemporary Chinese weddings.
Read here
to find out more.",https://t.me/blissfulbrides/1216
blissfulbrides,2024-09-24T01:00:39+00:00,[],"[""https://www.blissfulbrides.sg/event-detail/980/-Ongoing-Promotion-Special-Wedding-Promotion-by-PARKROYAL-COLLECTION-Pickering-Singapore""]",1215,,"[Ongoing Promotion] Special Wedding Promotion by PARKROYAL COLLECTION Pickering, Singapore
Promotion Details
Organizer: PARKROYAL COLLECTION Pickering, Singapore
Admission: Free
Promotion Period: until 10 October 2024.
Say ‘I Do’ at PARKROYAL COLLECTION Pickering, Singapore, an iconic hotel-in-a-garden that offers a lush, romantic setting for the wedding of your dreams. It's the perfect locale to pledge your life and love — where enchanted gardens and beautiful blooms marry seamlessly with modern architecture.
For more information or to RSVP
Here
!",https://t.me/blissfulbrides/1215
blissfulbrides,2024-09-23T01:01:59+00:00,[],"[""https://www.blissfulbrides.sg/package-detaile/2516/2025-weekend-dinner-package-luxe""]",1213,,"2025 Weekend Dinner Package (Luxe)
Start from $188.80++
Luxe
✨
SGD 1,888++ per table of 10 persons / SGD 188.80++ per person
✨
Minimum guarantee of 25 tables / 250 persons
✨
A surcharge of SGD 5++ per person applies for eve of and on public holidays
✨
Available for Friday to Sunday Dinner, valid from 1 January to 31 December 2025
For more information
Here
!",https://t.me/blissfulbrides/1213
blissfulbrides,2024-09-22T01:01:04+00:00,[],"[""https://www.blissfulbrides.sg/articles/wedding/5-tips-for-planning-the-perfect-wedding-on-a-tight-timeline""]",1211,,"5 Tips For Planning The Perfect Wedding On A Tight Timeline
If you're pressed for time – fret not! Read on to learn how to plan a wedding on a tight timeline, ensuring your big day goes smoothly, even on short notice.
Read more
here
!
✨",https://t.me/blissfulbrides/1211
blissfulbrides,2024-09-21T01:01:17+00:00,[],"[""https://www.blissfulbrides.sg/event-detail/982/Goldheart-Bridal-Consultation""]",1205,,"Goldheart Bridal Consultation
Event Details
Organizer: Goldheart Jewelry
Admission: Free
Event Date: 20-24 Sep 2024 (Friday - Tuesday) 11-15 Oct 2024 (Friday - Tuesday) & 25-29 Oct 2024 (Friday - Tuesday)
Begin your bridal journey at their upcoming Bridal Consultation - an intimate and curated shopping experience brought to you exclusively at selected Goldheart boutiques. 1st 150 RSVPs to receive a door gift worth more than $200 per couple.
For more information or to RSVP
Here
!",https://t.me/blissfulbrides/1205
blissfulbrides,2024-09-20T01:00:19+00:00,[],"[""https://www.blissfulbrides.sg/package-detaile/2395/stay-blissful-package-2024-2025""]",1204,,"Stay Blissful Package - 2024 / 2025 by Holiday Inn Singapore Orchard City Centre
Start from $1368++
There’s no denying that planning for your wedding is a stressful business. Let our wedding specialists guide you on a journey to explore the luxury and exceptional service for a truly unforgettable wedding celebration for you.
For more information
Here
!",https://t.me/blissfulbrides/1204
blissfulbrides,2024-09-19T01:01:40+00:00,[],"[""https://www.blissfulbrides.sg/event-detail/978/-Truly-Madly-Deeply-Aloft-Singapore-Novena""]",1203,,"“Truly Madly Deeply” @ Aloft Singapore Novena
Event Details
Organizer: Aloft Singapore Novena
Admission: Complimentary
Event Date: 6 Oct, Sun. 11:00 AM – 5:00 PM
Join us at our Wedding Show on 6 October and say ""I truly, madly, deeply do"" with a Bang!
For more information or to RSVP
Here
!",https://t.me/blissfulbrides/1203
blissfulbrides,2024-09-18T01:00:51+00:00,[],"[""https://www.blissfulbrides.sg/11/jewellery-accessories/detail/804/love--co-pte-ltd-"", ""https://www.blissfulbrides.sg/articles/jewellery/love-co-crafting-timeless-symbols-of-devotion""]",1202,,"Love & Co.: Crafting Timeless Symbols of Devotion
Discover
Love & Co.
's exquisite wedding jewellery. With personalised designs, superior craftsmanship, and innovative collections, we celebrate your unique love story. Explore our special offers today!
Read here
to find out more.",https://t.me/blissfulbrides/1202
blissfulbrides,2024-09-17T01:01:46+00:00,[],"[""https://www.blissfulbrides.sg/event-detail/977/A-Celebration-To-Remember-A-Westin-Wedding-Showcase""]",1201,,"A Celebration To Remember: A Westin Wedding Showcase
Event Details
Organizer: The Westin Singapore
Admission: Free | Last appointment at 5pm
Event Date: 5 - 6 Oct, Sat - Sun. 11:00 AM – 6:00 PM.
Begin your wedding journey with us at The Westin Singapore.
From intuitive service and thoughtful touches to enriching experiences and vibrant venues, we ensure that every detail of your event comes to life flawlessly, in your unique style. Let us make your celebration one to remember.
For more information or to RSVP
Here
!",https://t.me/blissfulbrides/1201
blissfulbrides,2024-09-16T01:01:05+00:00,[],"[""https://www.blissfulbrides.sg/9/hotels/detail/54/grand-copthorne-waterfront-hotel"", ""https://www.blissfulbrides.sg/articles/wedding/grand-copthorne-waterfront-hotel-singapore-a-picture-perfect-wedding""]",1200,,"Grand Copthorne Waterfront Hotel Singapore
: A Picture-Perfect Wedding
From Dreams to Reality — Grand Copthorne Waterfront is perfect for couples seeking the ultimate venue for their wedding day.
Read here
to find out more.",https://t.me/blissfulbrides/1200
blissfulbrides,2024-09-15T01:01:28+00:00,[],"[""https://www.blissfulbrides.sg/package-detaile/2517/2025-weekend-lunch-package-two-of-a-kind""]",1198,,"2025 Weekend Lunch Package (Two of a Kind)
Start from $173.80++
Two of a Kind
✨
SGD 1,738++ per table of 10 persons / SGD 173.80++ per person
✨
Minimum guarantee of 25 tables / 250 persons
✨
A surcharge of SGD 5++ per person applies for eve of and on public holidays
✨
Available for Friday to Sunday Lunch, valid from 1 January to 31 December 2025
For more information
Here
!",https://t.me/blissfulbrides/1198
blissfulbrides,2024-09-14T01:01:50+00:00,[],"[""https://www.blissfulbrides.sg/event-detail/976/Timeless-Elegance-Wedding-Showcase-at-Goodwood-Park-Hotel""]",1197,,"Timeless Elegance Wedding Showcase at Goodwood Park Hotel
Event Details
Organizer: Goodwood Park Hotel
Admission: Complimentary
Event Date: 4 Oct, Fri. 6:00 PM – 9:00 PM.
Save the date and immerse yourself in a world of romance and grandeur at our Timeless Elegance Wedding Showcase on Friday, 4 October 2024. Discover the timeless charm of Goodwood Park Hotel and find inspiration from our curated selection of wedding partners, offering exclusive perks and personalised experiences to bring your dream wedding to life.
For more information or to RSVP
Here
!",https://t.me/blissfulbrides/1197
blissfulbrides,2024-09-13T01:01:55+00:00,[],"[""https://www.blissfulbrides.sg/event-detail/972/Vows-in-Paradise-Wedding-showcase""]",1196,,"Vows in Paradise Wedding showcase
Event Details
Organizer: Shangri-La Rasa Sentosa, Singapore
Admission: Free
Event Date: 19 October 2024, Saturday | 11:30am to 6:30pm
Join us to enjoy rebates and perks worth up to SGD 12,700++,  which includes your Bachelorette or Bachelor party at +Twelve, Singapore's only adults-oriented beach club.
For more information or to RSVP
Here
!",https://t.me/blissfulbrides/1196
blissfulbrides,2024-09-12T01:00:55+00:00,[],"[""https://www.blissfulbrides.sg/package-detaile/2484/chinese-wedding-2025-package""]",1192,,"Chinese Wedding 2025 Package by One Farrer Hotel
Start from $1538++
For more information
Here
!",https://t.me/blissfulbrides/1192
blissfulbrides,2024-09-11T01:00:44+00:00,[],"[""https://www.blissfulbrides.sg/package-detaile/2515/2025-weekday-package-one-only""]",1190,,"2025 Weekday Package (One & Only)
Start from $153.80++
One & Only
✨
SGD 1,538++ per table of 10 persons / SGD 153.80++ per person
✨
Minimum guarantee of 25 tables / 250 persons
✨
A surcharge of SGD 5++ per person applies for eve of and on public holidays
✨
Available for Monday to Thursday, valid from 1 January to 31 December 2025
For more information
Here
!",https://t.me/blissfulbrides/1190
blissfulbrides,2024-09-10T01:02:13+00:00,[],"[""https://www.blissfulbrides.sg/articles/wedding/6-unique-ways-to-include-family-heirlooms-in-weddings""]",1189,,"6 Unique Ways To Include Family Heirlooms In Weddings
Wondering how to honour tradition and create meaningful wedding touches? In this article, discover 6 unique ways to weave family heirlooms into your big day!
Read more
here
!
✨",https://t.me/blissfulbrides/1189
blissfulbrides,2024-09-09T01:00:25+00:00,[],"[""https://www.blissfulbrides.sg/event-detail/974/-Ongoing-Promotion-Etoriaru-Opening-Special""]",1188,,"[Ongoing Promotion] Etoriaru Opening Special
Promotion Details
Organizer: Etoriaru
Admission: Free
Promotion Period: until 30 September 2024.
Brides-to-be can enjoy $500 off our latest collection gown packages from now till 30 September 2024.
For more information or to RSVP
Here
!",https://t.me/blissfulbrides/1188
blissfulbrides,2024-09-08T01:01:35+00:00,[],"[""https://www.blissfulbrides.sg/package-detaile/2410/solemnization-package-2024-i-2025""]",1187,,"Solemnization Package 2024 I 2025 by The Robertson House by The Crest Collection
Start from $128++
For more information
Here
!",https://t.me/blissfulbrides/1187
blissfulbrides,2024-09-07T01:00:22+00:00,[],"[""https://www.blissfulbrides.sg/articles/wedding/top-5-affordable-wedding-venues-in-singapore-to-consider""]",1186,,"Top 5 Affordable Wedding Venues In Singapore To Consider
Find the perfect spot without breaking the bank! Say 'I do' at one of these top 5 affordable wedding venues in Singapore, offering elegance and affordability.
Read here to find out
more
.",https://t.me/blissfulbrides/1186
blissfulbrides,2024-09-06T01:02:03+00:00,[],"[""https://www.blissfulbrides.sg/event-detail/973/1-Flowerhill-Grand-Opening-Wedding-Showcase-2024""]",1185,,"1-Flowerhill Grand Opening Wedding Showcase 2024
Event Details
Organizer: 1-Flowerhill
Admission: Free
Event Date: 29 Sep, Sun. 6:00 PM – 9:00 PM
Join us on September 29th at 6 pm for the grand opening showcase of 1-Flowerhill. Nestled in Sentosa’s serene landscape, our venue is a romantic haven waiting to be discovered, offering a sensory escape into a world of beauty and elegance.
For more information or to RSVP
Here
!",https://t.me/blissfulbrides/1185
blissfulbrides,2024-09-05T01:00:48+00:00,[],"[""https://www.blissfulbrides.sg/package-detaile/2422/soleminisation-package-2025""]",1184,,"Soleminisation Package 2025 by One Farrer Hotel
Start from $98++
Begin your lifelong union of marital bliss with the blessings of your loved ones. Curate this life chapter into an unforgettable luxurious celebration through our team of professionals.
For more information
Here
!",https://t.me/blissfulbrides/1184
blissfulbrides,2024-09-04T01:00:49+00:00,[],"[""https://www.blissfulbrides.sg/2/bridal-boutiques/detail/20/my-dream-wedding"", ""https://www.blissfulbrides.sg/articles/editor-s-choice-awards/a-dream-come-true-my-dream-wedding""]",1183,,"A Dream Come True: My Dream Wedding
My Dream Wedding
, a Korean-inspired bridal boutique, is helping brides across Asia find their perfect gowns, capture stunning photographs, and create unforgettable wedding experiences. Discover how they can fulfil your needs today.
Read
here
to find out more.",https://t.me/blissfulbrides/1183
blissfulbrides,2024-09-02T01:00:49+00:00,[],"[""https://www.blissfulbrides.sg/package-detaile/2514/2025-solemnization-package-seasons-of-love""]",1181,,"2025 Solemnization Package (Seasons of Love)
Start from $129++
Seasons of Love
✨
SGD 4,380++ for up to 30 guests
✨
Subsequent guest at SGD 129++ per person
✨
A surcharge of SGD 5++ per person applies for eve of and on public holidays
✨
Available for Monday to Sunday, valid from 1 January to 31 December 2025
For more information
Here
!",https://t.me/blissfulbrides/1181
blissfulbrides,2024-09-01T01:01:46+00:00,[],"[""https://www.blissfulbrides.sg/articles/wedding/one-farrer-hotel-where-urban-elegance-meets-wedding-perfection""]",1180,,"One Farrer Hotel: Where Urban Elegance Meets Wedding Perfection
One Farrer Hotel: Singapore's premier urban wedding destination. Discover versatile spaces, breathtaking views, and personalised service for your dream celebration.
Read more
here
!
✨",https://t.me/blissfulbrides/1180
blissfulbrides,2024-08-30T01:00:29+00:00,[],"[""https://www.blissfulbrides.sg/event-detail/971/-Ongoing-Promotion-Say-I-Do-To-Your-Wedding-Story""]",1179,,"[Ongoing Promotion] Say ‘I Do’ To Your Wedding Story
Promotion Details
Organizer: JEN Singapore Tanglin by Shangri-La
Admission: Free
Promotion Period: until 29 September 2024.
If you’re dreaming of a unique wedding story, look no further than JEN Singapore Tanglin by Shangri-La. With packages starting from $1,388++ per table, JEN Singapore Tanglin offers exclusive wedding décor themes that blend modern vibes with sophisticated elements, creating unique and stylish atmospheres in their ballrooms, providing a stunning backdrop for your wedding celebration.
For more information or to RSVP
Here
!",https://t.me/blissfulbrides/1179
blissfulbrides,2024-08-29T10:00:24+00:00,[],"[""https://bows.sg/#rsvp-here""]",1178,,"If you are looking to plan your dream wedding, our “ Vows In Bloom” ultimate one-stop wedding show awaits you
💍
💐
✨
Get ready for our Blissful One-stop Wedding Show (BOWS) on 28th and 29th September 2024!
🙌🏻
This is your chance to experience seamless wedding planning with us!
💍
Stay tuned to our social media for all the exciting updates—we promise you won't want to miss this!
👰🏻
𝐄𝐯𝐞𝐧𝐭 𝐃𝐞𝐭𝐚𝐢𝐥𝐬
📅
: 28 & 29 September, 2024
🕙
: 11am - 8pm
📍
: Marina Bay Sands Convention Centre Level 1, Hall A
🔗
: RSVP Today →
https://bows.sg/#rsvp-here",https://t.me/blissfulbrides/1178
blissfulbrides,2024-08-29T01:00:19+00:00,[],"[""https://www.blissfulbrides.sg/articles/beauty-wellness/say-yes-to-the-dress-flawless-and-confident-in-white""]",1177,,"Say Yes to the Dress: Flawless and Confident in White
Searching for the ideal wedding dress that beautifully aligns with your unique style and personality while harmonising with your inner and outer self? Discover how painless non-surgical body shaping can enhance your figure and bring out your best body contour on your special day!
Read here
to find out more.",https://t.me/blissfulbrides/1177
blissfulbrides,2024-08-28T01:01:58+00:00,[],"[""https://www.blissfulbrides.sg/event-detail/969/-Ongoing-Promotion-A-NUPITAL-SOIREE-THE-VAULT""]",1176,,"[Ongoing Promotion] A NUPITAL SOIREE @ THE VAULT
Promotion Details
Organizer: InterContinental
®
Singapore
Admission: Free
Promotion Period: until 30 September 2024.
For more information or to RSVP
Here
!",https://t.me/blissfulbrides/1176
blissfulbrides,2024-08-27T10:01:04+00:00,[],"[""https://bows.sg/#rsvp-here""]",1175,,"✨
Get ready for our Tri-annual Blissful One-Stop Wedding Show (BOWS) on 28th and 29th September 2024!
💐
This is your chance to experience the ultimate wedding planning event.
Stay tuned to our social media for all the exciting updates—we promise you won't want to miss this!
👰🏻
💍
🙌🏻
𝐄𝐯𝐞𝐧𝐭 𝐃𝐞𝐭𝐚𝐢𝐥𝐬
📅
: 28 & 29 September, 2024
🕙
: 11am - 8pm
📍
: Marina Bay Sands Convention Centre Level 1, Hall A
🔗
: RSVP Today → Link:
https://bows.sg/#rsvp-here",https://t.me/blissfulbrides/1175
blissfulbrides,2024-08-27T01:01:58+00:00,[],"[""https://www.blissfulbrides.sg/package-detaile/2509/2024-premium-package-royal-thai""]",1173,,"2024 Premium Package (Royal Thai)
Start from $208.80++
Royal Thai
✨
SGD 208.80++ per person
✨
Minimum guarantee of 250 persons
✨
A surcharge of SGD 5++ per person applies for eve of and on public holidays
✨
Available for Monday to Sunday, valid till 31 December 2024
For more information
Here
!",https://t.me/blissfulbrides/1173
blissfulbrides,2024-08-26T01:00:42+00:00,[],"[""https://www.blissfulbrides.sg/9/hotels/detail/54/grand-copthorne-waterfront-hotel"", ""https://www.blissfulbrides.sg/articles/wedding/your-perfect-wedding-venue-the-grand-copthorne-waterfront-hotel-singapore""]",1172,,"Your Perfect Wedding Venue: The Grand Copthorne Waterfront Hotel Singapore
An unforgettable experience for couples seeking a truly magical celebration. Your dream wedding deserves the perfect venue, and
Grand Copthorne Waterfront Hotel Singapore
is here to make it a reality. With its idyllic waterfront location, luxurious amenities, and impeccable service, it is the ultimate destination for couples seeking an unforgettable wedding experience.
Read more
here
.",https://t.me/blissfulbrides/1172
blissfulbrides,2024-08-25T01:01:55+00:00,[],"[""https://www.blissfulbrides.sg/package-detaile/2511/2024-weekday-package-one-only""]",1170,,"2024 Weekday Package (One & Only)
Start from $148.80++
One & Only
✨
SGD 1,488++ per table of 10 persons / SGD 148.80++ per person
✨
Minimum guarantee of 25 tables / 250 persons
✨
A surcharge of SGD 5++ per person applies for eve of and on public holidays
✨
Available for Monday to Thursday, valid till 31 December 2024
For more information
Here
!",https://t.me/blissfulbrides/1170
blissfulbrides,2024-08-24T01:01:08+00:00,[],"[""https://www.blissfulbrides.sg/event-detail/970/Seasons-of-Love-Unveiled-by-Four-Seasons-Hotel-Singapore""]",1169,,"Seasons of Love, Unveiled by Four Seasons Hotel Singapore
Event Details
Organizer: Four Seasons Hotel Singapore
Admission: Complimentary (By appointment only)
Event Date: 8 Sep, Sun.10:00 AM – 6:00 PM
Save the date and discover a timeless celebration of love at Four Seasons Hotel Singapore’s exclusive wedding showcase ‘Seasons of Love, Unveiled’ on Sunday, 8 September 2024.
For more information or to RSVP
Here
!",https://t.me/blissfulbrides/1169
blissfulbrides,2024-08-23T01:01:08+00:00,[],"[""https://www.blissfulbrides.sg/event-detail/960/-Ongoing-Promotion-Celebrate-Your-Love-in-Style-with-Purple-Sage""]",1167,,"[Ongoing Promotion] Celebrate Your Love in Style with Purple Sage
Promotion Details
Organizer: Purple Sage
Admission: Free
Promotion Period: Offer valid till 30 June 2025.
Create the wedding of your dreams at Purple Sage and savor unforgettable moments. For a limited time, enjoy a 10% Off* on our exquisite wedding packages when you pay with your DBS Debit or Credit Card.
For more information or to RSVP
Here
!",https://t.me/blissfulbrides/1167
blissfulbrides,2024-08-22T01:00:53+00:00,[],"[""https://www.blissfulbrides.sg/package-detaile/2394/stay-truly-indian-package-2024-2025""]",1166,,"Stay Truly Indian Package by Holiday Inn Singapore Orchard City Centre
Start from $120++
Celebrate your love story with our wedding professionals devoted to orchestrate your perfect wedding.
For more information
Here
!",https://t.me/blissfulbrides/1166
blissfulbrides,2024-08-21T01:00:29+00:00,[],"[""https://www.blissfulbrides.sg/event-detail/964/Memories-Beyond-Imagination-Wedding-Showcase""]",1165,,"Memories, Beyond Imagination Wedding Showcase
Event Details
Organizer: JW Marriott Singapore South Beach
Admission: By appointment only
Event Date: 1 Sep, Sun. 11:00 AM – 6:00 PM
JW Marriott Singapore South Beach presents Memories, Beyond Imagination Wedding Showcase in the iconic Grand Ballroom featuring the majestic 11,520-light Forest of Lights installation set against a dome-shaped LED wall.
For more information or to RSVP
Here
!",https://t.me/blissfulbrides/1165
blissfulbrides,2024-08-20T01:01:04+00:00,[],"[""https://www.blissfulbrides.sg/package-detaile/2510/2024-solemnization-package-seasons-of-love""]",1163,,"2024 Solemnization Package (Seasons of Love)
Start from $129.00++
A surcharge of SGD 5++ per person applies for eve of and on public holidays Available for Monday to Sunday, valid till 31 December 2024.
For more information
Here
!",https://t.me/blissfulbrides/1163
blissfulbrides,2024-08-19T01:00:06+00:00,[],"[""https://www.blissfulbrides.sg/package-detaile/2451/2024-2025-solemnisation-package""]",1162,,"2024/2025 Solemnisation Package by Hilton Singapore Orchard
Start from $1888++
Hold your solemnisation and exchange your vows in our designer-inspired botanical enclave at The Manor.
For more information
Here
!",https://t.me/blissfulbrides/1162
blissfulbrides,2024-08-18T01:01:03+00:00,[],"[""https://www.blissfulbrides.sg/event-detail/963/exceptional-wedding-showcase-at-mandarin-oriental-singapore""]",1161,,"Exceptional Wedding Showcase at Mandarin Oriental, Singapore
Event Details
Organizer: Mandarin Oriental, Singapore
Admission: Complimentary (Strictly by appointment only)
Event Date: 1 Sep, Sun. 10:00 AM – 7:00 PM
Dress Code: Smart Casual
Exchange your vows in grandeur or celebrate your love amidst a picturesque setting at Mandarin Oriental, Singapore. Set the stage for your dream wedding with our curated packages and let our wedding specialists craft treasured memories for you and your guests.
For more information or to RSVP
Here
!",https://t.me/blissfulbrides/1161
blissfulbrides,2024-08-17T04:10:04+00:00,[],"[""https://www.dbs.com.sg/personal/promotion/card-privileges-ylweddingwsg?pid=sg-dbs-pweb-prm-bank-cards-wedding-privileges-textlink-card-privileges-ylweddingwsg""]",1160,,"SAY “I DO” to a timeless wedding at W Singapore
@wsingapore
.
🏖
💫
Explore W Singapore's bespoke celebration options and envisage an elegant tropical wedding ceremony in Sentosa Cove where their beautiful architecture and contemporary design provide a stunning canvas for your wedding
⚓️
‼️
[Promotion]
‼️
Now if you make payment with a valid DBS/POSB Credit or Debit Card, you can enjoy a 10%off per person discount for wedding lunch or dinner at W Singapore (Up to $10,000 savings!)
🎉
You can also enjoy an additional complimentary night stay in a Marvelous Suite when you book for a wedding dinner (min. 250 pax)!
💫
More information:
https://www.dbs.com.sg/personal/promotion/card-privileges-ylweddingwsg?pid=sg-dbs-pweb-prm-bank-cards-wedding-privileges-textlink-card-privileges-ylweddingwsg
T&Cs apply.",https://t.me/blissfulbrides/1160
blissfulbrides,2024-08-17T01:02:12+00:00,[],"[""https://www.blissfulbrides.sg/package-detaile/2512/2024-weekend-package-two-of-a-kind""]",1158,,"2024 Weekend Package (Two of a Kind)
Start from $168.80++
Two of a Kind
✨
SGD 1,688++ per table of 10 persons / SGD 168.80++ per person
✨
Minimum guarantee of 25 tables / 250 persons
✨
A surcharge of SGD 5++ per person applies for eve of and on public holidays
✨
Available for Friday to Sunday, valid till 31 December 2024
For more information
Here
!",https://t.me/blissfulbrides/1158
blissfulbrides,2024-08-16T01:00:47+00:00,[],"[""https://www.blissfulbrides.sg/package-detaile/2448/wedding-packages-2025""]",1155,,"Wedding Packages 2025 by Pan Pacific Singapore
Start from $1988++
For more information
Here
!",https://t.me/blissfulbrides/1155
blissfulbrides,2024-08-15T01:02:02+00:00,[],"[""https://www.blissfulbrides.sg/event-detail/959/Timeless-Voyage-At-The-Fullerton-Bay-Hotel-Singapore""]",1154,,"Timeless Voyage At The Fullerton Bay Hotel Singapore
Event Details
Organizer: The Fullerton Bay Hotel Singapore
Admission: S$128 nett per couple | Early Bird Special: S$88 nett per couple for bookings before 9 August. Inclusive of a 5-course Western tasting menu, refreshments, and signature Clifford Pier mocktail per guest.
Event Date: 8 Sep, Sun. 12:45 PM – 4:00 PM
Envision your magical day at our much-anticipated wedding showcase, held in the magnificent setting of The Clifford Pier.After a grand march-in ceremony, the afternoon unfolds elegantly with a five-course epicurean journey specially presented by our culinary team, accompanied with captivating ballads by our live band.
For more information or to RSVP
Here
!",https://t.me/blissfulbrides/1154
blissfulbrides,2024-08-14T01:01:28+00:00,[],"[""https://www.blissfulbrides.sg/9/hotels/detail/1193/watabe-wedding-singapore"", ""https://www.blissfulbrides.sg/articles/wedding/tradition-and-elegance-your-big-day-with-watabe-wedding-singapore""]",1153,,"Tradition and Elegance: Your Big Day with Watabe Wedding Singapore
Discover the timeless elegance of
Watabe Wedding Singapore
at two of Singapore's iconic venues: CHIJMES Hall and Alcove at Caldwell House. Create your unforgettable love story in historic splendour.
Read more
here
.",https://t.me/blissfulbrides/1153
blissfulbrides,2024-08-13T01:01:13+00:00,[],"[""https://www.blissfulbrides.sg/event-detail/968/Sincerely-Yours-Celebrations-An-Opulent-Wedding-Showcase""]",1152,,"Sincerely Yours Celebrations: An Opulent Wedding Showcase
Event Details
Organizer: InterContinental
®
Singapore
Admission: Complimentary and by appointment only
Event Date: 17 Aug, Sat. 1:00 PM – 6:00 PM
Step into a world of romance and grandeur at our Ornate of Love Wedding Show. Join us on Sunday, 8 September 2024, and immerse in the timeless elegance of our Grand Ballroom. Be inspired by an exclusive selection of wedding perks when you confirm your celebration with us during the wedding show.
For more information or to RSVP
Here
!",https://t.me/blissfulbrides/1152
blissfulbrides,2024-08-12T01:01:00+00:00,[],"[""https://www.blissfulbrides.sg/event-detail/967/Ornate-of-Love-Wedding-Show""]",1151,,"Ornate of Love Wedding Show
Event Details
Organizer: InterContinental
®
Singapore
Admission: Free
Event Date: Sunday, 8 September 2024. 11am to 5pm.
Step into a world of romance and grandeur at our Ornate of Love Wedding Show. Join us on Sunday, 8 September 2024, and immerse in the timeless elegance of our Grand Ballroom. Be inspired by an exclusive selection of wedding perks when you confirm your celebration with us during the wedding show.
For more information or to RSVP
Here
!",https://t.me/blissfulbrides/1151
blissfulbrides,2024-08-11T01:00:48+00:00,[],"[""https://www.blissfulbrides.sg/9/hotels/detail/190/four-points-by-sheraton-singapore-riverview"", ""https://www.blissfulbrides.sg/articles/wedding/celebrate-eternal-love-at-four-points-by-sheraton-singapore-riverview""]",1150,,"Celebrate Eternal Love at
Four Points by Sheraton Singapore, Riverview
As the heart of the city pulses around it, this enchanting riverfront venue beckons couples to step into forever amidst a setting as eternal as their love.
Read here
to find out more.",https://t.me/blissfulbrides/1150
blissfulbrides,2024-08-10T01:01:53+00:00,[],"[""https://www.blissfulbrides.sg/package-detaile/2508/2024-intimate-wedding-package-forever-always""]",1148,,"2024 Intimate Wedding Package (Forever & Always)
Start from $188.80++
Forever & Always
✨
SGD 1,888++ per table of 10 persons / SGD 188.80++ per person
✨
Minimum guarantee of 12 tables / 120 persons
✨
A surcharge of SGD 5++ per person applies for eve of and on public holidays
✨
Available for Monday to Sunday, valid till 31 December 2024
For more information
Here
!",https://t.me/blissfulbrides/1148
blissfulbrides,2024-08-09T03:27:07+00:00,[],"[""https://www.instagram.com/reel/C-VP_b-y41t/?igsh=dXpyZnoxazk5OGhr""]",1147,,"🇸🇬
✨
In honour of Singapore's 59th National Day,
For 3 days only, enjoy 59% off on Alisha & Lace exclusive wedding collection
👗
🌟
💯
📆
Mark your calendars: 9th, 10th, 11th August
💯
Hurry, these limited-time offers won't last & Let’s
Celebrate Love & Heritage with Alisha & Lace
💍
🥰
Check Out their IG post:
🔗
https://www.instagram.com/reel/C-VP_b-y41t/?igsh=dXpyZnoxazk5OGhr",https://t.me/blissfulbrides/1147
blissfulbrides,2024-08-09T01:00:49+00:00,[],"[""https://www.blissfulbrides.sg/event-detail/962/Meet-Our-Certified-Wedding-Planners-From-Singapore-Marriott-Tang-Plaza-Hotel""]",1146,,"Meet Our Certified Wedding Planners From Singapore Marriott Tang Plaza Hotel
Event Details
Organizer: Singapore Marriott Tang Plaza Hotel
Admission: Complimentary (Advance Appointment Required)
Event Date: 17 Aug, Sat. 10:00 AM – 4:00 PM
Step into a world of enchantment as you start a new chapter of life together at Singapore Marriott Tang Plaza Hotel. Located in the heart of Orchard Road, impress your guests with a lavish wedding venue, exquisitely curated Cantonese cuisine from award-winning Wan Hao Chinese Restaurant and let our experienced team materialise your dream wedding, your way.
For more information or to RSVP
Here
!",https://t.me/blissfulbrides/1146
blissfulbrides,2024-08-08T01:01:59+00:00,[],"[""https://www.blissfulbrides.sg/articles/wedding/creating-the-perfect-wedding-playlist-do-s-and-don-ts""]",1145,,"Creating The Perfect Wedding Playlist: Do’s And Don’ts
Add a touch of creativity to your wedding with live art! Learn 5 practical tips for incorporating stunning performances that leave a lasting impression.
Read more
here
!",https://t.me/blissfulbrides/1145
blissfulbrides,2024-08-07T01:01:13+00:00,[],"[""https://www.blissfulbrides.sg/event-detail/961/-Ongoing-Promotion-National-Day-Wedding-Promotion-at-Carlton-Hotel-Singapore""]",1144,,"[Ongoing Promotion] National Day Wedding Promotion at Carlton Hotel Singapore
Promotion Details
Organizer: Carlton Hotel Singapore
Admission: Free
Promotion Period: 5 to 19 August 2024.
Secure your wedding package with us betweeen 5 to 19 August 2024 and enjoy exclusive benefits including a cash rebate of $590++, complimentary free-flow of house beer, and more.
For more information or to RSVP
Here
!",https://t.me/blissfulbrides/1144
blissfulbrides,2024-08-06T01:00:15+00:00,[],"[""https://www.blissfulbrides.sg/event-detail/958/A-Promise-Of-Perfection-Wedding-Showcase""]",1143,,"A Promise Of Perfection – Wedding Showcase
Event Details
Organizer: Sheraton Towers Singapore
Admission: Complimentary (By Appointment Only)
Event Date: 24 Aug, Sat. 11:00 AM – 5:00 PM
Set the perfect scene for a grand entrance with soaring ceilings and chandeliers glittering overhead in our opulent ballroom. From experienced event planners to food artisans of renowned Li Bai Cantonese Restaurant who will curate a gastronomic meal for you and your esteemed guests, our dedicated team is committed to ensuring your special day is nothing short of perfection.
For more information or to RSVP
Here
!",https://t.me/blissfulbrides/1143
blissfulbrides,2024-08-05T01:00:40+00:00,[],"[""https://www.blissfulbrides.sg/articles/wedding/5-tips-for-incorporating-live-art-at-your-dream-wedding""]",1142,,"5 Tips For Incorporating Live Art At Your Dream Wedding
Add a touch of creativity to your wedding with live art! Learn 5 practical tips for incorporating stunning performances that leave a lasting impression.
Read more
here
💫",https://t.me/blissfulbrides/1142
blissfulbrides,2024-08-04T01:01:04+00:00,[],"[""https://www.blissfulbrides.sg/articles/wedding/crafting-timeless-love-stories-at-marina-bay-sands""]",1141,,"Crafting Timeless Love Stories at Marina Bay Sands
Discover why Marina Bay Sands is Singapore's premier wedding destination. From breathtaking views to world-class cuisine, create unforgettable memories in this iconic venue.
Read More
Here
!",https://t.me/blissfulbrides/1141
blissfulbrides,2024-08-03T01:02:01+00:00,[],"[""https://www.blissfulbrides.sg/package-detaile/2393/-stay-joyful-malay-package-2024-2025""]",1140,,"Stay Joyful Malay Package - 2024 / 2025 by Holiday Inn Singapore Orchard City Centre
Start from $115++
Enjoy 9% off total bill when you book and utilise the wedding banquet by 31 December 2024.
For more information
Here
!",https://t.me/blissfulbrides/1140
blissfulbrides,2024-08-02T01:01:04+00:00,[],"[""https://www.blissfulbrides.sg/package-detaile/2450/2024-2025-weddings-packages""]",1139,,"2024/2025 Weddings Packages by Hilton Singapore Orchard
Start from $1688++
Walk down the aisle and begin your journey to forever in our ballrooms. Take your pick from our elegant, pillar-less Grand Ballroom for up to 800 guests or our unique four-tiered Imperial Ballroom (up to 220 guests).
For more information
Here
!",https://t.me/blissfulbrides/1139
blissfulbrides,2024-08-01T01:01:58+00:00,[],"[""https://www.blissfulbrides.sg/articles/wedding/promises-wedding-where-dreams-become-reality""]",1138,,"Promises Wedding: Where Dreams Become Reality
Discover Promises Wedding: Affordable, on-trend bridal gowns and suits for all sizes. In-house designs, transparent pricing, and personalised service make wedding dreams come true.
Read here to find out
more
.",https://t.me/blissfulbrides/1138
blissfulbrides,2024-07-31T01:01:38+00:00,[],"[""https://www.blissfulbrides.sg/event-detail/957/PARKROYAL-COLLECTION-PICKERING-Wedding-Workshop""]",1137,,"PARKROYAL COLLECTION PICKERING Wedding Workshop
Event Details
Organizer: PARKROYAL COLLECTION Pickering, Singapore
Admission: Complimentary, strictly by appointment
Event Date:  17 Aug, Sat. 11:00 AM – 7:00 PM.
Forever begins at PARKROYAL COLLECTION Pickering, Singapore. From exquisite cuisines, picture-perfect venues to personalised service, there’s nothing quite like a PARKROYAL COLLECTION wedding. Our dedicated Celebrations Curators are committed to attending to every detail, big or small; tying up the loose ends for you while you tie the knot.
For more information or to RSVP
Here
!",https://t.me/blissfulbrides/1137
blissfulbrides,2024-07-30T01:00:19+00:00,[],"[""https://www.blissfulbrides.sg/package-detaile/2428/ohs-wedding-package-chinese-2025""]",1135,,"OHS Wedding Package Chinese 2025 by Orchard Hotel Singapore
Start from $1588++
For more information
Here
!",https://t.me/blissfulbrides/1135
blissfulbrides,2024-07-29T01:00:56+00:00,[],"[""https://www.blissfulbrides.sg/event-detail/953/-Ongoing-Promotion-Say-I-Do-at-voco-Orchard-Singapore""]",1134,,"[Ongoing Promotion] Say ""I Do"" at voco Orchard Singapore
Promotion Details
Organizer: voco Orchard Singapore
Admission: Free
Promotion Period: Valid for weddings held on before 31 December 2025.
Celebrate your day, your way at voco Orchard Singapore. Whether you're planning an intimate gathering or a grand celebration, we have beautiful wedding themes, flexible ballroom layouts and diverse menus to cater exclusively to you and your wedding party.
For more information or to RSVP
Here
!",https://t.me/blissfulbrides/1134
blissfulbrides,2024-07-28T01:01:34+00:00,[],"[""https://www.blissfulbrides.sg/package-detaile/2497/everlasting-bliss-package-2024-2025-chinese""]",1132,,"Everlasting Bliss Package 2024 / 2025 (Chinese) by Village Hotel Katong
Start from $1288++
For more information
Here
!",https://t.me/blissfulbrides/1132
blissfulbrides,2024-07-27T01:02:04+00:00,[],"[""https://www.blissfulbrides.sg/event-detail/955/Love-In-Full-Bloom-2024-By-Manna-Weddings""]",1131,,"Love In Full Bloom 2024 By Manna Weddings
Event Details
Organizer: Manna Weddings
Admission: $18nett per couple
Event Date: 17 - 18 Aug, Sat - Sun. 12:00 PM – 7:00 PM
Come together with us as we unite an awe-inspiring group of photographers, florists, caterers and other brilliant wedding professionals to display our skills and craft a unique experience for you.
For more information or to RSVP
Here
!",https://t.me/blissfulbrides/1131
blissfulbrides,2024-07-26T01:00:27+00:00,[],"[""https://www.blissfulbrides.sg/package-detaile/2487/intimate-wedding-2025""]",1130,,"Intimate Wedding 2025 by One Farrer Hotel
Start from $1488++
Looking to bring together your loved ones for a cosy celebration? Offering picturesque city views via the floor to ceiling windows, the interconnected rooms of Napier, Read & Spottiswoode are great for private weddings or solemnisations.
For more information
Here
!",https://t.me/blissfulbrides/1130
blissfulbrides,2024-07-25T01:00:55+00:00,[],"[""https://www.blissfulbrides.sg/event-detail/954/The-Shangri-La-Legacy""]",1129,,"The Shangri-La Legacy
Event Details
Organizer: Shangri-La Singapore
Admission: Free
Event Date:  18 Aug, Sun. 11.00am to 5.00pm (Consultation by appointment only)
Join us for The Shangri-La Legacy, an exclusive wedding showcase by Shangri-La Singapore. From weddings to cherished memories, experience the magic of Shangri-La where timeless love stories and unforgettable moments are passed down through generations.
For more information or to RSVP
Here
!",https://t.me/blissfulbrides/1129
blissfulbrides,2024-07-24T01:00:55+00:00,[],"[""https://www.blissfulbrides.sg/3/cakes-desserts/detail/817/gin-thye"", ""https://www.blissfulbrides.sg/articles/chinese-wedding-traditions/elevate-your-guo-da-li-ceremony-with-gin-thye-s-exquisite-cakes""]",1128,,"Elevate Your Guo Da Li Ceremony with Gin Thye's Exquisite Cakes
Are you and your partner looking to add a touch of elegance and tradition to your wedding preparations? Look no further than
Gin Thye
's exquisite Guo Da Li ceremony packages. With their wide range of offerings and flexibility in customisation, they ensure that each package reflects your cultural background and personal style, making your special day truly unforgettable.
Read more
here
!
✨",https://t.me/blissfulbrides/1128
blissfulbrides,2024-07-23T01:01:24+00:00,[],"[""https://www.blissfulbrides.sg/event-detail/956/The-Great-Wedding-Showcase""]",1127,,"The Great Wedding Showcase
Event Details
Organizer: Milly & Frost
Admission: $24++ per pax (Receive return dining voucher when you attend the event)
Event Date: 3 Aug, Sat. 11:00 AM – 4:00 PM
Looking for a chic wedding vibe? Join us at The Great Wedding Showcase held at Noa! Featuring a sleek interior, it is the perfect venue for an intimate wedding. Enhance the ambience with signature decorations exclusively curated by award-winning florist from Milly & Frost, accompanied with craft cocktails, distinct flavors of the Mediterranean and live music - offering guests an engaging and memorable setting to celebrate your love.
For more information or to RSVP
Here
!",https://t.me/blissfulbrides/1127
blissfulbrides,2024-07-22T01:00:48+00:00,[],"[""https://www.blissfulbrides.sg/9/hotels/detail/306/mount-faber-peak"", ""https://www.blissfulbrides.sg/articles/editor-s-choice-awards/preferred-banquet-venues--mount-faber-peak""]",1126,,"Preferred Banquet Venues – Mount Faber Peak
Elevate your wedding experience with
Mount Faber Peak
, the epitome of elegance and natural beauty, nominated for the Editor's Choice Award for Preferred Banquet Venues.
Read here
to find out more.",https://t.me/blissfulbrides/1126
blissfulbrides,2024-07-21T01:00:54+00:00,[],"[""https://www.blissfulbrides.sg/package-detaile/2431/stay-serene-weekday-wedding-dinner-package-2024""]",1125,,"Stay Serene: Weekday Wedding Dinner Package 2024 by Holiday Inn Singapore Orchard City Centre
Start from $899++
Immerse yourselves in the romantic ambiance of our venue, adorned with personalised decor that captures the essence of your love.
For more information
Here
!",https://t.me/blissfulbrides/1125
blissfulbrides,2024-07-20T01:00:30+00:00,[],"[""https://www.blissfulbrides.sg/package-detaile/2493/intimate-package-2024-2025-fa""]",1123,,"Intimate Package by Village Hotel Katong
Start from $108.80++
For more information
Here
!",https://t.me/blissfulbrides/1123
blissfulbrides,2024-07-19T01:01:53+00:00,[],"[""https://www.blissfulbrides.sg/package-detaile/2471/solemnization-lunch-dinner-package""]",1122,,"Solemnization Lunch/Dinner Package by Raffles Marina
Start from $880++
For more information
Here
!",https://t.me/blissfulbrides/1122
blissfulbrides,2024-07-18T01:00:35+00:00,[],"[""https://www.blissfulbrides.sg/package-detaile/2426/wedding-brochure-2024-2025""]",1120,,"Wedding Brochure 2024 / 2025 by Holiday Inn Singapore Atrium
Start from $116.80++
For more information
Here
!",https://t.me/blissfulbrides/1120
blissfulbrides,2024-07-17T01:01:53+00:00,[],"[""https://www.blissfulbrides.sg/event-detail/952/-Ongoing-Promotion-The-Great-Singapore-Sale-By-Ith""]",1119,,"[Ongoing Promotion] The Great Singapore Sale By Ith
Promotion Details
Organizer: Ith
Admission: Free
Promotion Period: From now till 1 September 2024.
Enjoy exclusive 8% discounts on a style of your own—our made-to-order jewellery making process is there to create the ideal ring to symbolize your commitment.
For more information or to RSVP
Here
!",https://t.me/blissfulbrides/1119
blissfulbrides,2024-07-16T01:00:17+00:00,[],"[""https://www.blissfulbrides.sg/package-detaile/2449/2024-2025-the-manor-weddings-packages""]",1118,,"2024/2025 The Manor Weddings Packages by Hilton Singapore Orchard
Start from $338++
For more information
Here
!",https://t.me/blissfulbrides/1118
blissfulbrides,2024-07-15T01:00:20+00:00,[],"[""https://www.blissfulbrides.sg/package-detaile/2453/indian-wedding-package-2024""]",1116,,"Indian Wedding Package 2024 by Novotel Singapore on Stevens
Start from $188.80++
Nestled amidst the city's vibrancy, this urban oasis boasts versatile venue spaces bathed in verdant greenery. Our dedicated team personalizes every detail, ensuring your celebration reflects your unique love story.
For more information
Here
!",https://t.me/blissfulbrides/1116
blissfulbrides,2024-07-14T01:00:13+00:00,[],"[""https://www.blissfulbrides.sg/articles/editor-s-choice-awards/dive-into-forever-exchange-vows-at-a-one-of-a-kind-solemnisation-venue-the-robertson-house""]",1115,,"Dive into Forever: Exchange Vows at a One-of-A-Kind Solemnisation Venue, The Robertson House
A calm, radiant and historically significant oasis tucked in Central Singapore. The best kept secret for your momentous occasion. The Robertson House by The Crest Collection is situated at the heart of bustling Clarke Quay, where important commodity trades once took place along the Singapore River.
Read more
here
!
💫",https://t.me/blissfulbrides/1115
blissfulbrides,2024-07-13T01:01:30+00:00,[],"[""https://www.blissfulbrides.sg/package-detaile/2457/intimate-chinese-wedding-package-2024""]",1113,,"Intimate Chinese Wedding Package 2024 by Novotel Singapore on Stevens
Start from $1388++
Nestled amidst the city's vibrancy, this urban oasis boasts versatile venue spaces bathed in verdant greenery. Our dedicated team personalizes every detail, ensuring your celebration reflects your unique love story.
For more information
Here
!",https://t.me/blissfulbrides/1113
blissfulbrides,2024-07-12T01:01:39+00:00,[],"[""https://www.blissfulbrides.sg/package-detaile/2499/enamoured-ever-after-2024-2025-fa-indian""]",1111,,"Enamoured Ever After 2024 / 2025 (Indian) by Village Hotel Katong
Start from $113++
For more information
Here
!",https://t.me/blissfulbrides/1111
blissfulbrides,2024-07-11T01:00:17+00:00,[],"[""https://www.blissfulbrides.sg/package-detaile/2495/impian-wedding-package-2024-2025-fa-malay""]",1109,,"Impian Wedding Package 2024 / 2025 (Malay) by Village Hotel Katong
Start from $45++
For more information
Here
!",https://t.me/blissfulbrides/1109
blissfulbrides,2024-07-10T01:01:48+00:00,[],"[""https://www.blissfulbrides.sg/articles/editor-s-choice-awards/chui-huay-lim-teochew-cuisine-timeless-and-traditional-cuisine-for-your-big-day""]",1108,,"Chui Huay Lim Teochew Cuisine: Timeless and Traditional Cuisine for Your Big Day
Marriage is a momentous occasion for all involved, from the couple at the centre of it all to your loved ones. With Chui Huay Lim Teochew Cuisine’s catering expertise, you can be assured that every step of your wedding banquet will be an enjoyable experience.
Read More
Here
!",https://t.me/blissfulbrides/1108
blissfulbrides,2024-07-09T01:00:21+00:00,[],"[""https://www.blissfulbrides.sg/package-detaile/2452/2024-2025-intimate-weddings-packages""]",1107,,"2024/2025 Intimate Weddings Packages by Hilton Singapore Orchard
Start from $168.80++
For more information
Here
!",https://t.me/blissfulbrides/1107
blissfulbrides,2024-07-08T01:01:52+00:00,[],"[""https://www.blissfulbrides.sg/package-detaile/2455/weekday-weekend-chinese-wedding-package-y2024""]",1105,,"Weekday Weekend Chinese Wedding Package Y2024 by Novotel Singapore on Stevens
Start from $1108++
Polaris on Stevens | Tales of Romance under the Stars. Chinese Wedding | Wedding Lunch & Dinner Package 2024
For more information
Here
!",https://t.me/blissfulbrides/1105
blissfulbrides,2024-07-07T01:01:07+00:00,[],"[""https://www.blissfulbrides.sg/package-detaile/2488/wedding-deck-weddings-2024""]",1101,,"Wedding Deck Weddings 2024 by SIRI HOUSE
Start from $98++
For more information
Here
!",https://t.me/blissfulbrides/1101
blissfulbrides,2024-07-06T03:20:06+00:00,[],"[""https://events.blissfulbrides.sg/anchored-in-love-a-wedding-showcase-at-one15-marina-sentosa-cove-singapore/""]",1100,,"✨
Today Is the Event! Set Sail into Elegance at the 'Anchored in Love' Wedding Showcase!
⛵️
💍
Join us today, July 6, 2024, from 12 PM to 5 PM at ONE°15 Marina Sentosa Cove Singapore.
Discover bespoke venues, exclusive offers, and top vendors ready to craft your dream wedding.
💍
👰🏻‍♀️
The dedicated events team is ready to provide personalised advice, showcase exclusive offers, and help you envision every detail of your special day.
Explore a diverse array of vendors specializing in floristry, photography, catering, and bridal attire—all ready to assist in crafting your dream wedding. Don't miss this opportunity to discover your ideal wedding venue amidst one of Singapore's most scenic locations.
RSVP now and anchor your love in elegance:
🔗
https://events.blissfulbrides.sg/anchored-in-love-a-wedding-showcase-at-one15-marina-sentosa-cove-singapore/",https://t.me/blissfulbrides/1100
blissfulbrides,2024-07-06T01:01:13+00:00,[],"[""https://www.blissfulbrides.sg/package-detaile/2456/chui-huay-lim-teochew-cuisines-wedding-packages-2023-2024""]",1097,,"Wedding Packages 2023/2024 by Chui Huay Lim Teochew Cuisine
Start from $899++
Whether it’s an intimate wedding affair with your closest friends and family, or a showstopping party that aims to wow and impress, the event spaces at Chui Huay Lim Teochew Restaurant are suited for celebrations of all sorts.
For more information
Here
!",https://t.me/blissfulbrides/1097
blissfulbrides,2024-07-05T01:01:33+00:00,[],"[""https://www.blissfulbrides.sg/event-detail/951/CHIJMES-WEDDING-EXPERIENCE-ONLINE-EXCLUSIVE-PROMOTION""]",1095,,"CHIJMES WEDDING EXPERIENCE ONLINE EXCLUSIVE PROMOTION
Promotion Details
Organizer: Watabe Wedding Singapore
Admission: Free
Promotion Period: Valid till July 31, 2024.
Enjoy exclusive perks for confirmation of CHIJMES Wedding by July 31, 2024, applicable for new wedding booking held from 2024 till June 2025.
For more information or to RSVP
Here
!",https://t.me/blissfulbrides/1095
blissfulbrides,2024-07-03T01:01:18+00:00,[],"[""https://www.blissfulbrides.sg/9/hotels/detail/1084/changi-cove-singapore"", ""https://www.blissfulbrides.sg/articles/wedding/the-wedding-naturalist""]",1091,,"The Wedding Naturalist
Tucked away in the eastern corner of Singapore lies
Changi Cove
, a serene and picturesque venue for couples looking to tie the knot. It is also conveniently located near Changi Airport and easily accessible by public transportation, certainly ideal for the couple and their guests. Beyond the prime location, Changi Cove does not disappoint with their venues, top-notch service and quality food.
💍
For couples,
read on
to find out why Changi Cove is the number one choice for your special day.",https://t.me/blissfulbrides/1091
blissfulbrides,2024-07-02T01:00:16+00:00,[],"[""https://www.blissfulbrides.sg/package-detaile/2491/solemnisation-buffet-package-2024-2025-fa""]",1089,,"Solemnisation Buffet Package by Village Hotel Katong
Start from $113++
For more information
Here
!",https://t.me/blissfulbrides/1089
blissfulbrides,2024-07-01T01:02:03+00:00,[],"[""https://www.blissfulbrides.sg/event-detail/950/Personal-Makeup-Group-Class""]",1088,,"Personal Makeup | Group Class
Event Details
Organizer: ALENA Makeup
Admission: Free
Event Date: 6, 13 & 20 July 2024
Do not miss it! Arranged 3 Classes in July 2024!
For more information or to RSVP
Here
!",https://t.me/blissfulbrides/1088
blissfulbrides,2024-06-30T01:01:38+00:00,[],"[""https://www.blissfulbrides.sg/package-detaile/2445/wedding-packages-2024""]",1084,,"Wedding Packages 2024 by Holiday Inn Express - Suites Singapore Novena
Start from $888++
For more information
Here
!",https://t.me/blissfulbrides/1084
blissfulbrides,2024-06-29T01:01:13+00:00,[],"[""https://www.blissfulbrides.sg/event-detail/946/The-Wedding-Escapade-Workshop-By-The-Outpost-Hotel-Sentosa-Oasia-Resort-Sentosa""]",1083,,"The Wedding Escapade Workshop By The Outpost Hotel Sentosa & Oasia Resort Sentosa
Event Details
Organizer: The Outpost Hotel Sentosa & Oasia Resort Sentosa
Admission: $38.00 nett per couple
Event Date:  21 Jul, Sun. 11:00 AM – 4:00 PM (Appointment basis only)
Join us at The Wedding Escapade Workshop, where you can gather inspiration, connect with wedding experts, and secure amazing deals to make your wedding truly unforgettable.
For more information or to RSVP
Here
!",https://t.me/blissfulbrides/1083
blissfulbrides,2024-06-28T01:02:03+00:00,[],"[""https://www.blissfulbrides.sg/package-detaile/2479/joy-songbird-emcee-live-band-plus-fringe-activity""]",1082,,"Joy (Songbird Emcee, Live Band plus Fringe Activity) by Myo Entertainment
Start from $3188++
Joy (Songbird Emcee, Live Band plus Fringe Activity) - true joy comes with lesser things to coordinate! Let the team make sure your guests are entertained from the moment they arrive, till you bid them farewell at the end!
For more information
Here
!",https://t.me/blissfulbrides/1082
blissfulbrides,2024-06-27T01:01:10+00:00,[],"[""https://www.blissfulbrides.sg/event-detail/948/Goodwood-Park-Hotel-Wedding-Showcase""]",1077,,"Goodwood Park Hotel Wedding Showcase
Event Details
Organizer: Goodwood Park Hotel
Admission: Free
Event Date:  12 July 2024. 6pm to 9pm  (by appointment only)
Sign up now to enjoy up to four wedding perks, including complimentary house wines, free stays, dining credits and more!
For more information or to RSVP
Here
!",https://t.me/blissfulbrides/1077
blissfulbrides,2024-06-26T01:02:12+00:00,[],"[""https://www.blissfulbrides.sg/package-detaile/2480/2024-2025-wedding-packages""]",1073,,"2024 & 2025 Wedding Packages by voco Orchard Singapore
Start from $1200++
Let us take care of your happily ever after. Our passion lies in honouring enduring love and commitment, weaving together a tapestry of memorable moments as you step hand-in-hand into a new chapter with your partner, and it is our honour to be entrusted with your biggest day.
For more information
Here
!",https://t.me/blissfulbrides/1073
blissfulbrides,2024-06-25T01:02:03+00:00,[],"[""https://www.blissfulbrides.sg/event-detail/949/-Ongoing-Promotion-Great-Singapore-Sale-SAVE-UP-TO-2000""]",1072,,"[Ongoing Promotion] Great Singapore Sale | SAVE UP TO $2000
Promotion Details
Organizer: Cang-Ai Wedding
Admission: Free
Promotion Period: Valid till 30 June 2024
Discover our new bridal gowns, each inspired by the enchanting language of flowers, telling your unique love story. Save up to $2000 on your wedding package this season!!
💫
For more information or to RSVP
Here
!",https://t.me/blissfulbrides/1072
blissfulbrides,2024-06-24T00:59:56+00:00,[],"[""https://www.blissfulbrides.sg/package-detaile/2486/intimate-wedding-2024""]",1071,,"Intimate Wedding 2024 by One Farrer Hotel
Start from $1388++
Looking to bring together your loved ones for a cosy celebration? Offering picturesque city views via the floor to ceiling windows, the interconnected rooms of Napier, Read & Spottiswoode are great for private weddings or solemnisations.
For more information
Here
!",https://t.me/blissfulbrides/1071
blissfulbrides,2024-06-23T00:59:56+00:00,[],"[""https://www.blissfulbrides.sg/package-detaile/2477/delight-songbird-emcees-for-your-big-day""]",1070,,"Delight (Songbird Emcees for your big day) by Myo Entertainment
Start from $988++
Relish in our songbirds breaking into delightful tunes while hosting your big day! Rates includes 4 hours engagement, bilingual hosting and zoom meetings to run through details before the big day!
For more information
Here
!",https://t.me/blissfulbrides/1070
blissfulbrides,2024-06-22T01:01:02+00:00,[],"[""https://www.blissfulbrides.sg/event-detail/945/Promise-To-Forever-Wedding-Workshop""]",1069,,"Promise To Forever Wedding Workshop
Event Details
Organizer: Carlton Hotel Singapore
Admission: Free
Event Date:  21 Jul, Sun.11:30 AM – 5:00 PM
Join us at the Carlton Hotel Singapore for our ""Promise to Forever"" wedding workshop and immerse yourself in an extraordinary experience. Let our dedicated team of wedding experts bring your dream wedding to life.
For more information or to RSVP
Here
!",https://t.me/blissfulbrides/1069
blissfulbrides,2024-06-21T01:01:46+00:00,[],"[""https://www.blissfulbrides.sg/package-detaile/2482/wedding-banquet-2024""]",1065,,"Wedding Banquet 2024 by KITH CAFÉ
Start from $155++
Wander through our cozy spaces, feel the warm ambiance, and envision your dream wedding where you can create wholesome memories with us. A wedding in Kith is not just a ceremony, it's intimacy and heartwarming celebration where your closest loved ones can come together.
For more information
Here
!",https://t.me/blissfulbrides/1065
blissfulbrides,2024-06-20T11:00:28+00:00,[],"[""https://www.blissfulbrides.sg/event-detail/947/-Anchored-in-Love-Wedding-Showcase""]",1064,,"'Anchored in Love' Wedding Showcase
Event Details
Organizer: ONE°15 Marina Sentosa Cove Singapore
Admission: Free
Event Date: Saturday, 6 July 2024, 12:00pm to 5:00pm
Discover unparalleled elegance at ONE°15 Marina Sentosa Cove Singapore, during our exclusive in-house wedding show, “Anchored in Love.” Curate unforgettable moments amidst a selection of bespoke event venues on Sentosa Island, each bathed in natural light and offering inspiring views of the marina and lush surroundings.
For more information or to RSVP
Here
!",https://t.me/blissfulbrides/1064
blissfulbrides,2024-06-20T01:01:47+00:00,[],"[""https://www.blissfulbrides.sg/event-detail/944/Sophistique-Love-Wedding-Showcase""]",1063,,"Sophistique Love Wedding Showcase
Event Details
Organizer: Sofitel Singapore Sentosa Resort & Spa
Admission: Free
Event Date:  23 Jun, Sun. 11:00 AM – 6:00 PM
Visit our Sophistique Love Wedding Showcase and plan the perfect wedding set against a backdrop of lush lawns and an enchanting sea view! Perched atop a cliff overlooking the South China Sea, Sofitel Singapore Sentosa Resort & Spa is the destination for fairytale-like weddings.
For more information or to RSVP
Here
!",https://t.me/blissfulbrides/1063
blissfulbrides,2024-06-19T01:01:15+00:00,[],"[""https://www.blissfulbrides.sg/event-detail/943/Palms-Promises-Wedding-Showcase-by-Wheeler-s-Tropikana""]",1061,,"Palms & Promises Wedding Showcase by Wheeler's Tropikana
Event Details
Organizer: Wheeler's Tropikana
Admission: Free
Event Date:  23 Jun, Sun. 11:00 AM | 1:30 PM | 4:00 PM
Immerse yourself in the vibrant atmosphere that defines Wheeler's Tropikana weddings. From intimate gatherings to grand celebrations, our versatile spaces can be tailored to suit your vision, ensuring that your wedding day is a true reflection of your love story.
For more information or to RSVP
Here
!",https://t.me/blissfulbrides/1061
blissfulbrides,2024-06-18T01:01:13+00:00,[],"[""https://www.blissfulbrides.sg/package-detaile/2489/timeless-union-package-2024-2025-fa-western""]",1059,,"Timeless Union Package 2024 / 2025 (Western) by Village Hotel Katong
Start from $138++
For more information
Here
!",https://t.me/blissfulbrides/1059
blissfulbrides,2024-06-17T01:01:56+00:00,[],"[""https://www.blissfulbrides.sg/event-detail/941/Whimsical-Wonders-Peach-Garden-s-Wedding-Showcase""]",1058,,"Whimsical Wonders, Peach Garden's Wedding Showcase
Event Details
Organizer: Peach Garden @ OCBC Centre
Admission: $10 per couple
Event Date: 30 Jun, Sun. 11:00 AM – 4:30 PM
Located on the 33rd floor of the iconic OCBC Centre, Peach Garden offers breathtaking views of the Singapore River, Esplanade, and Singapore Flyer through its glass walls. As a special offer, book now and enjoy exclusive perks, including free tables, lucky draw prizes, complimentary food and wine tasting, caricature services, and access to various wedding vendors.
For more information or to RSVP
Here
!",https://t.me/blissfulbrides/1058
blissfulbrides,2024-06-16T00:59:59+00:00,[],"[""https://www.blissfulbrides.sg/event-detail/940/Orchestrate-Your-Perfect-Symphony-Aloft-Singapore-Novena""]",1057,,"Orchestrate Your Perfect Symphony @ Aloft Singapore Novena
Event Details
Organizer: Aloft Singapore Novena
Admission: Free
Event Date: 30 Jun, Sun. 6:00 PM – 9:00 PM
Reserve your private consultation today and unlock exclusive show benefits like perks, complimentary extras, rebates, and discounts!
For more information or to RSVP
Here
!",https://t.me/blissfulbrides/1057
blissfulbrides,2024-06-15T01:00:00+00:00,[],"[""https://www.blissfulbrides.sg/package-detaile/2485/chinese-wedding-2024-package""]",1053,,"Chinese Wedding 2024 Package by One Farrer Hotel
Start from $1418++
Turning Magical Moments to Treasured Memories!
For more information
Here
!",https://t.me/blissfulbrides/1053
blissfulbrides,2024-06-14T01:01:55+00:00,[],"[""https://www.blissfulbrides.sg/event-detail/939/1-Atico-Wedding-Showcase-2024""]",1052,,"1-Atico Wedding Showcase 2024
Event Details
Organizer: 1-Atico
Admission: Free
Event Date: 30 Jun, Sun. 6:00 PM – 9:00 PM
Join us at 1-Atico on June 30th at 6pm for an exclusive wedding showcase, featuring breathtaking views, curated cuisine, and refined luxury. Enjoy personalized consultation, venue tour, and exclusive perks, with limited slots available.
For more information or to RSVP
Here
!",https://t.me/blissfulbrides/1052
blissfulbrides,2024-06-13T01:00:49+00:00,[],"[""https://www.blissfulbrides.sg/9/hotels/detail/523/orchard-hotel-singapore"", ""https://www.blissfulbrides.sg/articles/wedding/experience-the-wedding-of-your-dreams-with-orchard-hotel""]",1051,,"Experience the wedding of your dreams with Orchard Hotel
Nestled amidst the vibrant urban landscape of Singapore, Orchard Hotel stands as an icon of luxury, sophistication, and unparalleled hospitality. Boasting a prime location along Orchard Road, Singapore's premier shopping and entertainment district,
The Orchard Hotel Singapore
is of optimal convenience for couples and their guests.
Read More
Here
!",https://t.me/blissfulbrides/1051
blissfulbrides,2024-06-12T01:01:21+00:00,[],"[""https://www.blissfulbrides.sg/event-detail/942/-JENchanting-Moments-Wedding-Showcase""]",1050,,"‘JENchanting Moments’ Wedding Showcase
Event Details
Organizer: JEN Singapore Tanglin by Shangri-La
Admission: Free
Event Date: 30 Jun, Sun. 12:00 PM – 5:00 PM
Unlock exclusive deals including a remarkable $3,288++* discount, complemented by a host of complimentary privileges. Enjoy free-flow draught beer or house pour, indulge in in an additional night’s stay in our bespoke bridal suite, and explore numerous other surprises curated just for your unforgettable day!
For more information or to RSVP
Here
!",https://t.me/blissfulbrides/1050
blissfulbrides,2024-06-11T01:00:55+00:00,[],"[""https://www.blissfulbrides.sg/event-detail/938/-Ongoing-Promotion-Wedding-Celebration-Privileges-2025""]",1049,,"[Ongoing Promotion] Wedding Celebration Privileges 2025
Promotion Details
Organizer: PARKROYAL COLLECTION Marina Bay, Singapore
Admission: Free
Promotion Period: Valid till 3 August 2024
Celebrate your wedding with us in 2025 and enjoy exclusive privileges tailored to make your special day even more memorable. Enjoy exclusive early bird savings from now until 3 August 2024.
For more information or to RSVP
Here
!",https://t.me/blissfulbrides/1049
blissfulbrides,2024-06-10T01:01:11+00:00,[],"[""https://www.blissfulbrides.sg/package-detaile/2421/soleminisation-package-2024""]",1048,,"Soleminisation Package 2024 by One Farrer Hotel
Start from $88++
Begin your lifelong union of marital bliss with the blessings of your loved ones. Curate this life chapter into an unforgettable luxurious celebration through our team of professionals.
For more information
Here
!",https://t.me/blissfulbrides/1048
blissfulbrides,2024-06-09T01:00:38+00:00,[],"[""https://www.blissfulbrides.sg/event-detail/937/-Ongoing-Promotion-Memories-Beyond-Imagination-Online-Wedding-Promotion""]",1047,,"[Ongoing Promotion] Memories, Beyond Imagination Online Wedding Promotion
Promotion Details
Organizer: JW Marriott Singapore South Beach
Admission: Free
Promotion Period: confirmed by 30 June 2024
Curate an iconic wedding set under the stunning Forest of Lights, with the mesmerizing LED Wall setting the perfect backdrop for your celebration. Your perfect day, realized; at the Grand Ballroom of JW Marriott Singapore South Beach complete with exclusive perks for events confirmed by 30 June 2024.
For more information or to RSVP
Here
!",https://t.me/blissfulbrides/1047
blissfulbrides,2024-06-08T01:02:03+00:00,[],"[""https://www.blissfulbrides.sg/package-detaile/2478/bliss-songbird-emcees-plus-live-band""]",1046,,"Bliss (Songbird Emcees plus Live Band) by Myo Entertainment
Start from $2388++
It truly is pure bliss to pass the entertaining to our songbird emcees and their fav musicians whose chemistry will be unparalleled, while you bask in the now with your guests!
For more information
Here
!",https://t.me/blissfulbrides/1046
blissfulbrides,2024-06-07T01:00:49+00:00,[],"[""https://www.blissfulbrides.sg/event-detail/936/Simply-Yours-Celebration-June-Wedding-Showcase""]",1045,,"Simply Yours Celebration June Wedding Showcase
Event Details
Organizer: PARKROYAL on Beach Road
Admission: Free
Event Date: 22 Jun, Sat. 12:00 PM – 5:00 PM
This episode of our wedding showcase is themed ""Forever Begins Here,"" where your fairytale story of ""Happily Ever After"" comes to life after your dream wedding. In this showcase, you will experience the exact setups of dream weddings in our versatile ballroom spaces—the Grand Ballroom and Sky Ballroom—each offering unique features.
For more information or to RSVP
Here
!",https://t.me/blissfulbrides/1045
blissfulbrides,2024-06-06T01:01:19+00:00,[],"[""https://www.blissfulbrides.sg/9/hotels/detail/495/parkroyal-on-beach-road"", ""https://www.blissfulbrides.sg/articles/wedding/a-wedding-venue-dripped-with-luxury-and-sophistication-at-parkroyal-on-beach-road""]",1044,,"A Wedding Venue dripped with luxury and sophistication at PARKROYAL on Beach Road
PARKROYAL on Beach Road
stands as an epitome of luxury and sophistication, offering a collection of exquisite wedding venues that cater to every couple's dream celebration.
Read More
Here
!",https://t.me/blissfulbrides/1044
blissfulbrides,2024-06-05T01:01:25+00:00,[],"[""https://www.blissfulbrides.sg/event-detail/935/-ongoing-promotion-wedding-package-promotion-2024""]",1042,,"[Ongoing Promotion] Wedding Package Promotion 2024
Promotion Details
Organizer: Holiday Inn Express - Suites Singapore Novena
Admission: Free
Promotion Period: Valid For Year 2024
💖
$888++ per table of 10 persons
💖
$1088++ per table of 10 persons
For more information or to RSVP
Here
!",https://t.me/blissfulbrides/1042
blissfulbrides,2024-06-04T01:00:22+00:00,[],"[""https://www.blissfulbrides.sg/9/hotels/detail/810/dusit-thani-laguna-singapore"", ""https://www.blissfulbrides.sg/articles/wedding/discover-the-perfect-wedding-venue-at-dusit-thani-laguna-singapore""]",1041,,"Discover the Perfect Wedding Venue at Dusit Thani Laguna Singapore
Featuring lush greenery and scenic landscapes,
Dusit Thani Laguna Singapore
is more than just a luxury urban golf resort. It is an oasis of elegance where iconic touches of gracious Thai hospitality blend seamlessly with modern sophistication. If you’re planning your dream wedding, look no further than this enchanting venue.
Read here
to find out more.",https://t.me/blissfulbrides/1041
blissfulbrides,2024-06-03T13:52:22+00:00,[],"[""https://events.blissfulbrides.sg/elegance-unveiled-a-wedding-showcase-at-15-stamford/"", ""https://www.instagram.com/blissfulbrides.sg/"", ""https://events.blissfulbrides.sg/elegance-unveiled-a-wedding-showcase-at-15-stamford/""]",1039,,"RSVP now
to our 'Elegance Unveiled' Wedding Showcase at 15 Stamford and seize the chance to 𝙬𝙞𝙣 $100 𝙎𝙩𝙖𝙧𝙗𝙪𝙘𝙠𝙨 𝙤𝙧 𝙂𝙧𝙖𝙗 𝙫𝙤𝙪𝙘𝙝𝙚𝙧𝙨! Imagine the enchantment of a fairy-tale intimate wedding at 15 Stamford Restaurant, where every detail exudes Venetian Renaissance charm and Art Deco elegance.
Visualise yourself surrounded by opulent floral arrangements, relishing bespoke menus, and raising a glass with an exceptional selection of wines.
Here's how to secure your spot:
1️⃣
Follow us on Instagram
@blissfulbrides.sg
2️⃣
RSVP
through the provided link, selecting ""15 Stamford"" in the form.
3️⃣
Attend the wedding showcase and explore exclusive deals tailored just for your special day.
Don't let this opportunity slip away! Join us at the 'Elegance Unveiled' Wedding Showcase and uncover the magic that awaits you.",https://t.me/blissfulbrides/1039
blissfulbrides,2024-06-02T01:01:07+00:00,[],"[""https://www.blissfulbrides.sg/18/wedding-venues/detail/958/ywca-fort-canning"", ""https://www.blissfulbrides.sg/articles/wedding/weddings-at-ywca-celebrating-love-alongside-a-noble-cause""]",1038,,"Weddings at YWCA: Celebrating Love Alongside A Noble Cause
Weddings at
YWCA Fort Canning
are unlike any other. As a unique venue, YWCA Fort Canning provides beautiful weddings where couples can go the extra mile to celebrate a lifetime commitment of love and charity.
Read now
to find out what YWCA Fort Canning offers!",https://t.me/blissfulbrides/1038
blissfulbrides,2024-06-01T01:01:10+00:00,[],"[""https://www.blissfulbrides.sg/event-detail/934/PARKROYAL-COLLECTION-Pickering-Wedding-Workshop""]",1037,,"PARKROYAL COLLECTION Pickering Wedding Workshop
Event Details
Organizer: PARKROYAL COLLECTION Pickering, Singapore
Admission: Complimentary, strictly by appointment
Event Date: 30 Jun, Sun. 11:00 AM – 7:00 PM
Forever begins at PARKROYAL COLLECTION Pickering, Singapore. From exquisite cuisines, picture-perfect venues to personalised service, there’s nothing quite like a PARKROYAL COLLECTION wedding.
For more information or to RSVP
Here
!",https://t.me/blissfulbrides/1037
blissfulbrides,2024-05-31T01:01:59+00:00,[],"[""https://www.blissfulbrides.sg/15/restaurants/detail/109/peach-garden-restaurant"", ""https://www.blissfulbrides.sg/articles/wedding/peach-garden--the-stellar-choice-for-your-special-day""]",1036,,"Peach Garden 桃苑 – the stellar choice for your special day
Peach Garden 桃苑
is a renowned restaurant chain in Singapore known for its Cantonese cuisine. It has six outlets across the island, including in shopping malls and standalone locations. Here are some key points about Peach Garden and why couples should consider them for their big day!
🌟
Learn more
here
.",https://t.me/blissfulbrides/1036
blissfulbrides,2024-05-30T00:59:58+00:00,[],"[""https://www.blissfulbrides.sg/event-detail/933/1-Flowerhill-Wedding-Showcase-2024""]",1035,,"1-Flowerhill Wedding Showcase 2024
Event Details
Organizer: 1-Flowerhill
Admission: $68 nett per couple
Event Date: 23 June 2024, Sunday. 6:00 PM – 9:00 PM
Discover the magic of 1-Flowerhill at our wedding showcase on June 23rd at 6pm. Set amidst Sentosa’s serene landscape, our venue offers a picturesque backdrop for your special day.
For more information or to RSVP
Here
!",https://t.me/blissfulbrides/1035
blissfulbrides,2024-05-29T01:00:16+00:00,[],"[""https://www.blissfulbrides.sg/9/hotels/detail/1070/voco-orchard-singapore"", ""https://www.blissfulbrides.sg/articles/wedding/voco-orchard-singapore-your-perfect-wedding-venue""]",1034,,"voco Orchard Singapore - Your Perfect Wedding Venue
From enchanting wedding themes to spacious and sophisticated venues,
voco Orchard Singapore
paves the way for couples to embark on an unforgettable journey toward marital bliss. Read on to find out more.
Read More
Here
!",https://t.me/blissfulbrides/1034
blissfulbrides,2024-05-28T01:01:42+00:00,[],"[""https://www.blissfulbrides.sg/event-detail/932/-Ongoing-Promotion-Coloured-Gemstones-and-Diamonds-Promotion""]",1033,,"[Ongoing Promotion] Coloured Gemstones and Diamonds Promotion
Promotion Details
Organizer: eClarity
Admission: Free
Promotion Period: From now until 15 June 2024.
eClarity presents an extraordinary selection of over 100 pieces of coloured gemstones and colored diamonds, each a testament to timeless beauty. Enjoy a special 25% discount on all colored diamond/gemstone jewellery during this exclusive event.
For more information or to RSVP
Here
!",https://t.me/blissfulbrides/1033
blissfulbrides,2024-05-27T01:30:44+00:00,[],"[""https://www.blissfulbrides.sg/9/hotels/detail/1126/oasia-resort-sentosa"", ""https://www.blissfulbrides.sg/articles/editor-s-choice-awards/lush-serenity-oasia-resort-sentosa-beckons-for-your-dream-wedding""]",1032,,"Lush Serenity: Oasia Resort Sentosa Beckons for Your Dream Wedding
Escape the hustle and bustle of city life at
Oasia Resort Sentosa
, the idyllic destination for couples seeking a modern and sophisticated wedding venue. Nestled amidst lush surroundings, this enchanting resort provides an exquisite escape while ensuring you're never too far from the city.
🏰
Explore more
here
!",https://t.me/blissfulbrides/1032
blissfulbrides,2024-05-26T05:47:10+00:00,[],"[""https://events.blissfulbrides.sg/elegance-unveiled-a-wedding-showcase-at-15-stamford/""]",1031,,"Step into the enchanting world of weddings at ""Elegance Unveiled,"" an exclusive wedding showcase at 15 Stamford Restaurant. Discover the timeless charm of the venue, where an ornate stained glass ceiling and intricate filigrees create an ambiance exuding heritage elegance.
Their 100-seater restaurant provides the perfect backdrop for your dream wedding, complete with fresh floral arrangements, bespoke menus and exquisite wines.
From breathtaking arrangements to a curated selection of top-tier vendors offering a plethora of wedding-related products and services, every facet of your special day is seamlessly catered to. Whether amid preparations or adding final touches, rest assured, all your needs are comprehensively met under one opulent roof.
RSVP now and experience the epitome of luxury and celebrate your love in style at 15 Stamford.
Date:
June 8, 2024, 12 pm to 5 pm
Venue:
15 Stamford, 15 Stamford Rd, Singapore 178906
RSVP
Here
🌟",https://t.me/blissfulbrides/1031
blissfulbrides,2024-05-26T01:30:47+00:00,[],"[""https://www.blissfulbrides.sg/9/hotels/detail/212/m-hotel-singapore"", ""https://www.blissfulbrides.sg/articles/wedding/celebrating-love-in-elegance-m-hotel-singapore-s-unforgettable-wedding-experience""]",1030,,"Celebrating Love in Elegance: M Hotel Singapore's Unforgettable Wedding Experience
Immerse yourself in the allure of
M Hotel Singapore
, where romance meets luxury in the heart of the city. Discover how this hidden gem can transform your wedding dreams into an unforgettable celebration.
Explore more
now
.",https://t.me/blissfulbrides/1030
blissfulbrides,2024-05-25T01:01:34+00:00,[],"[""https://www.blissfulbrides.sg/9/hotels/detail/794/hotel-fort-canning"", ""https://www.blissfulbrides.sg/articles/editor-s-choice-awards/hotel-fort-canning-where-heritage-and-modernity-meet-to-create-unforgettable-weddings""]",1029,,"Hotel Fort Canning: Where Heritage and Modernity Meet to Create Unforgettable Weddings
Bring heritage and modernity together and choose from a range of themes and venues available at
Hotel Fort Canning
to craft the wedding of your dreams.
Read More
Here
!",https://t.me/blissfulbrides/1029
blissfulbrides,2024-05-24T01:01:58+00:00,[],"[""https://www.blissfulbrides.sg/event-detail/931/Melodies-of-Love-Wedding-Showcase-at-Paradox-Singapore-Merchant-Court""]",1028,,"Melodies of Love Wedding Showcase at Paradox Singapore Merchant Court
Event Details
Organizer: Paradox Singapore Merchant Court at Clarke Quay
Admission: Free
Event Date: Sunday, 30 June 2024. 12pm to 6pm.
Celebrate your love at Paradox Singapore Merchant Court as we unveil new wedding themes. Book your wedding on 30 June 2024, to enjoy perks up to S$8000, including rebates and a sure-win lucky draw with prizes such as a complimentary live food station and sample them during the wedding show.
For more information or to RSVP
Here
!",https://t.me/blissfulbrides/1028
blissfulbrides,2024-05-23T09:38:15+00:00,[],"[""https://bit.ly/44S5AdW"", ""https://bit.ly/3KaorHG""]",1027,,"𝐄𝐧𝐣𝐨𝐲 Beijing 101’s 𝐇𝐚𝐢𝐫 𝐆𝐫𝐨𝐰𝐭𝐡 𝐓𝐫𝐞𝐚𝐭𝐦𝐞𝐧𝐭 𝐚𝐭 $𝟒𝟎 (𝐔.𝐏. $𝟑𝟓𝟔)
👰🏻
‍
🌟
✨
Get a FREE nourishing shampoo(100ml)
✨
Uses Traditional Chinese Medicine methodology & premium-grade Chinese herbs
✨
Achieve Lush Healthy Hair
✨
See visible results after just 1 treatment
📅
𝘕𝘰𝘸 𝘵𝘪𝘭𝘭 𝘖𝘖𝘚, 𝘓𝘪𝘮𝘪𝘵𝘦𝘥 𝘵𝘰 𝘧𝘪𝘳𝘴𝘵 20 𝘴𝘪𝘨𝘯 𝘶𝘱𝘴 𝘰𝘯𝘭𝘺,
😉
𝘝𝘢𝘭𝘪𝘥 𝘧𝘰𝘳 𝘧𝘪𝘳𝘴𝘵 𝘵𝘪𝘮𝘦 𝘤𝘶𝘴𝘵𝘰𝘮𝘦𝘳𝘴 𝘢𝘨𝘦𝘥 21 & 𝘢𝘣𝘰𝘷𝘦
👉
Book your appointment:
https://bit.ly/44S5AdW
👉
Learn more:
https://bit.ly/3KaorHG
🙌🏻",https://t.me/blissfulbrides/1027
blissfulbrides,2024-05-22T01:00:23+00:00,[],"[""https://www.blissfulbrides.sg/event-detail/930/Turning-Love-Stories-Into-Timeless-Memories""]",1026,,"Turning Love Stories Into Timeless Memories
Event Details
Organizer: Four Points by Sheraton Singapore, Riverview
Admission: Free
Event Date: 23 June 2024, Sunday. 1:00 PM – 6:00 PM
Embrace the sweeping scenic views of the serene riverfront as you exchange your vows in the sweet company of your loved ones at Four Points by Sheraton Singapore, Riverview.
For more information or to RSVP
Here
!",https://t.me/blissfulbrides/1026
blissfulbrides,2024-05-20T01:00:22+00:00,[],"[""https://www.blissfulbrides.sg/event-detail/928/-Ongoing-Promotion-Say-I-Do-To-Your-Wedding-Story-Promotion""]",1025,,"[Ongoing Promotion] Say ""I Do"" To Your Wedding Story Promotion
Promotion Details
Organizer: JEN Singapore Tanglin by Shangri-La
Admission: Free
Promotion Period: 31 May 2024.
For more information or to RSVP
Here
!",https://t.me/blissfulbrides/1025
blissfulbrides,2024-05-19T01:01:37+00:00,[],"[""https://www.blissfulbrides.sg/event-detail/929/Twilight-Weddings-Stevens""]",1024,,"Twilight Weddings @ Stevens
Event Details
Organizer: Novotel Singapore on Stevens
Admission: Free
Event Date: Sunday, 23 June 2024 | 12:00pm - 7:00pm
Mark your calendar for an awe-inspiring wedding showcase at
Novotel Singapore on Stevens
.
For more information or to RSVP
Here
!",https://t.me/blissfulbrides/1024
blissfulbrides,2024-05-18T01:00:25+00:00,[],"[""https://www.blissfulbrides.sg/event-detail/927/-Ongoing-Promotion-Limited-Time-520-Wedding-Promotion""]",1023,,"[Ongoing Promotion] Limited Time 520 Wedding Promotion
Promotion Details
Organizer: Sheraton Towers Singapore
Admission: Free
Promotion Period: 20 May 2024.
For more information or to RSVP
Here
!",https://t.me/blissfulbrides/1023
blissfulbrides,2024-05-17T01:01:47+00:00,[],"[""https://singaporeatrium.holidayinn.com/singapore-inhouse-wedding-fair2024""]",1022,,"Blissful Beginnings Wedding Fair
Event Details
Organizer: Holiday Inn Singapore Atrium
Admission: Free
Event Date: 25 May 2024. 12:00 PM – 6:00 PM
Win hotel stays from Japan, Korea, Vietnam and more just by attending Holiday Inn Singapore Atrium’s wedding showcase on 25 May 2024! Find out more from
https://singaporeatrium.holidayinn.com/singapore-inhouse-wedding-fair2024",https://t.me/blissfulbrides/1022
blissfulbrides,2024-05-16T01:02:06+00:00,[],"[""https://www.blissfulbrides.sg/event-detail/920/-Elegance-Unveiled-Wedding-Showcase""]",1021,,"""Elegance Unveiled"" Wedding Showcase
Event Details
Organizer: The Capitol Kempinski Hotel Singapore
Admission: Free
Event Date: 8 Jun, Sat. 12:00 PM – 5:00 PM
Step into a world where elegance reigns supreme and every detail whispers of sophistication and grace. The Wedding Showcase, themed ""Elegance Unveiled"" at 15 Stamford restaurant invites you to explore the timeless allure of heritage charm and luxurious touches.
For more information or to RSVP
Here
!",https://t.me/blissfulbrides/1021
blissfulbrides,2024-05-15T01:02:21+00:00,[],"[""https://www.blissfulbrides.sg/event-detail/924/-Ongoing-Promotion-50-OFF-2nd-Package""]",1020,,"[Ongoing Promotion] 50% OFF 2nd Package
Promotion Details
Organizer: Cang-Ai Wedding
Admission: Free
Promotion Period: until 31 May 2024.
Unprecedented! Enjoy 50% OFF when you book the 2nd package with us. What is 1+1 < 2? Double the promotion, double the joy.
For more information or to RSVP
Here
!",https://t.me/blissfulbrides/1020
blissfulbrides,2024-05-14T01:02:20+00:00,[],"[""https://www.blissfulbrides.sg/event-detail/925/-Ongoing-Promotion-Limited-Time-Harmony-In-Love-Online-Wedding-Special""]",1017,,"[Ongoing Promotion] Limited Time Harmony In Love Online Wedding Special
Promotion Details
Organizer: Conrad Centennial Singapore
Admission: Free
Promotion Period: until 23 May 2024.
Embark on a journey to forever with Conrad Centennial Singapore. Book your wedding with us between April 22 and May 23, 2024, and let us sweeten the start of your personalized wedding experience with specially tailored privileges.
For more information or to RSVP
Here
!",https://t.me/blissfulbrides/1017
blissfulbrides,2024-05-11T01:00:01+00:00,[],"[""https://www.blissfulbrides.sg/event-detail/919/-ongoing-promotion-may-exclusive-promotion""]",1016,,"[Ongoing Promotion] May Exclusive Promotion by Eternal Red Bonds
Promotion Details
Organizer: Eternal Red Bonds
Admission: Free
Promotion Period: until 30 May 2024.
Whether your Guo Da Li is next month or next year, this offer is for you!
For more information or to RSVP
Here
!",https://t.me/blissfulbrides/1016
blissfulbrides,2024-05-10T01:01:23+00:00,[],"[""https://www.blissfulbrides.sg/event-detail/918/-Ongoing-Promotion-Wedding-Flower-Online-Courses""]",1015,,"[Ongoing Promotion] Wedding Flower Online Courses
Promotion Details
Organizer: Liz Florals
Admission: Free
Promotion Period: until 31 May 2024.
Liz from Liz Florals is introducing a series of key floral courses for brides who wish to create their own bridal bouquet and table centrepieces, starting from $108!These courses are also perfect if you are looking to start a side hustle, hobby, or even if you are a budding florist yourself!
For more information or to RSVP
Here
!",https://t.me/blissfulbrides/1015
blissfulbrides,2024-05-09T01:01:11+00:00,[],"[""https://www.blissfulbrides.sg/event-detail/917/-Ongoing-Promotion-520-You-re-The-One-By-Ith""]",1014,,"[Ongoing Promotion] 520 You're The One By Ith
Promotion Details
Organizer: Ith
Admission: Free
Promotion Period: until 27 May 2024.
In the world of romance, certain numbers hold profound significance. '520' is one such number, cherished for its heartfelt expression of affection. At ith, we craft made-to-order, handcrafted wedding and engagement rings that capture the essence of love.
For more information or to RSVP
Here
!",https://t.me/blissfulbrides/1014
blissfulbrides,2024-05-08T01:01:25+00:00,[],"[""https://www.blissfulbrides.sg/event-detail/916/-Ongoing-Promotion-Enchanted-Ever-After-Weddings-by-Four-Seasons""]",1013,,"[Ongoing Promotion] Enchanted Ever After Weddings by Four Seasons
Promotion Details
Organizer: Four Seasons Hotel Singapore
Admission: Free
Promotion Period: until 31 May 2024.
Say ‘I Do’ at Four Seasons Hotel Singapore as we unveil the perfect setting for your dream wedding. Four Seasons Hotel Singapore’s expert in-house teams create the scene for a most memorable day with bespoke menus, wedding planning and world-class personalized Four Seasons service – for a celebration your dreams are made of.
For more information or to RSVP
Here
!",https://t.me/blissfulbrides/1013
blissfulbrides,2024-05-07T01:00:50+00:00,[],"[""https://www.blissfulbrides.sg/event-detail/915/Everlasting-I-Do-Wedding-Showcase""]",1012,,"Everlasting I Do Wedding Showcase
Event Details
Organizer: Dusit Thani Laguna Singapore
Admission: Complimentary and by appointment only
Event Date: 22 May, Wed. 10:00 AM - 5:00 PM (last appointment at 4:00 PM)
For more information or to RSVP
Here
!",https://t.me/blissfulbrides/1012
blissfulbrides,2024-05-03T01:00:18+00:00,[],"[""https://www.blissfulbrides.sg/event-detail/909/-Ongoing-Promotion-Exclusive-Perks-by-Grand-Copthorne-Waterfront-Hotel-Singapore""]",1007,,"[Ongoing Promotion] Exclusive Perks by Grand Copthorne Waterfront Hotel Singapore
Promotion Details
Organizer: Grand Copthorne Waterfront Hotel
Admission: Free
Promotion Period: until 19 May 2024.
Experience the epitome of romance at the Grand Copthorne Waterfront. With breathtaking views of the Singapore River and a reputation for exquisite banquet cuisine, every detail is tailored to perfection.
For more information or to RSVP
Here
!",https://t.me/blissfulbrides/1007
blissfulbrides,2024-05-02T01:00:00+00:00,[],"[""https://www.blissfulbrides.sg/event-detail/913/Love-Blooms-Wedding-Showcase""]",1006,,"Love Blooms Wedding Showcase
Event Details
Organizer: Amara Sanctuary Resort Sentosa
Admission: Complimentary
Event Date: 2 Jun, Sun. 12:00 PM – 5:00 PM
Begin the next chapter of your boundless happiness by discovering bespoke wedding plans, unveiling new wedding themes, and indulging in a bridal gown trunk show at our Love Blooms Wedding Showcase - Sunday, 2 June, from 12pm to 5pm at the Ballroom of Amara Sanctuary Resort Sentosa.
For more information or to RSVP
Here
!",https://t.me/blissfulbrides/1006
blissfulbrides,2024-05-01T01:02:09+00:00,[],"[""https://www.blissfulbrides.sg/event-detail/912/Enchanted-Wedding-Showcase-at-Jewel-Changi-Airport""]",1005,,"Enchanted Wedding Showcase at JEWEL Changi Airport
Event Details
Organizer:  JEWEL Changi Airport
Admission: $25 per couple (incl. complimentary door gift)
Event Date: 25 - 26 May, Sat - Sun. 10:00 AM – 8:00 PM
Nestled amongst the lush greenery of this architectural marvel, JEWEL venues set the stage for your timeless union against a panoramic backdrop of the breathtaking Rain Vortex.
For more information or to RSVP
Here
!",https://t.me/blissfulbrides/1005
blissfulbrides,2024-04-30T01:00:55+00:00,[],"[""https://www.blissfulbrides.sg/event-detail/911/Love-Always-Wedding-Showcase""]",1004,,"Love Always Wedding Showcase
Event Details
Organizer: Amara Singapore
Admission: Complimentary
Event Date: 12 May, Sun.12:00 PM – 6:00 PM
Join us on Sunday, 12 May as we unveil our newly refurbished pillarless Grand Ballroom, offering unobstructed views and seamless experience for up to 400 guests. Discover the most befitting wedding plans, and unique opportunity to create an elegant and grand affair with us.
For more information or to RSVP
Here
!",https://t.me/blissfulbrides/1004
blissfulbrides,2024-04-29T01:01:19+00:00,[],"[""https://www.blissfulbrides.sg/event-detail/910/Journey-of-a-Lifetime-Wedding-Workshop""]",1003,,"Journey of a Lifetime Wedding Workshop
Event Details
Organizer: InterContinental
®
Singapore
Admission: Free
Event Date: Sunday, 19 May 2024. 10am to 5pm.
Embark on your journey of a lifetime as you celebrate the union of your love in our timeless Grand Ballroom. Join us at our wedding workshop on Sunday, 19 May, and be entitled to an exclusive selection of additional wedding perks when you confirm your celebration with us.
For more information or to RSVP
Here
!",https://t.me/blissfulbrides/1003
blissfulbrides,2024-04-28T01:00:59+00:00,[],"[""https://www.blissfulbrides.sg/event-detail/907/-Ongoing-Promotion-Exclusive-Promotion-By-Aoi-s-Makeup""]",1002,,"[Ongoing Promotion] Exclusive Promotion By Aoi's Makeup
Promotion Details
Organizer: Aoi's Makeup
Admission: Free
Promotion Period: until 30 June 2024.
Elevate your special day with AOI's Makeup. Enjoy exclusive promotion rates when you sign up before 30 June 2024.
For more information or to RSVP
Here
!",https://t.me/blissfulbrides/1002
blissfulbrides,2024-04-27T03:01:44+00:00,[],"[""https://bows.sg/""]",1001,,"🎉
Just one week until 'Summer of Love: Refreshing Retro Weddings' at BOWS! Are you ready to be dazzled? Mark your calendars and prepare for an unforgettable experience. Join us for free and explore everything the show has to offer!
𝐄𝐯𝐞𝐧𝐭 𝐃𝐞𝐭𝐚𝐢𝐥𝐬:
📅
: 4 - 5 May, 2024
⏰
: 11am - 8pm
🏠
: Marina Bay Sands Convention Centre Basement 2, Hall D
🔗
: RSVP ->
www.bows.sg
𝐄𝐯𝐞𝐧𝐭 𝐇𝐢𝐠𝐡𝐥𝐢𝐠𝐡𝐭𝐬:
✅
Free Admission
✅
Wide Range of Vendors
✅
Free Goodie Bag (While Stocks Last)
✅
Lucky Draw Prizes
✅
$50,000 Cash Rebates
...and many more.
T&Cs apply.",https://t.me/blissfulbrides/1001
blissfulbrides,2024-04-26T01:10:44+00:00,[],"[""https://www.blissfulbrides.sg/event-detail/904/A-Promise-Of-Perfection-Wedding-Showcase-By-Sheraton-Towers-Singapore""]",1000,,"A Promise Of Perfection – Wedding Showcase By Sheraton Towers Singapore
Event Details
Organizer: Sheraton Towers Singapore
Admission: Complimentary (By Appointment Only)
Event Date: 7 Jun, Fri. 7:00 PM – 10:00 PM
Enjoy exclusive wedding perks and privileges when you confirm your wedding with us on 7 June 2024.
For more information or to RSVP
Here
!",https://t.me/blissfulbrides/1000
blissfulbrides,2024-04-25T03:59:01+00:00,[],"[""http://www.bows.sg/""]",998,,"💍
Witness the elegance of bridal fashion at our exclusive show. Discover the latest trends from top bridal boutiques and reserve your spot for a front-row experience!
📍
: Marina Bay Sands Convention Centre Basement 2, Hall D
🗓️
: 2pm - 3pm, Saturday | 4 May 2024
💒
: Bridal Boutiques -> Alisha & Lace Wedding Collection
@alisha_lace
.sg, Queena Wedding
@queenaweddingsg
, Yvonne Creative Bridal
@yvonnecreative
, The Clover Photo
@thecloverphoto
, Story Wedding
@storywedding
.sg and Aido Weddings
@aidoweddings
.
Free admission. RSVP to the BOWS Today! →
www.bows.sg
.",https://t.me/blissfulbrides/998
blissfulbrides,2024-04-25T00:59:59+00:00,[],"[""https://www.blissfulbrides.sg/event-detail/906/-Ongoing-Promotion-Free-Giveaway-Styling-Promotion-By-Props-Petals""]",996,,"[Ongoing Promotion] Free Giveaway Styling Promotion By Props & Petals
Promotion Details
Organizer: Props and Petals
Admission: Free
Promotion Period: until 30 April 2024.
Do not miss these styling promotions by Props & Petals!
For more information or to RSVP
Here
!",https://t.me/blissfulbrides/996
blissfulbrides,2024-04-24T01:01:32+00:00,[],"[""https://www.blissfulbrides.sg/event-detail/905/Promotion-By-Tunglok-Signatures""]",995,,"[Ongoing Promotion] Promotion By Tunglok Signatures
Promotion Details
Organizer: TungLok Signatures - Orchard Rendezvous
Admission: Free
Promotion Period: until 30 April 2024.
Applicable only for weddings in Antica Ballroom at Orchard Rendezvous Hotel.
For more information or to RSVP
Here
!",https://t.me/blissfulbrides/995
blissfulbrides,2024-04-23T01:00:00+00:00,[],"[""https://www.blissfulbrides.sg/articles/chinese-wedding-traditions/4-frequently-asked-questions-people-have-about-guo-da-li""]",994,,"4 Frequently Asked Questions People Have About Guo Da Li
Guo Da Li is a traditional Chinese wedding custom that many families still observe to this day. Learn more about this fascinating tradition and its purpose.
🎎
Learn more
here
.",https://t.me/blissfulbrides/994
blissfulbrides,2024-04-22T13:24:39+00:00,[],"[""https://bows.sg/""]",988,,"🌟
Step into the spotlight of your big day with our curated selection of Wedding Essentials, Stylish Boutiques, Exquisite Venues, and Expert Photographers & Videographers. Swipe through our carousel to find everything you need for a truly unforgettable wedding experience!
𝐄𝐯𝐞𝐧𝐭 𝐃𝐞𝐭𝐚𝐢𝐥𝐬:
📅
: 4 - 5 May, 2024
⏰
: 11am - 8pm
🏠
: Marina Bay Sands Convention Centre Basement 2, Hall D
🔗
:
RSVP here.
𝐄𝐯𝐞𝐧𝐭 𝐇𝐢𝐠𝐡𝐥𝐢𝐠𝐡𝐭𝐬:
✅
Free Admission
✅
Wide Range of Vendors
✅
Free Goodie Bag (While Stocks Last)
✅
Lucky Draw Prizes
✅
$50,000 Cash Rebates
...and many more.
T&Cs apply.",https://t.me/blissfulbrides/988
blissfulbrides,2024-04-22T01:02:13+00:00,[],"[""https://www.blissfulbrides.sg/event-detail/903/-Ongoing-Promotion-Celebrate-Love-with-voco""]",987,,"[Ongoing Promotion] Celebrate Love with voco
Promotion Details
Organizer: voco Orchard Singapore
Admission: Free
Promotion Period: until 31 May 2024.
From 'I do' happily ever after,' let us make your wedding day unforgettable. Begin your love-filled adventure with us, as we curate the wedding of your dreams. Confirm your special day by
31 May 2024
to enjoy exclusive wedding perks.
For more information or to RSVP
Here
!",https://t.me/blissfulbrides/987
blissfulbrides,2024-04-21T12:01:08+00:00,[],"[""https://bows.sg/""]",983,,"Ready to win big?
💍
Dive into our grand $50,000 cash rebate giveaway and stand a chance to win back what you paid!
𝐁𝐨𝐨𝐬𝐭 𝐘𝐨𝐮𝐫 𝐂𝐡𝐚𝐧𝐜𝐞𝐬 𝐚𝐧𝐝 𝐖𝐢𝐧𝐧𝐢𝐧𝐠𝐬 𝐰𝐢𝐭𝐡 𝐁𝐥𝐢𝐬𝐬𝐟𝐮𝐥 𝐁𝐫𝐢𝐝𝐞𝐬!
𝟏. 𝐃𝐨𝐮𝐛𝐥𝐞 𝐘𝐨𝐮𝐫 𝐂𝐡𝐚𝐧𝐜𝐞𝐬: Use Blissful Pay or sign up for Blissful VIP Membership to double your chances of winning in our cash rebate giveaway.
𝟐. 𝐖𝐢𝐧 𝐌𝐨𝐫𝐞 𝐂𝐚𝐬𝐡:
- If you win and have used Blissful Pay (but not a Blissful VIP member), you'll receive an extra $500 on top of your winnings.
- If you win and are a Blissful VIP member (but haven't used Blissful Pay), you'll also receive an extra $500 on top of your winnings.
- Strike gold by using both Blissful Pay and being a Blissful VIP member! If you win, you'll get a bonus of $1,000 added to your prize.
Maximize your chances and cash rewards with Blissful Birdes!
RSVP Today!
T&Cs apply.",https://t.me/blissfulbrides/983
blissfulbrides,2024-04-21T01:00:00+00:00,[],"[""https://www.blissfulbrides.sg/articles/editor-s-choice-awards/bekind-glass-skin-elixir-for-your-big-day-available-at-my-cozy-room-facial-spa""]",982,,"BeKind Glass Skin Elixir For Your Big Day: Available at My Cozy Room Facial Spa
For most of us, our wedding day is one of the major events that happen in our lives. Considering the grand entrance you will be making, it is only right for you to pamper your skin the night before. After all, it will be a LONG day.
Read More
Here
!",https://t.me/blissfulbrides/982
blissfulbrides,2024-04-20T09:16:11+00:00,[],"[""https://bows.sg/"", ""https://bows.sg/""]",981,,"Wedding planning can be as simple as coming to BOWS, our Blissful One-Stop Wedding Show
🪩
💃
Honest reviews by our lovely couples. Watch the video to find out more!
💍
𝐄𝐯𝐞𝐧𝐭 𝐃𝐞𝐭𝐚𝐢𝐥𝐬:
📅
: 4 - 5 May, 2024
⏰
: 11am - 8pm
🏠
: Marina Bay Sands Convention Centre Basement 2, Hall D
🔗
:
www.bows.sg
<- RSVP HERE
𝐄𝐯𝐞𝐧𝐭 𝐇𝐢𝐠𝐡𝐥𝐢𝐠𝐡𝐭𝐬:
✅
Free Admission
✅
Wide Range of Vendors
✅
Free Goodie Bag (While Stocks Last)
✅
Lucky Draw Prizes
✅
$50,000 Cash Rebates
...and many more.
T&Cs apply.",https://t.me/blissfulbrides/981
blissfulbrides,2024-04-20T01:00:00+00:00,[],"[""https://www.blissfulbrides.sg/event-detail/902/The-Riverhouse-Wedding-Showcase-2024""]",980,,"The Riverhouse Wedding Showcase 2024
Event Details
Organizer: The Riverhouse
Admission: $68 nett per couple
Event Date: 19 May, Sun. 6:00 PM – 9:00 PM
Experience the timeless charm of The Riverhouse, nestled within a 154-year-old Chinese heritage mansion.Say 'I do' in a setting where tradition meets opulence, reminiscent of Crazy Rich Asians' allure.
For more information or to RSVP
Here
!",https://t.me/blissfulbrides/980
blissfulbrides,2024-04-19T01:00:13+00:00,[],"[""https://www.blissfulbrides.sg/articles/cover-stories/an-insider-s-wedding-scoop-joanna-soh-s-personal-tips-to-nail-your-wedding-day""]",979,,"An Insider’s Wedding Scoop: Joanna Soh’s Personal Tips to Nail Your Wedding Day
Tying the knot soon but don’t know where to begin? Don’t worry, Joanna Soh was exactly in your shoes. In this exclusive interview, Joanna Soh revealed what she would’ve done better and differently if she could rewind the clock on her wedding day.
👰
Explore more
now
.",https://t.me/blissfulbrides/979
blissfulbrides,2024-04-18T01:01:14+00:00,[],"[""https://www.blissfulbrides.sg/articles/wedding/unfold-your-love-story-at-concorde-hotel-singapore""]",978,,"Unfold Your Love Story at Concorde Hotel Singapore
Nestled in the heart of the city, Concorde Hotel Singapore stands as a beam of elegance and luxury, promising couples a dream wedding venue that exceeds expectations in every aspect. From exquisite event spaces to meticulous wedding planning, Concorde Hotel Singapore sets the stage for your special day.
💕
Explore Concorde Hotel Singapore's wedding offerings
here
.",https://t.me/blissfulbrides/978
blissfulbrides,2024-04-17T01:02:09+00:00,[],"[""https://www.blissfulbrides.sg/event-detail/901/-Inspired-Beginnings-Wedding-Showcase-At-Conrad-Singapore-Orchard""]",977,,"‘Inspired Beginnings’ Wedding Showcase At Conrad Singapore Orchard
Event Details
Organizer: Conrad Singapore Orchard
Admission: $38 per couple
Event Date: 19 May, Sun. 12:30 PM - 4:30 PM
Join us for a journey to unfold your dream wedding against the backdrop of John Portman’s architectural marvel, elevated by Conrad Singapore Orchard's inimitable blend of bold artistry and serene sophistication.
For more information or to RSVP
Here
!",https://t.me/blissfulbrides/977
blissfulbrides,2024-04-16T03:34:27+00:00,[],"[""https://bows.sg/"", ""https://bows.sg/"", ""https://www.instagram.com/bertandlulu/"", ""https://www.instagram.com/artizstudio.sg/"", ""https://www.instagram.com/anns_beauty_palette/"", ""https://www.instagram.com/thewkndcreatives/"", ""https://www.instagram.com/mrbombasticproduction/""]",976,,"🪩
Dive into the 'Summer of Love: Refreshing Retro Weddings' at BOWS this May!
RSVP now
to secure your free goodie bag (while stocks last) and start your journey to a blissful union. Don’t miss out!
𝐄𝐯𝐞𝐧𝐭 𝐃𝐞𝐭𝐚𝐢𝐥𝐬:
📅
: 4 - 5 May, 2024
⏰
: 11am - 8pm
🏠
: Marina Bay Sands Convention Centre Basement 2, Hall D
🔗
:
www.bows.sg
𝐄𝐯𝐞𝐧𝐭 𝐇𝐢𝐠𝐡𝐥𝐢𝐠𝐡𝐭𝐬:
✅
Free Admission
✅
Wide Range of Vendors
✅
Free Goodie Bag (While Stocks Last)
✅
Lucky Draw Prizes
✅
$50,000 Cash Rebates
...and many more.
T&Cs apply.
𝐒𝐩𝐞𝐜𝐢𝐚𝐥 𝐓𝐡𝐚𝐧𝐤𝐬:
Models/Couple:
@bertandlulu
Bridal Boutique:
@artizstudio.sg
Makeup Artist:
@anns_beauty_palette
Photographer:
@thewkndcreatives
Videographer:
@mrbombasticproduction",https://t.me/blissfulbrides/976
blissfulbrides,2024-04-16T01:01:13+00:00,[],"[""https://www.blissfulbrides.sg/articles/trending/experience-unforgettable-weddings-at-paradox-singapore-merchant-court""]",975,,"Experience Unforgettable Weddings at Paradox Singapore Merchant Court
With a blend of contemporary elegance and historic charm, Paradox Singapore Merchant Court offers couples a truly unique setting to exchange vows and embark on a journey of everlasting love.
👰
Explore more
now
.",https://t.me/blissfulbrides/975
blissfulbrides,2024-04-15T02:02:13+00:00,[],"[""https://www.blissfulbrides.sg/event-detail/900/Forever-Love-Begins-Here-A-Westin-Wedding-Event""]",974,,"Forever Love Begins Here: A Westin Wedding Event
Event Details
Organizer: The Westin Singapore
Admission: Free
Event Date: 21 Apr, Sun. 11:00 AM – 6:00 PM
Embark on your Westin Wedding journey with us.
Delight in every moment of your nuptial celebration at The Westin Singapore. Our Westin Wedding Specialists will be with you every step of the planning, offering you intuitive service with meticulous attention to detail.
For more information or to RSVP
Here
!",https://t.me/blissfulbrides/974
blissfulbrides,2024-04-14T01:01:39+00:00,[],"[""https://www.blissfulbrides.sg/articles/wedding/elevate-your-wedding-story-to-new-heights-at-pan-pacific-orchard""]",973,,"Elevate Your Wedding Story to New Heights at Pan Pacific Orchard
Nestled along Orchard Road, Pan Pacific Orchard provides a touch of refined luxury for your special day through its unique event spaces. Immersed in the allure of nature, it establishes the perfect setting for a romantic ""City in Nature"" celebration, adorned with open-air structures and lush greenery.
🏰
Read exceptional offerings
now
.",https://t.me/blissfulbrides/973
blissfulbrides,2024-04-13T01:01:10+00:00,[],"[""https://www.blissfulbrides.sg/event-detail/899/7-days-wedding-promotion-at-paradox-singapore-merchant-court""]",972,,"7 Days Wedding Promotion at Paradox Singapore Merchant Court
Enjoy these exclusive perks during our 7-Days Wedding Promo when you confirm your wedding between 19 April to 25 April 2024, valid for wedding dates until 31 December 2025. The pillar-less Merchant Court Ballroom is accentuated with an impressive high ceiling and expansive glass windows, along with a pre-function foyer which makes a quintessential yet exclusive cocktail reception area that can accommodate about 200 - 440 guests.
Read More
Here
!",https://t.me/blissfulbrides/972
blissfulbrides,2024-04-12T01:31:19+00:00,[],"[""https://www.blissfulbrides.sg/articles/wedding/sweetness-evergreen-the-art-behind-pine-garden-s-delicious-wedding-cakes""]",971,,"Sweetness Evergreen: The Art behind Pine Garden’s Delicious Wedding Cakes
Founded in 1984, The Pine Garden is a heartland-boutique bakery with almost 40 years of history and heritage that revels in the culture of celebrations. Their products perpetuate a truly Singaporean heritage alongside modern creations of decadent cakes, marrying traditions with creativeness and innovation.
🍰
Explore more
here
.",https://t.me/blissfulbrides/971
blissfulbrides,2024-04-11T01:01:34+00:00,[],"[""https://www.blissfulbrides.sg/articles/wedding/small-scale-big-value-wedding-photography-by-our-momento-singapore""]",970,,"Small Scale, Big Value Wedding Photography By Our Momento Singapore
Your wedding day is a once-in-a-lifetime experience, filled with emotions, laughter, and unforgettable memories. Our Momento strives to capture every moment.
🌟
Learn more
here
.",https://t.me/blissfulbrides/970
blissfulbrides,2024-04-10T01:01:01+00:00,[],"[""https://www.blissfulbrides.sg/event-detail/898/A-Grand-Showcase-of-Love-2024""]",969,,"A Grand Showcase of Love 2024
Event Details
Organizer: Grand Park City Hall
Admission: Free
Event Date: 11 May 2024.12 pm to 6pm.
Explore our elegant venues and meet our professional wedding planners to discover on-day exciting perks.
For more information or to RSVP
Here
!",https://t.me/blissfulbrides/969
blissfulbrides,2024-04-09T01:01:35+00:00,[],"[""https://www.blissfulbrides.sg/event-detail/895/1-Altitude-Coast-Wedding-Showcase-2024""]",968,,"1-Altitude Coast Wedding Showcase 2024
Event Details
Organizer: 1-Altitude Coast
Admission: $68 nett per couple | 4-course menu tasting
Event Date: 28 Apr, Sun. 6:00 PM – 9:00 PM
Experience an unforgettable, lavish wedding showcase at 1-Altitude Coast on April 28th at 6pm. Situated atop The Outpost Hotel, this al-fresco venue offers exclusivity and breathtaking views of the Sentosa coastline.
For more information or to RSVP
Here
!",https://t.me/blissfulbrides/968
blissfulbrides,2024-04-08T01:02:57+00:00,[],"[""https://www.blissfulbrides.sg/articles/wedding/frozen-in-time-forever-in-love-commemorate-your-undying-bond-with-guardian-jewels""]",967,,"Frozen in Time, Forever in Love: Commemorate Your Undying Bond with Guardian Jewels
Discover the artistry of Guardian Jewels, where love's resilience is immortalized in meticulously crafted wedding jewellery. From bespoke designs to premium materials, embark on a journey of eternal devotion as Guardian Jewels brings your love story to life with every exquisite detail.
👰
Explore more
now
.",https://t.me/blissfulbrides/967
blissfulbrides,2024-04-06T01:00:35+00:00,[],"[""https://www.blissfulbrides.sg/event-detail/897/To-Love-To-Hold-To-Cherish-Wedding-Showcase""]",966,,"To Love, To Hold, To Cherish Wedding Showcase
Event Details
Organizer: Grand Copthorne Waterfront Hotel
Admission: Free
Event Date: 13 April 2024. 12:00 PM – 5:00 PM
Embark on a journey of love and inspiration at Grand Copthorne Waterfront Hotel’s Wedding Showcase.
From the elegant and modern grand ballroom to intimate cosy spaces, the venue has a lot to offer while aligning with the growing trend of eco-consciousness and sustainability.
For more information or to RSVP
Here
!",https://t.me/blissfulbrides/966
blissfulbrides,2024-04-05T01:02:46+00:00,[],"[""https://www.blissfulbrides.sg/articles/wedding/inspiringly-yours-plan-your-grand-wedding-at-parkroyal-collection-marina-bay-singapore""]",965,,"Inspiringly Yours: Plan Your Grand Wedding at PARKROYAL COLLECTION Marina Bay, Singapore
Wrapped in the arms of your loved one, you spare but a moment to look up from your reverie. It’s a stunning, panoramic view of the iconic city skyline — none better to celebrate your special, beautiful moment.
💍
Read more
here
.",https://t.me/blissfulbrides/965
blissfulbrides,2024-04-04T01:01:03+00:00,[],"[""https://www.blissfulbrides.sg/event-detail/896/Magnifique-Wedding-Workshop""]",964,,"Magnifique Wedding Workshop
Event Details
Organizer: Sofitel Singapore City Centre
Admission: Complimentary & by Appointment only.
Event Date: 27 April 2024. 11:00 AM – 6:00 PM
Register and join us at the event to enjoy the special wedding package for the workshop.
For more information or to RSVP
Here
!",https://t.me/blissfulbrides/964
blissfulbrides,2024-04-03T01:00:58+00:00,[],"[""https://www.blissfulbrides.sg/event-detail/893/Eclarity-Webinar-Discover-The-Secret-Formula-Of-Choosing-The-Perfect-Ring""]",963,,"Eclarity Webinar : Discover The Secret Formula Of Choosing The Perfect Ring
Event Details
Organizer: eClarity
Admission: Registration is required
Event Date: 17th April, Wed. 06:00 PM – 07:00 PM
Learn about mistakes to avoid when choosing wedding rings and the top 10 tips in our Ring Webinar!
For more information or to RSVP
Here
!",https://t.me/blissfulbrides/963
blissfulbrides,2024-04-02T01:00:49+00:00,[],"[""https://www.blissfulbrides.sg/event-detail/891/Promise-To-Forever-Wedding-Workshop""]",962,,"Promise To Forever Wedding Workshop
Event Details
Organizer: Carlton Hotel Singapore
Admission: Complimentary (Registration is required)
Event Date: 11 May, Sat. 11:30 AM – 5:00 PM
Join us at the Carlton Hotel Singapore for our ""Promise to Forever"" wedding workshop, where you can immerse yourself in an extraordinary experience. Let our dedicated team of wedding experts transform your dream wedding into a beautiful reality.
For more information or to RSVP
Here
!",https://t.me/blissfulbrides/962
blissfulbrides,2024-03-31T01:01:05+00:00,[],"[""https://www.blissfulbrides.sg/event-detail/889/Romantic-Botanicals-A-Showcase-of-Love-in-Bloom""]",960,,"Romantic Botanicals: A Showcase of Love in Bloom
Event Details
Organizer: PARKROYAL COLLECTION Marina Bay, Singapore
Admission: Free
Event Date:  Sunday, April 28 · 11am - 6pm.
Join us at our Inspiringly Yours Wedding Showcase at PARKROYAL COLLECTION Marina Bay, Singapore on Sunday 28 April 2024 with new perks!
For more information or to RSVP
Here
!",https://t.me/blissfulbrides/960
blissfulbrides,2024-03-29T01:02:27+00:00,[],"[""https://www.blissfulbrides.sg/event-detail/888/grand-copthorne-waterfront-wedding-showcase-2024""]",959,,"Grand Copthorne Waterfront Wedding Showcase 2024
Event Details
Organizer: Grand Copthorne Waterfront Singapore
Admission: By-appointment only ($38.00 nett per couple)
Event Date:  April 13, 2024. 12.00 PM - 5:00 PM.
Embark on a journey of love and inspiration at ""To Love, To Hold, To Cherish"" Wedding Showcase, hosted by Grand Copthorne Waterfront Singapore, as we explore the enchanting wedding venues offered.
For more information or to RSVP
Here
!",https://t.me/blissfulbrides/959
blissfulbrides,2024-03-28T01:00:41+00:00,[],"[""https://bows.sg/"", ""?q=%23sgweddingplanner"", ""?q=%23sgwedding"", ""?q=%23sgweddings"", ""?q=%23sgweddingguide"", ""?q=%23sgweddingservices"", ""?q=%23sgweddingmedia"", ""?q=%23sgweddingphotopgrapher"", ""?q=%23sgweddingmakeup"", ""?q=%23blissfulbrides"", ""?q=%23bows"", ""?q=%23BOWS2024"", ""?q=%23SummerOfLove"", ""?q=%23RetroWeddings""]",958,,"🌞
Dive into the 'Summer of Love: Refreshing Retro Weddings' at BOWS this May! RSVP now to secure your free goodie bag (while stocks last) and start your journey to a blissful union. Don’t miss out!
𝐄𝐯𝐞𝐧𝐭 𝐃𝐞𝐭𝐚𝐢𝐥𝐬:
📅
: 4 - 5 May, 2024
⏰
: 11am - 8pm
🏠
: Marina Bay Sands Convention Centre Basement 2, Hall D
🔗
: RSVP
Here
.
𝐄𝐯𝐞𝐧𝐭 𝐇𝐢𝐠𝐡𝐥𝐢𝐠𝐡𝐭𝐬:
✅
Free Goodie Bag (While Stocks Last)
✅
Wide Range of Vendors
✅
Lucky Draw Prizes
✅
$50,000 Cash Rebates
...and many more.
T&Cs apply.
#sgweddingplanner
#sgwedding
#sgweddings
#sgweddingguide
#sgweddingservices
#sgweddingmedia
#sgweddingphotopgrapher
#sgweddingmakeup
#blissfulbrides
#bows
#BOWS2024
#SummerOfLove
#RetroWeddings",https://t.me/blissfulbrides/958
blissfulbrides,2024-03-27T01:01:15+00:00,[],"[""https://www.blissfulbrides.sg/event-detail/887/The-Garage-Wedding-Showcase-2024""]",957,,"The Garage Wedding Showcase 2024
Event Details
Organizer: The Garage
Admission: Free
Event Date:  14 Apr, Sun. 6:00 PM – 9:00 PM.
Join us on April 14th at 6 pm for a sneak peek of the dream wedding. Let our experienced planners take care of the details while cherishing every precious moment. Experience the glamour and magic of nature with us.
For more information or to RSVP
Here
!",https://t.me/blissfulbrides/957
blissfulbrides,2024-03-26T01:00:25+00:00,[],"[""https://www.blissfulbrides.sg/event-detail/890/Sincerely-Yours-Celebrations-By-Pan-Pacific-Orchard""]",956,,"Sincerely Yours Celebrations By Pan Pacific Orchard
Event Details
Organizer: Pan Pacific Orchard
Admission: Complimentary
Event Date:  21 Apr, Sun. 1:00 PM – 6:00 PM
Join us on Sunday, 21 April, for a curated wedding showcase that spotlights the exceptional offerings of Pan Pacific Orchard and our sister hotel, Pan Pacific Singapore This unique opportunity allows you to immerse yourself in the elegance of our venues and discover the bespoke touches that make weddings with us truly unforgettable.
For more information or to RSVP
Here
!",https://t.me/blissfulbrides/956
blissfulbrides,2024-03-25T01:02:52+00:00,[],"[""https://www.blissfulbrides.sg/event-detail/886/PARKROYAL-COLLECTION-Pickering-Wedding-Workshop""]",955,,"PARKROYAL COLLECTION Pickering Wedding Workshop
Event Details
Organizer: PARKROYAL COLLECTION Pickering, Singapore
Admission: Complimentary, strictly by appointment
Event Date:  13 Apr, Sat. 11:00 AM – 7:00 PM
With exclusive perks like a complimentary second-night stay in the Bridal Suite, an enhanced wine package, and a one-night stay in the Urban Deluxe Room, enjoy an enhanced wedding package when you sign up with us on 13 April 2024 during the wedding showcase!
For more information or to RSVP
Here
!",https://t.me/blissfulbrides/955
blissfulbrides,2024-03-24T01:00:24+00:00,[],"[""https://www.blissfulbrides.sg/articles/jewellery/gioia-fine-jewellery-create-the-engagement-ring-of-your-dreams-exactly-how-you-want-it""]",954,,"GIOIA Fine Jewellery: Create the Engagement Ring of Your Dreams Exactly How You Want It
Design and craft your ideal engagement ring just the way you imagined it with GIOIA Fine Jewellery’s experienced experts and unique gemstones.
💍
Ready to bring your dream engagement ring to life? Explore GIOIA Fine Jewellery's customization options
here
.",https://t.me/blissfulbrides/954
blissfulbrides,2024-03-23T01:02:42+00:00,[],"[""https://www.blissfulbrides.sg/event-detail/885/wanderlust-dreams-wedding-showcase""]",953,,"Wanderlust Dreams Wedding Showcase
Event Details
Organizer: Crowne Plaza Changi Airport
Admission: Complimentary
Event Date:  13 Apr, Sat. 11:00 AM – 4:00 PM
Looking to create your dream intimate wedding? Mark your calendars for 13th April, Saturday! Join us for a personalized consultation with our expert wedding planners. Let's craft a celebration that's uniquely yours, filled with love, joy, and unforgettable memories.
For more information or to RSVP
Here
!",https://t.me/blissfulbrides/953
blissfulbrides,2024-03-22T01:00:30+00:00,[],"[""https://www.blissfulbrides.sg/articles/editor-s-choice-awards/turn-your-dreams-into-reality-one-farrer-hotel-for-an-unforgettable-wedding-experience""]",952,,"Turn Your Dreams into Reality: One Farrer Hotel for an Unforgettable Wedding Experience
Your wedding day is a momentous occasion, and finding the perfect venue to bring your dreams  to life is a crucial aspect of the planning process. Nestled in one of Singapore's heritage  districts, One Farrer Hotel stands out as an exceptional choice, offering a blend of elegance,  versatility, and unmatched service. Whether you envision an intimate gathering or a grand celebration, One Farrer Hotel has the ideal setting to make your wedding day truly special.
✨
Create memories to last a lifetime with an unforgettable wedding experience at One Farrer Hotel. Click
here
to learn more.",https://t.me/blissfulbrides/952
blissfulbrides,2024-03-21T01:02:11+00:00,[],"[""https://www.blissfulbrides.sg/event-detail/882/Floral-Wonderland-Wedding-Workshop""]",951,,"Floral Wonderland Wedding Workshop
Event Details
Organizer: Singapore Marriott Tang Plaza Hotel
Admission: Free
Event Date:  6 Apr, Sat. 10:00 AM – 4:00 PM
Step into a realm of love at Singapore Marriott Tang Plaza Hotel! Experience love in full bloom with our exclusive wedding theme, Enchanted Wonderland – filled with lush baby’s breath, sweet pink roses and candle lights.
For more information or to RSVP
Here
!",https://t.me/blissfulbrides/951
blissfulbrides,2024-03-20T01:00:54+00:00,[],"[""https://www.blissfulbrides.sg/articles/editor-s-choice-awards/say-yes-to-these-gowns-by-my-dream-wedding""]",950,,"Say “Yes” to These Gowns by My Dream Wedding
Search for bridal gowns on popular social media app Xiao Hong Shu (“Little Red Book”) and you’ll see My Dream Wedding topping the list. Here’s why.
👗
Ready to say ""Yes"" to your dream gown? Explore the collection by My Dream Wedding
here
.",https://t.me/blissfulbrides/950
blissfulbrides,2024-03-19T01:01:17+00:00,[],"[""https://www.blissfulbrides.sg/event-detail/883/The-Summerhouse-Wedding-Showcase-2024""]",949,,"The Summerhouse Wedding Showcase 2024
Event Details
Organizer: The Summerhouse
Admission: Free
Event Date:  24 Mar, Sun.  6:00 PM – 9:00 PM
Join us on 24 March at 6 pm for an exclusive preview of your dream wedding. Experience firsthand why The Summerhouse is the wedding destination unlike any other.
For more information or to RSVP
Here
!",https://t.me/blissfulbrides/949
blissfulbrides,2024-03-18T01:01:45+00:00,[],"[""https://www.blissfulbrides.sg/event-detail/884/-Harmony-In-Love-Wedding-Showcase""]",948,,"'Harmony In Love' Wedding Showcase
Event Details
Organizer: Conrad Centennial Singapore
Admission: Complimentary
Event Date:  22 Mar, Fri. 6:00 PM – 10:00 PM
Enjoy exclusive privileges when you sign up during our showcase and connect with some of the finest wedding service providers for innovative inspiration.
For more information or to RSVP
Here
!",https://t.me/blissfulbrides/948
blissfulbrides,2024-03-17T01:02:00+00:00,[],"[""https://www.blissfulbrides.sg/articles/wedding/a-brief-guide-to-saving-money-on-your-wedding-photography""]",947,,"A Brief Guide to Saving Money on Your Wedding Photography
Many couples avoid cutting corners when it comes to their wedding photos. After all, these photos will serve as a physical reminder of one of the most memorable days of your life. On average, most couples commonly invest thousands of dollars in their wedding photos. However, this does not have to be you and your partner.
👰
Capture every moment without overspending. Learn how to save on photography
here
.",https://t.me/blissfulbrides/947
blissfulbrides,2024-03-16T01:01:29+00:00,[],"[""https://www.blissfulbrides.sg/articles/chinese-wedding-traditions/understanding-the-history-and-significance-of-si-dian-jin""]",946,,"Understanding the History and Significance of Si Dian Jin
There are many forms of weddings all throughout the world. Each of these types comes with unique customs and traditions that are still observed to this day. Chinese weddings are probably one of the most prominent forms of wedding that are rich in traditions and superstitions to follow. A traditional Chinese wedding includes a variety of customs and ceremonies, many of which have been observed for centuries.
💍
Delve into the rich history of Si Dian Jin and its cultural significance! Explore more
here
.",https://t.me/blissfulbrides/946
blissfulbrides,2024-03-15T01:01:30+00:00,[],"[""https://www.blissfulbrides.sg/articles/jewellery/star-promise--the-diamond-of-dreams""]",945,,"Star Promise – the Diamond of Dreams
The saying ‘diamonds are a girls’ best friend’ is true – any girl would be overjoyed to receive diamonds be it for her wedding, engagement, or an anniversary. But with the prices of diamonds these days, it might be difficult to find captivating pieces that fit your budget. Not to worry, you can find the Diamond of Dreams in the Star Promise collection from Goldheart, perfect for any special occasion. Star Promise is the top choice for customers who desire dazzling diamond jewellery at attractive price points.
💎
The diamond of your dream awaits! Explore more
here
.",https://t.me/blissfulbrides/945
blissfulbrides,2024-03-14T01:00:41+00:00,[],"[""https://www.blissfulbrides.sg/event-detail/878/Exquisitely-Yours-The-St-Regis-Singapore-s-Wedding-Atelier""]",944,,"Exquisitely Yours – The St. Regis Singapore’s Wedding Atelier
Event Details
Organizer: The St. Regis Singapore
Admission: Admission is complimentary and by appointment only.
Event Date: 29 Mar, Fri. 10:30 AM – 5:00 PM
Be invited to the city’s most eminent address for exceptional weddings with Exquisitely Yours - The St. Regis Singapore’s Wedding Atelier. Be inspired by a showcase of four wedding concepts alongside displays by curated wedding partners from gown designers to wedding crafters.
For more information or to RSVP
Here
!",https://t.me/blissfulbrides/944
blissfulbrides,2024-03-13T01:00:23+00:00,[],"[""https://www.blissfulbrides.sg/event-detail/880/Timeless-Vows-Everlasting-Love-voco-Orchard-Singapore-first-Wedding-Showcase-of-2024-""]",943,,"Timeless Vows, Everlasting Love. voco Orchard Singapore first Wedding Showcase of 2024.
Event Details
Organizer: voco Orchard Singapore
Admission:  $18nett couple.
Event Date: 24 March 2024. 10am to 5pm
Promising to be the canvas for crafting unforgettable moments for memories to last a lifetime, join voco Orchard Singapore’s first wedding showcase of 2024 and stand a chance to win the grand draw* of 1 Million IHG Rewards Points, the key to free multi-destination honeymoon stays around the globe.
For more information or to RSVP
Here
!",https://t.me/blissfulbrides/943
blissfulbrides,2024-03-12T01:01:42+00:00,[],"[""https://www.blissfulbrides.sg/event-detail/879/ORCHARD-ROMANCE-WEDDING-SHOWCASE""]",942,,"ORCHARD ROMANCE WEDDING SHOWCASE
Event Details
Organizer: The Orchard Hotel Singapore
Admission: Complimentary
Event Date: Wednesday, 20 March 2024. 6.30pm to 9pm
Indulge in the magic of love at our Orchard Romance Wedding Showcase! On March 20th, from 6.30pm to 9.00pm. Delight inattractive cash rebates, complimentary decorations add-on, and other attractive perks await to elevate your special day to new heights. Secure your spot now!
For more information or to RSVP
Here
!",https://t.me/blissfulbrides/942
blissfulbrides,2024-03-11T01:00:21+00:00,[],"[""https://www.blissfulbrides.sg/articles/wedding/elevate-your-wedding-sparkulars-by-techdisplay-dazzling-indoor-fireworks-for-weddings""]",941,,"Elevate Your Wedding: Sparkulars by Techdisplay - Dazzling Indoor Fireworks for Weddings
In the enchanting journey of wedding planning, couples often seek a touch of magic that transforms their special day into an extraordinary celebration. For those dreaming of a mesmerising display to light up their wedding, especially in the vibrant city of Singapore where traditional fireworks are a challenge, Techdisplay's Sparkulars emerge as the quintessential solution - a symphony of light and sparkle, curated to elevate your wedding festivities to unparalleled heights.
✨
Make your wedding unforgettable with Sparkulars by Techdisplay! Discover more
here",https://t.me/blissfulbrides/941
blissfulbrides,2024-03-10T01:00:25+00:00,[],"[""?q=%23WeddingGoals"", ""?q=%23blissfulbrides"", ""?q=%23blissfulbridessg"", ""?q=%23DreamWedding"", ""?q=%23WeddingPromo"", ""https://www.blissfulbrides.sg/event-detail/876/-ongoing-promotion-wedding-celebration-privileges-2025""]",940,,"[Ongoing Promotion] Wedding Celebration Privileges 2025
Promotion Details
Organizer: PARKROYAL COLLECTION Marina Bay, Singapore
Admission: Free
Promotion Period: valid until 30 April 2024.
Celebrate the joyous occasion of your 2025 wedding with us, and bask in the exclusive early bird privilege.
#WeddingGoals
#blissfulbrides
#blissfulbridessg
#DreamWedding
#WeddingPromo
For more information or to RSVP
Here
!",https://t.me/blissfulbrides/940
blissfulbrides,2024-03-09T01:00:54+00:00,[],"[""https://www.blissfulbrides.sg/merchant/14/wedding-photography"", ""https://www.blissfulbrides.sg/articles/wedding/5-wedding-ceremony-moments-that-must-be-captured-in-photos""]",939,,"5 Wedding Ceremony Moments That Must Be Captured in Photos
Photos are something that shouldn’t be overlooked at a wedding. As such, professional wedding photographers are essential to wedding ceremonies as they are responsible for capturing every memorable moment of the day. Hence, it’s no surprise that
wedding photography packages in Singapore
are in high demand.
📸
Capture the magic of your wedding ceremony with these essential photo moments. Learn more
here
.",https://t.me/blissfulbrides/939
blissfulbrides,2024-03-08T01:02:51+00:00,[],"[""https://www.blissfulbrides.sg/event-detail/874/Exceptional-Weddings-at-Mandarin-Oriental-Singapore""]",938,,"Exceptional Weddings at Mandarin Oriental, Singapore
Event Details
Organizer: Mandarin Oriental, Singapore
Admission: Complimentary (Strictly by appointment only)
Event Date: 13 and 14 April 2024.
Join us for a captivating celebration of love at Mandarin Oriental, Singapore.
Gracefully shaped like a fan, experience an exceptionally unforgettable wedding in the revitalised Oriental Ballroom which features exquisite décor and a 20-metre curved LED screen boasting high-resolution that creates an immersive atmosphere.
For more information or to RSVP
Here
!",https://t.me/blissfulbrides/938
blissfulbrides,2024-03-07T01:00:00+00:00,[],"[""https://www.blissfulbrides.sg/event-detail/875/Eternal-Love-Wedding-Showcase""]",937,,"Eternal Love Wedding Showcase
Event Details
Organizer: Holiday Inn Singapore Orchard City Centre
Admission: Free
Event Date: 17 March 2024. 10 AM to 4PM.
Join us at the Eternal Love Wedding Showcase by Holiday Inn Singapore Orchard City Centre. Sample in our delightful Tasting menu featuring our exquisite Chinese banquet selections available during the showcase from 11 AM to 2 PM.
For more information or to RSVP
Here
!",https://t.me/blissfulbrides/937
blissfulbrides,2024-03-06T01:00:00+00:00,[],"[""https://www.blissfulbrides.sg/articles/editor-s-choice-awards/seletar-country-club-where-your-wedding-dreams-take-flight""]",936,,"Seletar Country Club: Where Your Wedding Dreams Take Flight
Imagine saying your vows with the sun setting over the Seletar Reservoir, casting a golden glow on the water, and the lush greenery creating a picturesque backdrop. Seletar Country Club is not just a venue; it's a canvas where your dreams take flight. Let's delve into why this location  stands out as the ideal choice for couples seeking a stunning and romantic wedding experience.
💍
Elevate your special day at Seletar Country Club.
Click
here to learn more.",https://t.me/blissfulbrides/936
blissfulbrides,2024-03-04T01:00:19+00:00,[],"[""https://www.blissfulbrides.sg/event-detail/873/Monti-Wedding-Showcase-2024""]",934,,"Monti Wedding Showcase 2024
Event Details
Organizer: Monti
Admission: $68 nett per couple
Event Date: 17 Mar, Sun. 6:00 PM – 9:00 PM.
With a breathtaking view of the Marina Bay skyline within the iconic sphere seemingly floating on Fullerton Bay, let the warm glow of romance envelop you on your special day.
For more information or to RSVP
Here
!",https://t.me/blissfulbrides/934
blissfulbrides,2024-03-03T01:01:54+00:00,[],"[""https://www.blissfulbrides.sg/articles/wedding/5-things-you-should-definitely-rent-for-your-wedding""]",933,,"5 Things You Should Definitely Rent for Your Wedding
During the initial planning stage of your wedding, you may not yet realise how fast all the expenses can add up. While it’ll surely be one of the best days of your life, a wedding is an expensive event to plan. For this reason, it’s important to be wise when it comes to spending money for your wedding. As much as possible, you should stick to your budget and find ways to cut costs.
🏰
Ensure your wedding is everything you dreamed of by renting these must-have items. Learn more
here
.",https://t.me/blissfulbrides/933
blissfulbrides,2024-03-02T01:01:49+00:00,[],"[""https://www.blissfulbrides.sg/event-detail/872/Love-In-The-Groove-Aloft-Singapore-Novena""]",932,,"Love In The Groove @ Aloft Singapore Novena
Event Details
Organizer: Aloft Singapore Novena
Admission: Complimentary (By Appointment Only)
Event Date: 17 Mar, Sun. 11:00 AM – 5:00 PM
Embark on an enchanting journey at the Aloft Singapore Novena and turn your love story into a memorable chapter in your life. Exchange your vows at our exquisitely landscaped outdoor event lawn and make your grand entrance at the Balestier Ballroom, featuring a high ceiling, pillar-free ballroom with cutting-edge audio-visual tech and a stunning LED videowall or enjoy breathtaking views of the Zhongshan Park, with its full-length glass window, which allows natural light to shine in at Zhongshan Room.
For more information or to RSVP
Here
!",https://t.me/blissfulbrides/932
blissfulbrides,2024-03-01T01:01:51+00:00,[],"[""https://www.blissfulbrides.sg/articles/wedding/guo-da-li-and-jing-cha-how-are-these-customs-different""]",931,,"Guo Da Li and Jing Cha: How Are These Customs Different?
At present, most couples adopt a modern approach when it comes to the flow of their wedding by merely incorporating some traditions. Some couples do so for the experience, while others are committed to adopting traditional practices unique to their nationality or dialect group. In Singapore, particularly, many couples still choose to practice some Chinese wedding customs, such as Guo Da Li and Jing Cha.
🎎
Discover the unique customs of Guo Da Li and Jing Cha weddings. Click
here
.",https://t.me/blissfulbrides/931
blissfulbrides,2024-02-29T01:02:03+00:00,[],"[""https://www.blissfulbrides.sg/event-detail/871/Elemental-Elegance-In-House-Wedding-Show""]",930,,"Elemental Elegance In-House Wedding Show
Event Details
Organizer: Copthorne King's Hotel
Admission: Free
Event Date: March 8th, 2024.
Join us on March 8th, 2024, for an unforgettable journey into the world of elemental elegance at Copthorne King's Hotel. Our exclusive in-house wedding showcase promises to ignite your imagination with three enchanting themes: Azure, Terrestrial, and Scarlett.
For more information or to RSVP
Here
!",https://t.me/blissfulbrides/930
blissfulbrides,2024-02-28T01:01:16+00:00,[],"[""https://www.blissfulbrides.sg/articles/wedding/3-best-tips-to-keep-your-wedding-dress-free-from-wrinkles""]",929,,"3 Best Tips to Keep Your Wedding Dress Free from Wrinkles
Most soon-to-be brides have dreamt about their wedding day their entire life. As such, when the big day finally arrives, they’ll want to look their absolute best. This includes being in the most stunning wedding dress they can find. However, mishaps sometimes occur, and wedding dresses can become wrinkled or creased for some reason.
👗
Keep your wedding dress pristine! Discover the best tips
here
.",https://t.me/blissfulbrides/929
blissfulbrides,2024-02-26T01:01:05+00:00,[],"[""https://www.blissfulbrides.sg/merchant/14/wedding-photography"", ""https://www.blissfulbrides.sg/articles/wedding/4-steps-to-a-picture-perfect-smile-for-your-wedding-photos""]",928,,"4 Steps to a Picture-Perfect Smile for Your Wedding Photos
A wedding is one of the most significant occasions in a couple’s life. As such, it’s essential to document every special moment of the event. For the groom and the bride, having amazing photos of them together is a must, as they’ll serve as souvenirs from one of the most notable events in their life. In
wedding photography packages
are in demand for this exact reason.
📸
Click
to uncover the 4 steps to a flawless smile for your wedding photos.",https://t.me/blissfulbrides/928
blissfulbrides,2024-02-25T00:59:59+00:00,[],"[""https://www.blissfulbrides.sg/event-detail/870/-voco-orchard-singapore-wedding-showcase--timeless-vows-everlasting-love""]",927,,"voco Orchard Singapore Wedding Showcase – Timeless Vows, Everlasting Love
Event Details
Organizer: voco Orchard Singapore
Admission: $18 nett per couple (inclusive of Lunch/Refreshments)
Event Date: 24 March 2024, Sunday. 10am to 5pm
Discover your dream wedding stage at voco Orchard Singapore, where we unveil the perfect venue for your special day. Promising to be the canvas for crafting unforgettable moments for memories to last a lifetime, join us in our first wedding showcase of 2024 and stand a chance to win the grand draw* of 1 Million IHG Reward Points, the key to free multi-destination honeymoon stays around the globe.
For more information or to RSVP
Here
!",https://t.me/blissfulbrides/927
blissfulbrides,2024-02-24T01:01:10+00:00,[],"[""https://www.blissfulbrides.sg/articles/wedding/4-questions-you-must-ask-before-renting-a-wedding-dress""]",926,,"4 Questions You Must Ask Before Renting A Wedding Dress
Selecting a dress for your wedding day is a crucial decision that requires plenty of consideration. With an endless range of options, finding the right dress for your special day may certainly take time. One essential part of this process is deciding how you’ll procure your wedding dress. The renting versus purchasing debate is a dilemma that many brides face, as both of these options come with their respective pros and cons.
👗
Planning to rent your wedding dress? Discover the essential questions
here
.",https://t.me/blissfulbrides/926
blissfulbrides,2024-02-23T01:01:29+00:00,[],"[""https://www.blissfulbrides.sg/event-detail/865/From-Here-To-Forever---A-Fullerton-Wedding-Showcase""]",925,,"From Here To Forever - A Fullerton Wedding Showcase
Event Details
Organizer: The Fullerton Hotel Singapore
Admission: S$38 nett per couple
Event Date: 24 Mar, Sun. 11:00 AM – 5:00 PM
Celebrate your milestone at The Fullerton Hotel Singapore, where new beginnings unfold gracefully and memories are treasured.
Our wedding packages are specially tailored to your celebration, under the guidance of our dedicated team each step of the way. Set the stage for your dream wedding with customised decor in a time-honoured setting.
For more information or to RSVP
Here
!",https://t.me/blissfulbrides/925
blissfulbrides,2024-02-22T01:02:03+00:00,[],"[""https://www.blissfulbrides.sg/articles/wedding/5-things-you-need-to-ready-to-pull-off-an-outdoor-wedding""]",924,,"5 Things You Need To Ready To Pull Off An Outdoor Wedding
Celebrating a wedding in the fresh air can be a blissful experience. The magnificence of natural elements like fresh air and an open sky is truly unparalleled and romantic. That said, an outdoor wedding usually requires a lot of planning and preparation to be successful. Many things can happen on the wedding day, especially if you’re celebrating it
en plein air
.
💍
Click
to uncover the 5 things you need for your perfect outdoor wedding.",https://t.me/blissfulbrides/924
blissfulbrides,2024-02-21T01:02:14+00:00,[],"[""https://www.blissfulbrides.sg/event-detail/868/The-Singapore-Edition-Inaugural-Wedding-Show""]",923,,"The Singapore Edition Inaugural Wedding Show
Event Details
Organizer: The Singapore EDITION
Admission: Complimentary and by-appointment only.
Event Date: 25 Feb, Sun. 10:00 AM – 6:00 PM
Join us in crafting your extraordinary beginning at The Singapore EDITION's first-ever Wedding Show and experience the epitome of a new generation of luxury.
Immerse yourself in a journey of impassioned connections, where our team’s emotional and spiritual dedication unfolds through every aspect. Our commitment to authenticity takes center stage, fostering a genuinely caring and kind approach to each celebration.
For more information or to RSVP
Here
!",https://t.me/blissfulbrides/923
blissfulbrides,2024-02-20T01:01:30+00:00,[],"[""https://www.blissfulbrides.sg/articles/editor-s-choice-awards/seletar-country-club-where-your-wedding-dreams-take-flight""]",922,,"Seletar Country Club: Where Your Wedding Dreams Take Flight
Imagine saying your vows with the sun setting over the Seletar Reservoir, casting a golden glow on the water, and the lush greenery creating a picturesque backdrop. Seletar Country Club is  not just a venue; it's a canvas where your dreams take flight. Let's delve into why this location stands out as the ideal choice for couples seeking a stunning and romantic wedding experience.
👰
Plan your dream wedding at Seletar Country Club. Discover more
here
.",https://t.me/blissfulbrides/922
blissfulbrides,2024-02-19T01:01:58+00:00,[],"[""https://www.blissfulbrides.sg/event-detail/866/Simply-Yours-Love-s-in-The-Air""]",921,,"Simply Yours, Love’s In The Air
Event Details
Organizer: PARKROYAL on Beach Road
Admission: Free
Event Date: 10th March 2024. 12.00pm to 5.00pm.
This episode of our wedding showcase is themed Simply Yours, Love's In The Air - encapsulates the essence and romance of love surrounding us.
Embark on this curated showcase, where every detail is thoughtfully planned to intertwine seamlessly into your special day. Explore a handpicked selection of vendors, including Starflorist, Moving Still for Photography services, Thomson Wedding Collection (TWC) for exquisite gown selection, and many more. Additionally, treat your palate to an array of delectable canapés by our Master Chef.
For more information or to RSVP
Here
!",https://t.me/blissfulbrides/921
blissfulbrides,2024-02-17T01:01:28+00:00,[],"[""https://www.blissfulbrides.sg/event-detail/867/The-Wedding-Odyssey-Showcase""]",920,,"The Wedding Odyssey Showcase
Event Details
Organizer: InterContinental
®
Singapore
Admission: Admission with registration
Event Date: 3 March 2024, Sunday. 10am to 4pm.
Let love blossom and embark on an extraordinary journey towards your dream celebration at the Wedding Odyssey Showcase in the illustrious Grand Ballroom. Register for our wedding showcase and stand a chance to win luxurious lucky draw prizes during the showcase, featuring upgrades to lavish suites worth up to $5,000, IHG Rewards Points, and delectable dining experiences worth $360.
For more information or to RSVP
Here
!",https://t.me/blissfulbrides/920
blissfulbrides,2024-02-15T01:01:42+00:00,[],"[""https://www.blissfulbrides.sg/event-detail/864/Everlasting-Exuberance""]",919,,"Everlasting Exuberance by JW Marriott Singapore South Beach
Event Details
Organizer: JW Marriott Singapore South Beach
Admission: Appointment only
Event Date: 10 Mar, Sun. 11:00 AM – 7:00 PM
Celebrate your wedding at JW Marriott Singapore South Beach’s Grand Ballroom set against the backdrop of a 15m by 10m dome-shaped LED Wall, under the iconic Forest of Lights installation of 11,520-lights.
Plan your 2024 and 2025 celebrations at the Everlasting Exuberance wedding showcase with exclusive privileges including free flow beer for three hours and an additional bottle of wine for every 10 confirmed guests.
For more information or to RSVP
Here
!",https://t.me/blissfulbrides/919
blissfulbrides,2024-02-14T01:00:27+00:00,[],"[""https://www.blissfulbrides.sg/event-detail/863/Celebrate-Eternal-Love""]",918,,"Celebrate Eternal Love
Event Details
Organizer: Hilton Singapore Orchard
Admission: Free
Event Date: 17 & 18 Feb. 10:00 AM – 6:00 PM
Join us at Hilton Wedding Show on 17 & 18 Feb to begin your journey towards forever at our enchanting venues, each elegantly designed to capture the essence of your love story.
For more information or to RSVP
Here
!",https://t.me/blissfulbrides/918
blissfulbrides,2024-02-13T01:01:26+00:00,[],"[""https://www.blissfulbrides.sg/articles/editor-s-choice-awards/say-yes-to-your-dream-dress-at-my-dream-wedding""]",917,,"Say ""Yes"" to Your Dream Dress at My Dream Wedding
True to its name, My Dream Wedding is your destination for finding your dream wedding dress. With an extensive collection of exquisite gowns and a team of dedicated experts, they are committed to helping you discover the perfect dress that matches your unique style and personality. With their expertise, they will turn your vision into a fairytale come true, ensuring your wedding day is nothing short of magical and unforgettable.
👗
Find your perfect dress at My Dream Wedding. Say ""Yes"" to the dress today! Read more
here
.",https://t.me/blissfulbrides/917
blissfulbrides,2024-02-12T01:00:25+00:00,[],"[""https://www.blissfulbrides.sg/articles/wedding/5-heartwarming-wedding-favour-trends-that-always-bring-smiles""]",916,,"5 Heartwarming Wedding Favour Trends That Always Bring Smiles
As couples begin their new life together on their wedding day, they bring with them a cherished tradition: the act of showering their beloved guests with wedding favours— —an item often found on every wedding planning checklist. These tokens of gratitude not only express a deep and heartfelt thank-you but also serve as lasting keepsakes, invoking beloved recollections of ceremonial moments on that momentous day.
🎁
Ready to bring smiles to your guests' faces? Explore heartwarming wedding favor trends
here
.",https://t.me/blissfulbrides/916
blissfulbrides,2024-02-11T01:01:16+00:00,[],"[""https://www.blissfulbrides.sg/articles/wedding/5-creative-ways-to-gather-and-display-guest-messages""]",915,,"5 Creative Ways to Gather and Display Guest Messages
When friends and family come together to celebrate a wedding, their presence alone is a cherished gift. But what if you could capture their heartfelt wishes and words of love in a way that would be treasured forever?
💌
Make memories last with creative guest messages! Explore more
here
.",https://t.me/blissfulbrides/915
blissfulbrides,2024-02-10T03:01:51+00:00,[],[],914,,"🌟
🧧
From everyone here at Blissful Brides, may the radiant energy of the Dragon bring couples and families a Chinese New Year filled with love, joy, and prosperity!
🐉
🎉",https://t.me/blissfulbrides/914
blissfulbrides,2024-02-10T01:01:26+00:00,[],"[""https://www.blissfulbrides.sg/articles/wedding/love-brews-here-singapore-s-reddot-brewhouse-as-your-dream-wedding-venue""]",913,,"Love Brews Here: Singapore’s RedDot BrewHouse as Your Dream Wedding Venue
Tucked away in the heart of Dempsey Hill, RedDot BrewHouse isn't just a venue; it's a haven where love stories take flight. With its inviting outdoor gardens and chic indoor spaces, RedDot BrewHouse sets the stage for unforgettable moments and endless laughter. Here, amidst the vibrant energy of Singapore, your love story finds its perfect beginning.
👰
Click
to unlock the charm of RedDot BrewHouse as your dream wedding venue.",https://t.me/blissfulbrides/913
blissfulbrides,2024-02-09T01:01:08+00:00,[],"[""https://www.blissfulbrides.sg/event-detail/862/A-Promise-Of-Perfection-Wedding-Showcase""]",912,,"A Promise Of Perfection Wedding Showcase
Event Details
Organizer: Sheraton Towers Singapore
Admission: Complimentary (By Appointment Only)
Event Date: 10 Mar, Sun. 11:00 AM – 5:00 PM
From intimate celebrations to elegant wedding receptions, Sheraton Towers Singapore provides the perfect venue for your most momentous day.
Set the perfect scene for a grand entrance with soaring ceilings and chandeliers glittering overhead in our opulent ballroom. From experienced event planners to food artisans of renowned Li Bai Cantonese Restaurant who will curate a gastronomic meal for you and your esteemed guests, our dedicated team is committed to ensuring your special day is nothing short of perfection.
For more information or to RSVP
Here
!",https://t.me/blissfulbrides/912
blissfulbrides,2024-02-08T01:01:26+00:00,[],"[""https://www.blissfulbrides.sg/event-detail/861/Our-Love-Story-A-Skyline-Wedding-Showcase-2024""]",911,,"Our Love Story: A Skyline Wedding Showcase 2024
Event Details
Organizer: Momentus Hotels Alexandra
Admission: Register before 15 February 2024 at $15 nett per person. (Regular price: $20 nett)
Event Date: 9 Mar, Sat. 11:30 AM – 5:30 PM
Celebrate Love at Our Rooftop Wedding Venue in Singapore
EXCHANGE YOUR VOWS AGAINST THE BACKDROP OF AN ENCHANTING SUNSET
At the heart of Singapore’s shimmering cityscape lies a hidden gem – Momentus Hotels Alexandra’s rooftop wedding venue. Imagine saying your vows with lush greenery and a heavenly golden hour glow as your backdrop, with gentle whisper of city breezes to bear witness to one of the biggest moments in your life.
For more information or to RSVP
Here
!",https://t.me/blissfulbrides/911
blissfulbrides,2024-02-07T01:01:32+00:00,[],"[""https://www.blissfulbrides.sg/event-detail/860/The-Alkaff-Mansion-Wedding-Showcase-2024""]",910,,"The Alkaff Mansion Wedding Showcase 2024
Event Details
Organizer: The Alkaff Mansion
Admission: $68 nett per couple
Event Date: 25 Feb, Sun.6:00 PM – 9:00 PM
Embark on an enchanting journey at The Alkaff Mansion, a timeless architectural gem with over 100 years of history. Adorned with a gazebo, European-styled fountains, and welcoming outdoor spaces, it's the perfect canvas for garden weddings, epitomizing romance and grandeur.
For more information or to RSVP
Here
!",https://t.me/blissfulbrides/910
blissfulbrides,2024-02-06T01:01:57+00:00,[],"[""https://www.blissfulbrides.sg/articles/wedding/happily-ever-after-disney-inspired-wedding-dresses""]",909,,"Happily Ever After: Disney-Inspired Wedding Dresses
Each of us harbours a fragment of a childhood dream – a yearning to step into the shoes of a Disney princess, to be carried off by a prince, and to experience the enchantment of a fairy tale wedding. Among these milestones, the journey of marriage stands out as a moment that allows us to embrace that princess-like feeling once again.
👰
Planning your dream Disney wedding? Explore enchanting dresses
here
.",https://t.me/blissfulbrides/909
blissfulbrides,2024-02-05T01:01:16+00:00,[],"[""https://www.blissfulbrides.sg/articles/wedding/wedding-rehearsal-dinner-etiquette-the-dos-and-don-ts""]",908,,"Wedding Rehearsal Dinner Etiquette: The Dos and Don’ts
In the time leading up to the big day, wedding planning can become both thrilling and frantic. Amidst the flurry of decisions, there is one important event that is often overlooked: the rehearsal dinner.
It is this pre-wedding gathering that sets the tone for the upcoming nuptials and provides an opportunity for the couple, their families, and close friends to come together in a more relaxed setting. To ensure a smooth and enjoyable experience, here’s a quick guide to the dos and don’ts of a wedding rehearsal dinner.
🍾
Ensure a smooth rehearsal dinner with our Dos and Don’ts. Read more
here
.",https://t.me/blissfulbrides/908
blissfulbrides,2024-02-04T01:01:28+00:00,[],"[""https://www.blissfulbrides.sg/articles/wedding/ready-set-say-i-do-essential-steps-before-your-wedding-day""]",907,,"Ready, Set, Say 'I Do!' Essential Steps Before Your Wedding Day
The wedding day is often etched in our hearts as one of the most memorable and cherished occasions. It's a day filled with love, joy and the beginning of a new chapter in your life. However, this significant day can also take an unexpected turn into a realm of stress and chaos if you're not adequately prepared. The last thing anyone wants is for the bride, who should be radiating happiness, to transform into a bridezilla due to unforeseen issues.
💕
Ready to say 'I Do'? Discover the essential steps before your wedding day
here
.",https://t.me/blissfulbrides/907
blissfulbrides,2024-02-03T01:01:24+00:00,[],"[""https://www.blissfulbrides.sg/articles/wedding/rings-that-would-make-your-swifty-girlfriend-say-yes""]",906,,"Rings that would make your Swifty girlfriend say “Yes”
If you find yourself among the fortunate few clutching tickets to the much-anticipated Eras Tour, this presents an opportunity to join the ranks of boyfriends who were lucky enough to truly make an unforgettable proposal for their beloved partners.
But before embarking on this heartfelt journey, there lies the task of selecting the perfect engagement ring for your Swifty girlfriend, a venture that might evoke trepidation. But not to worry, for we've meticulously assembled a list of exquisite rings, each tailored to a distinct era of Taylor Swift's career. This way, you can choose a ring that not only symbolises your commitment but also resonates deeply with her Swift-loving heart.
💍
Explore the perfect rings for your Swifty love story,
Click
to see more.",https://t.me/blissfulbrides/906
blissfulbrides,2024-02-01T01:01:33+00:00,[],"[""https://www.blissfulbrides.sg/articles/wedding/bridal-glam-squad-10-must-know-wedding-makeup-artists-and-hair-stylists-in-singapore""]",904,,"Bridal Glam Squad: 10 Must-Know Wedding Makeup Artists and Hair Stylists in Singapore
You have the perfect venue, the perfect dress, and the perfect makeup artist?
You can’t say you have completed your wedding checklist until you find the perfect wedding makeup and hair stylists to create that mesmerising bridal look that would leave your groom in awe as you walk down the aisle.
That's why we've curated a list of the top 10 must-know wedding makeup artists and hair stylists in Singapore – your very own Bridal Glam Squad!
🎨
Ready for wedding glam perfection? Read more
here
.",https://t.me/blissfulbrides/904
blissfulbrides,2024-01-31T01:00:14+00:00,[],"[""https://www.blissfulbrides.sg/event-detail/858/parkroyal-collection-pickering-wedding-workshop""]",903,,"Parkroyal Collection Pickering Wedding Workshop
Event Details
Organizer: PARKROYAL COLLECTION Pickering, Singapore
Admission: Complimentary, strictly by appointment
Event Date: 3 Feb, Sat. 11:00 AM – 7:00 PM
Forever begins at PARKROYAL COLLECTION Pickering, Singapore. From exquisite cuisines, picture-perfect venues to personalised service, there’s nothing quite like a PARKROYAL COLLECTION wedding. Our dedicated Celebrations Curators are committed to attending to every detail, big or small; tying up the loose ends for you while you tie the knot.
Be it an intimate solemnisation or grand banquet wedding, our hotel-in-a-garden offers a wide range of options for your celebration.
For more information or to RSVP
Here
!",https://t.me/blissfulbrides/903
blissfulbrides,2024-01-30T01:00:06+00:00,[],"[""https://www.blissfulbrides.sg/9/hotels/detail/513/hotel-jen-tanglin-singapore"", ""https://www.blissfulbrides.sg/articles/editor-s-choice-awards/creating-memories-one-wedding-at-a-time-jen-singapore-tanglin-by-shangri-la""]",902,,"Creating Memories One Wedding at A Time: JEN Singapore Tanglin by Shangri-La
Set in the bustling heart of Tanglin, a refined gem beckons couples to embark on their journey of matrimonial bliss within its stylish and intimate confines.
JEN Singapore Tanglin by Shangri-La
is only a short stroll from Orchard Boulevard MRT (TE13), making it a prime location for accessibility and convenience! Just imagine, a wedding venue close to premier shopping and entertainment!
👰
Click
here
to access the full article.",https://t.me/blissfulbrides/902
blissfulbrides,2024-01-29T01:00:50+00:00,[],"[""https://www.blissfulbrides.sg/2/bridal-boutiques/detail/1164/promises-wedding"", ""https://www.blissfulbrides.sg/articles/wedding/promises-wedding-find-your-dream-dress-today""]",901,,"Promises Wedding: Find Your Dream Dress Today
Every love story is unique and so should be the wedding.
Promises Wedding
, a bridal boutique like no other, is dedicated to making every couple's wedding dreams come true.
With a carefully curated collection of wedding gowns, exceptional personalized service and a commitment to inclusivity and affordability, Promises Wedding stands out as the go-to destination for brides and grooms-to-be.
🌐
Journey through expertise, read the complete article
here
.",https://t.me/blissfulbrides/901
blissfulbrides,2024-01-28T01:00:37+00:00,[],"[""https://www.blissfulbrides.sg/articles/wedding/tying-the-knot-without-breaking-the-bank-affordable-wedding-packages-in-singapore""]",900,,"Tying the Knot without Breaking the Bank: Affordable Wedding Packages in Singapore
Are you planning your dream wedding but worried about the costs?
Fear not, as we have some exciting news for you!
We have found a range of affordable wedding packages that allow you to tie the knot without breaking the bank. From stunning venues to exquisite gowns, and impeccable services, these packages cater to all your wedding needs while being budget-friendly.
📝
Discover more insights, read the full article
here
.",https://t.me/blissfulbrides/900
blissfulbrides,2024-01-27T01:00:31+00:00,[],"[""https://www.blissfulbrides.sg/articles/wedding/forever-starts-here-say-i-do-at-these-10-wedding-hotels-in-singapore""]",899,,"Forever Starts Here: Say 'I Do' at These 10 Wedding Hotels in Singapore
Celebrate your special day in style and luxury at one of Singapore's finest wedding hotels. From grand ballrooms that exude elegance to exquisite banquets set against the backdrop of this vibrant city, Singapore offers a plethora of stunning venues to make your dream wedding come true.
Whether you envision a sophisticated affair or an intimate gathering, these 10 popular wedding hotels in Singapore are sure to leave you and your guests with unforgettable memories.
💍
Explore the allure of our top 10 wedding hotels in Singapore. Read more
here
.",https://t.me/blissfulbrides/899
blissfulbrides,2024-01-26T09:52:51+00:00,[],"[""https://events.blissfulbrides.sg/crowne-plaza-wedding-showcase-jan-2024/""]",898,,"✨
Crowne Plaza Changi Hotel presents its 𝐎𝐩𝐮𝐥𝐞𝐧𝐭 𝐕𝐨𝐰𝐬 Wedding Showcase!
💍
✨
Experience exclusive deals, lucky draws, complimentary goodies, and tantalising canapés. Immerse yourself in luxury and envision your dream wedding.
Don't miss this final chance to turn your wedding dreams into reality! RSVP now to create unforgettable memories.
💐
🥂
RSVP today:
https://events.blissfulbrides.sg/crowne-plaza-wedding-showcase-jan-2024/",https://t.me/blissfulbrides/898
blissfulbrides,2024-01-26T01:01:38+00:00,[],"[""https://www.blissfulbrides.sg/articles/wedding/10-wedding-photographers-in-singapore-you-want-to-capture-your-love-story""]",897,,"10 Wedding Photographers in Singapore you want to Capture Your Love Story
Wedding is a once in a lifetime event that deserves to be captured.
The enchanting walk down the aisle, the tender glances exchanged with your soon-to-be spouse and the transformative moment of donning the veil as you embrace your role as a bride - these are the precious memories you'll want to cherish forever.
Preserving these treasured memories calls for a wedding photographer specialising in capturing candid and emotional moments.
📷
Discover your perfect wedding photographer in Singapore.
Click
for details.",https://t.me/blissfulbrides/897
blissfulbrides,2024-01-25T01:00:39+00:00,[],"[""https://www.blissfulbrides.sg/event-detail/857/A-Love-Oasis-Wedding-Showcase-by-Wheeler-s-Tropikana""]",896,,"A Love Oasis Wedding Showcase by Wheeler's Tropikana
Event Details
Organizer: Wheeler's Tropikana
Admission: Free
Event Date: 27 Jan, Sat. 11:00 AM - 12:30 PM and 1:30 PM - 3:00 PM
Discover the enchanting oasis of Wheeler's Tropikana in Gillman Barracks, offering a perfect escape from city life. Our versatile spaces cater to weddings of all sizes, ensuring a vibrant and personalized celebration.
Connect with our events team at the 'A Love Oasis Wedding Showcase' to turn your dreams into reality, with exclusive offers for attendees.
For more information or to RSVP
Here
!",https://t.me/blissfulbrides/896
blissfulbrides,2024-01-19T01:00:43+00:00,[],"[""https://events.blissfulbrides.sg/crowne-plaza-wedding-showcase-jan-2024/""]",895,,"Opulent Vows at Crowne Plaza Wedding
Embark on a journey of timeless romance at Crowne Plaza Changi Singapore's exclusive ""Opulent Vows"" wedding showcase – a celebration where dreams come to life and love is elevated to new heights!
🌟
✨
🎁
Discover exclusive vendor perks, enter to win dreamy prizes in our lucky draw, and snag free goodie bags filled with love!
🍰
Savour the anticipation with canapé delights from Crowne Plaza Banquet, crafting the perfect flavuors for your special day.
📅
Save the Date: Sat, 27th Jan 2024, 11 am to 5 pm.
💒
Venue: Crowne Plaza Changi Singapore Ballroom.
Let the wedding vibes sweep you off your feet – join us for an unforgettable journey into forever!
💖
✨
Secure your spot and RSVP now, and let's craft a symphony of love and forever!
🥂
For more information or to RSVP
Here
!",https://t.me/blissfulbrides/895
blissfulbrides,2024-01-18T01:02:04+00:00,[],"[""https://www.blissfulbrides.sg/event-detail/855/a-romantic-escapade-at-one-farrer-hotel""]",888,,"A Romantic Escapade at One Farrer Hotel
Event Details
Organizer: One Farrer Hotel
Admission: Free
Event Period: 9th-17th February 2024.
Crafting unforgettable moments at One Farrer Hotel. Join us on a journey of romance, where every detail is meticulously curated to create a symphony of love. Embarking on a love-filled journey at One Farrer Hotel, your dream escape awaits!
For more information or to RSVP
Here
!",https://t.me/blissfulbrides/888
blissfulbrides,2024-01-13T01:01:39+00:00,[],"[""https://www.blissfulbrides.sg/event-detail/854/Simply-Yours-New-Beginning-""]",887,,"Simply Yours, New Beginning.
Event Details
Organizer: PARKROYAL on Beach Road
Admission: Free
Event Date: 27th January 2024. 12.00pm to 5.00pm
This episode of our wedding showcase is themed Simply Yours, New Beginning - it signifies the start of a beautiful journey and the promise of embarking on a shared life together.
Immerse yourself in this showcase of expertise, where every detail is planned to weave seamlessly into your special day. Additionally, treat your palate to the delightful pass-around canapés, offering a glimpse into the cuisine that could be part of your wedding celebration.
Don't miss out on incredible savings of up to $2024 and exclusive perks such as free-flow beer and wine for 4 hours! Be one of the first to RSVP and secure your spot today!
For more information or to RSVP
Here
!",https://t.me/blissfulbrides/887
blissfulbrides,2024-01-11T01:02:05+00:00,[],"[""https://www.blissfulbrides.sg/event-detail/851/-promotion-opening-special-the-robertson-house-by-the-crest-collection""]",886,,"[Ongoing Promotion] Opening Special @ The Robertson House by The Crest collection
Promotion Details
Organizer: The Robertson House by The Crest Collection
Admission: Free
Promotion Period: Now - 31st March 2024.
Opening Special @ The Robertson House by The Crest collection. Our opening special is a 2D1N anniversary stay in Panoramic room inclusive of breakfast for 2 persons To book by 31st March 2024.
*Terms & Conditions
For more information or to RSVP
Here
!",https://t.me/blissfulbrides/886
blissfulbrides,2024-01-10T01:00:55+00:00,[],"[""https://www.blissfulbrides.sg/event-detail/853/Voyage-of-Love-Wedding-Show-by-M-Hotel-Singapore""]",885,,"Voyage of Love Wedding Show by M Hotel Singapore
Event Details:
Organizer: M Hotel Singapore
Admission: Complimentary
Event Date: 28 Jan, Sun. 11:30 AM – 6:00 PM
Begin your Voyage of Love; the magical journey of a lifetime here at M Hotel where we will walk with you every step of the way, leading you down the aisle with a spectacular and bespoke wedding experience.
Join us at our first wedding show of the year as we unveil our collection of wedding themes exclusively designed in-house for M couples, and savour repertoire highlights of sampling dishes from the wedding menu by our experienced culinary team.
For more information or to RSVP
Here
!",https://t.me/blissfulbrides/885
blissfulbrides,2024-01-09T01:01:36+00:00,[],"[""https://www.blissfulbrides.sg/event-detail/852/Heartware-Store-By-Antelope-Studios""]",884,,"Heartware Store by Antelope Studios
Event Details:
Organizer: Antelope Studios
Admission: $20 (fully refundable with attendance)
Event Date: 13 - 14 Jan, 2024. 11:00 AM - 7:00 PM
Come and meet the meticulously curated vendors that will be essential for your wedding. Speak to our vendors about your wedding plans, and find out about the exclusive deals that will only be offered at this showcase!
By RSVP only. Tickets are $20 per couple (This is fully refundable when you turn up at the event).
For more information or to RSVP
Here
!",https://t.me/blissfulbrides/884
blissfulbrides,2023-12-27T01:02:43+00:00,[],"[""https://www.blissfulbrides.sg/event-detail/850/Chinese-New-Year-Jewellery-Webinar-with-eClarity""]",883,,"Chinese New Year Jewellery Webinar with eClarity
Event Details:
Organizer: eClarity
Admission: Free
Event Date: 10 Jan 2024, Wed. 6:00 PM – 7:00 PM
Join the CNY Jewellery Webinar with eClarity’s Founder and Gemologist, Amanda Koo
Meet Amanda Koo, Founder & Gemologist: Embark on a jewellery journey with Amanda Koo, a distinguished gemologist and Founder of eClarity.
With 19 years of expertise, Amanda will be sharing ideas on what jewellery to wear this CNY, redesigning heirloom jewellery, changing mountings, cleaning and polishing, and gemstones. Discover the art of transforming and revitalizing your precious pieces with Amanda's insights.
For more information or to RSVP
Here
!",https://t.me/blissfulbrides/883
blissfulbrides,2023-12-21T01:01:07+00:00,[],"[""https://www.blissfulbrides.sg/event-detail/849/Westin-Wedding-Showcase""]",882,,"Westin Wedding Showcase
Event Details:
Organizer: The Westin Singapore
Admission: Free | Last appointment at 5pm
Event Date: 20 & 21 Jan 2024, Sat. 11:00 AM – 6:00 PM
Begin your happily-ever-after with a celebration to remember at The Westin Singapore. From vibrant and picture-perfect venues to delicious cuisine and thoughtful touches, our Westin Wedding Specialists are dedicated to orchestrate your dream wedding into reality.
For more information or to RSVP
Here
!",https://t.me/blissfulbrides/882
blissfulbrides,2023-12-20T01:01:18+00:00,[],"[""https://www.blissfulbrides.sg/event-detail/848/Eternal-Love-Wedding-Workshop-at-Singapore-Marriott-Tang-Plaza-Hotel""]",881,,"Eternal Love Wedding Workshop at Singapore Marriott Tang Plaza Hotel
Event Details:
Organizer: Singapore Marriott Tang Plaza Hotel
Admission: Complimentary
Event Date: 13 Jan 2024, Sat. 11:00 AM – 5:00 PM
Your journey of eternal love begins at Singapore Marriott Tang Plaza Hotel, where two hearts come together as one, for a lifetime filled with happiness.
Add a touch of elegance to your big day, and be inspired by our new wedding theme, Eternal Dazzle – picture a dreamy paradise of sweet roses and purple-pink baby’s breath. Choose from our meticulously curated wedding menus, and speak with our appointed vendors such as bridal boutique, photo booth services, live music, and more.
For more information or to RSVP
Here
!",https://t.me/blissfulbrides/881
blissfulbrides,2023-12-19T01:00:50+00:00,[],"[""https://www.blissfulbrides.sg/event-detail/847/1-flowerhill-s-wedding-showcase-2024""]",880,,"1-Flowerhill’s Wedding Showcase 2024
Event Details:
Organizer: 1-Flowerhill
Admission: Complimentary, strictly by appointment
Event Date: 13 Jan 2024, Sat. 12:00 PM and 2:00 PM
Whether you envision an elaborate indoor celebration in our glass-clad floor-to-ceiling dining hall or a romantic stroll down the aisle at sunset in our enchanting open-air garden, your love story will unfold just the way you've always imagined – stylish, charming, and undeniably enchanting.
The grand opening of 1-Flowerhill is set to unfold in Q1 2024, but the anticipation begins with an exclusive preview on January 13, 2024. Join us for a sneak peek into what promises to be a wedding haven like no other.
For more information or to RSVP
Here
!",https://t.me/blissfulbrides/880
blissfulbrides,2023-12-18T09:55:00+00:00,[],"[""https://www.instagram.com/p/C0tZGCvvtIQ/""]",879,,"✨
Your fairy tale moment awaits! Enter our giveaway to win a romantic staycation. Follow the steps
here
and let the magic begin! T&Cs apply.",https://t.me/blissfulbrides/879
blissfulbrides,2023-12-07T01:02:02+00:00,[],"[""https://www.blissfulbrides.sg/event-detail/846/-Promise-to-Forever-Wedding-Workshop""]",878,,"""Promise to Forever"" Wedding Workshop
Event Details:
Organizer: Carlton Hotel Singapore
Admission: Admission is complimentary (Registration is required)
Event Date: Sunday, 28 January 2024. 11.00am to 5.00 pm.
Carlton Hotel Singapore invites you to our ""Promise to Forever"" wedding workshop. Immerse yourself in an exceptional experience as our team of devoted wedding experts and carefully chosen vendors stand ready to turn your dream wedding into a reality.
With packages starting from $1,238++ per table of 10, our curated wedding offerings promise to elevate your celebration to celestial heights. Enjoy exclusive privileges, including additional wines, a barrel of beers, extended stays, and more delightful surprises when you confirm your wedding celebration with us during the workshop.
For more information or to RSVP
Here
!",https://t.me/blissfulbrides/878
blissfulbrides,2023-12-02T01:01:44+00:00,[],"[""https://www.blissfulbrides.sg/event-detail/845/Vows-in-Paradise-Wedding-showcase-2024""]",877,,"Vows in Paradise | Wedding showcase 2024
Event Details:
Organizer: Shangri-La Rasa Sentosa, Singapore
Admission: By appointment only
Event Date: 13 January 2024, Saturday. 11pm to 6.30pm.
Immerse in a preview of your dream seaside tropical wedding at Singapore's only beachfront resort. Join the event and unlock a rebate of up to SGD 148++ for every 10 confirmed guests plus additional perks from your selected wedding package.
For more information or to RSVP
Here
!",https://t.me/blissfulbrides/877
blissfulbrides,2023-11-20T11:35:02+00:00,[],"[""?q=%23BOWS2024"", ""https://bows.sg/""]",876,,"✨
Dive into the magic of 'Magical Soirée' - The Modern Fairy Tale Wedding Fest on 6 & 7 January 2024 at Marina Bay Sands! RSVP now for a chance to enjoy $50,000 cash rebates, win amazing prizes, and explore a wide range of elegant wedding vendors. Transform your wedding dreams into reality and enter to win big in our lucky draw!
🌟
#BOWS2024
𝐄𝐯𝐞𝐧𝐭 𝐃𝐞𝐭𝐚𝐢𝐥𝐬:
📅
: 6 & 7 January 2024, Saturday & Sunday
⏰
: 11am to 8pm
🏠
: Marina Bay Sands Convention Centre, Level 1, Hall A
🎁
RSVP Now
& Secure Your Goodie Bag! (while stocks last). Don't miss out!
T&Cs apply.",https://t.me/blissfulbrides/876
blissfulbrides,2023-11-18T01:02:13+00:00,[],"[""https://www.blissfulbrides.sg/event-detail/843/A-December-Love-Soir-e-Wedding-Showcase""]",875,,"A December Love Soirée Wedding Showcase
Event Details:
Organizer: InterContinental
®
Singapore
Admission: Free
Event Date: 17 December 2023, Sunday. 1pm to 5pm.
Amidst the enchanting embrace of winter's frosty breath this December, love takes center stage in a symphony of snowflakes and whispered promises. Join us for an extraordinary affair at ""Winter Whispers: A December Love Soirée,"" a wedding showcase, where the sophistication of this iconic venue merges seamlessly with the enchantment of the season.
Meet our experienced wedding planner and discover perks such as complimentary canapes for your pre-cocktail reception worth up to $1,000, two nights' stay in our Bridal Suite worth $1,600, complimentary upgrade of day-use room to an overnight stay worth $420 or complimentary one bottle of house wine per confirmed table of 10 persons. Admission with registration.
For more information or to RSVP
Here
!",https://t.me/blissfulbrides/875
blissfulbrides,2023-11-16T01:01:53+00:00,[],"[""https://www.blissfulbrides.sg/event-detail/842/Parkroyal-Collection-Pickering-Wedding-Workshop""]",874,,"PARKROYAL COLLECTION Pickering Wedding Workshop
Event Details:
Organizer: PARKROYAL COLLECTION Pickering
Admission: Complimentary, strictly by appointment
Event Date: 7 Dec, Thu. 3:00 PM – 9:00 PM
Forever begins at PARKROYAL COLLECTION Pickering, Singapore. From exquisite cuisines, picture-perfect venues to personalised service, there’s nothing quite like a PARKROYAL COLLECTION wedding. Our dedicated Celebrations Curators are committed to attending to every detail, big or small; tying up the loose ends for you while you tie the knot.
Be it an intimate solemnisation or grand banquet wedding, our hotel-in-a-garden offers a wide range of options for your celebration.
Speak to our Celebrations Curators at our wedding workshop to celebrate your dream 2024 wedding in extraordinary style and create memories that last a lifetime. Confirm your special occasion during the show to enjoy exclusive perks.
For more information or to RSVP
Here
!",https://t.me/blissfulbrides/874
blissfulbrides,2023-11-15T01:02:42+00:00,[],"[""https://www.blissfulbrides.sg/event-detail/841/Sincerely-Yours-Wedding-Workshop""]",873,,"Sincerely Yours Wedding Workshop By Pan Pacific Orchard
Event Details:
Organizer: Pan Pacific Orchard
Admission: Complimentary, RSVP required
Event Date: Sunday, 19 November 2023, 2:00 PM – 5:00 PM
Step into a world where dreams take flight and love soars to new heights at one of the best wedding venues in Singapore.
Immerse yourself in our exclusive wedding workshop, where extraordinary celebrations are crafted amidst serene settings, tailored just for you by our expert wedding specialists.
Be enchanted by our intuitive service and flawless decor, where each detail is a testament to our commitment to your dreams.
Luxuriate in the delicate scents of our dreamy floral arrangements and indulge in our exceptional cuisine. Our dedicated team is poised to ensure that every aspect of your vision is realised with precision and grace.
For more information or to RSVP
Here
!",https://t.me/blissfulbrides/873
blissfulbrides,2023-11-09T01:01:14+00:00,[],"[""https://www.blissfulbrides.sg/event-detail/840/Orchard-Romance-Wedding-Show""]",871,,"Orchard Romance Wedding Show
Event Details:
Organizer: Orchard Hotel Singapore
Admission: Complimentary
Event Date: Sunday, 19 November 2023, 2.00pm – 6.00pm
Host your wedding at The Orchard Hotel’s largest pillarless ballroom in the heart of Singapore. With a capacity of up to hundred tables, we offer wedding venues to suit every request, from grand banquets to intimate solemnization.
Make a date with us on Sunday, 19 November 2023, 2.00pm – 6.00pm and enjoy a cash rebate up to $8,800++  and other exclusive perks when you confirm your wedding with us!
Admission is complimentary and light refreshments will be provided, so hurry and sign up today!
For more information or to RSVP
Here
!",https://t.me/blissfulbrides/871
blissfulbrides,2023-11-07T01:01:20+00:00,[],"[""https://www.blissfulbrides.sg/event-detail/839/Love-in-the-Groove-at-Aloft-Singapore-Novena""]",870,,"Love in the Groove at Aloft Singapore Novena
Event Details:
Organizer: Aloft Singapore Novena
Admission: Complimentary
Event Date: 26 Nov, Sun. 11:00 AM – 5:00 PM
Join us and celebrate Love in the Groove at Aloft Singapore Novena on Sunday, 26 November 2023 for an exquisite wedding show.
Exchange your vows in our exquisitely landscaped outdoor event lawn and walk down the aisle in a modern, pillarless ballroom, complete with cutting-edge audio-visual technology and a LED videowall.
Enjoy exclusive wedding rebates and perks of up to $2000 when you confirm your wedding with us during the event. Stand a chance to win Aloft Hotels stays and dining vouchers in our lucky draw.
Limited slots available and appointment is strictly via first-come-first-served basis.
For more information or to RSVP
Here
!",https://t.me/blissfulbrides/870
blissfulbrides,2023-11-05T01:01:41+00:00,[],"[""https://www.blissfulbrides.sg/event-detail/838/-In-House-Promo-Making-The-Best-Moments-Extra-Special""]",869,,"[In House Promo] Making The Best Moments Extra Special
Promotion Details
Organizer: My Dream Wedding
Admission: Free
Promotion Period: Now - 30 Nov 2023
We believe that every love story deserves to be beautifully told, and there's no better way to do so than through stunning pre-wedding photos. We're thrilled to introduce this limited-time offer, which includes a spectacular pre-wedding photoshoot package, complete with a complimentary selection from our exquisite new collection of Actual Day gowns. For only SGD 1988, you'll have the opportunity to create everlasting memories with the love of your life.
Limited slots are available, so secure your spot today to make your pre-wedding moments extra special! T&Cs apply.
For more information or to RSVP
Here
!",https://t.me/blissfulbrides/869
blissfulbrides,2023-11-04T01:00:39+00:00,[],"[""https://www.blissfulbrides.sg/event-detail/837/Enjoy-Exclusive-Perks-with-Village-Hotel-""]",866,,"Enjoy Exclusive Perks with Village Hotel!
Promotion Details
Organizer: Village Hotel Changi/ Village Hotel Katong
Admission: Free
Promotion Period: Now - 15 Dec 2023
The time is now!
Enjoy cash rebates from $150++ per table of 10 persons and other exclusive perks including a complimentary staycation, shuttle bus from the MRT station to the hotel during on the day event rides, and many more when you book your wedding with Village Hotel Changi or Village Hotel Katong before 15 December 2023.
For more information or to RSVP
Here
!",https://t.me/blissfulbrides/866
blissfulbrides,2023-11-03T01:02:36+00:00,[],"[""https://www.blissfulbrides.sg/event-detail/836/-ongoing-promo-say-i-do-at-voco-orchard-singapore""]",865,,"[Ongoing Promo] Say ""I Do"" at voco Orchard Singapore
Promotion Details
Organizer: voco Orchard Singapore
Admission: Free
Promotion Period: 02 Nov - 31 Dec 2023.
The best day of your life deserves the best setting. Allow us to celebrate your special day and let our experts curate the wedding of your dreams.
Confirm your special day by 31 December 2023 to enjoy exclusive privileges.
Exclusive perks*
- $100 nett rebate per table of 10 persons
- Unlimited beer and wines for up to 4 hours
- Complimentary night's stay in a Deluxe Room for wedding entourage
- $100 F&B dining credit
For more information or to RSVP
Here
!",https://t.me/blissfulbrides/865
blissfulbrides,2023-10-30T01:00:19+00:00,[],"[""https://www.blissfulbrides.sg/event-detail/835/Exceptional-Weddings-at-Mandarin-Oriental-Singapore""]",864,,"Exceptional Weddings at Mandarin Oriental, Singapore.
Event Details:
Organizer: Mandarin Oriental, Singapore
Admission: Free
Event Date: 26 November 2023. 10am to 6pm.
Embark on the enchanting next chapter of your love story with us at Mandarin Oriental, Singapore.
Discover the pinnacle of romantic elegance with our newly renovated spaces, including a spectacular 20-meter LED wall in the grand ballroom and a captivating LED display in our Atrium Suites. Our curated wedding packages are meticulously designed to set the stage for your dream celebration. Allow our dedicated wedding specialists and esteemed partners to weave together cherished moments for you and your treasured guests. Experience a preview of the exquisite wedding themes in our elegant venues and captivating floral arrangements.
Join us at our upcoming wedding showcase and unlock the potential to save up to $18,888 and other exclusive perks.
For more information or to RSVP
Here
!",https://t.me/blissfulbrides/864
blissfulbrides,2023-10-29T01:00:54+00:00,[],"[""https://www.facebook.com/hiatrium"", ""http://singaporeatrium.holidayinn.com/"", ""?q=%23holidayinnatrium"", ""?q=%23WeddingGoals"", ""?q=%23blissfulbrides"", ""?q=%23blissfulbridessg"", ""?q=%23DreamWedding"", ""?q=%23ElegantVenues"", ""?q=%23WeddingPromo"", ""https://www.blissfulbrides.sg/event-detail/833/exclusive-wedding-package-offer-at-holiday-inn-singapore-atrium""]",860,,"Exclusive Wedding Package Offer at Holiday Inn Singapore Atrium
Promotion Details
Organizer: Holiday Inn Singapore Atrium
Admission: Free
Promotion Period: 27 Oct - 31 Dec 2023.
Located next to Havelock MRT station, Holiday Inn Singapore Atrium’s value-for-money wedding packages cover all you need for your special day. From an intimate solemnization to a gastronomic banquet and a restful night at our bridal suite, you’ll be well taken care of. Visit
@holidayinnsgatrium
or
singaporeatrium.holidayinn.com
for more information.
#holidayinnatrium
#WeddingGoals
#blissfulbrides
#blissfulbridessg
#DreamWedding
#ElegantVenues
#WeddingPromo
For more information or to RSVP
Here
!",https://t.me/blissfulbrides/860
blissfulbrides,2023-10-28T01:02:10+00:00,[],"[""https://www.blissfulbrides.sg/event-detail/831/say-i-do-at-w-singapore--sentosa-cove""]",856,,"[Ongoing Promo] Say I do at W Singapore – Sentosa Cove
Promotion Details
Organizer: W Singapore – Sentosa Cove
Admission: Free
Promotion Date: 26 Oct - 30 Nov 2023.
Say I do at W Singapore – Sentosa Cove premier wedding halls, where it’s all about celebrating the two of you in a stylish location. Our innovative planners will transform the hotel’s breathtaking venues into an out-of-the-world wedding setup that’s unique to you, whether that means glamour, fun, simple, chic or all of the above.
Enjoy 5% off per guest and many more perks such as an additional bottle of hand-picked wine for every 10 persons confirmed when you book your packages by 30 November 2023.
To ensure an exceptional experience, we kindly request couples to make an appointment or RSVP with our wedding planners before visiting W Singapore - Sentosa Cove.
For more information or to RSVP
Here
!",https://t.me/blissfulbrides/856
blissfulbrides,2023-10-27T01:00:36+00:00,[],"[""https://www.blissfulbrides.sg/event-detail/832/Simply-Yours-Flavours-of-Love""]",855,,"Simply Yours: Flavours of Love
Event Details
Organizer: PARKROYAL on Beach Road
Admission: Free
Event Date: 19 November 2023. 12pm – 5pm
Get a sneak peek of your dream wedding setup at PARKROYAL on Beach Road!
This episode of our wedding show is themed ""Flavours of Love""- Your wedding experience is not complete without the symphony of flavours that accommodates every palate.
For more information or to RSVP
Here
!",https://t.me/blissfulbrides/855
blissfulbrides,2023-10-26T01:01:30+00:00,[],"[""https://www.blissfulbrides.sg/event-detail/830/Remarkable-Moments---The-St-Regis-Singapore-Wedding-Atelier""]",854,,"Remarkable Moments - The St. Regis Singapore Wedding Atelier
Event Details
Organizer: The St. Regis Singapore
Admission: Free
Event Date: 13 Nov, Mon. 10:30 AM – 5:00 PM
Be invited to the city’s most eminent address for exceptional weddings with Remarkable Moments - The St. Regis Singapore’s Wedding Atelier.
Partake in intimate workshops by curated wedding partners, and speak with our team of St. Regis Wedding specialists to plan your celebration at the address of exquisite occasions. Orchestrate an extraordinary wedding and delight in exclusive perks when you confirm your event during our Wedding Atelier on Monday 13 November.
For more information or to RSVP
Here
!",https://t.me/blissfulbrides/854
blissfulbrides,2023-10-25T01:01:12+00:00,[],"[""https://www.blissfulbrides.sg/event-detail/829/A-Promise-Of-Perfection-Wedding-Showcase""]",853,,"A Promise Of Perfection Wedding Showcase
Event Details
Organizer: Sheraton Towers Singapore
Admission: Complimentary (By Appointment Only)
Event Date: 19 Nov, Sun. 11:00 AM – 6:00 PM
From intimate celebrations to elegant wedding receptions, Sheraton Towers Singapore provides the perfect venues for your most momentous day.
Set the perfect scene for a grand entrance with soaring ceilings and chandeliers glittering overhead in our opulent ballroom. From experienced event planners to food artisans of renowned Li Bai Cantonese Restaurant who will curate a gastronomic meal for you and your esteemed guests, our dedicated team is committed to ensuring your special day is nothing short of perfection.
For more information or to RSVP
Here
!",https://t.me/blissfulbrides/853
blissfulbrides,2023-10-24T00:59:58+00:00,[],"[""https://www.blissfulbrides.sg/event-detail/828/say-i-do-at-sofitel-singapore-sentosa""]",849,,"Say I Do at Sofitel Singapore Sentosa
Event Details
Organizer: Sofitel Singapore Sentosa Resort & Spa
Admission: Free
Event Date: 31 Oct 2023, Sun.
Set atop a cliff amid lush surroundings, the Resort provides a Magnifique and memorable venue for a wedding.
Say your vows overlooking the South China Sea at Spice Island Point or at The Cliff Sunset Deck.
Plan your wedding dinner for friends and family in one of our two pillar-free ballrooms, which feature floor to ceiling windows.
For more information or to RSVP
Here
!",https://t.me/blissfulbrides/849
blissfulbrides,2023-10-20T00:59:55+00:00,[],"[""https://www.blissfulbrides.sg/event-detail/825/Sincerely-Yours-Celebrations""]",848,,"Sincerely Yours Celebrations
Event Details
Organizer: Pan Pacific Singapore
Admission: Free
Event Date: 12 Nov 2023, Sun.  1:00 PM – 5:00 PM
Join us on 12 November 2023, for an exquisite wedding show, in our newly refurbished Pan Pacific Singapore, with some of the top wedding specialists in Singapore.
For guests who prefer more intimate celebrations, be wowed by our newly renovated Ocean Ballroom. This luxurious space seats up to 380 guests and features well-appointed interiors, high-quality furnishings, and a 7m LED wall that promises to impress VIPs and guests alike.
For more information or to RSVP
Here
!",https://t.me/blissfulbrides/848
blissfulbrides,2023-10-19T00:59:55+00:00,[],"[""https://www.blissfulbrides.sg/event-detail/823/-In-House-Promo-Making-The-Best-Moments-Extra-Special""]",847,,"[In House Promo] Making The Best Moments Extra Special
Event Details
Organizer: My Dream Wedding
Admission: Free
Event Date: 31 Oct 2023, Tue.
We believe that every love story deserves to be beautifully told, and there's no better way to do so than through stunning pre-wedding photos. We're thrilled to introduce this limited-time offer, which includes a spectacular pre-wedding photoshoot package, complete with a complimentary selection from our exquisite new collection of Actual Day gowns. For only SGD 1988, you'll have the opportunity to create everlasting memories with the love of your life.
Limited slots are available, so secure your spot today to make your pre-wedding moments extra special!
For more information or to RSVP
Here
!",https://t.me/blissfulbrides/847
blissfulbrides,2023-10-18T02:01:58+00:00,[],"[""https://www.blissfulbrides.sg/event-detail/826/Voyage-of-Love-Wedding-Show""]",846,,"Voyage of Love Wedding Show
Event Details
Organizer: M Hotel Singapore
Admission: Complimentary
Event Date: 29 Oct, Sun. 11:30 AM – 6:00 PM
Begin your Voyage of Love; the magical journey of a lifetime here at M Hotel where we will walk with you every step of the way, leading you down the aisle with a spectacular and bespoke wedding experience.
Enjoy exclusive on-day privileges up to $3,800, unlocking up to 3 perks including $50 cash rebates per table, additional night’s stay in our bridal suite, 1 bottle of our signature M wine per table, and more!
For more information or to RSVP
Here
!",https://t.me/blissfulbrides/846
blissfulbrides,2023-10-04T12:45:59+00:00,[],"[""https://bows.sg/#rsvp-form""]",845,,"💒
BOWS Presents: The Vendors of Eternal Knot!
𝐄𝐯𝐞𝐧𝐭 𝐇𝐞𝐢𝐠𝐡𝐭𝐬:
🛍️
RSVP now to claim your FREE goodie bag
💰
Enjoy $50,000 Cash Rebates & win back what you paid
🎪
Over 70+ vendors to explore
🎁
$30K+ in Lucky Draw Prizes when you shop
and many more…
𝐄𝐯𝐞𝐧𝐭 𝐃𝐞𝐭𝐚𝐢𝐥𝐬:
📅
: 14 & 15 October 2023, Saturday & Sunday
⏰
: 12pm to 9pm
🏠
: Marina Bay Sands Convention Centre, Basement 2, Hall E
🎁
RSVP Now
& Secure Your Goodie Bag! (while stocks last). Don't miss out!
T&Cs apply.",https://t.me/blissfulbrides/845
blissfulbrides,2023-10-04T10:04:39+00:00,[],"[""https://bows.sg/#rsvp-form""]",844,,"👰
Step into a world of bridal beauty at BOWS' Eternal Knot wedding show. Witness the latest trends from 12 premier bridal boutiques in our exclusive fashion show.
🎁
RSVP Now
& Secure Your Goodie Bag! (while stocks last). Don't miss out!
Image courtesy of:
@artizstudio
,
@artizstudio
.sg
Official Card Partner:
@citisingapore",https://t.me/blissfulbrides/844
blissfulbrides,2023-10-04T01:00:00+00:00,[],"[""https://www.blissfulbrides.sg/event-detail/822/fall-ever-love""]",843,,"FALL-EVER LOVE
Event Details
Organizer: InterContinental
®
Singapore
Admission: Free
Event Date: 20 October 2023. 6pm to 10pm.
Celebrate love and join us for an enchanting evening at our upcoming wedding show on 20 October from 6pm and discover the essence of your dream wedding at our breath-taking heritage wedding venue. With our opulent ballroom, luxurious accommodations, and impeccable attention to detail, we are here to make your celebration truly extraordinary.
Be it an intimate gathering or a lavish affair, our experienced wedding team is here to advise on the details; catering to your every need for a wedding like no other.
For more information or to RSVP
Here
!",https://t.me/blissfulbrides/843
blissfulbrides,2023-10-02T10:19:25+00:00,[],"[""https://bows.sg/""]",839,,"Ready to win big?
💍
Dive into our grand $50,000 cash rebate giveaway and stand a chance to win back what you paid!
𝐃𝐨𝐮𝐛𝐥𝐞 𝐘𝐨𝐮𝐫 𝐂𝐡𝐚𝐧𝐜𝐞𝐬: Use Blissful Pay or sign up for Blissful VIP Member to double your chances of winning in our cash rebate giveaway.
𝐖𝐢𝐧 𝐌𝐨𝐫𝐞 𝐂𝐚𝐬𝐡 *:
- If you win and have used Blissful Pay (but not a Blissful VIP member), you'll receive an extra $𝟓𝟎𝟎 on top of your winnings.
- If you win and are a Blissful VIP member (but haven't used Blissful Pay), you'll also receive an extra $𝟓𝟎𝟎 on top of your winnings.
- Strike gold by using both Blissful Pay and being a Blissful VIP member! If you win, you'll get a bonus of $𝟏,𝟎𝟎𝟎 added to your prize.
*𝙏𝙤 𝙦𝙪𝙖𝙡𝙞𝙛𝙮 𝙛𝙤𝙧 𝙩𝙝𝙚 𝙚𝙭𝙩𝙧𝙖 𝙘𝙖𝙨𝙝 𝙧𝙚𝙬𝙖𝙧𝙙𝙨, 𝙖 𝙢𝙞𝙣𝙞𝙢𝙪𝙢 𝙨𝙥𝙚𝙣𝙙 𝙤𝙛 $500 𝙞𝙣 𝙖 𝙨𝙞𝙣𝙜𝙡𝙚 𝙧𝙚𝙘𝙚𝙞𝙥𝙩 𝙞𝙨 𝙧𝙚𝙦𝙪𝙞𝙧𝙚𝙙.
Maximize your chances and cash rewards with Blissfulbirdes.
RSVP today!
.
.
Official Card Partner:
@citisingapore
T&Cs apply.",https://t.me/blissfulbrides/839
blissfulbrides,2023-09-30T04:00:40+00:00,[],"[""https://bows.sg/"", ""http://artizstudio.sg/""]",836,,"Ready to be dazzled?
🌟
Check out the amazing prizes up for grabs when you shop at Eternal Knot!
🎁
RSVP Now & Secure Your Goodie Bag! (while stocks last).
Don't miss out!
Image courtesy of: @‌artizstudio, @‌
artizstudio.sg
Official Card Partner: @‌citisingapore
T&Cs apply.",https://t.me/blissfulbrides/836
blissfulbrides,2023-09-30T01:01:58+00:00,[],"[""https://www.blissfulbrides.sg/event-detail/821/Voyage-of-Love-Wedding-Show-by-M-Hotel-Singapore""]",835,,"Voyage of Love Wedding Show by M Hotel Singapore
Event Details
Organizer: M Hotel Singapore
Admission: Complimentary
Event Date: 29 October, Sunday. 11.30am to 6pm
Begin your Voyage of Love; the magical journey of a lifetime here at M Hotel where we will walk with you every step of the way, leading you down the aisle with a spectacular and bespoke wedding experience.
Join us at the Voyage of Love Wedding Show as we unveil a brand-new collection of wedding themes and get inspired with an elegant bridal showcase of stunning gowns for your dream wedding. Savour repertoire highlights of sampling dishes from the wedding menu by our experienced culinary team, gain insights through a financial talk session and create a lifetime of shared prosperity.
For more information or to RSVP
Here
!",https://t.me/blissfulbrides/835
blissfulbrides,2023-09-24T01:00:00+00:00,[],"[""https://www.blissfulbrides.sg/event-detail/815/romance-inspired-by-you-wedding-showcase""]",834,,"Romance Inspired by You Wedding Showcase
Event Details
Organizer: Conrad Singapore Orchard
Admission: Complimentary (Registration is required)
Event Date: 22 Oct, Sun. 10:30 AM – 6:30 PM
Distinct, sophisticated, meaningful - yours. Conrad Weddings are all about you.
Let your dream wedding unfold against the perfect backdrop of our new stylish venues that express Conrad Singapore Orchard’s inimitable blend of bold artistry and serene sophistication. And, giving you the confidence of a beautifully orchestrated bespoke wedding, flawlessly executed by our Conrad Weddings team.
For more information or to RSVP
Here
!",https://t.me/blissfulbrides/834
blissfulbrides,2023-09-23T01:00:56+00:00,[],"[""https://www.blissfulbrides.sg/event-detail/816/an-enchanting-wedding-workshop""]",833,,"An Enchanting Wedding Workshop
Event Details
Organizer: Singapore Marriott Tang Plaza Hotel
Admission: Free
Event Date: 13 Oct, Fri. 6:00 PM – 10:00 PM
Enter into a world of enchantment and let us bring your special wedding day to life at Singapore Marriott Tang Plaza Hotel!
Get first-hand preview of our new wedding theme, Elegant Scarlet – blooming with peonies and red roses which symbolises love. Be impressed with our meticulously curated wedding menus, along with a diverse range of vendors such as bridal boutique, fine jewelry, photo booth services, live music, and more.
For more information or to RSVP
Here
!",https://t.me/blissfulbrides/833
blissfulbrides,2023-09-21T10:00:10+00:00,[],"[""https://bit.ly/48l6W27""]",832,,"BOWS presents Eternal Knot
🎎
. Discover the perfect blend of tradition and trend. RSVP now to claim your free goodie bag and stand a chance to win big!
💰
𝐄𝐯𝐞𝐧𝐭 𝐇𝐞𝐢𝐠𝐡𝐭𝐬:
🛍️
RSVP now to claim your FREE goodie bag
💰
Enjoy $50,000 Cash Rebates & win back what you paid
🎪
Over 70+ vendors to explore
🎁
$24K+ in Lucky Draw Prizes when you shop
and many more…
𝐄𝐯𝐞𝐧𝐭 𝐃𝐞𝐭𝐚𝐢𝐥𝐬:
📅
: 14 & 15 October 2023, Saturday & Sunday
⏰
: 12pm to 9pm
🏠
: Marina Bay Sands Convention Center, Basement 2, Hall E
🎁
RSVP Now & Secure Your Goodie Bag!
(while stocks last). Don't miss out!
T&Cs apply.",https://t.me/blissfulbrides/832
blissfulbrides,2023-09-21T01:00:38+00:00,[],"[""https://www.blissfulbrides.sg/event-detail/817/a-wedding-showcase-euphoric-romance-at-four-seasons-hotel-singapore""]",831,,"A Wedding Showcase: Euphoric Romance at Four Seasons Hotel Singapore
Event Details
Organizer: Four Seasons Hotel Singapore
Admission: Complimentary (Registration is required)
Event Date: 6 Oct, Fri. 5:00 PM – 10:00 PM
Join us for the Euphoric Romance wedding showcase on Friday, 6 October 2023, and say ‘I Do’ at Four Seasons Hotel Singapore as we unveil the perfect setting for your dream wedding.
Enjoy exclusive on-day privileges such as a complimentary table, an additional night’s stay, lucky draw prizes that include a luxurious escape to Four Seasons resorts in Asia, and more!
For more information or to RSVP
Here
!",https://t.me/blissfulbrides/831
blissfulbrides,2023-09-20T09:50:42+00:00,[],"[""https://www.blissfulbrides.sg/event-detail/818/simply-yours-your-journey-begins-here""]",830,,"Simply Yours: Your Journey Begins Here
📅
8 Oct 2023, Sun
🕔
11:00 AM – 4:00 PM
🏠
Sky and Grand Ballroom, PARKROYAL on Beach Road ADMISSION: Free
Experience the enchantment of matrimonial magic at our upcoming wedding show! Explore a wide range of wedding services, from exquisite venues, stunning decorations to elegant gowns, and meet the talented professionals ready to turn your dream wedding into reality.
We are thrilled to introduce you to our extraordinary line up of vendors including the Thomson Wedding Collection (TWC). But that's not all – brace yourself for exclusive promotions that could soar up to $4,888 cash rebates, plus a host of additional benefits!
On-day Event’s Benefits and Privileges
- Savings of up to $4,888 nett on Total Banquet Bill
- Unlock complimentary 2 perks for your lunch reservation, and indulge in even more with 3 perks for your weekend dinner booking
Secure your spot now!
For more information see
here
.",https://t.me/blissfulbrides/830
blissfulbrides,2023-09-20T01:01:02+00:00,[],"[""https://www.blissfulbrides.sg/event-detail/819/Lovescape-Wedding-Workshop""]",829,,"Lovescape Wedding Workshop
Event Details
Organizer: Mercure Singapore Bugis
Admission: Complimentary (Registration is required)
Event Date: 30 Sep, Sat. 11:00 AM – 2:00 PM
Create moments that last a lifetime by planning an unforgettable wedding at Mercure Singapore Bugis Hotel!
Join us at Lovescape Wedding Workshop to discover the latest wedding themes and signature menu showcase by Award-Winning Song Garden restaurant, meet our vendors, and take advantage of attractive perks and rebates.
For more information or to RSVP
Here
!",https://t.me/blissfulbrides/829
blissfulbrides,2023-09-13T01:01:22+00:00,[],"[""https://www.blissfulbrides.sg/event-detail/812/serenade-of-love-wedding-showcase""]",828,,"Serenade Of Love Wedding Showcase
Event Details
Organizer: Carlton Hotel Singapore
Admission: Complimentary (Registration is required)
Event Date: Sunday, 22 October 2023. 11:30 AM – 5:30 PM
Celebrate the beauty of your love story with a unique wedding that is tailored to your desires! Carlton Hotel Singapore invites you to our Wedding Showcase on Sunday, 22 October 2023.
Explore our wide range of wedding packages, menus and exquisite venues while receiving personalised attention from our in-house wedding planners who are dedicated to bringing your dream wedding to life.
For more information or to RSVP
Here
!",https://t.me/blissfulbrides/828
blissfulbrides,2023-09-12T01:00:48+00:00,[],"[""https://www.blissfulbrides.sg/event-detail/811/centennial-bliss-wedding-showcase""]",827,,"Centennial Bliss Wedding Showcase
Event Details
Organizer: Conrad Centennial Singapore
Admission: Free
Event Date: Friday, September 29, 2023 from 6pm – 10pm.
Experience 'CENTENNIAL BLISS' at Conrad Centennial Singapore – our extraordinary wedding showcase set in The Pavilion, our magnificent glass-enclosed ballroom, offering panoramic views of the pool and the iconic Marina Bay skyline.
Secure exclusive privileges for your 2024 celebrations by confirming your booking during our upcoming wedding showcase on Friday, September 29, 2023 from 6pm – 10pm.
For more information or to RSVP
Here
!",https://t.me/blissfulbrides/827
blissfulbrides,2023-08-29T01:01:25+00:00,[],"[""https://www.blissfulbrides.sg/event-detail/810/Eternal-Bliss-and-Joy""]",826,,"Eternal Bliss and Joy
Event Details
Organizer: One Farrer Hotel
Admission: Free
Event Date: Sunday, 3 September 2023. 11:00 AM – 4:00 PM
Whether you envision your wedding to be an intimate gathering or a sophisticated soiree, let One Farrer Hotel be your preferred venue. Create the wedding of your dreams with a choice of unique settings and elegant themes coupled with delightful menus.
For more information or to RSVP
Here
!",https://t.me/blissfulbrides/826
blissfulbrides,2023-08-26T01:01:30+00:00,[],"[""https://www.blissfulbrides.sg/event-detail/808/Love-Unveiled-Bridal-Show""]",825,,"Love Unveiled Bridal Show
Event Details
Organizer: Grand Copthorne Waterfront Hotel
Admission: $38.00nett per couple
Event Date: Saturday, 2 September 2023. 1:00 PM – 4:30 PM
Canapé and drinks will be served
For more information or to RSVP
Here
!",https://t.me/blissfulbrides/825
blissfulbrides,2023-08-22T01:01:11+00:00,[],"[""https://www.blissfulbrides.sg/event-detail/807/1-Altitude-Coast-s-Wedding-Showcase""]",824,,"1-Altitude Coast’s Wedding Showcase
Event Details
Organizer: 1-Altitude Coast
Admission: $68 nett per couple
Event Date: 10 Sep, Sun. 6:00 PM – 9:00 PM
Dreaming of a rooftop beach wedding experience that oozes tropical charm? Say yes to glorious sunset solemnisations and an unforgettable after-party overlooking the sensational sights of Sentosa’s coastline at 1-Altitude Coast’s Wedding Showcase on 10 September, Sunday, 6pm.
For more information or to RSVP
Here
!",https://t.me/blissfulbrides/824
blissfulbrides,2023-08-17T01:01:22+00:00,[],"[""https://www.blissfulbrides.sg/event-detail/806/Lovescape-Wedding-Workshop""]",823,,"Lovescape Wedding Workshop
Event Details
Organizer: Mercure Singapore Bugis
Admission: Free
Event Date: 30 Sept 2023. 11:00 AM - 02:00 PM
Seal your love story and plan your dream wedding at Mercure Singapore Bugis Hotel!
Come on down to Lovescape Wedding Workshop to discover the latest wedding themes & packages, meet our vendors, and take advantage of attractive perks and rebates. Enjoy exclusive wedding perks range from 8% off the total bill, complimentary pre-cocktails, free Day-use room and more when you confirm your wedding with us during this workshop. Attendees also stand a chance to win exciting Lucky Draw prizes!
For more information or to RSVP
Here
!",https://t.me/blissfulbrides/823
blissfulbrides,2023-08-15T00:59:58+00:00,[],"[""https://www.blissfulbrides.sg/event-detail/805/the-alcove-unveiled-an-intimate-watabe-event""]",822,,"The Alcove Unveiled: An Intimate Watabe Event
Event Details
Organizer: Watabe Wedding Singapore
Admission: $18
Event Date: 10 Sept 2023. 10:00 AM - 06:00 PM
Get ready for an exclusive private event by Watabe Wedding Singapore happening in THE ALCOVE AT CALDWELL HOUSE.
We're excited to have the support of our participating vendors to make this event possible. PAUL SINGAPORE - treating you to delectable Food Canapés, AMPERIAN - introducing a new floral concept, and PRINTICULOUS - bringing instant print photography to capture your special moments.
For more information or to RSVP
Here
!",https://t.me/blissfulbrides/822
blissfulbrides,2023-08-11T01:01:57+00:00,[],"[""https://www.blissfulbrides.sg/event-detail/802/Where-Love-Dreams-Collide-Wedding-Showcase-By-Wheeler-s-Estate""]",821,,"Where Love & Dreams Collide Wedding Showcase By Wheeler’s Estate
Event Details
Organizer: Wheeler’s Estate
Admission: $51.38 per couple
Event Date: 19 - 20 Aug, Sat - Sun 2023. 11:00 AM - 06:30 PM
Embark on your path to happily every after at our enchanting wedding showcase, where you'll immerse yourself in a world of elegance and romance as we curate an exquisite celebration of love's grandest moments.
For more information or to RSVP
Here
!",https://t.me/blissfulbrides/821
blissfulbrides,2023-08-10T12:01:00+00:00,[],"[""https://www.blissfulbrides.sg/articles/wedding/choosing-the-perfect-bridal-hairstyle-tips-and-inspiration""]",820,,"Choosing The Perfect Bridal Hairstyle: Tips and Inspiration
Your wedding day is a beautiful and treasured moment, full of meaning and lasting memories. Every aspect, no matter how minor, is extremely important. Among these exquisite details, your bridal hairstyle shines like a luminous gem, deserving of careful consideration. As such, allow us the pleasure of assisting you in discovering the perfect bridal hairstyle with these valuable tips.
Read the full article
here
.",https://t.me/blissfulbrides/820
blissfulbrides,2023-08-09T01:01:53+00:00,[],"[""https://www.blissfulbrides.sg/event-detail/803/Magnifique-Wedding-Showcase""]",818,,"Magnifique Wedding Showcase
Event Details
Organizer: Sofitel Singapore City Centre
Admission: Complimentarry
Event Date: 2 Sep, Sat 2023. 11:00 AM - 06:00 PM
You are invited to celebrate your life’s greatest moment at Sofitel Singapore City Centre. Nestled amidst historic shophouses and towering skyscrapers, the hotel is an embodiment of the city’s rich cultural heritage and undeniable French flair. Your celebration will acquire a special magic here; be it a lavish sit-down banquet in our pillarless ballroom with bohemian crystals, or an intimate session on the lawn under a canopy of stars.
For more information or to RSVP
Here
!",https://t.me/blissfulbrides/818
blissfulbrides,2023-08-04T12:00:19+00:00,[],"[""https://www.blissfulbrides.sg/articles/wedding/what-to-do-when-your-gown-doesn-t-fit-before-the-wedding-day""]",816,,"What To Do When Your Gown Doesn't Fit Before The Wedding Day
A wedding is one of the most important events in a woman’s life. For this reason, they want everything about their wedding to be perfect, especially their wedding dress. However, sometimes, the unexpected can happen. You might suddenly realise that your wedding gown doesn’t fit just a few days before your wedding day.
When that happens, here are some essential things you can do when your wedding gown doesn’t fit.
See more
here
.",https://t.me/blissfulbrides/816
blissfulbrides,2023-08-02T00:59:57+00:00,[],"[""https://www.blissfulbrides.sg/event-detail/800/Wedding-in-the-Clouds-An-Idyllic-Wedding-Showcase""]",815,,"Wedding in the Clouds: An Idyllic Wedding Showcase
Event Details
Organizer: Pan Pacific Orchard Singapore
Admission: Complimentary and by appointment only
Event Date: 13 Aug, Sun. 2:00 PM – 6:00 PM
Join us for an ethereal experience at Pan Pacific Orchard’s inaugural wedding showcase. Step into a world where dreams take flight and love soars to new heights.
For more information or to RSVP
Here
!",https://t.me/blissfulbrides/815
blissfulbrides,2023-08-01T00:59:57+00:00,[],"[""https://www.blissfulbrides.sg/event-detail/799/Grand-Wedding-Gala-at-Hilton-Singapore-Orchard""]",814,,"Grand Wedding Gala at Hilton Singapore Orchard
Event Details
Organizer: Hilton Singapore Orchard
Admission: Free.
Event Date: Sun 30 Jul 2023 | Sat 12 Aug 2023 | Sun 3 Sep 2023
Take the first step towards your happily ever after with grandeur and elegance at the Grand Ballroom of Hilton Singapore Orchard. Walk down the aisle with gleaming chandeliers, unparalleled hospitality and beautiful wedding décor in the expansive Grand Ballroom which seats up to 800 guests. Book your wedding with us before 20 August 2023 to enjoy exclusive perks and view our fully decorated Grand Ballroom on selected dates – by appointment only.
For more information or to RSVP
Here
!",https://t.me/blissfulbrides/814
blissfulbrides,2023-07-28T10:00:45+00:00,[],"[""https://events.blissfulbrides.sg/ethereal-ever-after-concorde-hotel-wedding-showcase/""]",813,,"💍
Step into a world of enchantment with Concorde Hotel Singapore's  ""Ethereal Ever After"" wedding showcase!
🎉
📅
When: Saturday, 19th August 2023
⏰
Time: 12pm to 6pm
💒
Where: Concorde Ballroom, Concorde Hotel Singapore
Unveil exclusive packages featuring free-flowing housepour
🍻
🍷
, luxurious room upgrades
🏩
, and special perks for bookings made on the day. Ideal for your 2023/2024 wedding plans. T&Cs apply.
Click
here RSVP
today, and let's embark on a journey of love and forever!
🥂
💖",https://t.me/blissfulbrides/813
blissfulbrides,2023-07-26T12:01:41+00:00,[],"[""https://www.blissfulbrides.sg/articles/trending/a-love-beyond-words-express-your-love-with-the-unique-say-love-diamond""]",812,,"A Love Beyond Words: Express Your Love With The Unique Say Love Diamond
Is there a way to say “I love you” without words? Love & Co. Singapore would tell you yes: with the debut of their breathtaking Say Love
™
diamond.
Made only possible with the highest diamond cutting standards, the Say Love
™
diamond is truly one of a kind, as it combines a round brilliant cut diamond, and a beautiful beloved heart cut into one stunning ring. Each facet of the diamond is meticulously crafted to reveal the expertly-crafted heart within its pavilion and table.
Read more
here
.",https://t.me/blissfulbrides/812
blissfulbrides,2023-07-24T12:00:32+00:00,[],"[""https://www.blissfulbrides.sg/articles/wedding/4-key-questions-to-ask-about-lights-for-an-outdoor-wedding""]",810,,"4 Key Questions To Ask About Lights For An Outdoor Wedding
Outdoor wedding venues are all the rage these days. However, pulling off a magical open-air celebration requires meticulous planning, especially when it comes to the venue’s lighting, which involves striking a delightful balance between your guests’ safety and comfort and the overall theme and ambience of your special day.
To ensure the success of your al fresco wedding, here are some essential inquiries that will help you out along the way!
Read the full article
here
.",https://t.me/blissfulbrides/810
blissfulbrides,2023-07-22T03:01:29+00:00,[],"[""https://events.blissfulbrides.sg/polaris-on-stevens-wedding-showcase-by-novotel-singapore/""]",809,,"We are less than a day away!
💫
💑
Counting down to an unforgettable evening of romance and stargazing at
""Polaris on Stevens: Tales of Romance under the stars""
✨
🌠
📅
23 July 2023
⏰
11am to 7pm
🏨
Novotel Singapore on Stevens, Orchard District, 28 Stevens Road, Singapore 257878
✨
💍
💕
Lovebirds, this is your chance to capture the essence of your beautiful love story while enjoying exclusive wedding promotions, saving up to $8,000 nett for new sign-ups!
💰
🎁
And that's not all! Get ready to meet new vendors, test your luck at the hotel’s Instant Win Spin
🎡
🍀
and win exciting prizes
🎉
🌟
✨
🌠
Last chance to
RSVP
& see you tomorrow!
💑
💌",https://t.me/blissfulbrides/809
blissfulbrides,2023-07-20T23:01:28+00:00,[],"[""https://www.blissfulbrides.sg/magazine-detail/blissful-brides-issue-38""]",808,,"Unlock the magic of matrimonial bliss with Issue 38 of Blissful Brides!
🔓
💍
Explore expert advice, heartwarming stories, and exclusive wedding resources tailored for your special day. Begin your unforgettable journey with us now! ->
Read Here
🌟",https://t.me/blissfulbrides/808
blissfulbrides,2023-07-19T12:02:08+00:00,[],"[""https://www.blissfulbrides.sg/articles/wedding/5-things-you-should-definitely-rent-for-your-wedding""]",807,,"5 Things You Should Definitely Rent For Your Wedding
Bridal gown rental in Singapore is one of the most effective cost-cutting solutions for many soon-to-be brides and grooms. By renting instead of purchasing the items you’ll only use on your wedding day, you can save tons of money on wedding necessities.
To help organise your wedding planning checklist and prepare your finances,
here
are some essential items you should definitely rent for your wedding.",https://t.me/blissfulbrides/807
blissfulbrides,2023-07-18T10:00:48+00:00,[],"[""https://holidayinnsingaporeorchardcity.blissfulbrides.sg/love-in-bloom/""]",805,,"""Love in Bloom"" Wedding Showcase
by Holiday Inn Singapore Orchard Centre
Join us on an enchanting journey of love and marital bliss!
🌸
✨
📅
Saturday, 29th July 2023
⏰
Time: 12pm to 6pm
💒
Location: Crystal Ballroom, Level 2, Holiday Inn Singapore Orchard City Centre
𝐓𝐡𝐞 𝐟𝐢𝐫𝐬𝐭 𝟑𝟎 𝐑𝐒𝐕𝐏𝐬 𝐰𝐢𝐥𝐥 𝐫𝐞𝐜𝐞𝐢𝐯𝐞 𝐚 𝐜𝐨𝐦𝐩𝐥𝐢𝐦𝐞𝐧𝐭𝐚𝐫𝐲 𝐝𝐢𝐧𝐧𝐞𝐫 𝐯𝐨𝐮𝐜𝐡𝐞𝐫 𝐟𝐨𝐫 𝐭𝐰𝐨 𝐚𝐭 𝐖𝐢𝐧𝐝𝐨𝐰 𝐨𝐧 𝐭𝐡𝐞 𝐏𝐚𝐫𝐤, 𝐖𝐨𝐤 𝐇𝐞𝐢 𝐁𝐮𝐟𝐟𝐞𝐭. 𝐀𝐜𝐭 𝐬𝐰𝐢𝐟𝐭𝐥𝐲 𝐭𝐨 𝐜𝐥𝐚𝐢𝐦 𝐭𝐡𝐢𝐬 𝐝𝐞𝐥𝐢𝐠𝐡𝐭𝐟𝐮𝐥 𝐨𝐟𝐟𝐞𝐫!
RSVP now!",https://t.me/blissfulbrides/805
blissfulbrides,2023-07-18T00:59:58+00:00,[],"[""https://www.blissfulbrides.sg/event-detail/796/simply-yours-a-celebration-of-love-this-autumn""]",804,,"Simply Yours: A Celebration of Love this Autumn
Event Details
Organizer: PARKROYAL on Beach Road
Admission: Free.
Event Date: 06 August 2023. 11:00 AM to 4:00 PM
Fall in love again this autumn at our wedding show on 6 August 2023, from 11am - 4pm, dedicated to celebrating your unique love story.
Step into our upgraded ballrooms, where a mesmerising LED wall sets the stage for unforgettable moments. Choose from intimate gatherings with cozy seating or grand affairs with high ceilings and crystal chandeliers, all made possible in our versatile pillarless ballrooms.
Don't miss incredible savings up to $3,888 and exclusive perks available only at the wedding show. RSVP now to secure your spot!
For more information or to RSVP
Here
!",https://t.me/blissfulbrides/804
blissfulbrides,2023-07-15T00:59:57+00:00,[],"[""https://www.blissfulbrides.sg/event-detail/795/The-Lovers-Soiree-Wedding-Showcase""]",803,,"The Lovers' Soiree Wedding Showcase
Event Details
Organizer: Orchard Hotel
Admission: Free
Event Date: 21 July 2023- 6pm to 9.30pm
Pictured your special day at the largest pillarless ballroom in Singapore nestled in the heart of the city?
Whether you are looking for a grand banquet or an intimate solemnization, immerse yourself in the latest wedding themes, meet top-notch vendors, get cash rebates, and make your wedding planning journey even more rewarding!l
For more information or to RSVP
Here
!",https://t.me/blissfulbrides/803
blissfulbrides,2023-07-13T12:29:25+00:00,[],"[""https://holidayinnsingaporeorchardcity.blissfulbrides.sg/love-in-bloom/""]",801,,"🌸
Love is blooming at the Holiday Inn Singapore Orchard City Centre!
🌸
Join us on July 29th for our enchanting 'Love in Bloom' Wedding Showcase.
Explore endless possibilities for your dream wedding, indulge in a delightful High Tea, and taste our exquisite Chinese banquet selections. Confirm your wedding package during the showcase for a chance to win incredible prizes!
💍
RSVP now
to secure your spot.
The first 30 RSVPs will receive a complimentary dinner voucher for 2 at Window on the Park.
Don't miss this opportunity to step closer to your dream wedding!",https://t.me/blissfulbrides/801
blissfulbrides,2023-07-13T00:59:57+00:00,[],"[""https://www.blissfulbrides.sg/event-detail/792/A-Fairytale-Story-Wedding-Workshop""]",800,,"A Fairytale Story Wedding Workshop
Event Details
Organizer: Singapore Marriott Tang Plaza Hotel
Admission: Free.
Event Date: 30 Jul, Sun 2023. 11:00 AM – 5:00 PM
Say “I do” and start your happily ever after at Singapore Marriott Tang Plaza Hotel! Look forward to an exclusive preview of our new wedding theme, Pink Fairytale, thoughtfully curated wedding menus on display, and meeting our wedding vendors – from photography services, live music, and more.
For more information or to RSVP
Here
!",https://t.me/blissfulbrides/800
blissfulbrides,2023-07-12T12:02:11+00:00,[],"[""https://www.blissfulbrides.sg/articles/wedding/5-most-romantic-poses-to-try-for-magical-wedding-photos""]",799,,"5 Romantic Poses To Try For Magical Wedding Photos
Poses are crucial in capturing breathtaking moments in wedding photography.  A well-executed pose can elevate an ordinary photo into a work of art. Thus, knowing how to pose during your wedding photoshoot is vital for creating stunning images that will be cherished.
Here
are some of the most romantic postures you and your partner should strike during your photoshoot for the most spectacular wedding pictures
🤵
👰
💃",https://t.me/blissfulbrides/799
blissfulbrides,2023-07-12T00:59:58+00:00,[],"[""https://www.blissfulbrides.sg/event-detail/793/Your-Wedding-Story-Open-House""]",798,,"M Hotel Singapore Voyage of Love Vol.II Wedding Show
Event Details
Organizer: M Hotel Singapore
Admission: Free.
Event Date: 6 Aug 2023. 12:30 PM – 5:30 PM
Create memories around the hotel, steps away from the greenery at Botanic Gardens and Orchard Boulevard MRT Station. Capture moments where our playful designs and wedding themes are ideal for hosting weddings of various sizes – from intimate ceremonies to extravagant banquets.
For more information or to RSVP
Here
!",https://t.me/blissfulbrides/798
blissfulbrides,2023-07-11T00:59:58+00:00,[],"[""https://www.blissfulbrides.sg/event-detail/794/M-Hotel-Singapore-Voyage-of-Love-Vol-II-Wedding-Show""]",797,,"M Hotel Singapore Voyage of Love Vol.II Wedding Show
Event Details
Organizer: M Hotel Singapore
Admission: Complimentary.
Event Date: 13 Aug, Sun 2023. 11:30 AM – 6:00 PM
Join us on 13 August from 11.30am to 6pm and receive a welcome gift, savour samplers of our Wedding Banquet Menu and meet our meticulous and brilliant wedding planners; well-versed in the art of tailoring a banquet that spells out the couple's love story.
For more information or to RSVP
Here
!",https://t.me/blissfulbrides/797
blissfulbrides,2023-07-08T01:00:07+00:00,[],"[""https://www.blissfulbrides.sg/event-detail/783/Vows-in-Paradise-Wedding-showcase""]",795,,"Vows in Paradise | Wedding showcase
Event Details
Organizer: Shangri-La Rasa Sentosa, Singapore
Admission: By appointment only.
Event Date: 12 & 13 August 2023. 12:00 PM – 7:30 PM
Experience a tropical wedding by the sea at Singapore's only beachfront resort. Enjoy up to SGD 2,876++ rebate plus additional perks from your selected wedding package.
For more information or to RSVP
Here
!",https://t.me/blissfulbrides/795
blissfulbrides,2023-07-07T01:00:35+00:00,[],"[""https://www.blissfulbrides.sg/event-detail/788/Aisle-Of-Dreams-Wedding-Showcase""]",794,,"Aisle Of Dreams Wedding Showcase
Event Details
Organizer: Amara Sanctuary Resort Sentosa
Admission: Free
Event Date: 10 Sep, Sun 2023. 12:00 PM – 6:00 PM
Discover the most befitting wedding plans, and unique opportunity to create an elegant and grand affair at the Aisle of Dreams Wedding Showcase.
For more information or to RSVP
Here
!",https://t.me/blissfulbrides/794
blissfulbrides,2023-07-06T12:00:52+00:00,[],"[""https://www.blissfulbrides.sg/articles/trending/singapore-wedding-ang-bao-rates-2023--an-easy-guide""]",793,,"Singapore Wedding Ang Bao Rates 2023 - An Easy Guide!
One of the most talked-about topics amongst guests and couples alike is wedding Ang Bao rates. An Ang Bao is a red envelope given as a gift during special occasions, including weddings in Chinese customs.
But how much should you give? This is a question that often leaves guests scratching their heads. Should it be based on the relationship, venue, or affordability?
Here's a
list
of estimated red packet rates that you can refer to as a guide based on the venue of the wedding.",https://t.me/blissfulbrides/793
blissfulbrides,2023-07-06T01:00:29+00:00,[],"[""https://www.blissfulbrides.sg/event-detail/787/Only-Extraordinary-The-St-Regis-Singapore-Wedding-Atelier""]",792,,"Only Extraordinary The St. Regis Singapore Wedding Atelier
Event Details
Organizer: The St. Regis Singapore
Admission: Complimentary, by appointment only.
Event Date: Sunday, 30 July 2023. 10.30am to 6.00pm
Be invited to the city’s most eminent address for exceptional weddings with Only Extraordinary - The St. Regis Singapore’s Wedding Atelier.
For more information or to RSVP
Here
!",https://t.me/blissfulbrides/792
blissfulbrides,2023-07-05T01:01:44+00:00,[],"[""https://www.blissfulbrides.sg/event-detail/786/-The-Elements-Of-Love-In-House-Wedding-Show-by-Copthorne-King-s-Hotel-Singapore""]",791,,"“The Elements Of Love"" In-House Wedding Show by Copthorne King's Hotel Singapore
Event Details
Organizer: Copthorne King's Hotel Singapore
Admission: Complimentary, by appointment only.
Event Date: 7 Jul, Fri 2023. 5:00 PM – 10:00 PM
Be invited to the city’s most eminent address for exceptional weddings with Only Extraordinary
For more information or to RSVP
Here
!",https://t.me/blissfulbrides/791
blissfulbrides,2023-06-29T02:24:20+00:00,[],"[""https://events.blissfulbrides.sg/crowne-plaza-wedding-showcase/""]",790,,"Step into a world of enchantment at the
'Wanderlust Dreams' Wedding Showcase
by Crowne Plaza Changi Airport!
Join us on 15 July 2023, Saturday, from 11am to 5pm at the Chengal Ballroom, Crowne Plaza Changi Airport, Singapore.
💍
✨
Confirm your dream wedding with them and unlock amazing perks:
🌟
Enjoy $100++ off per table (minimum of 18 tables for lunch and 23 tables for dinner).
🍻
Indulge in free-flow draught beer for up to 4 hours.
🍷
Savor the moment with free-flow house wine for up to 4 hours.
🏰
Experience luxury in our Bridal Suite for 2, complete with a sumptuous breakfast for two.
💎
Earn up to 60,000 IHG Business Rewards Points.
Don't miss out on this exclusive opportunity to make your wedding dreams come true! Save the date and let the journey to forever begin.
💖
RSVP now!",https://t.me/blissfulbrides/790
blissfulbrides,2023-06-27T10:02:06+00:00,[],"[""https://singaporeorchard.holidayinn.com/offer/love-bloom-wedding-showcase""]",789,,"🌸
💍
Are you ready to embark on a journey of love and wedded bliss? RSVP now for the ""Love in Bloom"" Wedding Showcase by Holiday Inn Orchard City Centre!
✨
📅
2nd July 2023, Sunday
⏰
12pm to 6pm
💒
Level 2, Crystal Ballroom, Holiday Inn Singapore Orchard City Centre.
Mark your calendars as this is the event you don't want to miss!
✨
Immerse yourself in a world of exclusive on-the-day-only wedding perks that will make your special day truly extraordinary.
💎
✨
👰
Meet talented vendors who will turn your wedding dreams into reality and get inspired by their exceptional work.
💐
📸
🤝
Speak with our experienced wedding planners, who are eager to guide you every step of the way in creating your dream wedding.
💕
🎁
Plus, stand a chance to win sure-win lucky draw prizes that will add an extra touch of magic to your wedding preparations.
🎉
RSVP now
to secure your spot and let us be part of your love story. Don't miss out on this incredible opportunity!
💌
💑",https://t.me/blissfulbrides/789
blissfulbrides,2023-06-23T00:59:57+00:00,[],"[""https://www.blissfulbrides.sg/event-detail/780/Centennial-Bliss-Online-Wedding-Showcase""]",788,,"Centennial Bliss Online Wedding Showcase
Event Details
Organizer: Conrad Singapore Orchard
Admission: Free
Event Date: 26th June to 2nd July 2023. 9am - 6pm
Let our seasoned wedding consultants weave together a tapestry of love and romance for your special day with Conrad Centennial Singapore's exclusive online wedding promotion from 26th June to 2nd July 2023. Entrust your dreams to our experienced team as we embark on a journey to create an unforgettable wedding celebration.
For more information or to RSVP
Here
!",https://t.me/blissfulbrides/788
blissfulbrides,2023-06-22T00:59:57+00:00,[],"[""https://www.blissfulbrides.sg/event-detail/779/Crazily-In-Love-Wedding-Workshop-by-Intercontinental-Singapore""]",787,,"Crazily In Love Wedding Workshop by Intercontinental Singapore
Event Details
Organizer: Intercontinental Singapore
Admission: Complimentary, by appointments only
Event Date: 9 Jul, Sun. 10am - 6pm
Celebrate love at our upcoming wedding workshop on 9 July from 10am, and let us help you bring your wedding vision to life at our breath-taking heritage wedding venue. With our opulent ballroom, luxurious accommodations, and impeccable attention to detail, we are here to make your celebration truly extraordinary.
For more information or to RSVP
Here
.",https://t.me/blissfulbrides/787
blissfulbrides,2023-06-21T00:59:58+00:00,[],"[""https://www.blissfulbrides.sg/event-detail/778/The-Riverhouse-Wedding-Showcase-2023""]",786,,"The Riverhouse Wedding Showcase 2023
Event Details
Organizer: The Riverhouse
Admission: $38.00 nett per couple
Event Date: 9 Jul, Sun. 6:00 PM – 9:00 PM
Join us for The Wedding Escapade Workshop, designed to help you plan your dream wedding. Don't miss this opportunity to gather inspiration, connect with wedding experts, and secure amazing deals for your special day.
For more information or to RSVP
Here
.",https://t.me/blissfulbrides/786
blissfulbrides,2023-06-20T00:59:57+00:00,[],"[""https://www.blissfulbrides.sg/event-detail/776/the-wedding-escapade-workshop-by-the-outpost-hotel-sentosa-oasia-resort-sentosa""]",785,,"The Wedding Escapade Workshop by The Outpost Hotel Sentosa & Oasia Resort Sentosa
Event Details
Organizer: The Outpost Hotel Sentosa & Oasia Resort Sentosa
Admission: $38.00 nett per couple
Event Date: 23 Jul, Sun. 10:00 AM – 5:30 PM
Join us for The Wedding Escapade Workshop, designed to help you plan your dream wedding. Don't miss this opportunity to gather inspiration, connect with wedding experts, and secure amazing deals for your special day.
For more information or to RSVP
Here
.",https://t.me/blissfulbrides/785
blissfulbrides,2023-06-19T13:41:49+00:00,[],"[""https://singaporeorchard.holidayinn.com/offer/love-bloom-wedding-showcase""]",784,,"🌸
💍
Are you ready to embark on a journey of love and wedded bliss? RSVP now for the ""Love in Bloom"" Wedding Showcase by Holiday Inn Orchard City Centre!
✨
📅
2nd July 2023, Sunday
⏰
12pm to 6pm
💒
Level 2, Crystal Ballroom, Holiday Inn Singapore Orchard City Centre.
Mark your calendars as this is the event you don't want to miss!
✨
Immerse yourself in a world of exclusive on-the-day-only wedding perks that will make your special day truly extraordinary.
💎
✨
👰
Meet talented vendors who will turn your wedding dreams into reality and get inspired by their exceptional work.
💐
📸
🤝
Speak with our experienced wedding planners, who are eager to guide you every step of the way in creating your dream wedding.
💕
🎁
Plus, stand a chance to win sure-win lucky draw prizes that will add an extra touch of magic to your wedding preparations.
🎉
RSVP now
to secure your spot and let us be part of your love story. Don't miss out on this incredible opportunity!
💌
💑",https://t.me/blissfulbrides/784
blissfulbrides,2023-06-16T05:35:55+00:00,[],"[""http://bowsonline.blissfulbrides.sg/peach-garden-wedding-showcase/""]",783,,"‘A View to Love’ Wedding Showcase
🎉
Your dream wedding awaits at ‘A View to Love’ wedding showcase
!
Enjoy exclusive promotions & perks, win amazing lucky draw prizes
🎁
, and delicious wedding buffet menu sampling provided by Peach Garden Chinese Restaurant!
𝐄𝐯𝐞𝐧𝐭 𝐃𝐞𝐭𝐚𝐢𝐥𝐬:
🗓
Date: Sunday, 2 July 2023
🕛
Time: 11am - 5pm
🏰
Address: Peach Garden OCBC Centre, 65 Chulia St, #33 floor, Singapore 049513
🔗
Website:
bowsonline.blissfulbrides.sg/peach-garden-wedding-showcase/
Don't wait any longer - secure your spot today and start planning the wedding of your dreams!
💍",https://t.me/blissfulbrides/783
blissfulbrides,2023-06-13T09:59:56+00:00,[],"[""https://www.blissfulbrides.sg/articles/wedding/4-things-you-must-know-before-confirming-your-wedding-date""]",781,,"4 Things You Must Know Before Confirming Your Wedding Date
Planning a wedding requires extensive preparation, including careful consideration of the wedding date. Once you announce your engagement, choosing the ideal wedding date becomes a priority and is often the first question asked by family and friends. Before proceeding with other aspects of your wedding planning checklist, it is crucial to select a suitable date.
To ensure a smooth process, there are several factors to consider when determining your wedding date. Here are some essential details to be aware of before finalizing your chosen date.
Read more
here
.",https://t.me/blissfulbrides/781
blissfulbrides,2023-06-13T00:59:58+00:00,[],"[""https://www.blissfulbrides.sg/event-detail/775/The-Wedding-Festival-By-Vynella-Events""]",780,,"The Wedding Festival By Vynella Events
Event Details
Organizer: Vynella Events
Admission: Free
Event Date: 25 Jun, Sun. 11:00 AM – 7:00 PM
Be enthralled by an exciting launch of a brand new magnificent ballroom in the East and connect with over 20 wedding vendors for a fabulous, safe and holistic one-stop wedding-shopping experience full of great insights, tips and inspo.
For more information or to RSVP
Here
.",https://t.me/blissfulbrides/780
blissfulbrides,2023-06-09T01:01:18+00:00,[],"[""https://www.blissfulbrides.sg/event-detail/774/One-15-Marina-Wedding-Showcase""]",779,,"One°15 Marina Wedding Showcase
Event Details
Organizer: ONE°15 Marina Sentosa Cove, Singapore
Admission: Free
Event Date: 24 June 2023. 12.00 AM to 5.00 PM
Step into a world of wedding wonder as you explore a curated array of wedding must-haves in our waterfront venues, and stand a chance to win up to $7,888 worth of prizes in our lucky draw.
For more information or to RSVP
Here
.",https://t.me/blissfulbrides/779
blissfulbrides,2023-06-08T01:00:00+00:00,[],"[""https://www.blissfulbrides.sg/event-detail/773/wanderlust-dreams-wedding-showcase-2023""]",778,,"Wanderlust Dreams Wedding Showcase 2023
Event Details
Organizer: Crowne Plaza Changi Airport
Admission: Free
Event Date: 15 July 2023. 11.00 AM to 5.00 PM
Missed us at the recent wedding fair? We are back with an in-house wedding showcase with an exclusive glimpse of the potential wedding of your dreams!
For more information or to RSVP
Here
.",https://t.me/blissfulbrides/778
blissfulbrides,2023-06-07T01:00:00+00:00,[],"[""https://www.blissfulbrides.sg/event-detail/772/-bridal-blush-makeup-photography-event""]",777,,"""Bridal Blush"" - Makeup & Photography Event
Event Details
Organizer: Luna Bianca Bridal
Admission: Free
Event Date: 17 June 2023. 12.00 PM to 6.00 PM
Ala Carte Gown Rental - $500 off only on June 17 for those who came to the event. These are only applicable to those who attend the event.
For more information or to RSVP
Here
.",https://t.me/blissfulbrides/777
blissfulbrides,2023-06-02T01:01:20+00:00,[],"[""https://www.blissfulbrides.sg/event-detail/771/Meet-Our-Wedding-Planners-Workshop""]",776,,"Meet Our Wedding Planners Workshop
Event Details
Organizer: Carlton Hotel Singapore
Admission: Complimentary (Registration is required)
Event Date: Sunday, 16 July 2023. 11.00am to 4.00pm
Carlton Hotel Singapore presents “ Meet Our Wedding Planners Workshop”, where you will have a one-on one consultation with our team of wedding professionals along with a selection of handpicked wedding vendors who will help bring your wedding vision to life.
For more information or to RSVP
Here
.",https://t.me/blissfulbrides/776
blissfulbrides,2023-05-30T00:59:58+00:00,[],"[""https://www.blissfulbrides.sg/event-detail/770/summer-of-love-wedding-showcase""]",775,,"Summer Of Love Wedding Showcase
Event Details
Organizer: PARKROYAL on Kitchener Road
Admission: Free
Event Date: 4 Jun, Sun. 11:00 AM – 6:00 PM
An oasis of romance awaits you and your beloved at PARKROYAL on Kitchener Road, Singapore, a hidden gem that sparkles amidst the vibrant city vibes of Farrer Park. Be it an intimate wedding with your nearest and dearest or a grand affair with all your loved ones, we are here to help you plan a celebration that is simply yours, filled with your stories, traditions and meaningful touches that will make it a day to remember.
For more information or to RSVP
Here
.",https://t.me/blissfulbrides/775
blissfulbrides,2023-05-23T01:00:00+00:00,[],"[""https://www.blissfulbrides.sg/event-detail/769/Lovescape-Wedding-Workshop""]",774,,"Lovescape Wedding Workshop
Event Details
Organizer: Mercure Singapore Bugis
Admission: Free
Event Date: 24 June 2023, Saturday. 11am - 2pm
Come on down to Lovescape Wedding Workshop to discover the latest wedding themes & packages, meet our vendors, and take advantage of attractive perks and rebates.
For more information or to RSVP
Here
.",https://t.me/blissfulbrides/774
blissfulbrides,2023-05-16T00:59:57+00:00,[],"[""https://www.blissfulbrides.sg/event-detail/768/A-Promise-Of-Perfection-Wedding-Showcase""]",773,,"A Promise Of Perfection – Wedding Showcase
Event Details
Organizer: Sheraton Towers Singapore
Admission: Complimentary (By Appointment Only)
Event Date: 25 June 2023. 11:00 AM – 5:00 PM
From intimate celebrations to elegant wedding receptions, Sheraton Towers Singapore provides the perfect venues for your most momentous day.
For more information or to RSVP
Here
.",https://t.me/blissfulbrides/773
blissfulbrides,2023-05-15T02:03:09+00:00,[],"[""https://holidayinnsingaporeorchardcity.blissfulbrides.sg/true-love-story-wedding-showcase/""]",772,,"Did you missed out deals from the weekend show?
Fret not, as Holiday Inn
®
Singapore Orchard City Centre will be having their own show
‘True Love Story’ next Sunday on 21st May, 12pm - 6pm!
🤩
Indulge in a scrumptious banquet food tasting
🍴
, enjoy exclusive wedding packages at specially curated prices, and win sure-win lucky draw prizes!
🎁
RSVP now & receive a *complimentary goodie bag
🛍
Don't miss out on the opportunity to make your wedding day dreams come true - secure your spot today!
✨
RSVP Link
here
.
*T&Cs apply.",https://t.me/blissfulbrides/772
blissfulbrides,2023-05-10T02:24:42+00:00,[],"[""http://holidayinnsingaporeorchardcity.blissfulbrides.sg/true-love-story-wedding-showcase/""]",770,,"Planning your dream wedding?
Join us at 'True Love Story' on May 21st at  Holiday Inn Singapore Orchard City Centre! Discover the latest wedding trends, enjoy a delicious food tasting, and meet & interact with our amazing vendors.
List of vendors:
- 60 shutter
- France Paris Bridal
- PropNex Realty
- GinThye
- Valanci
- Petitemcee Andie
*𝐏𝐥𝐮𝐬, 𝐑𝐒𝐕𝐏 𝐧𝐨𝐰 𝐚𝐧𝐝 𝐫𝐞𝐜𝐞𝐢𝐯𝐞 𝐚 𝐟𝐫𝐞𝐞 𝐠𝐨𝐨𝐝𝐢𝐞 𝐛𝐚𝐠!
𝐄𝐯𝐞𝐧𝐭 𝐃𝐞𝐭𝐚𝐢𝐥𝐬:
🗓
Date: Sunday 21st May, 2023
🕛
Time: 12pm - 6pm
🏰
Address: Level 2, Crystal Ballroom, Holiday Inn
®
Singapore Orchard City Centre
🔗
Website:
holidayinnsingaporeorchardcity.blissfulbrides.sg/true-love-story-wedding-showcase/
Let's turn your wedding dreams into reality - we can't wait to see you there!
💍
💐
*While stock lasts.
**T&Cs apply.",https://t.me/blissfulbrides/770
blissfulbrides,2023-05-08T08:55:38+00:00,[],"[""http://holidayinnsingaporeorchardcity.blissfulbrides.sg/true-love-story-wedding-showcase/""]",769,,"💍
Fall in love with your dream wedding at the
""True Love Story"" Wedding Showcase by Holiday Inn
®
Singapore Orchard City Centre!
Indulge in a scrumptious banquet food tasting
🍴
, enjoy exclusive wedding packages at specially curated prices, and win sure-win lucky draw prizes!
🎁
What's more, receive a *complimentary goodie bag
🛍
when you RSVP now!
Event Details:
🗓
Date: Sunday, 21 May 2023
🕛
Time: 12PM to 6PM
🏰
Venue: Level 2, Crystal Ballroom, Holiday Inn
®
Singapore Orchard City Centre
🔗
Website:
link
Admission is FREE, so bring your partner, family, and friends along to experience this unforgettable showcase.
💕
Don't miss out on the opportunity to make your wedding day dreams come true - secure your spot today!
*T&Cs apply.",https://t.me/blissfulbrides/769
blissfulbrides,2023-05-05T01:00:00+00:00,[],"[""https://www.blissfulbrides.sg/event-detail/763/the-summerhouse-wedding-showcase-2023""]",768,,"The Summerhouse Wedding Showcase 2023
Event Details
Organizer: The Summerhouse
Admission: $68/couple
Event Date: 28 May 2023. 06:00 PM
Discover Singapore’s most romantic garden wedding venue at The Summerhouse, where picturesque landscapes, lush greenery and nature-inspired menus are yours to enjoy at our upcoming Wedding Showcase on 28 May, Sunday, 6pm.
For more information or to RSVP
Here
.",https://t.me/blissfulbrides/768
blissfulbrides,2023-05-04T01:01:50+00:00,[],"[""https://www.blissfulbrides.sg/event-detail/762/doubling-the-joy-with-bubbly-and-brunch""]",767,,"Doubling The Joy With Bubbly and Brunch
Event Details
Organizer: PARKROYAL on Beach Road
Admission: Free
Event Date: 14 May 2023. 11:00 AM – 04:00 PM
Join us for a one-of-a-kind celebration of love and family this Mother's Day at our Champagne Brunch Wedding Show on 14 May 2023 from 11am to 4pm. Sip on delicious bubbly as you sample mouth-watering brunch bites and explore a range of wedding inspiration.
For more information or to RSVP
Here
.",https://t.me/blissfulbrides/767
blissfulbrides,2023-05-03T12:01:15+00:00,[],"[""https://www.blissfulbrides.sg/articles/wedding/all-about-si-dian-jin-is-it-still-necessary-these-days""]",766,,"All About Si Dian Jin: Is It Still Necessary These Days?
The gifting of Si Dian Jin is a long-standing wedding custom of the Chinese culture that is continuously observed to this day. The term “Si Dian Jin” essentially translates to “Four Touches of Gold,” as it was customarily a four-piece set of betrothal jewellery consisting of a bangle, necklace, ring, and a pair of earrings. This jewellery set is given to the bride as a way of welcoming her into the family and bestowing blessings on the newlyweds.
The origins of the Si Dian Jin custom date back several centuries ago in Guangdong, China. Despite being a centuries-old tradition, the gifting of Si Dian Jin remains an essential practice for many soon-to-be brides and grooms in China, Singapore, and other Asian countries. To understand why, here are some of the reasons why Si Dian Jin remains relevant in modern times.
See more
here
.",https://t.me/blissfulbrides/766
blissfulbrides,2023-04-27T23:00:09+00:00,[],"[""https://bit.ly/43KIVzj"", ""https://bit.ly/43KIVzj""]",765,,"Tomorrow is the day! Join us at 'A Modern Love Affair' at Orchard Hotel Singapore for the ultimate wedding inspiration and planning experience. Don't miss your chance to enjoy a delicious food tasting, meet talented vendors, and qualify for lucky draw prizes.
Plus, RSVP now and receive a free goodie bag. → Click
here
to RSVP.
We can't wait to see you there and help you turn your wedding dreams into reality!
💍
💐
𝐄𝐯𝐞𝐧𝐭 𝐃𝐞𝐭𝐚𝐢𝐥𝐬:
🗓️
Date: Saturday 29th April, 2023
🕛
Time: 12pm - 5pm
🏰
Address: Level 3, Orchard Grand Ballroom, Orchard Hotel Singapore
🔗
Website:
orchardhotelsingapore.blissfulbrides.sg
*While stock lasts.
**T&Cs apply.",https://t.me/blissfulbrides/765
blissfulbrides,2023-04-26T00:59:47+00:00,[],"[""https://www.blissfulbrides.sg/event-detail/760/Hilton-Singapore-Orchard-Wedding-Showcase""]",764,,"Hilton Singapore Orchard Wedding Showcase
Event Details
Organizer: Hilton Singapore Orchard
Admission: Free
Event Date: 07 Mei 2023. 10:00 AM – 06:00 PM
Pre-register early for our wedding showcase to enjoy exclusive showcase perks including a complimentary table with every 16 paying tables, a rebate of $888++, $200 dining voucher, a night’s stay and more.
For more information or to RSVP
Here
.",https://t.me/blissfulbrides/764
blissfulbrides,2023-04-25T01:00:39+00:00,[],"[""https://www.blissfulbrides.sg/articles/wedding/4-questions-you-must-ask-before-renting-a-wedding-dress""]",763,,"4 Questions You Must Ask Before Renting A Wedding Dress
Selecting a dress for your wedding day is a crucial decision that requires plenty of consideration. With an endless range of options, finding the right dress for your special day may certainly take time. One essential part of this process is deciding how you’ll procure your wedding dress. The renting versus purchasing debate is a dilemma that many brides face, as both of these options come with their respective pros and cons.
That being said, if you’re specifically after the cost, then wedding dress rental is your best choice since it’s significantly cheaper than buying an entirely new dress. However, the cost is not the only thing you must consider before making a decision. To help you decide whether rental is the right option for you, here are the most important questions you should ask before you rent a wedding dress.
See more
here.",https://t.me/blissfulbrides/763
blissfulbrides,2023-04-24T09:54:14+00:00,[],"[""https://www.instagram.com/p/CrahHegN_Qp/""]",762,,"Get Ready to Win Big at 'A Modern Love Affair' - Over $6,000 in Prizes Up for Grabs! Get more details from
here
!",https://t.me/blissfulbrides/762
blissfulbrides,2023-04-22T04:01:18+00:00,[],"[""https://bit.ly/3N1A7PG"", ""https://bit.ly/3N1A7PG""]",761,,"Only one week left until 'A Modern Love Affair' at Orchard Hotel Singapore! Don't miss out on the ultimate wedding inspiration and planning experience.
*RSVP now to enjoy exclusive offers, qualify for lucky draw prizes, and receive a free goodie bag. →
https://bit.ly/3N1A7PG
.
Time is running out - secure your spot today and start planning the wedding of your dreams!
💍
💐
𝐄𝐯𝐞𝐧𝐭 𝐃𝐞𝐭𝐚𝐢𝐥𝐬:
🗓️
Date: Saturday 29th April, 2023
🕛
Time: 12pm - 5pm
🏰
Address: Level 3, Orchard Grand Ballroom, Orchard Hotel Singapore
🔗
Website:
https://bit.ly/3N1A7PG
*While stock lasts.
**T&Cs apply.",https://t.me/blissfulbrides/761
blissfulbrides,2023-04-20T09:43:13+00:00,[],"[""https://bit.ly/41KgMqk"", ""https://bit.ly/41KgMqk""]",759,,"Planning your dream wedding? Join us at 'A Modern Love Affair' on April 29th at Orchard Hotel Singapore! Discover the latest wedding trends, enjoy a delicious food tasting, and meet talented vendors like us.
*𝐏𝐥𝐮𝐬, 𝐑𝐒𝐕𝐏 𝐧𝐨𝐰 𝐚𝐧𝐝 𝐫𝐞𝐜𝐞𝐢𝐯𝐞 𝐚 𝐟𝐫𝐞𝐞 𝐠𝐨𝐨𝐝𝐢𝐞 𝐛𝐚𝐠! -> Click
here
to RSVP
𝐄𝐯𝐞𝐧𝐭 𝐃𝐞𝐭𝐚𝐢𝐥𝐬:
🗓️
Date: Saturday 29th April, 2023
🕛
Time: 12pm - 5pm
🏰
Address: Level 3, Orchard Grand Ballroom, Orchard Hotel Singapore
🔗
Website: Click
here
to Visit
Let's turn your wedding dreams into reality - we can't wait to see you there!
💍
💐
*While stock lasts.
**T&Cs apply.",https://t.me/blissfulbrides/759
blissfulbrides,2023-04-17T09:33:02+00:00,[],"[""https://bit.ly/3A5SfQu""]",758,,"🎉
Your dream wedding awaits at 'A Modern Love Affair'! Enjoy a delicious banquet food tasting
🍴
, exclusive promotions & perks, win amazing lucky draw prizes
🎁
, and get up to $12,800++ cash rebates
💰
.
Plus, RSVP now and receive a free goodie bag
🛍️
.
𝐄𝐯𝐞𝐧𝐭 𝐃𝐞𝐭𝐚𝐢𝐥𝐬:
🗓️
Date: Saturday 29th April, 2023
🕛
Time: 12pm - 5pm
🏰
Address: Level 3, Orchard Grand Ballroom, Orchard Hotel Singapore
🔗
Website:
orchardhotelsingapore.blissfulbrides.sg
Don't wait - secure your spot today and start planning the wedding of your dreams!
💍",https://t.me/blissfulbrides/758
blissfulbrides,2023-04-13T01:02:03+00:00,[],"[""https://www.blissfulbrides.sg/event-detail/757/Inspiringly-Yours-Celebrations""]",757,,"Inspiringly Yours Celebrations
Event Details
Organizer: PARKROYAL COLLECTION Pickering, Singapore
Admission: Free
Event Date: 01 Mei 2023. 10:30 PM – 06:00 PM
At PARKROYAL COLLECTION Pickering, the spacious William Pickering ballroom features Balinese latticework which complements the soothing hues and nature-inspired interiors, while the Poolside Terrace situated on the fifth floor, offers spectacular views of the city and is the ideal venue for a memorable alfresco event.
For more information or to RSVP
Here
.",https://t.me/blissfulbrides/757
blissfulbrides,2023-04-12T01:00:00+00:00,[],"[""https://www.blissfulbrides.sg/event-detail/756/Simply-Yours-Celebrations""]",756,,"Simply Yours Celebrations
Event Details
Organizer: PARKROYAL on Beach Road
Admission: Free
Event Date: 01 Mei 2023. 10:30 PM – 06:00 PM
The newly renovated event spaces of PARKROYAL on Kitchener boasts a cozy, modern and contemporary interior with natural daylight alongside a dedicated reception foyer.
For more information or to RSVP
Here
.",https://t.me/blissfulbrides/756
blissfulbrides,2023-04-11T01:00:43+00:00,[],"[""https://www.blissfulbrides.sg/articles/editor-s-choice-awards/hilltop-haven-celebrate-your-dream-day-at-a-lush-luxurious-escape-with-sofitel-sentosa""]",755,,"Hilltop Haven: Celebrate Your Dream Day at a Lush, Luxurious Escape with Sofitel Sentosa
Tucked away on the southern edge of Sentosa Island lies a hilltop haven of peace and tranquillity.
Sofitel Singapore Sentosa Resort & Spa is the perfect destination for a fairy tale-like wedding away from the hustle and bustle of the city. With 27 acres of stunning greenery, featuring outdoor palatial spaces and a view of the South China Sea, Sofitel Singapore Sentosa Resort & Spa is the venue to create memories that last a lifetime.
See more
here
.",https://t.me/blissfulbrides/755
blissfulbrides,2023-04-11T01:00:43+00:00,[],"[""https://www.blissfulbrides.sg/event-detail/758/Botanico-At-The-Garage-Wedding-Fair-2023""]",754,,"Botanico At The Garage Wedding Fair 2023
Event Details
Organizer: Botanico at The Garage
Admission: Free
Event Date: 30 April  2023. 06:00 PM – 09:00 PM
Where romantic garden fairytale weddings and personal touches are woven through, save the date and fall in love with tranquil botanic charm as you discover a wedding experience that’s uniquely yours at Botanico at The Garage’s upcoming Wedding Fair on 30 April, Sunday, 6pm.
For more information or to RSVP
Here
.",https://t.me/blissfulbrides/754
blissfulbrides,2023-04-09T08:30:05+00:00,[],[],753,,,https://t.me/blissfulbrides/753
blissfulbrides,2023-04-09T01:00:39+00:00,[],"[""http://bowsonline.blissfulbrides.sg/""]",745,,"🎉
Last Day! Don't miss out on our Love Always Event! Come and join us today to enjoy our amazing highlights: Goodie Bags, Double Chances by using Blissful Pay, Voting Contests for Most Beautiful Bridal Gown and Best Booth Design, Seminar Talks, and Early Bird Gifts!
𝐄𝐯𝐞𝐧𝐭 𝐃𝐞𝐭𝐚𝐢𝐥𝐬:
🗓️
Date: Sat & Sun, 8 & 9 April, 2023
🕛
Time: 11am - 9pm
🏰
Address: Marina Bay Sands Level 1, Exhibition Hall B & C
🔗
Website:
http://bowsonline.blissfulbrides.sg
See you at the event!
❤️",https://t.me/blissfulbrides/745
blissfulbrides,2023-04-08T01:01:48+00:00,[],"[""http://bowsonline.blissfulbrides.sg/""]",737,,"Love is in the air at our “Love Always” Event!
💖
Don't miss out on our amazing goodie bags and be sure to double your chances of winning by using Blissful Pay at the event! Plus, if you're one of the lucky cash rebate winners and you use Blissful Pay, you'll receive an extra $500 cash rebate!
💰
Be sure to check out the beautiful bridal gowns from our vendors and vote for your favorite!
👰‍♀️
And while you're at it, take a look at the amazing booth designs and vote for the best one!
🎨
Join our informative seminar talks and learn from the experts!
🗣️
And if you're one of the first 100 couples to make a purchase, you'll receive a beautiful early bird gift from The Flower Tale at Booth S15
🌸
and from The Nail Lab at Booth S10b
💅🏻
.
𝐄𝐯𝐞𝐧𝐭 𝐃𝐞𝐭𝐚𝐢𝐥𝐬:
🗓️
Date: Sat & Sun, 8 & 9 April, 2023
🕛
Time: 11am - 9pm
🏰
Address: Marina Bay Sands Level 1, Exhibition Hall B & C
🔗
Website:
bowsonline.blissfulbrides.sg
Make sure to visit us today to experience all the excitement!
T&Cs apply.",https://t.me/blissfulbrides/737
blissfulbrides,2023-04-08T01:00:22+00:00,[],"[""https://www.blissfulbrides.sg/event-detail/755/Sincerely-Yours-Celebrations""]",736,,"Sincerely Yours Celebrations
Event Details
Organizer: Pan Pacific Singapore
Admission: Free
Event Date: 01 Mei 2023. 10:30 PM – 06:00 PM
Our pillar-less Pacific Ballroom is designed to set the stage for grand affairs of elegance and sophistication, taking centerstage is the honeycomb ceiling adorned with stylist amber crystal ellipse drop chandeliers.
For more information or to RSVP
Here
.",https://t.me/blissfulbrides/736
blissfulbrides,2023-04-07T03:01:09+00:00,[],"[""https://bit.ly/3MmG616"", ""http://bowsonline.blissfulbrides.sg/""]",735,,"📢
🎉
Counting down the hours until Love Always starts tomorrow! Don't miss out on the amazing deals, seminar talks, and Lucky Draw prizes. Join us and make your wedding dreams a reality. See you there!
*𝑹𝑺𝑽𝑷 𝑵𝒐𝒘 𝒕𝒐 𝒓𝒆𝒄𝒆𝒊𝒗𝒆 𝒂 𝒇𝒓𝒆𝒆 𝒈𝒐𝒐𝒅𝒊𝒆 𝒃𝒂𝒈! ->
Click here
𝐄𝐯𝐞𝐧𝐭 𝐃𝐞𝐭𝐚𝐢𝐥𝐬:
🗓️
Date: Sat & Sun, 8 & 9 April, 2023
🕛
Time: 11am - 9pm
🏰
Address: Marina Bay Sands Level 1, Hall B & C
🔗
Website:
bowsonline.blissfulbrides.sg
*While stock lasts.
**T&Cs apply.",https://t.me/blissfulbrides/735
blissfulbrides,2023-04-07T01:02:39+00:00,[],"[""https://www.blissfulbrides.sg/event-detail/754/Melodies-of-Love-Wedding-Showcase""]",734,,"Melodies of Love Wedding Showcase
Event Details
Organizer: Paradox Singapore Merchant Court at Clarke Quay
Admission: Register for complimentary admission
Event Date: 07 Mei 2023. 01:00 PM – 06:00 PM
Celebrate the start of a blissful marriage at Paradox Singapore Merchant Court at Clarke Quay with our Melodies of Love Wedding Showcase happening at the Merchant Court Ballroom on 7 May 2023.
For more information or to RSVP
Here
.",https://t.me/blissfulbrides/734
blissfulbrides,2023-04-06T11:00:38+00:00,[],"[""https://bowsonline.blissfulbrides.sg/""]",732,,"🚨
Attention couples-to-be!
🚨
Don't miss out on our early bird gifts at Love Always!
For the first 100 couples who make a purchase, get a preserved flower from The Flower Tale
@theflowertale
(Booth S15)
🌹
🌻
🌷
And for the first 20 couples who make a purchase, enjoy a nails services from The Nail Lab
@thenaillab
.sg (Booth S10b)
💅🏻
💅🏼
💅🏽
While stocks last, so hurry and make your purchase today!
Join us this weekend at Love Always and be a part of the excitement!
𝐄𝐯𝐞𝐧𝐭 𝐃𝐞𝐭𝐚𝐢𝐥𝐬:
🗓️
Date: Sat & Sun, 8 & 9 April, 2023
🕛
Time: 11am - 9pm
🏰
Address: Marina Bay Sands Level 1, Exhibition Hall B & C
🔗
Website:
bowsonline.blissfulbrides.sg
𝐄𝐯𝐞𝐧𝐭 𝐇𝐢𝐠𝐡𝐥𝐢𝐠𝐡𝐭𝐬:
❤️
Free Goodie bags(While Stock Last)
❤️
$50,000 Cash Rebates
❤️
Lucky Draw Prizes
❤️
Fun Activities with Prizes
and many more ...
@wedding_thewipshow
@thewipshow
T&Cs apply.",https://t.me/blissfulbrides/732
blissfulbrides,2023-04-06T10:01:48+00:00,[],"[""http://bowsonline.blissfulbrides.sg/""]",731,,"Attention all soon-to-be-wed couples! Get ready to vote for the best booth decoration at Love Always! Our vendors have pulled out all the stops to showcase their unique and beautiful setups, and we need your help to choose the winner. Cast your vote and stand a chance to win a mystery gift - it's that easy!
Join us this weekend at Love Always and be a part of the excitement!
𝐄𝐯𝐞𝐧𝐭 𝐃𝐞𝐭𝐚𝐢𝐥𝐬:
🗓️
Date: Sat & Sun, 8 & 9 April, 2023
🕛
Time: 11am - 9pm
🏰
Address: Marina Bay Sands Level 1, Exhibition Hall B & C
🔗
Website:
bowsonline.blissfulbrides.sg
𝐄𝐯𝐞𝐧𝐭 𝐇𝐢𝐠𝐡𝐥𝐢𝐠𝐡𝐭𝐬:
❤️
Free Goodie bags(While Stock Last)
❤️
$50,000 Cash Rebates
❤️
Lucky Draw Prizes
❤️
Fun Activities with Prizes
and many more ...
T&Cs apply.",https://t.me/blissfulbrides/731
blissfulbrides,2023-04-05T10:01:15+00:00,[],"[""http://bowsonline.blissfulbrides.sg/""]",730,,"Calling all fashion lovers! Be a part of the action at Love Always and vote for your favorite bridal gown at our exciting contest.
And that's not all - one lucky voter will win a mystery gift! It's the perfect opportunity to show your support for your favourite bridal boutiques and potentially win big.
Join us this weekend at Love Always and be a part of the excitement!
𝐄𝐯𝐞𝐧𝐭 𝐃𝐞𝐭𝐚𝐢𝐥𝐬:
🗓️
Date: Sat & Sun, 8 & 9 April, 2023
🕛
Time: 11am - 9pm
🏰
Address: Marina Bay Sands Level 1, Exhibition Hall B & C
🔗
Website:
http://bowsonline.blissfulbrides.sg
𝐄𝐯𝐞𝐧𝐭 𝐇𝐢𝐠𝐡𝐥𝐢𝐠𝐡𝐭𝐬:
❤️
Free Goodie bags(While Stock Last)
❤️
$50,000 Cash Rebates
❤️
Lucky Draw Prizes
❤️
Fun Activities with Prizes
and many more ...
T&Cs apply.",https://t.me/blissfulbrides/730
blissfulbrides,2023-04-05T04:02:15+00:00,[],"[""https://bit.ly/3Mj9DJ4""]",729,,"Blissful Pay users, listen up! We've got an amazing extra bounce for you - Besides getting 𝐝𝐨𝐮𝐛𝐥𝐞 𝐜𝐡𝐚𝐧𝐜𝐞𝐬 to win, you could also win an extra $𝟓𝟎𝟎 cash rebate. It's our way of saying thank you for choosing Blissful Pay as your payment method.
Don't miss out on this incredible opportunity - make your purchases with Blissful Pay now and win big!
𝐄𝐯𝐞𝐧𝐭 𝐃𝐞𝐭𝐚𝐢𝐥𝐬:
🗓️
Date: Sat & Sun, 8 & 9 April, 2023
🕛
Time: 11am - 9pm
🏰
Address: Marina Bay Sands Level 1, Exhibition Hall B & C
🔗
Website: Link in bio
𝐄𝐯𝐞𝐧𝐭 𝐇𝐢𝐠𝐡𝐥𝐢𝐠𝐡𝐭𝐬:
❤️
Free Goodie bags(While Stock Last)
❤️
$50,000 Cash Rebates
❤️
Lucky Draw Prizes
❤️
Fun Activities with Prizes
and many more ...
Don't miss out on this opportunity to win big with Blissful Brides!
💰
💍
𝑹𝑺𝑽𝑷 𝒕𝒐𝒅𝒂𝒚 𝒂𝒏𝒅 𝒓𝒆𝒄𝒆𝒊𝒗𝒆 𝒂 𝒇𝒓𝒆𝒆 𝒈𝒐𝒐𝒅𝒊𝒆 𝒃𝒂𝒈! →
here
T&Cs apply.",https://t.me/blissfulbrides/729
blissfulbrides,2023-04-03T12:02:00+00:00,[],"[""https://bit.ly/3K7Dgdl"", ""http://bowsonline.blissfulbrides.sg/""]",728,,"The wait is finally over! Love Always is happening this weekend, and we can't wait to celebrate with you. Join us for an unforgettable experience filled with love, laughter, and luxury. See you there!
*𝑹𝑺𝑽𝑷 𝑵𝒐𝒘 𝒕𝒐 𝒓𝒆𝒄𝒆𝒊𝒗𝒆 𝒂 𝒇𝒓𝒆𝒆 𝒈𝒐𝒐𝒅𝒊𝒆 𝒃𝒂𝒈! ->
https://bit.ly/3K7Dgdl
𝐄𝐯𝐞𝐧𝐭 𝐃𝐞𝐭𝐚𝐢𝐥𝐬:
🗓️
Date: Sat & Sun, 8 & 9 April, 2023
🕛
Time: 11am - 9pm
🏰
Address: Marina Bay Sands Level 1, Hall B & C
🔗
Website:
bowsonline.blissfulbrides.sg
*While stock lasts.
**T&Cs apply.",https://t.me/blissfulbrides/728
blissfulbrides,2023-03-31T00:58:53+00:00,[],"[""https://www.blissfulbrides.sg/event-detail/751/Luna-Friendors-Day""]",727,,"Luna Friendors' Day
Event Details
Organizer: Luna Bianca Bridal
Admission: Free
Event Date: 15 April 2023. 12:00 PM – 06:30 PM
Welcome! Luna Bianca, a reputable bridal gown rental and photographic service provider in Singapore, is hosting an event called Luna's Friendors Day (LFD) that we are thrilled to offer to you.
For more information or to RSVP
Here
.",https://t.me/blissfulbrides/727
blissfulbrides,2023-03-30T00:59:53+00:00,[],"[""https://www.blissfulbrides.sg/event-detail/750/-best-of-both-worlds-wedding""]",726,,"[Best of Both Worlds Wedding]
Event Details
Organizer: My Dream Wedding
Admission: Free
Event Date: 21 Mar - 01 April 2023. 09:00 AM
Enjoy the charming Korean studio settings while getting to bask in the local sunshine for your pre-wedding sessions! Enjoy 2 exclusive experiences for the price of only 1~
For more information or to RSVP
Here
.",https://t.me/blissfulbrides/726
blissfulbrides,2023-03-29T00:59:53+00:00,[],"[""https://www.blissfulbrides.sg/event-detail/752/1-Altitude-Coast-Wedding-Fair-2023""]",725,,"1-Altitude Coast Wedding Fair 2023
Event Details
Organizer: 1-Host
Admission: $68
Event Date: 16 April 2023. 06:00 PM
Where modern fairytales are written and a sun-kissed paradise awaits, save the date and say yes to exclusive wedding perks, an awe-inspiring bridal gown showcase, a delectable menu tasting and more at 1-Altitude Coast’s upcoming Wedding Fair on 16 April, Sunday, 6pm.
For more information or to RSVP
Here
.",https://t.me/blissfulbrides/725
blissfulbrides,2023-03-28T00:59:54+00:00,[],"[""https://www.blissfulbrides.sg/event-detail/749/a-season-of-love""]",724,,"A Season of Love
Event Details
Organizer: Orchard Hotel Singapore
Admission: Complimentary, RSVP required
Event Date: Thursday, 30 March 2023. 6pm to 9.30pm
Make a date with Orchard Hotel Singapore on Thursday, 30 March 2023, 6pm – 9.30pm and enjoy up to cash rebate up to $12,800 when you confirm you wedding with us.
For more information or to RSVP
Here
.",https://t.me/blissfulbrides/724
blissfulbrides,2023-03-27T10:09:39+00:00,[],"[""https://www.instagram.com/p/CqScLkVJ2vC/"", ""https://bit.ly/3M1Sovo"", ""?q=%23bowssg"", ""https://bit.ly/3M1Sovo""]",723,,"🎉
GIVEAWAY ALERT
🎉
Stand a chance to win a 1 Night Stay in Luxury Garden Room including Buffet Breakfast for 2pax in Sofitel Singapore Sentosa Resort & Spa!
𝐓𝐨 𝐞𝐧𝐭𝐞𝐫, 𝐬𝐢𝐦𝐩𝐥𝐲 𝐟𝐨𝐥𝐥𝐨𝐰 𝐭𝐡𝐞𝐬𝐞 𝐬𝐭𝐞𝐩𝐬:
1️⃣
Follow
@blissfulbrides
.sg on Instagram.
2️⃣
Like
this post on IG
and tag 2 friends in the comments.
3️⃣
Share the ""Love Always"" event on Xiao hong Shu (Materials can be found
here
) and tag
#bowssg
.
Don't miss this chance to win! Join now!
𝐄𝐯𝐞𝐧𝐭 𝐃𝐞𝐭𝐚𝐢𝐥𝐬:
🗓️
Date: Sat & Sun, 8 & 9 April, 2023
🕛
Time: 11am - 9pm
🏰
Address: Marina Bay Sands Level 1, Hall B & C
🔗
Website:
https://bit.ly/3M1Sovo
𝐄𝐯𝐞𝐧𝐭 𝐇𝐢𝐠𝐡𝐥𝐢𝐠𝐡𝐭𝐬:
❤️
Free Goodie bags(While Stock Last)
❤️
$50,000 Cash Rebates
❤️
Lucky Draw Prizes
❤️
Fun Activities with Prizes
and many more ...
Don't miss out on this opportunity to win big with Blissful Brides!
💰
💍
𝑹𝑺𝑽𝑷 𝒕𝒐𝒅𝒂𝒚 𝒂𝒏𝒅 𝒓𝒆𝒄𝒆𝒊𝒗𝒆 𝒂 𝒇𝒓𝒆𝒆 𝒈𝒐𝒐𝒅𝒊𝒆 𝒃𝒂𝒈!
T&Cs apply.",https://t.me/blissfulbrides/723
blissfulbrides,2023-03-21T10:00:15+00:00,[],"[""https://www.instagram.com/ar/2635753513247025/"", ""?q=%23thewipshow""]",722,,"Add some magic to your selfies with our Love Always event filter!
✨
Click the link
here
or follow these steps:
1️⃣
Go to your IG story and swipe right to the last icon “Browse effect“.
2️⃣
Click on the search icon on the top left corner and type 'bowsxwip'.
3️⃣
Start snapping and share your beautiful photos with us using
#thewipshow
. Don't forget to tag us too!
😍",https://t.me/blissfulbrides/722
blissfulbrides,2023-03-21T04:24:50+00:00,[],"[""https://bit.ly/3JyXTPl""]",721,,"Here's a recap of what went down in BOWS Jan ""Blissful Romance""! We've had a successful show and certainly hoped that you've enjoyed yourself as much as we did!
We are thrilled to announce that our next show, 𝐁𝐎𝐖𝐒 𝐱 𝐓𝐡𝐞 𝐖𝐈𝐏 𝐒𝐡𝐨𝐰 ""𝐋𝐨𝐯𝐞 𝐀𝐥𝐰𝐚𝐲𝐬"" will be happening on 8 & 9 April!
Get all your wedding needs, redeem a free goodie bag (*while stocks last), and win attractive prizes from our lucky draw and $50,000 worth of cash rebates!
𝐄𝐯𝐞𝐧𝐭 𝐃𝐞𝐭𝐚𝐢𝐥𝐬:
🗓️
Date: Sat & Sun, 8 & 9 April, 2023
🕛
Time: 11am - 9pm
🏰
Address: Marina Bay Sands Level 1, Hall B & C
RSVP & receive a free goodie bag! ->
https://bit.ly/3JyXTPl
.
T&Cs apply.",https://t.me/blissfulbrides/721
blissfulbrides,2023-03-20T07:51:51+00:00,[],"[""https://www.blissfulbrides.sg/""]",717,,"💰
Double your chances of winning cash rebates with Blissful Pay!
💍
𝐅𝐨𝐥𝐥𝐨𝐰 𝐭𝐡𝐞𝐬𝐞 𝐬𝐢𝐦𝐩𝐥𝐞 𝐬𝐭𝐞𝐩𝐬:
1️⃣
Login to
www.blissfulbrides.sg
2️⃣
Browse vendors and select your preferred one
3️⃣
Make your purchase using Blissful Pay to get double the chances of winning!
Don't miss out on this opportunity to save big on your wedding expenses and win with Blissful Brides!
🎉",https://t.me/blissfulbrides/717
blissfulbrides,2023-03-16T00:59:50+00:00,[],"[""https://www.blissfulbrides.sg/event-detail/748/Simply-Yours-Celebrations-by-PARKROYAL-On-Beach-Road""]",710,,"Simply Yours Celebrations by PARKROYAL On Beach Road
Event Details
Organizer: PARKROYAL on Beach Road
Admission: Free
Event Date: 14 April 2023. 05:00 PM – 09:00 PM
Pack your bags and celebrate with a complimentary couple’s staycation at PARKROYAL on Beach Road when you book your wedding with us. From proposals to picture-perfect ceremonies, the inviting spaces at PARKROYAL on Beach Road are ideal for grand weddings and exclusive celebrations.
For more information or to RSVP
Here
.",https://t.me/blissfulbrides/710
blissfulbrides,2023-03-15T01:01:04+00:00,[],"[""https://www.blissfulbrides.sg/event-detail/747/Wedding-Trail-by-Tamarind-Hill""]",709,,"Wedding Trail by Tamarind Hill
Event Details
Organizer: Tamarind Hill
Admission: Free
Event Date: 18 March 2023. 12:00 PM – 09:00 PM
Relive the romance of yesteryear and tie the knot in a charmingly restored colonial residence. Embark on a journey of enchanting romance amidst Labrador Nature Reserve, where the vastly green surroundings and gastronomic Thai cuisine are certain to lend a distinct flair to your event.
For more information or to RSVP
Here
.",https://t.me/blissfulbrides/709
blissfulbrides,2023-03-14T02:01:02+00:00,[],"[""https://www.blissfulbrides.sg/articles/editor-s-choice-awards/the-secret-to-fuller-healthier-hair-on-your-wedding-day-jonsson-protein""]",708,,"The Secret to Fuller, Healthier Hair on Your Wedding Day: Jonsson Protein
So, your big day is in a month’s time and you need to transform your unruly hair into something out of a shampoo commercial. Good news! We have the perfect solution for you!
At Jonsson Protein, the expert team understands that protein is essential in maintaining that healthy tenacity in our hair.
Jonsson Protein has created a ground-breaking formula that contains hydrolysed protein, which are smaller compared to its original molecular form. By applying the hydrolysed protein to one’s scalp, the nutrients and protein penetrate the hair shaft more easily, thus, giving you the hair of your dreams!
Read more
here
.",https://t.me/blissfulbrides/708
blissfulbrides,2023-03-13T04:00:30+00:00,[],"[""https://www.blissfulbrides.sg/articles/wedding/what-to-discuss-with-your-wedding-photographer-beforehand""]",707,,"What To Discuss With Your Wedding Photographer Beforehand
Weddings are incomplete without photos. Your wedding photos are essentially there to serve as an incredible memorial to one of the most important days of your life. To make sure that these photos accurately reflect your wedding day and the love you and your partner have for each other, you need to find a photographer whose work matches your style and preferences.
Wedding photography packages are very much popular because they can be trusted to deliver high-quality photos. However, to ensure that your desired photos are achieved, it’s essential to communicate with your photographer about certain matters beforehand.
Along with these questions you should ask your photographer, below are some key things you should discuss with them days or weeks before your wedding.
Read more
here.",https://t.me/blissfulbrides/707
blissfulbrides,2023-03-11T00:00:35+00:00,[],"[""http://www.blissfulbrides.sg/"", ""https://bit.ly/3l7ZgN2""]",706,,"🎉
Use Blissful Pay during the Love Always event and increase your chances of winning back your deposit amount from the $50,000 cash rebate pool!
𝐅𝐨𝐥𝐥𝐨𝐰 𝐭𝐡𝐞𝐬𝐞 𝐬𝐭𝐞𝐩𝐬:
1. Login to
www.blissfulbrides.sg
2. Search for your preferred vendors
3. Make your purchase with Blissful Pay to get double the chances of winning.
Don't miss out on this opportunity to win big with Blissful Brides!
💰
💍
𝑹𝑺𝑽𝑷 𝒕𝒐𝒅𝒂𝒚 𝒂𝒏𝒅 𝒓𝒆𝒄𝒆𝒊𝒗𝒆 𝒂 𝒇𝒓𝒆𝒆 𝒈𝒐𝒐𝒅𝒊𝒆 𝒃𝒂𝒈! -> Click
here
to RSVP.
Angel Lim
NoonTalk Media Artiste
T&Cs apply.",https://t.me/blissfulbrides/706
blissfulbrides,2023-03-09T04:01:29+00:00,[],"[""https://www.blissfulbrides.sg/articles/editor-s-choice-awards/create-the-perfect-wedding-story-with-jen-singapore-tanglin-by-shangri-la""]",705,,"Create The Perfect Wedding Story With JEN Singapore Tanglin By Shangri-La
A stone’s throw from Singapore’s bustling Orchard Road is JEN Singapore Tanglin by Shangri-La, a modern, upscale and versatile location for your wedding story. Whether you’d desire an intimate affair or a grand banquet for your big day, JEN Singapore Tanglin is ready to bring your dream to life.
See more
here.",https://t.me/blissfulbrides/705
blissfulbrides,2023-03-09T00:59:55+00:00,[],"[""https://www.blissfulbrides.sg/event-detail/744/say-i-do-at-voco-orchard-singapore-s-wedding-showcase""]",704,,"Say ""I Do"" at voco Orchard Singapore's Wedding Showcase
Event Details
Organizer: voco Orchard Singapore
Admission: Free
Event Date: 11 March 2023. 10:00 AM – 07:00 PM
Need more reasons to say ""I Do"" to voco? Then you'll want to visit our wedding showcase, which brings together some of our trusted wedding vendors who can offer expert advice on some of the most significant decisions you'll make for your wedding day.
For more information or to RSVP
Here
.",https://t.me/blissfulbrides/704
blissfulbrides,2023-03-08T03:25:02+00:00,[],"[""http://IG:@blissfulbrides.sg/"", ""https://www.instagram.com/p/CpgvdZVy1wg/"", ""https://bit.ly/3yimHpK"", ""https://bit.ly/3yimHpK""]",703,,"Love is in the air!
❤️
Join our giveaway contest and stand a chance to win a luxurious skincare and fragrance set worth $100! Three winners will be selected!
𝐇𝐨𝐰 𝐭𝐨 𝐣𝐨𝐢𝐧
1. Follow
IG:@blissfulbrides.sg
& like this post(
Click here
).
2. Comment what you appreciate about your partner.
3. Tag your partner in the comment.
The contest ends on 𝗔𝗽𝗿𝗶𝗹 𝟳𝘁𝗵, 𝟮𝟯:𝟱𝟵 so spread the love and enter now!
💕
A gentle reminder also that 𝐁𝐎𝐖𝐒 𝐱 𝐓𝐡𝐞 𝐖𝐈𝐏 𝐒𝐡𝐨𝐰 ""𝐋𝐨𝐯𝐞 𝐀𝐥𝐰𝐚𝐲𝐬"" will be happening next month! Find out all your wedding needs, redeem a free goodie bag (*while stocks last), and win attractive prizes from our lucky draw and $50,000 worth of cash rebates!
𝐄𝐯𝐞𝐧𝐭 𝐃𝐞𝐭𝐚𝐢𝐥𝐬:
🗓️
Date: Sat & Sun, 8 & 9 April, 2023
🕛
Time: 11am - 9pm
🏰
Address: Marina Bay Sands Level 1, Hall B & C
🔗
Website:
Click here
𝑹𝑺𝑽𝑷 𝒕𝒐𝒅𝒂𝒚 𝒂𝒏𝒅 𝒓𝒆𝒄𝒆𝒊𝒗𝒆 𝒂 𝒇𝒓𝒆𝒆 𝒈𝒐𝒐𝒅𝒊𝒆 𝒃𝒂𝒈! ->
Click here
.
T&Cs apply.",https://t.me/blissfulbrides/703
blissfulbrides,2023-03-07T09:44:33+00:00,[],"[""https://www.blissfulbrides.sg/articles/editor-s-choice-awards/endless-possibilities-celebrate-the-best-of-the-city-with-voco-orchard""]",702,,"Endless Possibilities: Celebrate the Best of the City with voco
™
Orchard
Nestled in the fringe of Singapore’s iconic Orchard road district, is a luxurious respite from the bustling streets: voco
™
Orchard hotel.
Conveniently located, voco
™
Orchard offers exciting shopping, dining and entertainment options right at your doorstep. The hotel itself boasts four dining options, a two-storey shopping gallery, glittering rooftop pool and of course, stunning and sleek event halls.
Whether you’re planning a dazzling soiree, or an intimate ceremony, voco
™
Orchard supports its guests with versatile themes, layouts, lighting and cuisines. With voco
™
Orchard, you may experience the best of what our cosmopolitan city has to offer.
Read more
here.",https://t.me/blissfulbrides/702
blissfulbrides,2023-03-07T00:59:55+00:00,[],"[""https://www.blissfulbrides.sg/event-detail/742/everlasting-love-wedding-workshop-at-singapore-marriott-tang-plaza-hotel""]",701,,"Everlasting Love Wedding Workshop at Singapore Marriott Tang Plaza Hotel
Event Details
Organizer: Singapore Marriott Tang Plaza Hotel
Admission: Free
Event Date: Sunday, 2 April 2023. 11:00 AM – 05:00 PM
Celebrate your once in a lifetime magical moment and create lasting memories at Singapore Marriott Tang Plaza Hotel!
For more information or to RSVP
Here
.",https://t.me/blissfulbrides/701
blissfulbrides,2023-03-06T04:05:19+00:00,[],"[""https://www.blissfulbrides.sg/articles/wedding/guo-da-li-and-jing-cha-how-are-these-customs-different""]",700,,"Guo Da Li And Jing Cha: How Are These Customs Different?
At present, most couples adopt a modern approach when it comes to the flow of their wedding by merely incorporating some traditions. Some couples do so for the experience, while others are committed to adopting traditional practices unique to their nationality or dialect group. In Singapore, particularly, many couples still choose to practice some Chinese wedding customs, such as Guo Da Li and Jing Cha.
Indeed, Chinese weddings are known for fusing unique customs and traditions. These customs are imbued with meanings and are usually anchored on traditional Chinese values, such as loyalty, filial piety, kindness, love, and more.
If you’re planning to incorporate some Chinese customs into your upcoming wedding, this article might interest you! Read on to learn more about Guo Da Li and Jing Cha, two of the most important Chinese wedding customs.
Read more
here
.",https://t.me/blissfulbrides/700
blissfulbrides,2023-03-04T00:59:58+00:00,[],"[""https://www.blissfulbrides.sg/event-detail/740/Monumental-Love---A-Dusit-Thani-Laguna-Singapore-Wedding-Showcase""]",699,,"Monumental Love - A Dusit Thani Laguna Singapore Wedding Showcase
Event Details
Organizer: Dusit Thani Laguna Singapore
Admission: SGD 38 net per couple (inclusive of dining and door gift)
Event Date: Sunday, 2 April 2023. 10:00 – 17:00 (By appointment only)
Whether planning an intimate ceremony or an elaborate wedding dinner, our collection of luxuriously appointed indoor and outdoor venues amid an idyllic setting will whisk guests off to a destination wedding experience reminiscent of a tropical getaway.
For more information or to RSVP
Here
.",https://t.me/blissfulbrides/699
blissfulbrides,2023-03-03T03:00:07+00:00,[],"[""https://bit.ly/3Yj9FCZ"", ""https://bit.ly/3Yj9FCZ""]",698,,"🤵‍♀️
🤵‍♂️
Join us for Love Always, the ultimate wedding experience. Find everything you need for your dream wedding at our event.
𝐄𝐯𝐞𝐧𝐭 𝐃𝐞𝐭𝐚𝐢𝐥𝐬:
🗓️
Date: Sat & Sun, 8 & 9 April, 2023
🕛
Time: 11am - 9pm
🏰
Address: Marina Bay Sands Level 1, Hall B & C
🔗
Website:
https://bit.ly/3Yj9FCZ
𝐄𝐯𝐞𝐧𝐭 𝐇𝐢𝐠𝐡𝐥𝐢𝐠𝐡𝐭𝐬:
❤️
Free Goodie bags(While Stock Last)
❤️
$50,000 Cash Rebates
❤️
Lucky Draw Prizes
❤️
Fun Activities with Prizes
and many more ...
Explore the latest wedding trends, meet expert vendors, and get exclusive discounts!
𝑹𝑺𝑽𝑷 𝒕𝒐𝒅𝒂𝒚 𝒂𝒏𝒅 𝒓𝒆𝒄𝒆𝒊𝒗𝒆 𝒂 𝒇𝒓𝒆𝒆 𝒈𝒐𝒐𝒅𝒊𝒆 𝒃𝒂𝒈! ->
https://bit.ly/3Yj9FCZ
Artiste: Angel Lim
@linxi_angel
NoonTalk Media
@noontalk_media
@wedding_thewipshow
T&Cs apply.",https://t.me/blissfulbrides/698
blissfulbrides,2023-03-03T00:58:57+00:00,[],"[""https://www.blissfulbrides.sg/event-detail/739/The-Alkaff-Mansion-Wedding-Fair-2023""]",697,,"The Alkaff Mansion Wedding Fair 2023
Event Details
Organizer: The Alkaff Mansion
Admission:  $68 nett per couple
Event Date: 19 Mar, 06:00 PM – 09:00 PM
Perched atop the lush grounds of Telok Blangah Hill, surround yourself with distinctive European-style architecture and say yes to a lifetime of love as you discover your dream wedding at The Alkaff Mansion’s upcoming Wedding Fair on 19 March, Sunday, 6pm.
For more information or to RSVP
Here
.",https://t.me/blissfulbrides/697
blissfulbrides,2023-03-02T06:03:09+00:00,[],"[""https://www.blissfulbrides.sg/articles/editor-s-choice-awards/5-reasons-to-host-your-dream-wedding-at-dusit-thani-laguna-singapore""]",696,,"5 Reasons To Host Your Dream Wedding At Dusit Thani Laguna Singapore
Dusit Thani Laguna Singapore opened its doors to the public in December 2020, during the peak of the dreaded pandemic. Now that the events scene in Singapore has picked up once more, why not host your dream wedding at the luxurious, Dusit Thani Laguna Singapore! Set within the lush greenery of Laguna National Golf Resort Club, Dusit Thani Laguna offers so much more than one can imagine.
See more
here
.",https://t.me/blissfulbrides/696
blissfulbrides,2023-03-02T00:59:56+00:00,[],"[""https://www.blissfulbrides.sg/event-detail/738/House-of-Celebrations-The-St-Regis-Singapore-Wedding-Atelier""]",695,,"House of Celebrations – The St. Regis Singapore Wedding Atelier
Event Details
Organizer: The St. Regis Singapore
Admission: Complimentary and by Appointment only.
Event Date: 19 Mar, 10:30 AM – 06:00 PM
When you're ready to say I do, we are here to make your wedding dreams come true.
Be invited to the city’s most eminent address for exceptional weddings with House of Celebrations – The St. Regis Singapore’s Wedding Atelier on Sunday, 19 March 2023.
For more information or to RSVP
Here
.",https://t.me/blissfulbrides/695
blissfulbrides,2023-03-01T00:58:56+00:00,[],"[""https://www.blissfulbrides.sg/event-detail/736/Sweet-Beginnings-at-Holiday-Inn-Singapore-Orchard-City-Centre""]",694,,"Sweet Beginnings at Holiday Inn
®
Singapore Orchard City Centre
Event Details
Organizer: Holiday Inn Singapore Orchard City Centre
Admission: Free
Event Date: 25 Mar, 11:00 AM – 05:30 PM
When you're ready to say I do, we are here to make your wedding dreams come true.
Here at Holiday Inn
®
Singapore Orchard City Centre, we are always ready with attractive packages to spoil you with choices. Our bespoke bridal themes and wide range of vendor partners will ensure you hold the wedding of your dreams. Conveniently located in the city's heart, Orchard Road, our spacious ballrooms with crystal chandeliers exude grandeur, while our culinary masters will delight your guests with our exquisite wedding menu.
For more information or to RSVP
Here
.",https://t.me/blissfulbrides/694
blissfulbrides,2023-02-28T00:59:56+00:00,[],"[""https://www.blissfulbrides.sg/event-detail/737/Voyage-Of-Love-Wedding-Show-by-M-Hotel-Singapore""]",693,,"Voyage Of Love Wedding Show by M Hotel Singapore
Event Details
Organizer: M Hotel Singapore
Admission: Complimentary
Event Date: 05 Mar, 11:00 AM – 06:00 PM
Begin your Voyage of Love; the magical journey of a lifetime here at M Hotel where we will walk with you every step of the way, leading you down the aisle with a spectacular and bespoke wedding experience.
For more information or to RSVP
Here
.",https://t.me/blissfulbrides/693
blissfulbrides,2023-02-26T01:00:39+00:00,[],"[""https://www.blissfulbrides.sg/event-detail/734/From-Here-To-Forever-A-Fullerton-Wedding-Showcase""]",692,,"From Here To Forever: A Fullerton Wedding Showcase
Event Details
Organizer: The Fullerton Hotel Singapore
Admission: S$38 nett per couple, inclusive of live station gourmet refreshments
Event Date: 26 Mar, 12:00 PM – 05:00 PM
'From Here to Forever: A Fullerton Wedding Showcase', this event will be held within the heritage setting of Singapore’s ‘Mile Zero’. With its historic architecture, The Fullerton Hotel Singapore embodies timeless romance and elegance.
For more information or to RSVP
Here
.",https://t.me/blissfulbrides/692
blissfulbrides,2023-02-25T01:01:00+00:00,[],"[""https://www.blissfulbrides.sg/event-detail/733/Meet-Our-Wedding-Planners-Workshop-by-Carlton-Hotel-Singapore""]",691,,"Meet Our Wedding Planners Workshop by Carlton Hotel Singapore
Event Details
Organizer: Carlton Hotel Singapore
Admission: Free
Event Date: 26 Mar, 11:00 AM – 05:00 PM
Carlton Hotel Singapore presents “ Meet Our Wedding Planners Workshop”, where you will have a one-on one consultation with our team of wedding planners. Experience a preview of our new wedding themes onsite and celebrate your joyous union of love in our ballrooms with menus from our award winning Wah Lok Cantonese Restaurant for your kind selection.
For more information or to RSVP
Here
.",https://t.me/blissfulbrides/691
blissfulbrides,2023-02-24T01:00:00+00:00,[],"[""https://www.blissfulbrides.sg/event-detail/732/Centennial-Bliss-Wedding-Showcase-at-Conrad-Centennial-Singapore""]",690,,"Centennial Bliss Wedding Showcase at Conrad Centennial Singapore
Event Details
Organizer: Conrad Centennial Singapore
Admission: Free
Event Date: 10 Mar, 6:00 PM – 10:00 PM
Say yes to eternal wedding bliss and let your love story unfold in style at Conrad Centennial Singapore. Whether it is an intimate solemnisation ceremony or an enchanting soireé in our grand ballroom, allow our team of experienced planners help you discover your bespoke wedding vision.
For more information or to RSVP
Here
.",https://t.me/blissfulbrides/690
blissfulbrides,2023-02-23T01:02:00+00:00,[],"[""https://www.blissfulbrides.sg/event-detail/731/To-Love-To-Hold-To-Cherish-Wedding-Workshop-By-Grand-Copthorne-Waterfront-Hotel""]",689,,"To Love. To Hold. To Cherish Wedding Workshop by Grand Copthorne Waterfront Hotel
Event Details
Organizer: Grand Copthorne Waterfront Hotel
Admission: Free
Event Date: 05 Mar, 12:00 PM – 8:00 PM
For more information or to RSVP
Here
.",https://t.me/blissfulbrides/689
blissfulbrides,2023-02-22T01:01:22+00:00,[],"[""https://www.blissfulbrides.sg/event-detail/730/So-March-In-Love-Wedding-Show-At-PARKROYAL-On-Kitchener-Road""]",688,,"So March In Love Wedding Show At PARKROYAL On Kitchener Road
Event Details
Organizer: PARKROYAL on Kitchener Road
Admission: Free
Event Date: 05 Mar, 11:00 AM – 6:00 PM
Whether you're newly-engaged or already making plans for your big day, So March In Love at PARKROYAL on Kitchener Road is one wedding workshop you will not want to miss! Discover an inspirational preview of our many wedding themes, set amidst spacious ballrooms and event spaces with a dedicated foyer for your reception.
For more information or to RSVP
Here
.",https://t.me/blissfulbrides/688
blissfulbrides,2023-02-16T01:00:33+00:00,[],"[""https://www.blissfulbrides.sg/event-detail/729/The-Wedding-Escapade""]",687,,"The Wedding Escapade
Event Details
Organizer: Oasia Resort Sentosa
Admission: Free
Event Date: 12 Mar, 12:00 PM – 6:00 PM
Sentosa, an island of limitless possibilities, is a place where you can create a dream wedding that's as unique as you are. Our cluster of hotels offers everything from colonial charm to upscale contemporary. Whether you prefer a lavish wedding or an intimate solemnisation, our Wedding Specialist will go the extra mile to ensure your special day is truly a memorable one.
For more information or to RSVP
Here
.",https://t.me/blissfulbrides/687
blissfulbrides,2023-02-15T01:01:11+00:00,[],"[""https://www.blissfulbrides.sg/event-detail/728/An-Idyllic-Enchantment-Showcase-by-JW-Marriott-Singapore""]",686,,"An Idyllic Enchantment Showcase by JW Marriott Singapore
Event Details
Organizer: JW Marriott Singapore
Admission: Free
Event Date: 5 Mar 2023
JW Marriott Singapore South Beach presents the first wedding showcase of the year with the signature Stellar Showcase, in Idyllic Enchantment. The iconic Grand Ballroom introduces two inspired wedding concepts under the Forest of Lights, alongside seasoned bridal artisans.
For more information or to RSVP
Here
.",https://t.me/blissfulbrides/686
blissfulbrides,2023-02-08T05:23:36+00:00,[],"[""https://www.blissfulbrides.sg/articles/trending/4-steps-to-a-picture-perfect-smile-for-your-wedding-photos""]",685,,"4 Steps To A Picture-Perfect Smile For Your Wedding Photos
Everyone wishes to have professional and beautiful shots of their wedding day. However, because a wedding can be nerve-wracking, some might find it challenging to pose for pictures with a stunning smile. If you think you’re one of these people, this article might be of help to you! Here are some simple yet effective tips on how to have a picture-perfect smile for your wedding day photos.
Read more
here
.",https://t.me/blissfulbrides/685
blissfulbrides,2023-02-08T00:59:59+00:00,[],"[""https://www.blissfulbrides.sg/event-detail/727/Westin-Wedding-Showcase""]",684,,"Westin Wedding Showcase
Event Details
Organizer: The Westin Singapore
Admission: Free | Last appointment at 5pm
Event Date: 4 & 5 Mar, 11:00 PM – 6:00 PM.
At Westin, we know what it takes to realize your dream wedding. From vibrant and picture-perfect venues to delicious cuisine and thoughtful touches, we ensure that every detail of your event comes to life flawlessly, allowing you to delight in every moment of your celebration.
For more information or to RSVP
Here
.",https://t.me/blissfulbrides/684
blissfulbrides,2023-02-07T01:43:12+00:00,[],"[""https://www.blissfulbrides.sg/event-detail/725/A-Journey-of-Love-Everlasting-Wedding-Showcase""]",682,,"Simply Yours Celebrations By PARKROYAL on Beach Road
Event Details
Organizer: PARKROYAL on Beach Road
Admission: Free
Event Date: 12 Feb, 12:00 PM – 7:00 PM.
Celebrate infinity and beyond with your significant other in the midst of beautiful blooms in our pillar-less ballrooms at PARKROYAL on Beach Road, featuring exuberant chandeliers, floor-to-ceiling glass panels with natural daylight, specially curated menus, and more. Join us on 12 February 2023 for a beautiful wedding showcase held at the Sky Ballroom together with a team of top wedding artisans who will make your wedding dreams come alive.
For more information or to RSVP
Here
.",https://t.me/blissfulbrides/682
blissfulbrides,2023-02-02T04:19:39+00:00,[],"[""https://www.blissfulbrides.sg/articles/wedding/3-best-tips-to-keep-your-wedding-dress-free-from-wrinkles""]",681,,"3 Best Tips To Keep Your Wedding Dress Free From Wrinkles
Most soon-to-be brides have dreamt about their wedding day their entire life. As such, when the big day finally arrives, they’ll want to look their absolute best. This includes being in the most stunning wedding dress they can find. However, mishaps sometimes occur, and wedding dresses can become wrinkled or creased for some reason.
A wrinkled wedding dress can totally affect the bride’s mood and ruin the idea of a perfect wedding that she has always dreamt of. Fortunately, there are several effective ways to prevent this nightmare from happening. If your wedding is about to happen soon, and you want your wedding dress to be as perfect as possible, this article is especially for you! Here are the best tips to keep your wedding dress wrinkle-free on your very special day.
Read more
here.",https://t.me/blissfulbrides/681
blissfulbrides,2023-01-24T01:01:28+00:00,[],"[""https://www.blissfulbrides.sg/event-detail/723/enchanting-sanctuary-wedding-showcase""]",679,,"Enchanting Sanctuary Wedding Showcase
Event Details
Organizer: Amara Sanctuary Resort Sentosa
Admission: Free
Event Date: 26 Feb, 1:00 PM – 6:00 PM.
Take the plunge to discover the most befitting wedding plans, and create unforgettable memories for your lifetime event. Enjoy exclusive privileges when you confirm your wedding with us during this wedding showcase. Enjoy savings up to $13,888* and other attractive perks including unlimited house wine and beer, additional night stay and more!
For more information or to RSVP
Here
.",https://t.me/blissfulbrides/679
blissfulbrides,2023-01-23T00:01:06+00:00,[],"[""https://www.blissfulbrides.sg/articles/trending/5-wedding-ceremony-moments-that-must-be-captured-in-photos""]",678,,"5 Wedding Ceremony Moments That Must Be Captured In Photos
Photos are something that shouldn’t be overlooked at a wedding. As such, professional wedding photographers are essential to wedding ceremonies as they are responsible for capturing every memorable moment of the day. Hence, it’s no surprise that wedding photography packages in Singapore are in high demand.
By hiring a professional wedding photographer, you can immortalise the sweetest, loveliest, funniest, and most authentic moments of one of the most notable events of your life. Although all your wedding photos create a fantastic collection, some moments need more emphasis.
If you’re curious about what they are, here are 5 moments during your wedding ceremony that should be photographed.
See more
here.",https://t.me/blissfulbrides/678
blissfulbrides,2023-01-21T01:00:34+00:00,[],"[""https://www.blissfulbrides.sg/event-detail/722/A-Promise-of-Perfection-Wedding-Showcase-By-Sheraton-Towers-Singapore""]",677,,"A Promise of Perfection – Wedding Showcase By Sheraton Towers Singapore
Event Details
Organizer: Sheraton Towers Singapore
Admission: Complimentary (By Appointment Only)
Event Date: 12 Feb, 11:00 AM – 5:00 PM.
Set the perfect scene for a grand entrance with soaring ceilings and chandeliers glittering overhead in our opulent ballroom. From experienced event planners to food artisans of renowned Li Bai Cantonese Restaurant who will curate a gastronomic meal for you and your esteemed guests, our dedicated team is committed to ensuring your special day is nothing short of perfection.
Limited slots available and appointment is strictly via first-come-first-served basis, following which a confirmation email will be sent to inform of your secured slot.
For more information or to RSVP
Here
.",https://t.me/blissfulbrides/677
blissfulbrides,2023-01-16T02:08:18+00:00,[],"[""https://www.blissfulbrides.sg/articles/wedding/what-you-must-do-when-it-suddenly-rains-on-your-wedding-day""]",676,,"What You Must Do When It Suddenly Rains On Your Wedding Day
Outdoor weddings have grown in popularity over the years. There are many different reasons for an outdoor wedding, which is why more and more people seek it. For one, it gives couples greater freedom to roam and be creative, as well as natural light that is ideal for photography. As a matter of fact, many couples tend to request outdoor venues when selecting and hiring wedding photography packages in Singapore.
However, while having an outdoor wedding may have multiple benefits, it also has some disadvantages. One of them is dealing with bad weather. Weather can be unpredictable, no matter how well you believe you are prepared. With that said, you shouldn’t let the bad weather ruin your special day. Here are some of the best things you can do when it unexpectedly rains on your wedding day.
Read more
here.",https://t.me/blissfulbrides/676
blissfulbrides,2023-01-11T03:54:40+00:00,[],"[""https://www.blissfulbrides.sg/articles/trending/leave-your-worries-at-the-door-with-andie-ng-wedding-emcee""]",675,,"Leave Your Worries At The Door With Andie Ng, Wedding Emcee
What does the perfect wedding emcee do?
A wedding emcee is the host of the festivities—their job is to keep everything running smoothly, keep your guests and loved ones entertained and ensure you and your partner are the stars of the show!
With that being said, one need not look further for the perfect emcee than Andie Ng: wedding emcee and host maestro!
Learn more about her
here.",https://t.me/blissfulbrides/675
blissfulbrides,2023-01-11T00:59:59+00:00,[],"[""https://www.blissfulbrides.sg/event-detail/721/1-Arden-Wedding-Showcase-2023""]",674,,"1-Arden Wedding Showcase 2023
Event Details
Organizer: 1-Arden
Admission: $68 nett per couple
Event Date: 12 Feb, Sun.
Say ‘I Do’ against gorgeous views of the city skyline as you realise your dream wedding vision coming alive in extraordinary style at 1-Arden’s Wedding Fair on Sunday, 12 February 2023, 6pm.
For more information or to RSVP
Here
.",https://t.me/blissfulbrides/674
blissfulbrides,2023-01-08T00:58:52+00:00,[],"[""https://www.blissfulbrides.sg/event-detail/716/Fill-Your-Special-Day-With-Unforgettable-Moments-At-Resorts-World-Sentosa""]",673,,"Fill Your Special Day With Unforgettable Moments At Resorts World Sentosa
Event Details
Organizer: Resorts World Sentosa
Admission: Free
Event Date: Till 28 February 2023
Fill your special day with unforgettable moments at Resorts World Sentosa with grand ballrooms that boast majestic high ceilings or bask in the beauty of idyllic tropical greenery and nature’s glory at Equarius Hotel.
Confirm your wedding celebration with us between 13 January to 28 February 2023 to enjoy a complimentary Universal Studios Singapore or S.E.A. Aquarium Wedding Photography Package.
For more information or to RSVP
Here
.",https://t.me/blissfulbrides/673
blissfulbrides,2023-01-07T01:01:31+00:00,[],"[""https://bit.ly/3jQbubX""]",672,,"Happening Today!
Join us today at BOWS Jan 2023 ""Blissful Romance"" for a day filled with valuable seminars and more!
💎
Seminars happening today:
🔹
""A Blissful Marriage Takes More Than Love"" by Reach Community Service, 2pm to 3pm
🔹
""Buying your first home"" (Property wealth planning) by Mr Jimmy Beh, Director of First Home Advisor, 4.30pm to 5.30pm
🔹
Enjoy a live performance by wedding musician AGOPSG at 6pm! Don't forget to check out the last slide for directions to our venue!
If you have made any purchases, don't forget to participate in our lucky draw & cash rebates, worth up to $15,000 lucky draw prizes & $50,000 cash rebates!
💰
No minimum purchases.
See you in BOWS!
For more information, visit:
https://bit.ly/3jQbubX",https://t.me/blissfulbrides/672
blissfulbrides,2023-01-07T00:59:52+00:00,[],"[""https://www.blissfulbrides.sg/event-detail/718/Chinese-New-Year-Sale""]",671,,"Chinese New Year Sale
Event Details
Organizer: eClarity
Admission: Free
Event Date: Till 5 Feb 2023
For more information or to RSVP
Here
.",https://t.me/blissfulbrides/671
blissfulbrides,2023-01-06T10:39:23+00:00,[],"[""https://bit.ly/3VSJbqy""]",670,,"1 More Day to BOWS Jan 2023 “Blissful Romance”
Ready to tie the knot?
💍
Don't forget to swing by BOWS Jan 2023 ""Blissful Romance"" tomorrow – the perfect place to plan your ""happily ever after"" moment!
With up to $15,000 in lucky draw prizes and $50,000 in cash rebates up for grabs, you'll be saying ""I do"" to some major savings. Plus, RSVP now and redeem your free goodie bag worth $150 at the event. While stocks last!
See you there, lovebirds!
👩‍❤️‍👨
👩‍❤️‍👨
*𝑹𝑺𝑽𝑷 𝑵𝒐𝒘!
- For FB users:
https://bit.ly/3VSJbqy
- For IG users: Link in bio
**T&Cs apply.",https://t.me/blissfulbrides/670
blissfulbrides,2023-01-06T00:59:52+00:00,[],"[""https://www.blissfulbrides.sg/event-detail/717/Special-Perks-By-Village-Hotel-Katong-and-Village-Hotel-Changi""]",669,,"Special Perks By Village Hotel Katong and Village Hotel Changi
Event Details
Organizer: Village Hotel Katong & Village Hotel Changi
Admission: Free
Event Date: Till 30 January 2023
Seal your love at the culturally-rich Peranakan-inspired Village Hotel Katong or idyllic Village Hotel Changi. With both indoor and outdoor venues available, you can choose to have a cosy intimate or laidback casual wedding ambience, or even better – both!
Double your happiness by being the first 10 couples to seal a wedding banquet with us (by 30 January 2023). You will get your chance in our Instant Lucky Dips.
For more information or to RSVP
Here
.",https://t.me/blissfulbrides/669
blissfulbrides,2023-01-05T01:01:00+00:00,[],"[""https://www.blissfulbrides.sg/event-detail/715/Online-Wedding-Promotion-By-JW-Marriott-Singapore-South-Beach""]",668,,"Online Wedding Promotion By JW Marriott Singapore South Beach
Event Details
Organizer: JW Marriott Singapore South Beach
Admission: Free
Event Date: Till 31 January 2023
For more information or to RSVP
Here
.",https://t.me/blissfulbrides/668
blissfulbrides,2023-01-04T03:02:22+00:00,[],[],667,,"Dear couples,
This is an urgent announcement that due to technical issues with the current venue, 𝗕𝗢𝗪𝗦 𝟮𝟬𝟮𝟯 𝘄𝗶𝗹𝗹 𝗯𝗲 𝐫𝐞𝐥𝐨𝐜𝐚𝐭𝐞𝐝 𝐭𝐨 𝐌𝐚𝐫𝐢𝐧𝐚 𝐁𝐚𝐲 𝐒𝐚𝐧𝐝𝐬 𝐒𝐢𝐧𝐠𝐚𝐩𝐨𝐫𝐞, 𝐋𝐞𝐯𝐞𝐥 𝟒, 𝐑𝐨𝐬𝐞𝐥𝐥𝐞 𝐒𝐢𝐦𝐩𝐨𝐫 𝐁𝐚𝐥𝐥𝐫𝐨𝐨𝐦.
Event date: 7th - 8th Jan 2023
Event time: 12pm - 9pm
We sincerely apologize for the late notification and hope that we did not cause too much disruption or inconvenience. 𝗣𝗹𝗲𝗮𝘀𝗲 𝗿𝗲𝗳𝗲𝗿 𝘁𝗼 𝘁𝗵𝗲 𝟮𝗻𝗱 𝘀𝗹𝗶𝗱𝗲 𝗮𝗯𝗼𝘃𝗲 𝗳𝗼𝗿 𝘀𝗼𝗺𝗲 𝗙𝗔𝗤𝘀. Do DM us directly if you have any further questions.
Once again, thank you for your kind understanding!",https://t.me/blissfulbrides/667
blissfulbrides,2023-01-04T00:59:52+00:00,[],"[""https://www.blissfulbrides.sg/event-detail/719/A-New-Beginning-By-JEN-Singapore-Tanglin-By-Shangri-La""]",666,,"A New Beginning By JEN Singapore Tanglin By Shangri-La
Event Details
Organizer: JEN Singapore Tanglin by Shangri-La
Admission: Free
Event Date: Till 8 January 2023
For more information or to RSVP
Here
.",https://t.me/blissfulbrides/666
blissfulbrides,2023-01-01T04:01:57+00:00,[],"[""https://bit.ly/3jxkvq9""]",665,,"Located at Gardens by the Bay, the Blissful Outdoor Wedding Show (BOWS) is set against an oasis of diverse gardens, pristine groves and surreal architecture with a stunning view of the Marina Bay district.
🏠
: Gardens by the Bay, West Lawn (Next to Bayfront Plaza).
🕗
: 12pm - 9pm | 7th & 8th January 2023
𝗛𝗲𝗿𝗲 𝗶𝘀 𝗵𝗼𝘄 𝘆𝗼𝘂 𝗰𝗮𝗻 𝗴𝗲𝘁 𝘁𝗼 𝘁𝗵𝗲 𝗲𝘃𝗲𝗻𝘁 𝘀𝗽𝗮𝗰𝗲 —
By MRT: Bayfront MRT via Exit B/ Gardens by the Bay MRT Exit 1
By Bus: Alight at Tanjong Pagar MRT and take bus 400 from bus stop no. 03223
By Car: Bayfront Plaza Carpark or Main entrance/ The Meadow/ Satay by the Bay carpark
We look forward to welcoming all couples to the event! Don’t forget to 𝗥𝗦𝗩𝗣 with us to receive a *free goodie bag for each couple!
💑🏻
-> Click
here
to RSVP.
*While stocks last.
T&Cs apply.",https://t.me/blissfulbrides/665
blissfulbrides,2022-12-31T04:00:13+00:00,[],"[""https://bit.ly/3i4AzPZ""]",664,,"1 Week Away to BOWS ""Blissful Romance""
Exactly one more week till the highly anticipated Blissful Outdoor Wedding Show (BOWS) 2022 “Blissful Romance”!
💃
We have planned out plenty of useful seminars, and have a huge variety of wedding booths set up just for you guys!
P.s. come join us on both days to enjoy a live band performance from 6pm by AGOPSG! You are in for a treat!
🎵
🎤
𝗛𝗲𝗿𝗲 𝗮𝗿𝗲 𝘁𝗵𝗲 𝗲𝘃𝗲𝗻𝘁 𝗱𝗲𝘁𝗮𝗶𝗹𝘀:
🏠
: Gardens by the Bay, West Lawn (Next to Bayfront Plaza).
🕗
: 12pm - 9pm | 7th & 8th January 2023
👩‍❤️‍👨
*𝑹𝑺𝑽𝑷 𝑵𝒐𝒘 𝒕𝒐 𝒓𝒆𝒄𝒆𝒊𝒗𝒆 𝒂 𝒇𝒓𝒆𝒆 𝒈𝒐𝒐𝒅𝒊𝒆 𝒃𝒂𝒈 𝐰𝐨𝐫𝐭𝐡 $𝟏𝟓𝟎! - Click
here
to RSVP.
*While stocks last.
T&Cs apply.",https://t.me/blissfulbrides/664
blissfulbrides,2022-12-31T01:00:46+00:00,[],"[""https://bit.ly/3WxcTmo""]",663,,"Enjoy seminar talks & live music performance in BOWS ""Blissful Romance""
Planning for your wedding and have lots of questions at the back of your mind?
We got you covered! More than just shopping for all your wedding needs, we have specially invited REACH Counselling Service & Mr Jimmy Beh from First Home Advisors to each host a seminar talk in our show! Do come down and show your support!
As a bonus, enjoy a live band performance from 6pm by AGOPSG! You are in for a treat!
🎵
🎤
👩‍❤️‍👨
*𝑹𝑺𝑽𝑷 𝑵𝒐𝒘 𝒕𝒐 𝒓𝒆𝒄𝒆𝒊𝒗𝒆 𝒂 𝒇𝒓𝒆𝒆 𝒈𝒐𝒐𝒅𝒊𝒆 𝒃𝒂𝒈 𝐰𝐨𝐫𝐭𝐡 $𝟏𝟓𝟎! -> Click
here
to RSVP.
🏠
: Gardens by the Bay, West Lawn (Next to Bayfront Plaza).
🕗
: 12pm - 9pm | 7th & 8th January 2023
*While stock lasts.
**T&Cs apply.",https://t.me/blissfulbrides/663
blissfulbrides,2022-12-30T03:17:50+00:00,[],"[""https://www.zwedding.com.sg/rsvpbows""]",662,,"Z Wedding & Chris Ling Pre-Wedding Photography Workshop
@BOWS
!
🗓️
7 & 8 Jan 2023
⏰
12pm- 9pm
📍
Gardens by the Bay, BOWS Booth B4
📝
R.S.V. P. link: Click
here
Before you commence your bridal vendor hunt, we strongly encourage you to join Chris' Wedding Workshop in BOWS Booth B4.
WHY? Well, after this visit you will know how the wedding industry sells their packages. Pre-Wedding Photography, Actual Day Photography & Videography, Wedding Gowns and Make-up services… everything. With his decades of knowledge in the wedding industry, Chris will provide a guiding light on how to shop for the right experience. 𝐅𝐎𝐑 𝐅𝐑𝐄𝐄!",https://t.me/blissfulbrides/662
blissfulbrides,2022-12-30T00:59:57+00:00,[],"[""https://www.blissfulbrides.sg/event-detail/714/Revelry-Hall-At-The-Outpost-Hotel-Sentosa""]",661,,"Revelry Hall At The Outpost Hotel Sentosa
Event Details
Organizer: The Outpost Hotel Sentosa
Admission: Free
Event Date: Till 31 December 2022
Enjoy an exclusive discount of $10 per person and a line-up of attractive perks including an additional barrel of beer, an additional bottle of house pour wine per guaranteed 10 persons, additional 120 canapes, and more, when you confirm your wedding between 1 to 31 December 2022.
For more information or to RSVP
Here
.",https://t.me/blissfulbrides/661
blissfulbrides,2022-12-29T23:31:09+00:00,[],"[""https://bit.ly/3Z0e27p""]",660,,"BOWS ""Blissful Romance"" is back yet again with over 50 vendors participating from 4 main categories - Hotels/ Venues/ Restaurants, Essentials, Bridal Boutiques & Photographers/ Videographers.
Each participating vendor is highly reputable in their own fields, and have specially curated a wide array of special deals and promotions just for event attendees!
🤗
Enjoy exclusive promotions & deals with our vendors! Come down to our show and get all your wedding needs sorted out!
👩‍❤️‍👨
*𝑹𝑺𝑽𝑷 𝑵𝒐𝒘 𝒕𝒐 𝒓𝒆𝒄𝒆𝒊𝒗𝒆 𝒂 𝒇𝒓𝒆𝒆 𝒈𝒐𝒐𝒅𝒊𝒆 𝒃𝒂𝒈 𝐰𝐨𝐫𝐭𝐡 $𝟏𝟓𝟎! ->
https://bit.ly/3Z0e27p
🏠
: Gardens by the Bay, West Lawn (Next to Bayfront Plaza).
🕗
: 12pm - 9pm | 7th & 8th January 2023
*While stock lasts.
**T&Cs apply.",https://t.me/blissfulbrides/660
blissfulbrides,2022-12-29T09:29:56+00:00,[],"[""https://www.blissfulbrides.sg/event-detail/712/YEAR-END-HAPPINESS-DEAL-BY-PARKROYAL-ON-BEACH-ROAD""]",659,,"Ending the Year with Love
Event Details
Organizer: PARKROYAL on Beach Road
Admission: Free
Event Date: Till 31 December 2022
Sign with us by 31 December 2022 to enjoy:
- For Weekend Dinners
- Enjoy up to $188++ savings per table
- For Weekday Lunch/Dinner and Weekend Lunch
-
Enjoy $888 nett savings from total banquet bill
-
Free-flow beer and wine for 4 hours for both lunch and dinner
For more information or to RSVP
Here
.",https://t.me/blissfulbrides/659
blissfulbrides,2022-12-29T00:59:57+00:00,[],"[""https://www.blissfulbrides.sg/event-detail/713/Wed-Your-Way-In-Island-Paradise-With-Exclusive-Perks-at-W-Singapore---Sentosa-Cove""]",658,,"Wed Your Way In Island Paradise With Exclusive Perks at W Singapore - Sentosa Cove
Event Details
Organizer: W Singapore
Admission: Free
Event Date: 30 December 2022
Enjoy exclusive perks such as up to 8% off per guest for all wedding celebrations held by 31 August 2023 when you book your wedding with W Singapore - Sentosa Cove by 7pm on 30 December 2022.
For more information or to RSVP
Here
.",https://t.me/blissfulbrides/658
blissfulbrides,2022-12-28T23:30:58+00:00,[],"[""https://bit.ly/3voj3Jm""]",657,,"Yes, you read it right - There will be $50,000 worth of Cash Rebates to be given away in BOWS 2023 ""Blissful Romance""!
🤩
💸
Simply spend with any merchants during the show and stand to win 100% of your deposit paid!
👩‍❤️‍👨
*𝑹𝑺𝑽𝑷 𝑵𝒐𝒘 𝒕𝒐 𝒓𝒆𝒄𝒆𝒊𝒗𝒆 𝒂 𝒇𝒓𝒆𝒆 𝒈𝒐𝒐𝒅𝒊𝒆 𝒃𝒂𝒈 𝐰𝐨𝐫𝐭𝐡 $𝟏𝟓𝟎! ->
https://bit.ly/3voj3Jm
🏠
: Gardens by the Bay, West Lawn (Next to Bayfront Plaza).
🕗
: 12pm - 9pm | 7th & 8th January 2023
*While stock lasts.
**T&Cs apply.",https://t.me/blissfulbrides/657
blissfulbrides,2022-12-28T10:47:26+00:00,[],"[""https://bit.ly/3Vv7JpF""]",656,,"Feeling lucky?
☘️
Join us in BOWS 2023 ""Blissful Romance"" & win $15,000 worth of lucky draw prizes!
💎
🎁
What's even better - there is no min purchase amount to participate in this lucky draw!
If you are planning for your wedding, this is also your opportunity to meet up with a wide variety of vendors & enjoy exclusive deals with them!
🏠
: Gardens by the Bay, West Lawn (Next to Bayfront Plaza).
🕗
: 12pm - 9pm | 7th & 8th January 2023
*RSVP and receive a free goodie bag worth $150.
👩‍❤️‍👨
𝑹𝑺𝑽𝑷 𝑵𝒐𝒘! ->
https://bit.ly/3Vv7JpF
*While stock lasts.
**T&Cs apply.",https://t.me/blissfulbrides/656
blissfulbrides,2022-12-27T06:01:58+00:00,[],"[""?q=%23FEELOVED"", ""https://www.blissfulbrides.sg/articles/jewellery/love-co-shares-joshua-and-zoen-s-love-story-through-their-brand-campaign-as-they-tie-the-knot-in-dec-2022""]",655,,"Love & Co. Shares Joshua And Zoen's Love Story Through Their Brand Campaign As They Tie The Knot In Dec 2022.
A love that stands the test of time, age and distance, the love story of Joshua and Zoen was shared at the interview video for Love & Co.’s
#FEELOVED
brand campaign.
Love & Co. appointed Joshua Tan (Fly entertainment), and his fiancée, Tay Zoen as new brand ambassadors while celebrating their love story through a film campaign. The brand continues to spread love through its extensive range of jewellery - engagement rings, wedding bands and diamond jewellery.
Read more
here.",https://t.me/blissfulbrides/655
blissfulbrides,2022-12-24T00:01:48+00:00,[],"[""https://www.blissfulbrides.sg/articles/wedding/escape-to-luxury-with-hotel-fort-canning""]",654,,"Escape to Luxury with Hotel Fort Canning
Hidden away within the lush 18 hectares of Fort Canning Park is the luxurious conservation hotel, Hotel Fort Canning. Once a British military administration building, it has now been transformed into a gem—the perfect location for any couple.
Whether you and your partner are looking for a private function or something a little more festive, there’s an abundance of options for you!
Hotel Fort Canning offers its guests six exquisite wedding banquet venues, including The Grand Marquee, Singapore’s largest air-conditioned indoor marquee. The hotel also features unique outdoor settings for solemnisations and receptions on their stunning terraces, sun deck and poolside.
See more
here.",https://t.me/blissfulbrides/654
blissfulbrides,2022-12-21T02:51:02+00:00,[],"[""https://www.blissfulbrides.sg/articles/trending/bring-your-dreams-to-life-with-voco-orchard-singapore""]",653,,"Bring Your Dreams to Life with voco
™
Orchard Singapore
Whether you’re planning for an intimate gathering or a grand affair, voco
™
Orchard Singapore provides all the options you’d need to curate your dream day.
With three separate, opulent venues, an array of cuisines, and customisable wedding themes, voco Orchard presents the unique opportunity for couples to find their perfect fit.
See more details
here.",https://t.me/blissfulbrides/653
blissfulbrides,2022-12-20T00:59:57+00:00,[],"[""https://www.blissfulbrides.sg/event-detail/710/Monti-Wedding-Showcase-2023""]",652,,"Monti Wedding Showcase 2023
Event Details
Organizer: Monti
Admission: $68 nett per couple
Event Date: 7 Jan 2023, Sat (6 PM)
Whether you’re planning a rooftop solemnisation at sunset, or a grand wedding dinner party in the heart of the city, save the date and discover how you can make your wedding celebration a memorable one at Monti, Singapore’s most romantic destination in Marina Bay.
For more information or to RSVP
Here
.",https://t.me/blissfulbrides/652
blissfulbrides,2022-12-19T11:58:57+00:00,[],"[""https://www.blissfulbrides.sg/event-detail/711/blissful-romance-blissful-outdoor-wedding-show-bows""]",651,,"Blissful Romance | Blissful Outdoor Wedding Show (BOWS)
Event Details
Organizer: Blissful Outdoor Wedding Show (BOWS)
Admission: Free
Event Date: 7th - 8th January 2023, 12PM - 9PM
For more information or to RSVP
Here
.",https://t.me/blissfulbrides/651
blissfulbrides,2022-12-19T00:59:57+00:00,[],"[""https://www.blissfulbrides.sg/event-detail/708/Meet-Our-Wedding-Planners-Workshop-at-Carlton-Hotel-Singapore-15-January-2023-""]",650,,"Meet Our Wedding Planners Workshop at Carlton Hotel Singapore (15 January 2023)
Event Details
Organizer: Carlton Hotel Singapore
Admission: Complimentary (Registration is required)
Event Date: 15 January 2023, 11 am - 05 PM
Enjoy exclusive privileges when you confirm your wedding with us during this workshop. Wedding perks range from rebates worth up to $500++ off the total bill, free flow of house wine and house beer, additional night stay and more. Our wedding packages start from $1,188++ per table of 10 persons.
Admission only via appointment. Consultation will take place during your scheduled time slot
For more information or to RSVP
Here
.",https://t.me/blissfulbrides/650
blissfulbrides,2022-12-17T00:59:57+00:00,[],"[""https://www.blissfulbrides.sg/event-detail/707/blissful-moments-wedding-workshop-at-singapore-marriott-tang-plaza-hotel""]",649,,"Blissful Moments Wedding Workshop At Singapore Marriott Tang Plaza Hotel
Event Details
Organizer: Singapore Marriott Tang Plaza Hotel
Admission: Free
Event Date: 07 January 2023, 11 AM - 05 PM
Save up to $12,888 and enjoy 1 complimentary table with every 10 paying tables!
Terms & Conditions apply.
RSVP
Here
.",https://t.me/blissfulbrides/649
blissfulbrides,2022-12-16T00:59:58+00:00,[],"[""https://www.blissfulbrides.sg/event-detail/705/an-ethereal-garden-wedding-showcase""]",648,,"An Ethereal Garden Wedding Showcase
Event Details
Organizer: vynella events | Singapore Botanic Gardens
Admission: $18
Event Date: Sunday, 1 January 2023.
Celebrate matrimonial bliss at the iconic The Villa at Singapore Botanic Gardens. Savour gourmet treats, sit front row at bridal runway shows, and enjoy exclusive promotions and lucky draw prizes at their wedding event on Sunday, 1 January 2023.
RSVP
Here
.",https://t.me/blissfulbrides/648
blissfulbrides,2022-12-15T00:59:57+00:00,[],"[""https://www.blissfulbrides.sg/event-detail/706/meet-our-wedding-planners-workshop-at-carlton-hotel-singapore-6-january-2023""]",647,,"Meet Our Wedding Planners Workshop at Carlton Hotel Singapore (6 January 2023)
Event Details
Organizer: Carlton Hotel Singapore
Admission: Complimentary (Registration is required)
Event Date: 06 January 2023, 05 PM - 09 PM
Enjoy exclusive privileges when you confirm your wedding with us during this workshop. Wedding perks range from rebates worth up to $500++ off the total bill, free flow of house wine and house beer, additional night stay and more. Our wedding packages start from $1,188++ per table of 10 persons.
Admission only via appointment. Consultation will take place during your scheduled time slot
For more information or to RSVP
Here
.",https://t.me/blissfulbrides/647
blissfulbrides,2022-12-14T00:59:57+00:00,[],"[""https://www.blissfulbrides.sg/event-detail/704/year-end-sale-50-off-wedding-bands-bespoke-engagement-ring""]",646,,"YEAR END SALE | 50% Off Wedding Bands & Bespoke Engagement Ring
Event Details
Organizer: eClarity
Admission: Free
Event Date: Till 17 December 2022
Enjoy 50% off bespoke engagement and wedding rings only at eClarity’s exclusive events on 10 and 17 December 2022. Select your ideal diamond from their database of over 20,000 certified natural and sustainable lab-grown gemstones, and design your unique rings with their experienced artisans.
RSVP
Here
.",https://t.me/blissfulbrides/646
blissfulbrides,2022-12-13T04:32:01+00:00,[],"[""https://www.blissfulbrides.sg/detail/991/-valanci""]",645,,"Valanci | Wedding Photography & Cinematography
Start your wedding planning with a blast.
Enjoy up to 8 hours actual day photography at $888 (first 20 couples), U.P. $1088.
Promo period from 15 Dec to 31 Dec 2022.  Quick, enquire now!
Click on this
link
to reach out to Valanci.",https://t.me/blissfulbrides/645
blissfulbrides,2022-12-13T01:57:54+00:00,[],"[""https://www.blissfulbrides.sg/event-detail/702/say-i-do""]",643,,"voco Orchard Singapore - Wedding Promotion - Say I do
Event Details
Organizer: voco Orchard Singapore
Admission: Free
Event Date: Till 31 January 2023
RSVP
here
.",https://t.me/blissfulbrides/643
blissfulbrides,2022-12-12T03:34:13+00:00,[],"[""https://deals.blissfulbrides.sg/product/tbg-blissful-weddings-the-blue-ginger/""]",642,,"Enjoy Exclusive Promotions With The Blue Ginger Brought To You By Blissful VIP Membership
TBG Soulmates consists of a creative team of wedding planners specializing in the creation of personalized weddings and are determined to provide your special day with professional-themed styling and venue decor.
We work closely with you to deliver high-quality work in each part of your big day, from creative direction to food. There are a variety of themes for you to sele/Users/sarahalyssa/Desktop/Social Media.pngct according to your preferences, such as Peranakan, Oriental, Rustic, Botanic and many more!
TBG Soulmates strives to create beautiful memories for you that last a lifetime. We believe that every wedding should be tailored to each of its own stories.
Enjoy their exclusive packages at a specially discounted rate by being part of Blissful Brides VIP Membership.
For more promo details, visit
here.",https://t.me/blissfulbrides/642
blissfulbrides,2022-12-07T13:44:02+00:00,[],"[""https://www.blissfulbrides.sg/event-detail/701/z-wedding-and-chris-ling-international-photographer-pre-wedding-bundle-deal-from-1900""]",641,,"Z Wedding and Chris Ling International Photographer Pre-wedding Bundle Deal From $1900!
Be prepared to explore Z Wedding’s extensive gown up-close for purchase & rental. Meanwhile, hearing more about Chris Ling International Photographer’s pre-wedding & actual day services.
This is the event that you will regret if you miss it. Join us and create your customised package based on your needs & budget with our friendly consultants.
You can register for an appointment
here
.",https://t.me/blissfulbrides/641
blissfulbrides,2022-12-07T09:55:04+00:00,[],"[""https://bit.ly/3HpN0Qq""]",640,,"Plan for your wedding at BOWS 2023 ""Blissful Romance""!
Redeem a free goodie bag worth $150 when you RSVP with us in BOWS 2023!*
Happening on 7 & 8 Jan 2023, 12pm - 9pm at The Foothills. Meet with a wide variety of vendors, and enjoy exclusive promotions, including a chance to win $50,000 cash rebates and $15,000 worth of lucky draw prizes.
💎
See you there!
RSVP link:
https://bit.ly/3HpN0Qq
*While stock last.
**T&Cs apply.",https://t.me/blissfulbrides/640
blissfulbrides,2022-12-01T05:56:55+00:00,[],"[""https://www.blissfulbrides.sg/articles/beauty-wellness/look-radiant-on-your-wedding-day-with-robinsons""]",639,,"Look Radiant On Your Wedding Day With Robinsons
Many of us spend a huge amount of time scouring the internet for ideas and inspirations for how we’ll wear our hair and makeup on The Big Day, however, many would argue that the most important part of the make-up routine is good skincare!
No matter whether you’re starting from scratch or already have a routine and just want to take some extra steps to ensure great skin on your wedding day, the earlier you can get your skincare routine in place, the better.
See more at:
https://www.blissfulbrides.sg/articles/beauty-wellness/look-radiant-on-your-wedding-day-with-robinsons",https://t.me/blissfulbrides/639
blissfulbrides,2022-11-24T04:38:02+00:00,[],"[""http://www.valanci.com/promotion""]",638,,"Enjoy Exclusive Photography Promotion Packages from Valanci
A wedding would not be complete without some photographs. After the “I do’s” have been said, your wedding photographs are likely the only souvenir you will have left from your very special day. That is why wedding photographs are especially precious.
📸
💍
✨
👰
𝐅𝐫𝐨𝐦 𝐭𝐡𝐞 𝐥𝐢𝐭𝐭𝐥𝐞 𝐝𝐞𝐭𝐚𝐢𝐥𝐬 𝐭𝐨 𝐭𝐡𝐞 𝐛𝐢𝐠𝐠𝐞𝐫 𝐩𝐢𝐜𝐭𝐮𝐫𝐞, 𝐕𝐚𝐥𝐚𝐧𝐜𝐢 𝐜𝐚𝐩𝐭𝐮𝐫𝐞𝐬 𝐞𝐯𝐞𝐫𝐲 𝐦𝐨𝐦𝐞𝐧𝐭 𝐟𝐨𝐫 𝐭𝐡𝐞 𝐬𝐭𝐨𝐫𝐢𝐞𝐬 𝐲𝐨𝐮'𝐝 𝐭𝐞𝐥𝐥. An endless dance between memories and expressions, let us click these moments' ""pause button"" for you.
🥰
With the long-term positive partnership with Blissful Brides, Valanci is more than happy to extend perpetual offers specially to Blissful Bride's couple. Hit us up to know more!
Visit this
link
for more information on their packages.",https://t.me/blissfulbrides/638
blissfulbrides,2022-11-23T10:21:30+00:00,[],"[""https://www.blissfulbrides.sg/articles/trending/secret-santa-gifts-under-30""]",637,,"Secret Santa Gifts Under $30!
It's the time of the year again
🎅
❄️
🎄
Which means the giving season is officially starting!
🎁
We know gift shopping for anyone can actually be really hard, especially if you do not know what the person actually needs. To make things a little easier, we've created a list for you so you don't need scratch your head for gift ideas.
Check out this article for some Ho Ho Wholesome gift ideas to get for your loved ones!
Enjoy an extra 10% off by keying in the code when you check out: BLISSFUL10.
See more at:
https://www.blissfulbrides.sg/articles/trending/secret-santa-gifts-under-30",https://t.me/blissfulbrides/637
blissfulbrides,2022-11-22T02:56:46+00:00,[],"[""https://www.blissfulbrides.sg/articles/wedding/4-simple-strategies-to-feel-at-ease-for-your-wedding-photos""]",636,,"4 Simple Strategies To Feel At Ease For Your Wedding Photos
Being camera shy is a regular occurrence for many people. Even photographers who spend their days photographing others can become self-conscious in front of the camera. If you are not a model, you are probably not accustomed to spending plenty of time posing in front of the camera with all eyes on you. This is especially concerning if you need to pose for your wedding photos.
However, wedding photos do not have to feel like you are being chased by the paparazzi. If you are feeling a bit nervous thinking about your wedding photos, this article might help you! Here are 4 effective ways to make yourself feel comfortable in front of the camera on your wedding day.
See more at:
https://www.blissfulbrides.sg/articles/wedding/4-simple-strategies-to-feel-at-ease-for-your-wedding-photos",https://t.me/blissfulbrides/636
blissfulbrides,2022-11-15T05:06:56+00:00,[],"[""https://www.blissfulbrides.sg/articles/trending/understanding-the-history-and-significance-of-si-dian-jin""]",635,,"Understanding the History and Significance of Si Dian Jin
There are many forms of weddings all throughout the world. Each of these types comes with unique customs and traditions that are still observed to this day. Chinese weddings are probably one of the most prominent forms of wedding that are rich in traditions and superstitions to follow. A traditional Chinese wedding includes a variety of customs and ceremonies, many of which have been observed for centuries.
Among the most popular Chinese wedding tradition is the gifting of the Si Dian Jin set. The term “Si Dian Jin” basically translates to “Four Touches of Gold.” If you are unfamiliar with this term or this Chinese tradition, you are on the right page! Continue reading to learn more about the history and significance of Si Dian Jin.
See more at:
https://www.blissfulbrides.sg/articles/trending/understanding-the-history-and-significance-of-si-dian-jin",https://t.me/blissfulbrides/635
blissfulbrides,2022-11-02T03:56:22+00:00,[],"[""https://www.blissfulbrides.sg/articles/trending/experience-i-primo-bridal-jewellery-specialist-from-japan-crafted-from-hand-to-heart""]",634,,"Experience I-PRIMO, bridal jewellery specialist from Japan, crafted from Hand to Heart
A wedding ring symbolizes the story between you and the one you love and the everlasting commitment to each other for the rest of your life. Searching for the perfect ring for your partner can be fun & exciting, however, it can also be challenging to find the right ring in the vast array of rings available in today's age.
Introducing I-PRIMO (IG:
@iprimo_sg
), a renowned bridal ring brand from Japan. Bringing you the best of Japanese craftmanship, each ring is carefully moulded meticulously and hand-made from the heart so you can be assured of the highest quality standards.
With over 200 collections and styles, each with their own unique story to the design, you can surely find the perfect ring that symbolizes you and your partner's love story.
See more at
https://www.blissfulbrides.sg/articles/trending/experience-i-primo-bridal-jewellery-specialist-from-japan-crafted-from-hand-to-heart",https://t.me/blissfulbrides/634
blissfulbrides,2022-11-01T07:47:53+00:00,[],"[""https://www.blissfulbrides.sg/event-detail/691/vows-in-paradise-wedding-showcase""]",632,,"𝗩𝗼𝘄𝘀 𝗶𝗻 𝗣𝗮𝗿𝗮𝗱𝗶𝘀𝗲 𝗪𝗲𝗱𝗱𝗶𝗻𝗴 𝗦𝗵𝗼𝘄𝗰𝗮𝘀𝗲
@RasaSentosa
- Step into a paradise and experience the enchanting moments when it’s time to tie the knot. From elegant ballrooms to blissful by-the-sea locales at Singapore’s only beachfront resort,
@RasaSentosa
has everything you need to make your wedding dream a reality. Experience this at their upcoming wedding showcase:
Saturday, 5 November and Sunday, 6 November 2022, from 2pm to 8pm
Confirm your wedding during this event, and enjoy rebates for up to 10 persons, free flow wine/beer or complimentary additional one night stay in the bridal suite. Reserve now:
https://www.blissfulbrides.sg/event-detail/691/vows-in-paradise-wedding-showcase
By appointment only. For more info, please email weddings.sen@shangri-la.com or call (65) 6371 2963",https://t.me/blissfulbrides/632
blissfulbrides,2022-10-31T12:01:07+00:00,[],"[""https://www.blissfulbrides.sg/articles/trending/wedding-inspiration-how-to-add-your-own-personal-touch-to-your-wedding""]",631,,"When we think of wedding planning, we often think of the big decisions we have to make for ourselves and our partners: the dress, the cake, the venue, and more!
However, there are more ways to make your wedding all the more special—it’s all in the details! We highlight a few ways you can incorporate your personal touch to your wedding, to elevate your wedding day and make it a perfect homage to you and your partner’s special bond.
See more at:
https://www.blissfulbrides.sg/articles/trending/wedding-inspiration-how-to-add-your-own-personal-touch-to-your-wedding",https://t.me/blissfulbrides/631
blissfulbrides,2022-10-27T04:01:30+00:00,[],[],630,,"Just
2 more days
till the Blissful Outdoor Wedding Show (BOWS) 2022 “A Love Forever”! Have you signed up with us yet?
Join us over the weekend to explore the extensive range of wedding vendors and their offerings! We have curated useful wedding seminars to help couples navigate through this important milestone.
So hurry up! 𝗥𝗦𝗩𝗣 with us now to receive a *free goodie bag for each couple!
💑🏻
*While stocks last.
T&Cs apply.",https://t.me/blissfulbrides/630
blissfulbrides,2022-10-27T01:59:23+00:00,[],"[""https://bit.ly/3yagfSc""]",629,,"Love is in the air~
❤️
If you are planning for your wedding, this is your chance to meet up with a wide variety of vendors!
💎
Stand to win $60,000 worth of cash rebates (no min purchases) & also $15,000 worth of lucky draw prizes!
💎
We are thrilled to announce that
thetcmfolks (Essentials)
is joining us! Do check them out during the show for exclusive promotions!
Blissful Outdoor Wedding Show (BOWS) ""A Love Forever"" will be happening on the 29 & 30 Oct, 12pm - 10pm!
🏠
: The Foothills, 70 River Valley Road, Singapore 179037. (Near to Fort Canning MRT Station, Exit
😎
*RSVP and receive a free goodie bag.
👩‍❤️‍👨
𝑹𝑺𝑽𝑷 𝑵𝒐𝒘! =>
https://bit.ly/3yagfSc
*While stock lasts.
**T&Cs apply.",https://t.me/blissfulbrides/629
blissfulbrides,2022-10-26T10:02:11+00:00,[],"[""https://bit.ly/3yagfSc""]",628,,"Love is in the air~
❤️
If you are planning for your wedding, this is your chance to meet up with a wide variety of vendors!
💎
Stand to win $60,000 worth of cash rebates (no min purchases) & also $15,000 worth of lucky draw prizes!
💎
We are thrilled to announce that
Wunderfolks (Essentials)
is joining us! Do check them out during the show for exclusive promotions!
Blissful Outdoor Wedding Show (BOWS) ""A Love Forever"" will be happening on the 29 & 30 Oct, 12pm - 10pm!
🏠
: The Foothills, 70 River Valley Road, Singapore 179037. (Near to Fort Canning MRT Station, Exit
😎
*RSVP and receive a free goodie bag.
👩‍❤️‍👨
𝑹𝑺𝑽𝑷 𝑵𝒐𝒘! =>
https://bit.ly/3yagfSc
*While stock lasts.
**T&Cs apply.",https://t.me/blissfulbrides/628
blissfulbrides,2022-10-26T04:28:03+00:00,[],"[""https://bit.ly/3yagfSc""]",627,,"Love is in the air~
❤️
If you are planning for your wedding, this is your chance to meet up with a wide variety of vendors!
💎
Stand to win $60,000 worth of cash rebates (no min purchases) & also $15,000 worth of lucky draw prizes!
💎
We are thrilled to announce that
REACH Counselling (Essentials)
is joining us! Do check them out during the show for exclusive promotions!
Blissful Outdoor Wedding Show (BOWS) ""A Love Forever"" will be happening on the 29 & 30 Oct, 12pm - 10pm!
🏠
: The Foothills, 70 River Valley Road, Singapore 179037. (Near to Fort Canning MRT Station, Exit
😎
*RSVP and receive a free goodie bag.
👩‍❤️‍👨
𝑹𝑺𝑽𝑷 𝑵𝒐𝒘! =>
https://bit.ly/3yagfSc
*While stock lasts.
**T&Cs apply.",https://t.me/blissfulbrides/627
blissfulbrides,2022-10-25T10:01:15+00:00,[],"[""https://bit.ly/3yagfSc""]",626,,"Love is in the air~
❤️
If you are planning for your wedding, this is your chance to meet up with a wide variety of vendors!
💎
Stand to win $60,000 worth of cash rebates (no min purchases) & also $15,000 worth of lucky draw prizes!
💎
We are thrilled to announce that
Yomo (Videographer/ Photographer)
is joining us! Do check them out during the show for exclusive promotions!
Blissful Outdoor Wedding Show (BOWS) ""A Love Forever"" will be happening on the 29 & 30 Oct, 12pm - 10pm!
🏠
: The Foothills, 70 River Valley Road, Singapore 179037. (Near to Fort Canning MRT Station, Exit
😎
*RSVP and receive a free goodie bag.
👩‍❤️‍👨
𝑹𝑺𝑽𝑷 𝑵𝒐𝒘! =>
https://bit.ly/3yagfSc
*While stock lasts.
**T&Cs apply.",https://t.me/blissfulbrides/626
blissfulbrides,2022-10-25T08:11:25+00:00,[],"[""https://bit.ly/3yagfSc""]",625,,"Love is in the air~
❤️
If you are planning for your wedding, this is your chance to meet up with a wide variety of vendors!
💎
Stand to win $60,000 worth of cash rebates (no min purchases) & also $15,000 worth of lucky draw prizes!
💎
We are thrilled to announce that
Wellnest (Essentials)
is joining us! Do check them out during the show for exclusive promotions!
Blissful Outdoor Wedding Show (BOWS) ""A Love Forever"" will be happening on the 29 & 30 Oct, 12pm - 10pm!
🏠
: The Foothills, 70 River Valley Road, Singapore 179037. (Near to Fort Canning MRT Station, Exit
😎
*RSVP and receive a free goodie bag.
👩‍❤️‍👨
𝑹𝑺𝑽𝑷 𝑵𝒐𝒘! =>
https://bit.ly/3yagfSc
*While stock lasts.
**T&Cs apply.",https://t.me/blissfulbrides/625
blissfulbrides,2022-10-24T12:01:46+00:00,[],"[""https://www.blissfulbrides.sg/articles/wedding/what-exactly-does-a-maid-of-honour-do""]",624,,"If you’ve been selected as someone’s maid-of-honour, congratulations! Whether you’re her best friend or sister, you are now the bride’s right-hand-woman.
Naturally, you may have some questions about your role and responsibilities on the wedding day as well as the time leading up to it.
Read on to find out how to nail your new responsibilities!
See more at:
https://www.blissfulbrides.sg/articles/wedding/what-exactly-does-a-maid-of-honour-do",https://t.me/blissfulbrides/624
blissfulbrides,2022-10-24T04:00:36+00:00,[],"[""https://bit.ly/3yagfSc""]",623,,"Love is in the air~
❤️
If you are planning for your wedding, this is your chance to meet up with a wide variety of vendors!
💎
Stand to win $60,000 worth of cash rebates (no min purchases) & also $15,000 worth of lucky draw prizes!
💎
We are thrilled to announce that
Wandefilms (Videographer/ Photographer)
is joining us! Do check them out during the show for exclusive promotions!
Blissful Outdoor Wedding Show (BOWS) ""A Love Forever"" will be happening on the 29 & 30 Oct, 12pm - 10pm!
🏠
: The Foothills, 70 River Valley Road, Singapore 179037. (Near to Fort Canning MRT Station, Exit
😎
*RSVP and receive a free goodie bag.
👩‍❤️‍👨
𝑹𝑺𝑽𝑷 𝑵𝒐𝒘! =>
https://bit.ly/3yagfSc
*While stock lasts.
**T&Cs apply.",https://t.me/blissfulbrides/623
blissfulbrides,2022-10-24T02:32:22+00:00,[],"[""https://bit.ly/3yagfSc""]",622,,"Love is in the air~
❤️
If you are planning for your wedding, this is your chance to meet up with a wide variety of vendors!
💎
Stand to win $60,000 worth of cash rebates (no min purchases) & also $15,000 worth of lucky draw prizes!
💎
We are thrilled to announce that
Voco Orchard Singapore (Venues)
is joining us! Do check them out during the show for exclusive promotions!
Blissful Outdoor Wedding Show (BOWS) ""A Love Forever"" will be happening on the 29 & 30 Oct, 12pm - 10pm!
🏠
: The Foothills, 70 River Valley Road, Singapore 179037. (Near to Fort Canning MRT Station, Exit
😎
*RSVP and receive a free goodie bag.
👩‍❤️‍👨
𝑹𝑺𝑽𝑷 𝑵𝒐𝒘! =>
https://bit.ly/3yagfSc
*While stock lasts.
**T&Cs apply.",https://t.me/blissfulbrides/622
blissfulbrides,2022-10-23T10:00:54+00:00,[],"[""https://bit.ly/3yagfSc""]",621,,"Love is in the air~
❤️
If you are planning for your wedding, this is your chance to meet up with a wide variety of vendors!
💎
Stand to win $60,000 worth of cash rebates (no min purchases) & also $15,000 worth of lucky draw prizes!
💎
We are thrilled to announce that
Village Hotel Changi (Venues)
is joining us! Do check them out during the show for exclusive promotions!
Blissful Outdoor Wedding Show (BOWS) ""A Love Forever"" will be happening on the 29 & 30 Oct, 12pm - 10pm!
🏠
: The Foothills, 70 River Valley Road, Singapore 179037. (Near to Fort Canning MRT Station, Exit
😎
*RSVP and receive a free goodie bag.
👩‍❤️‍👨
𝑹𝑺𝑽𝑷 𝑵𝒐𝒘! =>
https://bit.ly/3yagfSc
*While stock lasts.
**T&Cs apply.",https://t.me/blissfulbrides/621
blissfulbrides,2022-10-23T04:01:53+00:00,[],"[""https://bit.ly/3yagfSc""]",620,,"Love is in the air~
❤️
If you are planning for your wedding, this is your chance to meet up with a wide variety of vendors!
💎
Stand to win $60,000 worth of cash rebates (no min purchases) & also $15,000 worth of lucky draw prizes!
💎
We are thrilled to announce that
The Great Ballroom (Venues)
is joining us! Do check them out during the show for exclusive promotions!
Blissful Outdoor Wedding Show (BOWS) ""A Love Forever"" will be happening on the 29 & 30 Oct, 12pm - 10pm!
🏠
: The Foothills, 70 River Valley Road, Singapore 179037. (Near to Fort Canning MRT Station, Exit
😎
*RSVP and receive a free goodie bag.
👩‍❤️‍👨
𝑹𝑺𝑽𝑷 𝑵𝒐𝒘! =>
https://bit.ly/3yagfSc
*While stock lasts.
**T&Cs apply.",https://t.me/blissfulbrides/620
blissfulbrides,2022-10-23T01:01:08+00:00,[],"[""https://bit.ly/3yagfSc""]",619,,"Love is in the air~
❤️
If you are planning for your wedding, this is your chance to meet up with a wide variety of vendors!
💎
Stand to win $60,000 worth of cash rebates (no min purchases) & also $15,000 worth of lucky draw prizes!
💎
We are thrilled to announce that
JT Studio (Videographer/ Photographer)
is joining us! Do check them out during the show for exclusive promotions!
Blissful Outdoor Wedding Show (BOWS) ""A Love Forever"" will be happening on the 29 & 30 Oct, 12pm - 10pm!
🏠
: The Foothills, 70 River Valley Road, Singapore 179037. (Near to Fort Canning MRT Station, Exit
😎
*RSVP and receive a free goodie bag.
👩‍❤️‍👨
𝑹𝑺𝑽𝑷 𝑵𝒐𝒘! =>
https://bit.ly/3yagfSc
*While stock lasts.
**T&Cs apply.",https://t.me/blissfulbrides/619
blissfulbrides,2022-10-22T10:01:33+00:00,[],"[""https://bit.ly/3yagfSc""]",618,,"Love is in the air~
❤️
If you are planning for your wedding, this is your chance to meet up with a wide variety of vendors!
💎
Stand to win $60,000 worth of cash rebates (no min purchases) & also $15,000 worth of lucky draw prizes!
💎
We are thrilled to announce that
The Flower Tale (Essentials)
is joining us! Do check them out during the show for exclusive promotions!
Blissful Outdoor Wedding Show (BOWS) ""A Love Forever"" will be happening on the 29 & 30 Oct, 12pm - 10pm!
🏠
: The Foothills, 70 River Valley Road, Singapore 179037. (Near to Fort Canning MRT Station, Exit
😎
*RSVP and receive a free goodie bag.
👩‍❤️‍👨
𝑹𝑺𝑽𝑷 𝑵𝒐𝒘! =>
https://bit.ly/3yagfSc
*While stock lasts.
**T&Cs apply.",https://t.me/blissfulbrides/618
blissfulbrides,2022-10-22T04:58:52+00:00,[],"[""https://bit.ly/3CUC5dR""]",617,,"Located at The Foothills, the Blissful Outdoor Wedding Show (BOWS) is set against the lush greenery of Fort Canning Park.
🌳
𝗛𝗲𝗿𝗲 𝗶𝘀 𝗵𝗼𝘄 𝘆𝗼𝘂 𝗰𝗮𝗻 𝗴𝗲𝘁 𝘁𝗼 𝘁𝗵𝗲 𝗲𝘃𝗲𝗻𝘁 𝘀𝗽𝗮𝗰𝗲 —
By MRT: Fort Canning MRT via Exit B
By Bus: 32, 54 & 195
By Car: Public Carpark @ Clemenceau Ave Car Park, just 3 mins walk
We look forward to welcoming all couples for the event! Don’t forget to 𝗥𝗦𝗩𝗣 with us to receive a *free goodie bag for each couple!
💑🏻
=>
https://bit.ly/3CUC5dR
*While stocks last.
T&Cs apply.",https://t.me/blissfulbrides/617
blissfulbrides,2022-10-22T04:01:47+00:00,[],"[""https://bit.ly/3yagfSc""]",616,,"Love is in the air~
❤️
If you are planning for your wedding, this is your chance to meet up with a wide variety of vendors!
💎
Stand to win $60,000 worth of cash rebates (no min purchases) & also $15,000 worth of lucky draw prizes!
💎
We are thrilled to announce that
The Concepter (Essentials)
is joining us! Do check them out during the show for exclusive promotions!
Blissful Outdoor Wedding Show (BOWS) ""A Love Forever"" will be happening on the 29 & 30 Oct, 12pm - 10pm!
🏠
: The Foothills, 70 River Valley Road, Singapore 179037. (Near to Fort Canning MRT Station, Exit
😎
*RSVP and receive a free goodie bag.
👩‍❤️‍👨
𝑹𝑺𝑽𝑷 𝑵𝒐𝒘! =>
https://bit.ly/3yagfSc
*While stock lasts.
**T&Cs apply.",https://t.me/blissfulbrides/616
blissfulbrides,2022-10-22T01:30:40+00:00,[],"[""https://bit.ly/3yagfSc""]",615,,"Love is in the air~
❤️
If you are planning for your wedding, this is your chance to meet up with a wide variety of vendors!
💎
Stand to win $60,000 worth of cash rebates (no min purchases) & also $15,000 worth of lucky draw prizes!
💎
We are thrilled to announce that
The Chinese Wedding Shop (Essentials)
is joining us! Do check them out during the show for exclusive promotions!
Blissful Outdoor Wedding Show (BOWS) ""A Love Forever"" will be happening on the 29 & 30 Oct, 12pm - 10pm!
🏠
: The Foothills, 70 River Valley Road, Singapore 179037. (Near to Fort Canning MRT Station, Exit
😎
*RSVP and receive a free goodie bag.
👩‍❤️‍👨
𝑹𝑺𝑽𝑷 𝑵𝒐𝒘! =>
https://bit.ly/3yagfSc
*While stock lasts.
**T&Cs apply.",https://t.me/blissfulbrides/615
blissfulbrides,2022-10-21T10:01:50+00:00,[],"[""https://bit.ly/3yagfSc""]",614,,"Love is in the air~
❤️
If you are planning for your wedding, this is your chance to meet up with a wide variety of vendors!
💎
Stand to win $60,000 worth of cash rebates (no min purchases) & also $15,000 worth of lucky draw prizes!
💎
We are thrilled to announce that
SG Wedding DJ (Essentials)
is joining us! Do check them out during the show for exclusive promotions!
Blissful Outdoor Wedding Show (BOWS) ""A Love Forever"" will be happening on the 29 & 30 Oct, 12pm - 10pm!
🏠
: The Foothills, 70 River Valley Road, Singapore 179037. (Near to Fort Canning MRT Station, Exit
😎
*RSVP and receive a free goodie bag.
👩‍❤️‍👨
𝑹𝑺𝑽𝑷 𝑵𝒐𝒘! =>
https://bit.ly/3yagfSc
*While stock lasts.
**T&Cs apply.",https://t.me/blissfulbrides/614
blissfulbrides,2022-10-21T04:00:16+00:00,[],"[""https://bit.ly/3yagfSc""]",613,,"Love is in the air~
❤️
If you are planning for your wedding, this is your chance to meet up with a wide variety of vendors!
💎
Stand to win $60,000 worth of cash rebates (no min purchases) & also $15,000 worth of lucky draw prizes!
💎
We are thrilled to announce that
Rio Diamonds (Essentials)
is joining us! Do check them out during the show for exclusive promotions!
Blissful Outdoor Wedding Show (BOWS) ""A Love Forever"" will be happening on the 29 & 30 Oct, 12pm - 10pm!
🏠
: The Foothills, 70 River Valley Road, Singapore 179037. (Near to Fort Canning MRT Station, Exit
😎
*RSVP and receive a free goodie bag.
👩‍❤️‍👨
𝑹𝑺𝑽𝑷 𝑵𝒐𝒘! =>
https://bit.ly/3yagfSc
*While stock lasts.
**T&Cs apply.",https://t.me/blissfulbrides/613
blissfulbrides,2022-10-21T01:09:09+00:00,[],"[""https://bit.ly/3yagfSc""]",612,,"Love is in the air~
❤️
If you are planning for your wedding, this is your chance to meet up with a wide variety of vendors!
💎
Stand to win $60,000 worth of cash rebates (no min purchases) & also $15,000 worth of lucky draw prizes!
💎
We are thrilled to announce that
Queena Wedding (Bridal Boutiques)
is joining us! Do check them out during the show for exclusive promotions!
Blissful Outdoor Wedding Show (BOWS) ""A Love Forever"" will be happening on the 29 & 30 Oct, 12pm - 10pm!
🏠
: The Foothills, 70 River Valley Road, Singapore 179037. (Near to Fort Canning MRT Station, Exit
😎
*RSVP and receive a free goodie bag.
👩‍❤️‍👨
𝑹𝑺𝑽𝑷 𝑵𝒐𝒘! =>
https://bit.ly/3yagfSc
*While stock lasts.
**T&Cs apply.",https://t.me/blissfulbrides/612
blissfulbrides,2022-10-20T10:01:53+00:00,[],"[""https://bit.ly/3yagfSc""]",611,,"Love is in the air~
❤️
If you are planning for your wedding, this is your chance to meet up with a wide variety of vendors!
💎
Stand to win $60,000 worth of cash rebates (no min purchases) & also $15,000 worth of lucky draw prizes!
💎
We are thrilled to announce that
Peach Garden Chinese Restaurant (Venues
) is joining us! Do check them out during the show for exclusive promotions!
Blissful Outdoor Wedding Show (BOWS) ""A Love Forever"" will be happening on the 29 & 30 Oct, 12pm - 10pm!
🏠
: The Foothills, 70 River Valley Road, Singapore 179037. (Near to Fort Canning MRT Station, Exit
😎
*RSVP and receive a free goodie bag.
👩‍❤️‍👨
𝑹𝑺𝑽𝑷 𝑵𝒐𝒘! =>
https://bit.ly/3yagfSc
*While stock lasts.
**T&Cs apply.",https://t.me/blissfulbrides/611
blissfulbrides,2022-10-20T04:00:56+00:00,[],"[""https://bit.ly/3yagfSc""]",610,,"Love is in the air~
❤️
If you are planning for your wedding, this is your chance to meet up with a wide variety of vendors!
💎
Stand to win $60,000 worth of cash rebates (no min purchases) & also $15,000 worth of lucky draw prizes!
💎
We are thrilled to announce that
Kakkow (Essentials)
is joining us! Do check them out during the show for exclusive promotions!
Blissful Outdoor Wedding Show (BOWS) ""A Love Forever"" will be happening on the 29 & 30 Oct, 12pm - 10pm!
🏠
: The Foothills, 70 River Valley Road, Singapore 179037. (Near to Fort Canning MRT Station, Exit
😎
*RSVP and receive a free goodie bag.
👩‍❤️‍👨
𝑹𝑺𝑽𝑷 𝑵𝒐𝒘! =>
https://bit.ly/3yagfSc
*While stock lasts.
**T&Cs apply.",https://t.me/blissfulbrides/610
blissfulbrides,2022-10-20T01:01:57+00:00,[],"[""https://bit.ly/3yagfSc""]",609,,"Love is in the air~
❤️
If you are planning for your wedding, this is your chance to meet up with a wide variety of vendors!
💎
Stand to win $60,000 worth of cash rebates (no min purchases) & also $15,000 worth of lucky draw prizes!
💎
We are thrilled to announce that
Holiday Inn Singapore Orchard City Centre (Venues)
is joining us! Do check them out during the show for exclusive promotions!
Blissful Outdoor Wedding Show (BOWS) ""A Love Forever"" will be happening on the 29 & 30 Oct, 12pm - 10pm!
🏠
: The Foothills, 70 River Valley Road, Singapore 179037. (Near to Fort Canning MRT Station, Exit
😎
*RSVP and receive a free goodie bag.
👩‍❤️‍👨
𝑹𝑺𝑽𝑷 𝑵𝒐𝒘! =>
https://bit.ly/3yagfSc
*While stock lasts.
**T&Cs apply.",https://t.me/blissfulbrides/609
blissfulbrides,2022-10-19T10:00:00+00:00,[],"[""https://bit.ly/3yagfSc""]",608,,"Love is in the air~
❤️
If you are planning for your wedding, this is your chance to meet up with a wide variety of vendors!
💎
Stand to win $60,000 worth of cash rebates (no min purchases) & also $15,000 worth of lucky draw prizes!
💎
We are thrilled to announce that
Gem Flora (Essentials)
is joining us! Do check them out during the show for exclusive promotions!
Blissful Outdoor Wedding Show (BOWS) ""A Love Forever"" will be happening on the 29 & 30 Oct, 12pm - 10pm!
🏠
: The Foothills, 70 River Valley Road, Singapore 179037. (Near to Fort Canning MRT Station, Exit
😎
*RSVP and receive a free goodie bag.
👩‍❤️‍👨
𝑹𝑺𝑽𝑷 𝑵𝒐𝒘! =>
https://bit.ly/3yagfSc
*While stock lasts.
**T&Cs apply.",https://t.me/blissfulbrides/608
blissfulbrides,2022-10-19T04:00:51+00:00,[],"[""https://bit.ly/3yagfSc""]",607,,"Love is in the air~
❤️
If you are planning for your wedding, this is your chance to meet up with a wide variety of vendors!
💎
Stand to win $60,000 worth of cash rebates (no min purchases) & also $15,000 worth of lucky draw prizes!
💎
We are thrilled to announce that
First Home Advisor (Essentials)
is joining us! Do check them out during the show for exclusive promotions!
Blissful Outdoor Wedding Show (BOWS) ""A Love Forever"" will be happening on the 29 & 30 Oct, 12pm - 10pm!
🏠
: The Foothills, 70 River Valley Road, Singapore 179037. (Near to Fort Canning MRT Station, Exit
😎
*RSVP and receive a free goodie bag.
👩‍❤️‍👨
𝑹𝑺𝑽𝑷 𝑵𝒐𝒘! =>
https://bit.ly/3yagfSc
*While stock lasts.
**T&Cs apply.",https://t.me/blissfulbrides/607
blissfulbrides,2022-10-19T01:40:29+00:00,[],"[""https://bit.ly/3yagfSc""]",606,,"Love is in the air~
❤️
If you are planning for your wedding, this is your chance to meet up with a wide variety of vendors!
💎
Stand to win $60,000 worth of cash rebates (no min purchases) & also $15,000 worth of lucky draw prizes!
💎
We are thrilled to announce that
Emcee Stan The Man (Essentials)
is joining us! Do check them out during the show for exclusive promotions!
Blissful Outdoor Wedding Show (BOWS) ""A Love Forever"" will be happening on the 29 & 30 Oct, 12pm - 10pm!
🏠
: The Foothills, 70 River Valley Road, Singapore 179037. (Near to Fort Canning MRT Station, Exit
😎
*RSVP and receive a free goodie bag.
👩‍❤️‍👨
𝑹𝑺𝑽𝑷 𝑵𝒐𝒘! =>
https://bit.ly/3yagfSc
*While stock lasts.
**T&Cs apply.",https://t.me/blissfulbrides/606
blissfulbrides,2022-10-18T10:01:50+00:00,[],"[""https://bit.ly/3yagfSc""]",605,,"Love is in the air~
❤️
If you are planning for your wedding, this is your chance to meet up with a wide variety of vendors!
💎
Stand to win $60,000 worth of cash rebates (no min purchases) & also $15,000 worth of lucky draw prizes!
💎
We are thrilled to announce that
Emcee Nelson (Essentials)
is joining us! Do check them out during the show for exclusive promotions!
Blissful Outdoor Wedding Show (BOWS) ""A Love Forever"" will be happening on the 29 & 30 Oct, 12pm - 10pm!
🏠
: The Foothills, 70 River Valley Road, Singapore 179037. (Near to Fort Canning MRT Station, Exit
😎
*RSVP and receive a free goodie bag.
👩‍❤️‍👨
𝑹𝑺𝑽𝑷 𝑵𝒐𝒘! =>
https://bit.ly/3yagfSc
*While stock lasts.
**T&Cs apply.",https://t.me/blissfulbrides/605
blissfulbrides,2022-10-18T04:02:03+00:00,[],"[""https://bit.ly/3yagfSc""]",604,,"Love is in the air~
❤️
If you are planning for your wedding, this is your chance to meet up with a wide variety of vendors!
💎
Stand to win $60,000 worth of cash rebates (no min purchases) & also $15,000 worth of lucky draw prizes!
💎
We are thrilled to announce that
Benny's Gems Creations (Essentials)
is joining us! Do check them out during the show for exclusive promotions!
Blissful Outdoor Wedding Show (BOWS) ""A Love Forever"" will be happening on the 29 & 30 Oct, 12pm - 10pm!
🏠
: The Foothills, 70 River Valley Road, Singapore 179037. (Near to Fort Canning MRT Station, Exit
😎
*RSVP and receive a free goodie bag.
👩‍❤️‍👨
𝑹𝑺𝑽𝑷 𝑵𝒐𝒘! =>
https://bit.ly/3yagfSc
*While stock lasts.
**T&Cs apply.",https://t.me/blissfulbrides/604
blissfulbrides,2022-10-18T01:41:14+00:00,[],"[""https://bit.ly/3yagfSc""]",603,,"Love is in the air~
❤️
If you are planning for your wedding, this is your chance to meet up with a wide variety of vendors!
💎
Stand to win $60,000 worth of cash rebates (no min purchases) & also $15,000 worth of lucky draw prizes!
💎
We are thrilled to announce that
Ban Heng Restaurant (Venues)
is joining us! Do check them out during the show for exclusive promotions!
Blissful Outdoor Wedding Show (BOWS) ""A Love Forever"" will be happening on the 29 & 30 Oct, 12pm - 10pm!
🏠
: The Foothills, 70 River Valley Road, Singapore 179037. (Near to Fort Canning MRT Station, Exit
😎
*RSVP and receive a free goodie bag.
👩‍❤️‍👨
𝑹𝑺𝑽𝑷 𝑵𝒐𝒘! =>
https://bit.ly/3yagfSc
*While stock lasts.
**T&Cs apply.",https://t.me/blissfulbrides/603
blissfulbrides,2022-10-17T10:01:42+00:00,[],"[""https://bit.ly/3yagfSc""]",602,,"Love is in the air~
❤️
If you are planning for your wedding, this is your chance to meet up with a wide variety of vendors!
💎
Stand to win $60,000 worth of cash rebates (no min purchases) & also $15,000 worth of lucky draw prizes!
💎
We are thrilled to announce that
60 Shutter (Videographer/ Photographer)
is joining us! Do check them out during the show for exclusive promotions!
Blissful Outdoor Wedding Show (BOWS) ""A Love Forever"" will be happening on the 29 & 30 Oct, 12pm - 10pm!
🏠
: The Foothills, 70 River Valley Road, Singapore 179037. (Near to Fort Canning MRT Station, Exit
😎
*RSVP and receive a free goodie bag.
👩‍❤️‍👨
𝑹𝑺𝑽𝑷 𝑵𝒐𝒘! =>
https://bit.ly/3yagfSc
*While stock lasts.
**T&Cs apply.",https://t.me/blissfulbrides/602
blissfulbrides,2022-10-17T01:55:27+00:00,[],"[""https://www.blissfulbrides.sg/articles/trending/notes-for-attending-another-culture-s-wedding""]",601,,"Living in Singapore, we are sure to make friends from across different races. And, with many friends, comes many weddings!
While it's true that many weddings bear resemblance to each other across ethnic groups—everyone enjoys a beautiful setting with sophisticated decor and delicious food, couples and families may still opt for a wedding oriented more towards their religious or cultural practices, depending on their preference.
We round up a few tips on what you should do before attending a wedding of a different culture from yours, so you can be the perfect guest and friend
See more at:
https://www.blissfulbrides.sg/articles/trending/notes-for-attending-another-culture-s-wedding",https://t.me/blissfulbrides/601
blissfulbrides,2022-10-16T04:01:03+00:00,[],"[""https://bit.ly/3yagfSc""]",600,,"Love is in the air~
❤️
If you are planning for your wedding, this is your chance to meet up with a wide variety of vendors!
💎
Stand to win $60,000 worth of cash rebates (no min purchases) & also $15,000 worth of lucky draw prizes!
💎
We are thrilled to announce that
Alisha & Lace Wedding Collection (Bridal Boutiques)
is joining us! Do check them out during the show for exclusive promotions!
Blissful Outdoor Wedding Show (BOWS) ""A Love Forever"" will be happening on the 29 & 30 Oct, 12pm - 10pm!
🏠
: The Foothills, 70 River Valley Road, Singapore 179037. (Near to Fort Canning MRT Station, Exit
😎
*RSVP and receive a free goodie bag.
👩‍❤️‍👨
𝑹𝑺𝑽𝑷 𝑵𝒐𝒘! =>
https://bit.ly/3yagfSc
*While stock lasts.
**T&Cs apply.",https://t.me/blissfulbrides/600
blissfulbrides,2022-10-16T02:32:23+00:00,[],"[""https://bit.ly/3yagfSc""]",599,,"Love is in the air~
❤️
If you are planning for your wedding, this is your chance to meet up with a wide variety of vendors!
💎
Stand to win $60,000 worth of cash rebates (no min purchases) & also $15,000 worth of lucky draw prizes!
💎
We are thrilled to announce that
6 Diamonds (Videographer/ Photographer)
is joining us! Do check them out during the show for exclusive promotions!
Blissful Outdoor Wedding Show (BOWS) ""A Love Forever"" will be happening on the 29 & 30 Oct, 12pm - 10pm!
🏠
: The Foothills, 70 River Valley Road, Singapore 179037. (Near to Fort Canning MRT Station, Exit
😎
*RSVP and receive a free goodie bag.
👩‍❤️‍👨
𝑹𝑺𝑽𝑷 𝑵𝒐𝒘! =>
https://bit.ly/3yagfSc
*While stock lasts.
**T&Cs apply.",https://t.me/blissfulbrides/599
blissfulbrides,2022-10-15T10:01:36+00:00,[],"[""https://bit.ly/3yagfSc""]",598,,"Love is in the air~
❤️
If you are planning for your wedding, this is your chance to meet up with a wide variety of vendors!
💎
Stand to win $60,000 worth of cash rebates (no min purchases) & also $15,000 worth of lucky draw prizes!
💎
We are thrilled to announce that
Bluebay Wedding (Bridal Boutiques)
is joining us! Do check them out during the show for exclusive promotions!
Blissful Outdoor Wedding Show (BOWS) ""A Love Forever"" will be happening on the 29 & 30 Oct, 12pm - 10pm!
🏠
: The Foothills, 70 River Valley Road, Singapore 179037. (Near to Fort Canning MRT Station, Exit
😎
*RSVP and receive a free goodie bag.
👩‍❤️‍👨
𝑹𝑺𝑽𝑷 𝑵𝒐𝒘! =>
https://bit.ly/3yagfSc
*While stock lasts.
**T&Cs apply.",https://t.me/blissfulbrides/598
blissfulbrides,2022-10-15T04:01:14+00:00,[],"[""https://bit.ly/3yagfSc""]",597,,"Love is in the air~
❤️
If you are planning for your wedding, this is your chance to meet up with a wide variety of vendors!
💎
Stand to win $60,000 worth of cash rebates (no min purchases) & also $15,000 worth of lucky draw prizes!
💎
We are thrilled to announce that
Concorde Hotel Singapore (Venues)
is joining us! Do check them out during the show for exclusive promotions!
Blissful Outdoor Wedding Show (BOWS) ""A Love Forever"" will be happening on the 29 & 30 Oct, 12pm - 10pm!
🏠
: The Foothills, 70 River Valley Road, Singapore 179037. (Near to Fort Canning MRT Station, Exit
😎
*RSVP and receive a free goodie bag.
👩‍❤️‍👨
𝑹𝑺𝑽𝑷 𝑵𝒐𝒘! =>
https://bit.ly/3yagfSc
*While stock lasts.
**T&Cs apply.",https://t.me/blissfulbrides/597
blissfulbrides,2022-10-15T01:02:00+00:00,[],"[""https://bit.ly/3yagfSc""]",596,,"Love is in the air~
❤️
If you are planning for your wedding, this is your chance to meet up with a wide variety of vendors!
💎
Stand to win $60,000 worth of cash rebates (no min purchases) & also $15,000 worth of lucky draw prizes!
💎
We are thrilled to announce that
JEN Singapore Tanglin by Shangri-La (Venues)
is joining us! Do check them out during the show for exclusive promotions!
Blissful Outdoor Wedding Show (BOWS) ""A Love Forever"" will be happening on the 29 & 30 Oct, 12pm - 10pm!
🏠
: The Foothills, 70 River Valley Road, Singapore 179037. (Near to Fort Canning MRT Station, Exit
😎
*RSVP and receive a free goodie bag.
👩‍❤️‍👨
𝑹𝑺𝑽𝑷 𝑵𝒐𝒘! =>
https://bit.ly/3yagfSc
*While stock lasts.
**T&Cs apply.",https://t.me/blissfulbrides/596
blissfulbrides,2022-10-14T10:00:42+00:00,[],"[""https://bit.ly/3yagfSc""]",595,,"Love is in the air~
❤️
If you are planning for your wedding, this is your chance to meet up with a wide variety of vendors!
💎
Stand to win $60,000 worth of cash rebates (no min purchases) & also $15,000 worth of lucky draw prizes!
💎
We are thrilled to announce that
Fairmont Singapore (Venues)
is joining us! Do check them out during the show for exclusive promotions!
Blissful Outdoor Wedding Show (BOWS) ""A Love Forever"" will be happening on the 29 & 30 Oct, 12pm - 10pm!
🏠
: The Foothills, 70 River Valley Road, Singapore 179037. (Near to Fort Canning MRT Station, Exit
😎
*RSVP and receive a free goodie bag.
👩‍❤️‍👨
𝑹𝑺𝑽𝑷 𝑵𝒐𝒘! =>
https://bit.ly/3yagfSc
*While stock lasts.
**T&Cs apply.",https://t.me/blissfulbrides/595
blissfulbrides,2022-10-14T04:02:04+00:00,[],"[""https://bit.ly/3yagfSc""]",594,,"Love is in the air~
❤️
If you are planning for your wedding, this is your chance to meet up with a wide variety of vendors!
💎
Stand to win $60,000 worth of cash rebates (no min purchases) & also $15,000 worth of lucky draw prizes!
💎
We are thrilled to announce that
France Paris Bridal (Bridal Boutiques)
is joining us! Do check them out during the show for exclusive promotions!
Blissful Outdoor Wedding Show (BOWS) ""A Love Forever"" will be happening on the 29 & 30 Oct, 12pm - 10pm!
🏠
: The Foothills, 70 River Valley Road, Singapore 179037. (Near to Fort Canning MRT Station, Exit
😎
*RSVP and receive a free goodie bag.
👩‍❤️‍👨
𝑹𝑺𝑽𝑷 𝑵𝒐𝒘! =>
https://bit.ly/3yagfSc
*While stock lasts.
**T&Cs apply.",https://t.me/blissfulbrides/594
blissfulbrides,2022-10-14T02:02:12+00:00,[],"[""https://bit.ly/LHTHEICONSBB""]",593,,"Lee Hwa Jewellery invites you to THE ICONS, the new Destinée Iconic launch with each intricately designed jewellery, advocating timeless sophistication and contemporary elegance.
Revel in an immersive experience to inspire your distinct individuality through our digital lookbook and capture the moments.
💎
Enjoy savings up to 60% storewide
💍
10% + 10% off Destinée & De Beers Forevermark
✨
Exclusive 1-for-1 deals & special treats
RSVP now for 21 Oct to receive an exclusive gift
https://bit.ly/LHTHEICONSBB",https://t.me/blissfulbrides/593
blissfulbrides,2022-10-13T10:01:43+00:00,[],"[""https://bit.ly/3yagfSc""]",591,,"Love is in the air~
❤️
If you are planning for your wedding, this is your chance to meet up with a wide variety of vendors!
💎
Stand to win $60,000 worth of cash rebates (no min purchases) & also $15,000 worth of lucky draw prizes!
💎
We are thrilled to announce that
Love Story Wedding Boutique (Bridal Boutiques)
is joining us! Do check them out during the show for exclusive promotions!
Blissful Outdoor Wedding Show (BOWS) ""A Love Forever"" will be happening on the 29 & 30 Oct, 12pm - 10pm!
🏠
: The Foothills, 70 River Valley Road, Singapore 179037. (Near to Fort Canning MRT Station, Exit
😎
*RSVP and receive a free goodie bag.
👩‍❤️‍👨
𝑹𝑺𝑽𝑷 𝑵𝒐𝒘! =>
https://bit.ly/3yagfSc
*While stock lasts.
**T&Cs apply.",https://t.me/blissfulbrides/591
blissfulbrides,2022-10-13T04:02:00+00:00,[],"[""https://bit.ly/3yagfSc""]",590,,"Love is in the air~
❤️
If you are planning for your wedding, this is your chance to meet up with a wide variety of vendors!
💎
Stand to win $60,000 worth of cash rebates (no min purchases) & also $15,000 worth of lucky draw prizes!
💎
We are thrilled to announce that
More Than Bloom (Videographer/ Photographer)
is joining us! Do check them out during the show for exclusive promotions!
Blissful Outdoor Wedding Show (BOWS) ""A Love Forever"" will be happening on the 29 & 30 Oct, 12pm - 10pm!
🏠
: The Foothills, 70 River Valley Road, Singapore 179037. (Near to Fort Canning MRT Station, Exit
😎
*RSVP and receive a free goodie bag.
👩‍❤️‍👨
𝑹𝑺𝑽𝑷 𝑵𝒐𝒘! =>
https://bit.ly/3yagfSc
*While stock lasts.
**T&Cs apply.",https://t.me/blissfulbrides/590
blissfulbrides,2022-10-13T01:01:20+00:00,[],"[""https://bit.ly/3yagfSc""]",589,,"Love is in the air~
❤️
If you are planning for your wedding, this is your chance to meet up with a wide variety of vendors!
💎
Stand to win $60,000 worth of cash rebates (no min purchases) & also $15,000 worth of lucky draw prizes!
💎
We are thrilled to announce that
Malena Bridal Haute Couture (Bridal Boutiques)
is joining us! Do check them out during the show for exclusive promotions!
Blissful Outdoor Wedding Show (BOWS) ""A Love Forever"" will be happening on the 29 & 30 Oct, 12pm - 10pm!
🏠
: The Foothills, 70 River Valley Road, Singapore 179037. (Near to Fort Canning MRT Station, Exit
😎
*RSVP and receive a free goodie bag.
👩‍❤️‍👨
𝑹𝑺𝑽𝑷 𝑵𝒐𝒘! =>
https://bit.ly/3yagfSc
*While stock lasts.
**T&Cs apply.",https://t.me/blissfulbrides/589
blissfulbrides,2022-10-12T10:30:31+00:00,[],"[""https://bit.ly/3CQrotZ""]",588,,"𝐖𝐞 𝐧𝐞𝐞𝐝 𝐲𝐨𝐮𝐫 𝐡𝐞𝐥𝐩!
👰
One lucky voter will walk away with a mystery gift!
With so many bridal gowns with unique themes & styles being equally stunning, it is not easy to pick a winner and that's why we need your eyes to help us in choosing the most beautiful bridal gown!
𝗙𝗼𝗹𝗹𝗼𝘄 𝘁𝗵𝗲 𝘀𝘁𝗲𝗽𝘀 𝗯𝗲𝗹𝗼𝘄:
1️⃣
Like this post & follow IG@blissfulbrides.sg
2️⃣
RSVP for the event
3️⃣
Click on the post to vote via
https://bit.ly/3CQrotZ
Voting ends on 30th Oct 2022, at 7pm.
Here's what you can look forward to in BOWS:
💎
Win $15,000 worth of lucky draw prizes
🎁
with any purchases made (no min purchases)
💎
$60,000 worth
💸
of cash rebates to be given away
💎
Exclusive promotions & deals from vendors
And many more!!
👩‍❤️‍👨
𝙍𝙎𝙑𝙋 𝙖𝙣𝙙 𝙘𝙖𝙨𝙩 𝙮𝙤𝙪𝙧 𝙫𝙤𝙩𝙚 𝙣𝙤𝙬!
T&Cs apply.
Image courtesy of My Dream Wedding
T&Cs apply.",https://t.me/blissfulbrides/588
blissfulbrides,2022-10-12T10:00:17+00:00,[],"[""https://bit.ly/3rMjXgX""]",587,,"Have an eye for design or nice things in general?
💅
✨
𝐖𝐞 𝐧𝐞𝐞𝐝 𝐲𝐨𝐮𝐫 𝐡𝐞𝐥𝐩!
👰
Help us vote for the most beautiful evening gown & one lucky voter will walk away with a mystery gift!
𝗙𝗼𝗹𝗹𝗼𝘄 𝘁𝗵𝗲 𝘀𝘁𝗲𝗽𝘀 𝗯𝗲𝗹𝗼𝘄:
1️⃣
Like this post & follow IG
@blissfulbrides
.sg
2️⃣
RSVP for the event
3️⃣
Click on the post to vote via
https://bit.ly/3rMjXgX
Voting ends on 30th Oct 2022, 7pm.
Here's what you can look forward to in BOWS:
💎
Win $15,000 worth of lucky draw prizes
🎁
with any purchases made (no min purchases)
💎
$60,000 worth
💸
of cash rebates to be given away
💎
Exclusive promotions & deals from vendors
And many more!!
👩‍❤️‍👨
𝙍𝙎𝙑𝙋 𝙖𝙣𝙙 𝙘𝙖𝙨𝙩 𝙮𝙤𝙪𝙧 𝙫𝙤𝙩𝙚 𝙣𝙤𝙬!
Image courtesy of My Dream Wedding
T&Cs apply.",https://t.me/blissfulbrides/587
blissfulbrides,2022-10-12T09:30:05+00:00,[],"[""https://bit.ly/3Vi1fLQ""]",586,,"𝐖𝐞 𝐧𝐞𝐞𝐝 𝐲𝐨𝐮𝐫 𝐡𝐞𝐥𝐩!
👰
Know a person that has good fashion sense/ always dressed in style? or maybe it's you?
🤭
Help us vote for the most beautiful tea dress! One lucky voter will walk away with a mystery gift!
𝗙𝗼𝗹𝗹𝗼𝘄 𝘁𝗵𝗲 𝘀𝘁𝗲𝗽𝘀 𝗯𝗲𝗹𝗼𝘄:
1️⃣
Like this post & follow IG
@blissfulbrides
.sg
2️⃣
RSVP for the event
3️⃣
Click on the post to vote via
https://bit.ly/3Vi1fLQ
Voting ends on 30th Oct 2022 at 7pm.
Here's what you can look forward to in BOWS:
💎
Win $15,000 worth of lucky draw prizes
🎁
with any purchases made (no min purchases)
💎
$60,000 worth
💸
of cash rebates to be given away
💎
Exclusive promotions & deals from vendors
And many more!!
👩‍❤️‍👨
𝙍𝙎𝙑𝙋 𝙖𝙣𝙙 𝙘𝙖𝙨𝙩 𝙮𝙤𝙪𝙧 𝙫𝙤𝙩𝙚 𝙣𝙤𝙬!
Image courtesy of My Dream Wedding
T&Cs apply.",https://t.me/blissfulbrides/586
blissfulbrides,2022-10-10T01:55:33+00:00,[],"[""https://www.blissfulbrides.sg/articles/trending/how-to-have-difficult-conversations-about-your-wedding""]",585,,"Planning a wedding is an exciting time—but it’s also sure to bring up lots of emotions for everyone. Whether you are making decisions with your spouse-to-be, or struggling with family members not getting along with your future in-laws, you may be wondering how you successfully address your concerns without ruffling too many feathers.
We break down a few ways you can hope to communicate effectively to help you sail smoothly to the altar.
See more at:
https://www.blissfulbrides.sg/articles/trending/how-to-have-difficult-conversations-about-your-wedding",https://t.me/blissfulbrides/585
blissfulbrides,2022-10-09T02:00:00+00:00,[],"[""https://bit.ly/3yagfSc""]",584,,"Love is in the air~
❤️
If you are planning for your wedding, this is your chance to meet up with a wide variety of vendors!
💎
Stand to win $60,000 worth of cash rebates (no min purchases) & also $15,000 worth of lucky draw prizes!
💎
We are thrilled to announce that
Hotel Fort Canning (Hotels/ Venues)
is joining us! Do check them out during the show for exclusive promotions!
Blissful Outdoor Wedding Show (BOWS) ""A Love Forever"" will be happening on the 29 & 30 Oct, 12pm - 10pm!
🏠
: The Foothills, 70 River Valley Road, Singapore 179037. (Near to Fort Canning MRT Station, Exit
😎
*RSVP and receive a free goodie bag.
👩‍❤️‍👨
𝑹𝑺𝑽𝑷 𝑵𝒐𝒘! =>
https://bit.ly/3yagfSc
*While stock lasts.
**T&Cs apply.",https://t.me/blissfulbrides/584
blissfulbrides,2022-10-08T07:06:59+00:00,[],"[""https://bit.ly/3yagfSc""]",583,,"Love is in the air~
❤️
If you are planning for your wedding, this is your chance to meet up with a wide variety of vendors!
💎
Stand to win $60,000 worth of cash rebates (no min purchases) & also $15,000 worth of lucky draw prizes!
💎
We are thrilled to announce that
YWCA Fort Canning (Hotels/ Venues)
is joining us! Do check them out during the show for exclusive promotions!
Blissful Outdoor Wedding Show (BOWS) ""A Love Forever"" will be happening on the 29 & 30 Oct, 12pm - 10pm!
🏠
: The Foothills, 70 River Valley Road, Singapore 179037. (Near to Fort Canning MRT Station, Exit
😎
*RSVP and receive a free goodie bag.
👩‍❤️‍👨
𝑹𝑺𝑽𝑷 𝑵𝒐𝒘! =>
https://bit.ly/3yagfSc
*While stock lasts.
**T&Cs apply.",https://t.me/blissfulbrides/583
blissfulbrides,2022-10-07T10:07:13+00:00,[],"[""https://bit.ly/3yagfSc""]",582,,"Love is in the air~
❤️
If you are planning for your wedding, this is your chance to meet up with a wide variety of vendors!
💎
Stand to win $60,000 worth of cash rebates (no min purchases) & also $15,000 worth of lucky draw prizes!
💎
We are thrilled to announce that
The Great Ballroom (Hotels / Venues)
is joining us! Do check them out during the show for exclusive promotions!
Blissful Outdoor Wedding Show (BOWS) ""A Love Forever"" will be happening on the 29 & 30 Oct, 12pm - 10pm!
🏠
: The Foothills, 70 River Valley Road, Singapore 179037. (Near to Fort Canning MRT Station, Exit
😎
*RSVP and receive a free goodie bag.
👩‍❤️‍👨
𝑹𝑺𝑽𝑷 𝑵𝒐𝒘! =>
https://bit.ly/3yagfSc
*While stock lasts.
**T&Cs apply.",https://t.me/blissfulbrides/582
blissfulbrides,2022-10-07T04:11:38+00:00,[],"[""https://bit.ly/3yagfSc""]",581,,"Love is in the air~
❤️
If you are planning for your wedding, this is your chance to meet up with a wide variety of vendors!
💎
Stand to win $60,000 worth of cash rebates (no min purchases) & also $15,000 worth of lucky draw prizes!
💎
We are thrilled to announce that
Cang-Ai Bridal (Bridal Boutiques)
is joining us! Do check them out during the show for exclusive promotions!
Blissful Outdoor Wedding Show (BOWS) ""A Love Forever"" will be happening on the 29 & 30 Oct, 12pm - 10pm!
🏠
: The Foothills, 70 River Valley Road, Singapore 179037. (Near to Fort Canning MRT Station, Exit
😎
*RSVP and receive a free goodie bag.
👩‍❤️‍👨
𝑹𝑺𝑽𝑷 𝑵𝒐𝒘! =>
https://bit.ly/3yagfSc
*While stock lasts.
**T&Cs apply.",https://t.me/blissfulbrides/581
blissfulbrides,2022-10-07T01:15:18+00:00,[],"[""https://bit.ly/3yagfSc""]",580,,"Love is in the air~
❤️
If you are planning for your wedding, this is your chance to meet up with a wide variety of vendors!
💎
Stand to win $60,000 worth of cash rebates (no min purchases) & also $15,000 worth of lucky draw prizes!
💎
We are thrilled to announce that
My Dream Wedding (Bridal Boutiques)
is joining us! Do check them out during the show for exclusive promotions!
Blissful Outdoor Wedding Show (BOWS) ""A Love Forever"" will be happening on the 29 & 30 Oct, 12pm - 10pm!
🏠
: The Foothills, 70 River Valley Road, Singapore 179037. (Near to Fort Canning MRT Station, Exit
😎
*RSVP and receive a free goodie bag.
👩‍❤️‍👨
𝑹𝑺𝑽𝑷 𝑵𝒐𝒘! =>
https://bit.ly/3yagfSc
*While stock lasts.
**T&Cs apply.",https://t.me/blissfulbrides/580
blissfulbrides,2022-10-06T10:01:14+00:00,[],"[""https://bit.ly/3yagfSc""]",579,,"Love is in the air~
❤️
If you are planning for your wedding, this is your chance to meet up with a wide variety of vendors!
💎
Stand to win $60,000 worth of cash rebates (no min purchases) & also $15,000 worth of lucky draw prizes!
💎
We are thrilled to announce that
Asia Bird's Nest Corporation (Essentials)
is joining us! Do check them out during the show for exclusive promotions!
Blissful Outdoor Wedding Show (BOWS) ""A Love Forever"" will be happening on the 29 & 30 Oct, 12pm - 10pm!
🏠
: The Foothills, 70 River Valley Road, Singapore 179037. (Near to Fort Canning MRT Station, Exit
😎
*RSVP and receive a free goodie bag.
👩‍❤️‍👨
𝑹𝑺𝑽𝑷 𝑵𝒐𝒘! =>
https://bit.ly/3yagfSc
*While stock lasts.
**T&Cs apply.",https://t.me/blissfulbrides/579
blissfulbrides,2022-10-06T04:02:01+00:00,[],"[""https://bit.ly/3yagfSc""]",578,,"Love is in the air~
❤️
If you are planning for your wedding, this is your chance to meet up with a wide variety of vendors!
💎
Stand to win $60,000 worth of cash rebates (no min purchases) & also $15,000 worth of lucky draw prizes!
💎
We are thrilled to announce that
Orchard Hotel Singapore (Hotels / Venues)
is joining us! Do check them out during the show for exclusive promotions!
Blissful Outdoor Wedding Show (BOWS) ""A Love Forever"" will be happening on the 29 & 30 Oct, 12pm - 10pm!
🏠
: The Foothills, 70 River Valley Road, Singapore 179037. (Near to Fort Canning MRT Station, Exit
😎
*RSVP and receive a free goodie bag.
👩‍❤️‍👨
𝑹𝑺𝑽𝑷 𝑵𝒐𝒘! =>
https://bit.ly/3yagfSc
*While stock lasts.
**T&Cs apply.",https://t.me/blissfulbrides/578
blissfulbrides,2022-10-06T01:23:22+00:00,[],"[""https://bit.ly/3yagfSc""]",577,,"Love is in the air~
❤️
If you are planning for your wedding, this is your chance to meet up with a wide variety of vendors!
💎
Stand to win $60,000 worth of cash rebates (no min purchases) & also $15,000 worth of lucky draw prizes!
💎
We are thrilled to announce that
Regent Singapore (Hotels / Venues)
is joining us! Do check them out during the show for exclusive promotions!
Blissful Outdoor Wedding Show (BOWS) ""A Love Forever"" will be happening on the 29 & 30 Oct, 12pm - 10pm!
🏠
: The Foothills, 70 River Valley Road, Singapore 179037. (Near to Fort Canning MRT Station, Exit
😎
*RSVP and receive a free goodie bag.
👩‍❤️‍👨
𝑹𝑺𝑽𝑷 𝑵𝒐𝒘! =>
https://bit.ly/3yagfSc
*While stock lasts.
**T&Cs apply.",https://t.me/blissfulbrides/577
blissfulbrides,2022-10-05T10:00:20+00:00,[],"[""https://bit.ly/3yagfSc""]",576,,"Love is in the air~
❤️
If you are planning for your wedding, this is your chance to meet up with a wide variety of vendors!
💎
Stand to win $60,000 worth of cash rebates (no min purchases) & also $15,000 worth of lucky draw prizes!
💎
We are thrilled to announce that
Orchid Country Club (Hotels / Venues)
is joining us! Do check them out during the show for exclusive promotions!
Blissful Outdoor Wedding Show (BOWS) ""A Love Forever"" will be happening on the 29 & 30 Oct, 12pm - 10pm!
🏠
: The Foothills, 70 River Valley Road, Singapore 179037. (Near to Fort Canning MRT Station, Exit
😎
*RSVP and receive a free goodie bag.
👩‍❤️‍👨
𝑹𝑺𝑽𝑷 𝑵𝒐𝒘! =>
https://bit.ly/3yagfSc
*While stock lasts.
**T&Cs apply.",https://t.me/blissfulbrides/576
blissfulbrides,2022-10-05T04:00:21+00:00,[],"[""https://bit.ly/3yagfSc""]",575,,"Love is in the air~
❤️
If you are planning for your wedding, this is your chance to meet up with a wide variety of vendors!
💎
Stand to win $60,000 worth of cash rebates (no min purchases) & also $15,000 worth of lucky draw prizes!
💎
We are thrilled to announce that
ONE°15 Marina (Hotels / Venues)
is joining us! Do check them out during the show for exclusive promotions!
Blissful Outdoor Wedding Show (BOWS) ""A Love Forever"" will be happening on the 29 & 30 Oct, 12pm - 10pm!
🏠
: The Foothills, 70 River Valley Road, Singapore 179037. (Near to Fort Canning MRT Station, Exit
😎
*RSVP and receive a free goodie bag.
👩‍❤️‍👨
𝑹𝑺𝑽𝑷 𝑵𝒐𝒘! =>
https://bit.ly/3yagfSc
*While stock lasts.
**T&Cs apply.",https://t.me/blissfulbrides/575
blissfulbrides,2022-10-05T02:46:20+00:00,[],"[""https://bit.ly/3yagfSc""]",574,,"Love is in the air~
❤️
If you are planning for your wedding, this is your chance to meet up with a wide variety of vendors!
💎
Stand to win $60,000 worth of cash rebates (no min purchases) & also $15,000 worth of lucky draw prizes!
💎
We are thrilled to announce that
Four Points by Sheraton Singapore, Riverview (Hotels / Venues)
is joining us! Do check them out during the show for exclusive promotions!
Blissful Outdoor Wedding Show (BOWS) ""A Love Forever"" will be happening on the 29 & 30 Oct, 12pm - 10pm!
🏠
: The Foothills, 70 River Valley Road, Singapore 179037. (Near to Fort Canning MRT Station, Exit
😎
*RSVP and receive a free goodie bag.
👩‍❤️‍👨
𝑹𝑺𝑽𝑷 𝑵𝒐𝒘! =>
https://bit.ly/3yagfSc
*While stock lasts.
**T&Cs apply.",https://t.me/blissfulbrides/574
blissfulbrides,2022-10-04T11:01:38+00:00,[],"[""https://bit.ly/3yagfSc""]",573,,"Love is in the air~
❤️
If you are planning for your wedding, this is your chance to meet up with a wide variety of vendors!
💎
Stand to win $60,000 worth of cash rebates (no min purchases) & also $15,000 worth of lucky draw prizes!
💎
We are thrilled to announce that
Crowne Plaza Changi Airport (Hotels / Venues)
is joining us! Do check them out during the show for exclusive promotions!
Blissful Outdoor Wedding Show (BOWS) ""A Love Forever"" will be happening on the 29 & 30 Oct, 12pm - 10pm!
🏠
: The Foothills, 70 River Valley Road, Singapore 179037. (Near to Fort Canning MRT Station, Exit
😎
*RSVP and receive a free goodie bag.
👩‍❤️‍👨
𝑹𝑺𝑽𝑷 𝑵𝒐𝒘! =>
https://bit.ly/3yagfSc
*While stock lasts.
**T&Cs apply.",https://t.me/blissfulbrides/573
blissfulbrides,2022-10-04T10:01:58+00:00,[],"[""https://bit.ly/3yagfSc""]",572,,"Love is in the air~
❤️
If you are planning for your wedding, this is your chance to meet up with a wide variety of vendors!
💎
Stand to win $60,000 worth of cash rebates (no min purchases) & also $15,000 worth of lucky draw prizes!
💎
We are thrilled to announce that
Novotel Singapore On Stevens (Hotels / Venues)
is joining us! Do check them out during the show for exclusive promotions!
Blissful Outdoor Wedding Show (BOWS) ""A Love Forever"" will be happening on the 29 & 30 Oct, 12pm - 10pm!
🏠
: The Foothills, 70 River Valley Road, Singapore 179037. (Near to Fort Canning MRT Station, Exit B)
*RSVP and receive a free goodie bag.
👩‍❤️‍👨
𝑹𝑺𝑽𝑷 𝑵𝒐𝒘! =>
https://bit.ly/3yagfSc
*While stock lasts.
**T&Cs apply.",https://t.me/blissfulbrides/572
blissfulbrides,2022-10-04T03:45:44+00:00,[],"[""https://bit.ly/3yagfSc""]",571,,"Love is in the air~
❤️
If you are planning for your wedding, this is your chance to meet up with a wide variety of vendors!
💎
Stand to win $60,000 worth of cash rebates (no min purchases) & also $15,000 worth of lucky draw prizes!
💎
We are thrilled to announce that
One Farrer Hotel(Hotels / Venues)
is joining us! Do check them out during the show for exclusive promotions!
Blissful Outdoor Wedding Show (BOWS) ""A Love Forever"" will be happening on the 29 & 30 Oct, 12pm - 10pm!
🏠
: The Foothills, 70 River Valley Road, Singapore 179037. (Near to Fort Canning MRT Station, Exit B)
*RSVP and receive a free goodie bag.
👩‍❤️‍👨
𝑹𝑺𝑽𝑷 𝑵𝒐𝒘! =>
https://bit.ly/3yagfSc
*While stock lasts.
**T&Cs apply.",https://t.me/blissfulbrides/571
blissfulbrides,2022-10-03T09:41:31+00:00,[],"[""https://bit.ly/3RANh4C""]",570,,"Your wedding is one of the most important days of your life and while it is certainly exciting to look forward to, it can also be intimidating with the huge amount of behind-the-scenes planning.
If you are clueless on where to start, why not join us at Blissful Outdoor Wedding Show (BOWS) 2022 ""A Love Forever""! There will be lots of wedding seminars planned & wide variety of booths around for you to meet & have all your questions answered!
Additionally, here are some extra treats if you come for the show
😉
:
💎
Win $15,000 worth of lucky draw prizes
🎁
with any purchases made (no min purchases)
💎
$60,000 worth
💸
of cash rebates to be given away
💎
Exclusive promotions & deals from vendors
And many more!!
👩‍❤️‍👨
*𝑹𝑺𝑽𝑷 𝑵𝒐𝒘 𝒕𝒐 𝒓𝒆𝒄𝒆𝒊𝒗𝒆 𝒂 𝒇𝒓𝒆𝒆 𝒈𝒐𝒐𝒅𝒊𝒆 𝒃𝒂𝒈 via
https://bit.ly/3RANh4C
!
*While stocks last.
T&Cs apply.",https://t.me/blissfulbrides/570
blissfulbrides,2022-10-02T08:29:20+00:00,[],"[""https://bit.ly/3Ea8OOE""]",569,,"Who doesn't love cash rebates??
🤩
Psstt... Did you know that there are
💸
$60,000 worth
💸
of cash rebates to be given away in Blissful Outdoor Wedding Show ""A Love Forever""?
Simply spend with any merchants and stand to win 100% of your deposit paid!
You can also stand a chance to win $15,000 worth of lucky draw prizes
💎
🎁
with any purchases made! What's even better - there is no min purchase amount to participate in this lucky draw!
We only ask that you put on a big wide smile and enjoy yourselves during the event!
🥰
📅
:29th & 30th Oct (Sat and Sun)
⏰
: 12pm - 10pm
🏠
: The Foothills, 70 River Valley Road, Singapore 179037. (Near to Fort Canning Station, Exit B)
👩‍❤️‍👨
*𝑹𝑺𝑽𝑷 𝑵𝒐𝒘 𝒕𝒐 𝒓𝒆𝒄𝒆𝒊𝒗𝒆 𝒂 𝒇𝒓𝒆𝒆 𝒈𝒐𝒐𝒅𝒊𝒆 𝒃𝒂𝒈 =>
https://bit.ly/3Ea8OOE
!
*While stocks last.
T&Cs apply.",https://t.me/blissfulbrides/569
blissfulbrides,2022-09-29T04:50:56+00:00,[],"[""https://www.blissfulbrides.sg/articles/trending/turn-your-magical-moments-into-treasured-memories-at-one-farrer-hotel-a-leading-lifestyle-retreat-hotel-resort""]",568,,"Nestled in one of Singapore’s heritage districts, One Farrer Hotel, is a leading lifestyle retreat hotel-resort with a range of elegant, versatile spaces and accommodation for weddings of all sizes.
With our team of professionals whose passion centres on ensuring that every bride and groom deserve to have treasured, unforgettable memories, your nuptials are in safe hands.
See more at:
https://www.blissfulbrides.sg/articles/trending/turn-your-magical-moments-into-treasured-memories-at-one-farrer-hotel-a-leading-lifestyle-retreat-hotel-resort",https://t.me/blissfulbrides/568
blissfulbrides,2022-09-27T02:09:58+00:00,[],"[""https://www.blissfulbrides.sg/articles/trending/5-foolproof-ways-to-save-money-on-your-wedding-gown""]",567,,"Almost every woman dreams of wearing a classy, elegant long gown on her wedding day. However, wedding gowns are notoriously expensive. And this is not just because these gowns usually require custom touches but also because they have an awful ROI – they are among the only garments expected to be worn only once.
In Singapore, the cost of a wedding gown can easily begin in the thousands, before you even add in the price of accessories and alterations. With that said, if you are one of those upcoming brides who are not willing to spend thousands of dollars on a single-worn wedding dress, this article is especially for you!
Here are some of the most effective hacks you should follow to avoid blowing your wedding budget on a single wedding gown.
See more at:
https://www.blissfulbrides.sg/articles/trending/5-foolproof-ways-to-save-money-on-your-wedding-gown",https://t.me/blissfulbrides/567
blissfulbrides,2022-09-22T06:57:07+00:00,[],"[""https://www.blissfulbrides.sg/articles/trending/4-frequently-asked-questions-people-have-about-guo-da-li""]",566,,"With all the resources currently available today, including the assistance of a wedding guide in Singapore, modern brides no longer have to find it daunting when planning a wedding.
However, things can still get tricky, especially when discussing the more conventional aspects of a wedding. Chinese weddings are particularly prone to this, as they are typically brimming with traditions intended to bless the couple’s upcoming marriage.
Among the most prominent Chinese wedding traditions that many families still observe to this day is the Guo Da Li ceremony. Guo Da Li is a traditional Chinese wedding custom that has been passed down from generation to generation.
If you are curious about what this tradition means and its purpose, read on as this article lays down the answers to some of the most frequently asked questions about the Guo Da Li custom.
See more at:
https://www.blissfulbrides.sg/articles/trending/4-frequently-asked-questions-people-have-about-guo-da-li",https://t.me/blissfulbrides/566
blissfulbrides,2022-09-19T14:51:25+00:00,[],"[""https://bit.ly/3QYo9V4""]",565,,"If you are a bride or groom-to-be or in the midst of planning your wedding, this post is for you!
💎
💍
We bring you exciting news that our Blissful Outdoor Wedding Show (BOWS) is finally back after a 2 years hiatus!
🤩
🎉
𝐓𝐨 𝐜𝐞𝐥𝐞𝐛𝐫𝐚𝐭𝐞 𝐭𝐡𝐢𝐬 𝐨𝐜𝐜𝐚𝐬𝐢𝐨𝐧, 𝐰𝐞 𝐰𝐢𝐥𝐥 𝐛𝐞 𝐠𝐢𝐯𝐢𝐧𝐠 𝐚𝐰𝐚𝐲 (𝐝𝐫𝐮𝐦𝐫𝐨𝐥𝐥.....)
💸
$60,000 worth of cash rebates
🎁
$15,000 worth of lucky draw prizes!
👜
RSVP to receive a free goodie bag*
🛒
🛍
Look forward to meeting up with a wide variety of vendors & enjoy exclusive promotions & irresistible deals!
We certainly can't contain our excitement and we hope you are equally stoked!
😌
📅
:29th & 30th Oct (Sat and Sun)
⏰
: 12pm - 10pm
🏠
: The Foothills, 70 River Valley Road, Singapore 179037. (Near to Fort Canning Station, Exit B)
We can't wait to see you & your other half in person!
🕺
💃
See you there!
👩‍❤️‍👨
𝑹𝑺𝑽𝑷 𝑵𝒐𝒘 =>
https://bit.ly/3QYo9V4
!
*While stocks last.
T&Cs apply.",https://t.me/blissfulbrides/565
blissfulbrides,2022-09-15T05:57:16+00:00,[],"[""https://www.blissfulbrides.sg/articles/trending/bekind-glass-skin-elixir-for-your-big-day-available-at-my-cozy-room-facial-spa""]",564,,"For most of us, our wedding day is one of the major events that happen in our lives.
Considering the grand entrance you will be making, it is only right for you to pamper your skin the night before. After all, it will be a LONG day.
Well, you must be wondering what you can do to look your best on your big day. Allow us to share 3 tips that you can practice the night before your wedding!
See more at:
https://www.blissfulbrides.sg/articles/trending/bekind-glass-skin-elixir-for-your-big-day-available-at-my-cozy-room-facial-spa",https://t.me/blissfulbrides/564
blissfulbrides,2022-09-15T05:01:07+00:00,[],"[""https://bit.ly/BBSBC22""]",563,,"Goldheart annual Bridal Consultation is back! Enjoy an intimate & tailored shopping experience to pick out your perfect bridal jewellery.
Exclusive deals:
👑
Special $ off gold/gm
💍
1-for-1 wedding bands
💎
Up to 50% off Diamonds & Gems
🎁
Attractive sure-win prizes with min. spend
RSVP now =>
https://bit.ly/BBSBC22
and begin your bridal journey with exciting indulgences and luxurious treats in-stores
💓
Limited slots available.",https://t.me/blissfulbrides/563
blissfulbrides,2022-07-17T04:55:05+00:00,[],"[""https://bit.ly/3Ockzp5""]",562,,"Today is the 𝗟𝗔𝗦𝗧 𝗗𝗔𝗬 of our 𝗦𝗽𝗮𝗿𝗸𝗹𝗲 𝗬𝗼𝘂𝗿 𝗠𝗼𝗺𝗲𝗻𝘁 wedding showcase!
📣
Lucky Draw Prizes Worth More than $9,000 Ready To Be Won! ->
https://bit.ly/3Ockzp5
The first day was a huge success
💯
, we are so glad to see tens of couples coming down and spending quality time to check out what our participating vendors have to offer.
Are you in search for different types of wedding services for your special day? Come join us today and let our experienced vendors inspire you in different aspects of your wedding to make it even more special for you!
🤗",https://t.me/blissfulbrides/562
blissfulbrides,2022-06-15T08:31:11+00:00,[],"[""https://bit.ly/3zEbxNN""]",561,,"Looking for a perfect venue to host your wedding? Amara Sanctuary Resort Sentosa offers contemporary pillarless ballroom and tropical surroundings that exude the grandeur every celebration deserves.
🥂
🌟
💎
𝗪𝗵𝗮𝘁’𝘀 𝗺𝗼𝗿𝗲: Blissful Brides have teamed up with Amara Sanctuary Resort Sentosa to organise a wedding showcase this July. For couples who have confirmed their wedding event with the hotel during the showcase, you will enjoy exclusive perks, and stand a chance to 𝘄𝗶𝗻 𝗺𝗼𝗿𝗲 𝘁𝗵𝗮𝗻 $𝟮,𝟬𝟬𝟬 𝘄𝗼𝗿𝘁𝗵 𝗼𝗳 𝗽𝗿𝗶𝘇𝗲𝘀!
▶️
Stand to win a 2D1N stay in the hotel’s villa (worth $2000++), deluxe room (worth $500++) and more!
▶️
Enjoy savings up to $8,000 when you confirm your wedding with a minimum of 20 tables.
𝗥𝗦𝗩𝗣 𝘆𝗼𝘂𝗿 𝘀𝗹𝗼𝘁 𝘄𝗶𝘁𝗵 𝘂𝘀 𝘁𝗼𝗱𝗮𝘆!
💫
=>
https://bit.ly/3zEbxNN",https://t.me/blissfulbrides/561
blissfulbrides,2022-06-15T06:40:05+00:00,[],[],560,,"𝗚 𝗜 𝗩 𝗘 𝗔 𝗪 𝗔 𝗬 |
🌟
𝗦𝗧𝗔𝗡𝗗 𝗔 𝗖𝗛𝗔𝗡𝗖𝗘 𝗧𝗢 𝗪𝗜𝗡 𝗔 𝟮𝗗𝟭𝗡 𝗦𝗧𝗔𝗬 𝗔𝗧 𝗙𝗢𝗨𝗥 𝗣𝗢𝗜𝗡𝗧𝗦 𝗕𝗬 𝗦𝗛𝗘𝗥𝗔𝗧𝗢𝗡 (𝗪𝗢𝗥𝗧𝗛 $𝟯𝟵𝟲)
🌟
Looking to escape and recharge from the modern day stress? Here is your chance to win a 2D1N stay in Four Points by Sheraton’s Deluxe room, breakfast included!
𝗘𝗡𝗧𝗘𝗥 𝗧𝗛𝗘 𝗖𝗢𝗡𝗧𝗘𝗦𝗧 by completing the following steps:
1. Follow both our Instagram account (
@blissfulbrides
.sg) and Facebook page (
@blissfulbrides
)
2. Comment our tagline “Weddings Made Simple”
3. In the same comment, tag 2 of your friends
And… you’re done!
💞
𝗧𝗜𝗣: To double your chances of winning, simply comment on the same post on both our 𝗜𝗻𝘀𝘁𝗮𝗴𝗿𝗮𝗺 𝗮𝗻𝗱 𝗙𝗮𝗰𝗲𝗯𝗼𝗼𝗸! (PS, remember to follow both our Instagram account and Facebook page)
Good luck!
*Giveaway ends 15th July, 2359h. One winner will be chosen and notified within 1 week after the giveaway ends, through Instagram/Facebook DM.
**Terms and Conditions Apply",https://t.me/blissfulbrides/560
blissfulbrides,2022-06-09T13:29:11+00:00,[],"[""https://bit.ly/3xfkMS4""]",559,,"💫
𝗦𝗣𝗔𝗥𝗞𝗟𝗘 𝗬𝗢𝗨𝗥 𝗠𝗢𝗠𝗘𝗡𝗧
💫
A verdant oasis, a perfect setting for an enchanted wedding tale.
Bringing to you a wedding showcase held jointly by Blissful Brides and Amara Sanctuary Resort Sentosa
Date: 16th & 17th July (Sat & Sun)
Time: 11am - 5pm
Enjoy an 𝗲𝘅𝗰𝗹𝘂𝘀𝗶𝘃𝗲 𝘁𝘄𝗼 𝗻𝗶𝗴𝗵𝘁 𝘀𝘁𝗮𝘆 in Amara Sanctuary Resort Singapore’s suite or villa room and 𝘂𝗽 𝘁𝗼 $𝟭𝟮𝟬 𝗼𝗳𝗳 𝗽𝗲𝗿 𝘁𝗮𝗯𝗹𝗲 when you confirm your wedding with us! On top of this, our respective vendors are offering bespoke perks, according to your wedding needs.
--------------
Let us help you to create your dream wedding tale. 𝗥𝗦𝗩𝗣 𝘆𝗼𝘂𝗿 𝘀𝗹𝗼𝘁 𝘁𝗼𝗱𝗮𝘆 𝗮𝗻𝗱 𝗿𝗲𝗰𝗲𝗶𝘃𝗲 𝗮 𝗳𝗿𝗲𝗲 𝗴𝗼𝗼𝗱𝗶𝗲 𝗯𝗮𝗴 𝗮𝗻𝗱 $𝟭𝟬 𝗚𝗥𝗔𝗕 𝘃𝗼𝘂𝗰𝗵𝗲𝗿! =>
https://bit.ly/3xfkMS4",https://t.me/blissfulbrides/559
blissfulbrides,2022-04-11T03:20:54+00:00,[],"[""https://bit.ly/3Kohdy9""]",558,,"Blissful Brides returns again to bring you the Blissful Brides x BOWS Online & Offline Wedding Show.
🤵
👰
Titled “A Symphony for Love”
💍
, this year’s event will take place on 23 & 24 April 2022, from 12pm to 6pm daily.
With regards to the recent ease of COVID-19 restrictions, bask under the live vendor meetups and stand a chance to win attractive prizes when you make payment and submit an invoice with participating vendors! Snatch up the irresistible deals or simply check the prices and make payment on 23 & 24 April! Did we mention that there will be a lucky draw too?
RSVP now to receive a free goodie bag and a $10 Grab Ride Voucher!
T&Cs apply.
Click the link to learn more:
https://bit.ly/3Kohdy9",https://t.me/blissfulbrides/558
blissfulbrides,2022-03-17T09:30:53+00:00,[],"[""https://bit.ly/3Jf9gKX""]",557,,"6 Best Romantic Places In Singapore For Newlyweds To Visit
After the hectic wedding preparations and beautiful ceremony, unwind as a couple at these romantic places in Singapore for your well-deserved honeymoon trip!
👉🏻
https://bit.ly/3Jf9gKX",https://t.me/blissfulbrides/557
blissfulbrides,2022-03-10T09:30:36+00:00,[],"[""https://bit.ly/3Mw3PcL""]",556,,"4 Wedding Venues In Singapore For A Picture-Perfect Scenery
Choosing an ideal wedding venue is essential to the success of your big day! Discover the best wedding venues in Singapore for that picture-perfect view.
👉🏻
https://bit.ly/3Mw3PcL",https://t.me/blissfulbrides/556
blissfulbrides,2022-03-09T10:00:09+00:00,[],"[""http://bit.ly/LHJSTC""]",555,,"Love is in the Air @ Lee Hwa Jewellery
Celebrate timeless love & connections with an intimate shopping experience, coupled with
EXCLUSIVE SPARKLING TREATS
, specially for you and your loved one at Lee Hwa's JewelSpace.
Take those memorable first steps together as one and discover more about the dazzling pieces that symbolise faithfulness, devotion and a lifetime of happiness. Top spenders will receive a luxurious jewel gift worth up to $2,128.
Reserve a bespoke bridal consultation on Sat 26 – Sun 27 Mar and be treated to exciting event exclusives:
Storewide Privileges up to 50% off
1FOR1 Wedding Bands
Solitaire Sale with Diamonds from $888
& more!
RSVP by Tue 22 Mar
to receive a door gift worth more than $200 per couple:
bit.ly/LHJSTC",https://t.me/blissfulbrides/555
blissfulbrides,2022-03-03T09:31:01+00:00,[],"[""https://bit.ly/3HureaP""]",554,,"A Useful Guide to Planning a Garden Solemnisation Ceremony
Many considerations go into holding the ideal garden solemnisation ceremony. Here are 6 tips to avoid pitfalls and to keep the special occasion smooth sailing.
👉🏻
https://bit.ly/3HureaP",https://t.me/blissfulbrides/554
blissfulbrides,2022-03-01T04:00:50+00:00,[],"[""https://bit.ly/3pslY14""]",553,,"『 Happily Ever After 』It’s time to get lucky
☘️
Simply upload your receipt and stand a chance to win over $12,000 worth of prizes and better still, the grand reward of $60,000!
🤑
Prize winners will be announced on 8 March 2022 on Blissful Brides’ social media accounts.
🥳
✨
https://bit.ly/3pslY14
*T&Cs apply",https://t.me/blissfulbrides/553
blissfulbrides,2022-02-24T05:30:10+00:00,[],"[""https://bit.ly/3v9aEe5""]",552,,"『 Happily Ever After 』 Let The Music Do The Talking
What’s a wedding without a love song?
🎷
Dedicate your favourite ballad to AGOPSG and get a live preview during our online show this weekend!
🎶
❤️
Send us a song today:
https://bit.ly/3v9aEe5",https://t.me/blissfulbrides/552
blissfulbrides,2022-02-24T05:26:31+00:00,[],"[""https://bit.ly/3HjxZMq""]",551,,"『 Happily Ever After 』
Home Is Where The Best Bed Is
Investing in a good mattress is investing in your health, as a good night's rest is incredibly important. RSVP to Luxury Mattress Gallery’s talk show to find out what makes a good-quality mattress
🛌
💯
!
RSVP now:
https://bit.ly/3HjxZMq
P.S. RSVP and attend the show will get a $100 voucher from Luxury Mattress Gallery.",https://t.me/blissfulbrides/551
blissfulbrides,2022-02-19T04:24:13+00:00,[],"[""https://bit.ly/3HQhVTL""]",550,,"『 Happily Ever After 』Fairytales do come true … with the right wedding planners.
Wedding planning can be draining for you and your spouse, amidst the tight work schedules. Fret not! An array of wedding vendors are here at Happily Ever After, who can help you pull off this special celebration.
Stand a chance to win prizes and cash rebates worth over $12,000 in our lucky draw! What’s more, receive a free goodie bag and $10 GrabRide voucher when you RSVP for Happily Ever After.
🛍
🚕
✨
RSVP now:
https://bit.ly/3HQhVTL
*T&Cs apply",https://t.me/blissfulbrides/550
blissfulbrides,2022-02-17T09:30:33+00:00,[],"[""https://bit.ly/34Hvt5w""]",549,,"Do's And Don'ts To Remember When Picking Your Maid Of Honour
It is unsurprising if you have no idea where to begin or wonder if there are unsaid rules for choosing a maid of honour. The task of placing one person above another is not always easy, and physically bringing family and future family into the mix certainly does not help.
If you find yourself in this sticky situation, do read on as we cover the do's and don'ts to help you choose your maid of honour!
👉🏻
https://bit.ly/34Hvt5w",https://t.me/blissfulbrides/549
blissfulbrides,2022-02-14T04:02:22+00:00,[],[],548,,"『 Happily Ever After 』  You’ve found your Prince Charming!
🤴
👑
Now, sit back and let Blissful Brides show you why we’re worthy to be your fairy godmother in your wedding planning journey. Join us in our upcoming wedding online show, Happily Ever After, as we’ve…",https://t.me/blissfulbrides/548
blissfulbrides,2022-02-14T04:02:16+00:00,[],"[""https://bit.ly/3HQhVTL""]",547,,"『 Happily Ever After 』
You’ve found your Prince Charming!
🤴
👑
Now, sit back and let Blissful Brides show you why we’re worthy to be your fairy godmother in your wedding planning journey. Join us in our upcoming wedding online show, Happily Ever After, as we’ve got a diversity of vendors for you to meet and exclusive deals that’s up for grabs.
RSVP now and win yourself a goodie bag while at it:
https://bit.ly/3HQhVTL
❤️
*T&Cs apply",https://t.me/blissfulbrides/547
blissfulbrides,2022-02-10T09:30:21+00:00,[],"[""https://bit.ly/3uyCsZ9""]",545,,"5 Guidelines To Consider When Choosing Your Bridesmaids
As part of the crucial wedding planning, who you choose to be part of your wedding entourage determines how successful and smooth your wedding ceremony may be, and of course, how happy you will be!
Here are five guidelines to consider when picking your bridesmaids!
👉🏻
https://bit.ly/3uyCsZ9",https://t.me/blissfulbrides/545
blissfulbrides,2022-02-07T03:39:46+00:00,[],"[""https://bit.ly/3HQhVTL""]",543,,"『 Happily Ever After 』
It’s happening!
🎉
Happily Ever After is our next online wedding show and we’re stoked to present prizes worth $10,500 to some lucky attendees. It’s a great chance for you to meet different vendors and gain more clarity on what bridal boutique, venue and photographer you want for your special celebration.
RSVP now:
https://bit.ly/3HQhVTL",https://t.me/blissfulbrides/543
blissfulbrides,2022-02-03T09:30:44+00:00,[],"[""https://bit.ly/3Hqu0Pd""]",542,,"4 Tips To Help You Choose The Right Wedding Photographer
With all the excitement and emotional outbursts of the big day, it can be challenging to find a spare few minutes to pause, appreciate, and capture every little detail in your mind. This is why wedding photos are so significant — your photos serve as a way to treasure every piece of your day, and to memorialise your love story as a couple.
Read on to find out the helpful tips for choosing a wedding photographer!
📸
👉🏻
https://bit.ly/3Hqu0Pd",https://t.me/blissfulbrides/542
blissfulbrides,2022-01-27T09:30:08+00:00,[],"[""https://bit.ly/32tSoAe""]",541,,"4 Things To Consider When Choosing The Perfect Wedding Venue
Out of all the wedding planning details, choosing your wedding venue is undoubtedly ranked first on your to-do list. Here are four things to consider when choosing the perfect wedding venue.
🏨
👉🏻
https://bit.ly/32tSoAe",https://t.me/blissfulbrides/541
blissfulbrides,2022-01-26T04:38:02+00:00,[],"[""https://bit.ly/35iutEJ""]",540,,"A Time for Romance with Lee Hwa Jewellery
Celebrate timeless love and connections with an intimate shopping experience, coupled with EXCLUSIVE 1-DAY TREATS, specially for you and your loved one at Lee Hwa’s JewelPlay.
A romantic start to Valentine’s Day begins with brilliant diamond jewellery. From dainty to bold statement jewellery, get inspired to give a loving surprise as your beloved simply deserves to be loved and adored. Top spender walks away with a wedding photography package worth $1,550 by La Belle Couture!
Be treated to:
1FOR1 Wedding Bands
Solitaires fr $888
Storewide Privileges up to 50% off
& more!
RSVP NOW for a bespoke bridal consultation on Sat, 12 Feb to receive door gift worth more than $200 per couple. Visit
https://bit.ly/35iutEJ
for more information.",https://t.me/blissfulbrides/540
blissfulbrides,2022-01-20T09:30:20+00:00,[],"[""https://bit.ly/3qE53db""]",539,,"More than friends: Kimberly Chia’s 10 years of friendship turned into a lifetime of happiness
Read on for an exclusive interview with Kimberly Chia 谢静仪 where she shares about how her friendship with her husband for 10 years turned into a lifetime commitment
🥰
Also, check out her stunning wedding outfits from Z Wedding Design and gorgeous pre-wedding photos from The Privilege Of Chris Ling International
😍
👉🏻
https://bit.ly/3qE53db",https://t.me/blissfulbrides/539
blissfulbrides,2022-01-06T09:30:43+00:00,[],"[""https://bit.ly/32YDIcj""]",538,,"The Ideal Guide To Planning An Elopement Wedding In Singapore
If you and your partner are considering an elopement wedding in Singapore, here is a simple guide on everything you’ll need to know, from an elopement ceremony to the actual wedding.
👉🏻
https://bit.ly/32YDIcj",https://t.me/blissfulbrides/538
blissfulbrides,2022-01-05T03:32:06+00:00,[],[],537,,"Still finding your perfect wedding venue with affordable price?
Come to PARKROYAL On Beach Road! They are having their exclusive wedding showcase for the EXCLUSIVE you and your partner!
Register your slot and see you there!",https://t.me/blissfulbrides/537
blissfulbrides,2021-12-30T09:30:53+00:00,[],"[""https://bit.ly/3EAaRIe""]",535,,"The Required Marriage Mindset For A Couple In Singapore
💭
What does a marriage mindset really mean?
Find out what an enduring and long-lasting marriage entails.
👉🏻
https://bit.ly/3EAaRIe",https://t.me/blissfulbrides/535
blissfulbrides,2021-12-16T09:30:54+00:00,[],"[""https://bit.ly/3nwa5a1""]",534,,"『 Through Sun and Rain 』 Save money & hassle, win prizes and even avoid Covid!
We have a cool METAVERSE Wedding event where you can meet 21 TOP VENDORS with a click of a button on your laptop and at the comfort of your home!
First 100 that meets 2 Vendors get a $150 Goodie Bag that includes a $10 Grab Voucher!
You also get to WIN PRIZES such as HOTEL SUITES and even JEWELLERIES! The more vendors you meet or purchase from, the higher your chances! (My Dream Wedding - Singapore, Carat 55 and ONE15 Marina have higher chances)
When you Spend, you stand to win from our CASH REBATES GRAND DRAW and even better quality PRIZES!
Get Cashback when you spend $5000 or more through our Blissful Pay!
If you are the TOP 3 that deposit the most amount, you are GUARANTEED A $500 CASH REBATE!
TOTAL PRIZES OVER $20,000!
Happening on 18 & 19 December from 1pm to 6.30pm.
RSVP today before slots run out!!
👉
https://bit.ly/3nwa5a1",https://t.me/blissfulbrides/534
blissfulbrides,2021-12-11T12:10:14+00:00,[],[],533,,"Blissful Brides
pinned a video",https://t.me/blissfulbrides/533
blissfulbrides,2021-12-09T09:30:38+00:00,[],[],532,,"『 Through Sun and Rain 』 It’s time to immerse in the metaverse
🪐
Say goodbye to the good old online shows with awkward interactions. With our Blissful Online Wedding Show, interact with vendors face to face and have private conversations with your partner…",https://t.me/blissfulbrides/532
blissfulbrides,2021-12-09T09:30:12+00:00,[],"[""https://bit.ly/32aV4C9""]",531,,"『 Through Sun and Rain 』 It’s time to immerse in the metaverse
🪐
Say goodbye to the good old online shows with awkward interactions. With our Blissful Online Wedding Show, interact with vendors face to face and have private conversations with your partner whenever you like
🌳
!
RSVP for our BOWS to experience a hyper-real online show that is both fun and engaging
👾
👉🏻
https://bit.ly/32aV4C9",https://t.me/blissfulbrides/531
blissfulbrides,2021-12-02T09:30:52+00:00,[],"[""https://bit.ly/3D6ysPZ""]",530,,"COVID-19 Guidelines for wedding receptions and solemnisation (as of 22 Nov 2021)
To make your life a little easier, here’s the latest list of COVID-19 guidelines on weddings and solemnisations.
🥰
👉🏻
https://bit.ly/3D6ysPZ",https://t.me/blissfulbrides/530
blissfulbrides,2021-11-25T09:32:47+00:00,[],[],529,,"『 Through Sun and Rain 』Perfectly in Love, Through Sun and Rain.  Kickstart your everlasting love with our ☆ Blissful Online Wedding Show (BOWS) ☆ this December!  Gone are the days where you have to brace the sun
☀️
and rain
☔️
in order to look for bridal…",https://t.me/blissfulbrides/529
blissfulbrides,2021-11-25T09:30:34+00:00,[],"[""https://bit.ly/32aV4C9""]",528,,"『 Through Sun and Rain 』Perfectly in Love, Through Sun and Rain.
Kickstart your everlasting love with our ☆ Blissful Online Wedding Show (BOWS) ☆ this December!
Gone are the days where you have to brace the sun
☀️
and rain
☔️
in order to look for bridal boutiques, wedding venues, photographers and more. BOWS is here to make wedding planning so much easier with everything you need all in one place!
Look forward to our brand new interactive and engaging online show where awkward silences are a thing of the past!
Need more persuasion? Keep a lookout for more info on our exclusive perks, promotions, goodie bags and lucky draws.
Unlike your limitless love, time is limited. Hurry RSVP now
🖊
👉🏻
https://bit.ly/32aV4C9",https://t.me/blissfulbrides/528
blissfulbrides,2021-11-23T04:15:06+00:00,[],[],527,,"[GIVEAWAY] Win LVC Charmes Hold My Heart Mini Ring Diamond Pendant worth $239!
🍀
For all couples out there, you are in luck!
🍀
To participate:
Facebook
✨
Like
@blissfulbrides
and
@L0veandC0
✨
Comment and tell us what is your most memorable milestone or experience that you and your loved one went through this year in 2021 despite the pandemic
✨
Share this post
Instagram
✨
Follow
@loveandcoofficial
and
@blissfulbrides
.sg on Instagram
✨
Share this giveaway post onto your IGStory & tag
@loveandcoofficial
and
@blissfulbrides
.sg
✨
Comment and tell us what is your most memorable milestone or experience that you and your loved one went through this year in 2021 despite the pandemic
We can't wait to see the entries, all the best of luck!
Contest ends 6 Dec 2021. T&Cs apply*",https://t.me/blissfulbrides/527
blissfulbrides,2021-11-18T09:31:06+00:00,[],"[""https://bit.ly/3DkFVft""]",526,,"2021 & 2022 Red Packet Guide For Weddings In Singapore
""How much do I have to include in the wedding red packet?”
This is a question many of us have encountered before. Be it for a close friend’s wedding or a family member’s, it is inevitable that we will come across such confusion.
No worries though! We’ve calculated an estimated angbao rate for you!
👉🏻
https://bit.ly/3DkFVft",https://t.me/blissfulbrides/526
blissfulbrides,2021-11-11T09:30:34+00:00,[],"[""https://bit.ly/3mX50Y7""]",525,,"4 Meaningful Chinese Wedding Traditions To Get Hitched With
You may have seen this character “囍” before, but did you know it means double happiness? It’s literally the combination of two “喜” (xi) which translates to happiness!
Chinese weddings are filled with age-old traditions and meanings. If you are looking to honour your heritage, look no further! Here are 4 symbolic wedding traditions for you to inspire you!
🧧
👉🏻
https://bit.ly/3mX50Y7",https://t.me/blissfulbrides/525
blissfulbrides,2021-11-09T03:59:07+00:00,[],"[""?q=%23ddakji"", ""https://artizstudio.page.link/singlesday2021"", ""?q=%23artizstudiosingapore"", ""?q=%23squidgame"", ""?q=%23squidgamenetflix"", ""?q=%23squidgamechallenge""]",524,,"🔵
🔺
⬛️
ARTIZ 11.11 INVITATION
⬛️
🔺
🔵
Artiz Studio will be offering a never before seen $111 prestigious Grace Kelly actual day curated gown rental add-on (U.P $2088.00) to 11 couples only this 11.11 to 14.11!
No playing of
#ddakji
is required to enter so book your appointment through the link below. Will you be one of the winner in this once in a year opportunity?
Appointment Booking:
https://artizstudio.page.link/singlesday2021
#artizstudiosingapore
#squidgame
#squidgamenetflix
#squidgamechallenge",https://t.me/blissfulbrides/524
blissfulbrides,2021-11-04T09:30:06+00:00,[],"[""https://bit.ly/3EF9d8S""]",523,,"The 2022 Guide For Solemnisation Package Prices In Singapore
You’ve finally said yes to your fiancé’s proposal and you’re filled with excitement for the wedding. But…the next thing you know, instead of enjoying your wedding planning process, you are hunched over in front of your laptop, searching for solemnisation venues.
Take a breather, we are here to help! To lessen the weight on your shoulders, we have compiled a list of solemnisation venues for you as well as their package prices.
Now you can stop hunching, stand tall and be the beautiful bride you are always meant to be.
👰🏻‍♀️
👉🏻
https://bit.ly/3EF9d8S",https://t.me/blissfulbrides/523
blissfulbrides,2021-10-31T01:42:49+00:00,[],"[""http://mountfaberpeak.blissfulbrides.sg/""]",522,,"RSVP for our online wedding showcase with Mount Faber Peak now!
👉
mountfaberpeak.blissfulbrides.sg",https://t.me/blissfulbrides/522
blissfulbrides,2021-10-28T09:30:06+00:00,[],"[""https://bit.ly/3mbtAnE""]",521,,"How You Can Handle Wedding ‘Planxiety’ (As Said By Experts)
When planning for your wedding, it is easy to be overwhelmed with the expectation of a perfect wedding. It is inevitable that you get incredibly anxious as a result of your immensely high expectations
😰
.
Don’t let the anxiety prevent you from enjoying the uplifting process of wedding planning! Here are some ways for you to handle your wedding planxiety
💆🏻
🛁
!
👉🏻
https://bit.ly/3mbtAnE",https://t.me/blissfulbrides/521
blissfulbrides,2021-10-21T09:30:05+00:00,[],"[""https://bit.ly/3n3xMoF""]",520,,"4 Common Wedding Planning Pitfalls Couples Should Avoid
Picture this: it is finally your wedding day. You are having the time of your life until...one drop, two drops...your big day is ruined by the rain
🌧
. Such occurrences are not that uncommon.
Don’t let these wedding planning mistakes blow a hole in your otherwise perfect wedding; here are 4 common wedding planning pitfalls that you should avoid
👰🏻
👰🏽
👰🏾
!
👉🏻
https://bit.ly/3n3xMoF",https://t.me/blissfulbrides/520
blissfulbrides,2021-10-14T09:30:06+00:00,[],"[""https://bit.ly/3BCD4gT""]",519,,"2021 Trends: 3 Fun Ways To Arrange Your Wedding Bouquet
Love is the flower you've got to let grow. With so many flower options on the market, it can be overwhelming to curate the perfect bouquet for you. From the flower species, their colour variations and bouquet arrangements, there’s really a lot of thought that goes into it.
💐
😰
We know how challenging and underestimated this aspect of wedding planning is, that’s why we’ve compiled 3 of our best recommendations of the hottest 2021 bouquet trends for you to consider!
🌷
🌸
🌹
🌼
👉🏻
https://bit.ly/3BCD4gT",https://t.me/blissfulbrides/519
blissfulbrides,2021-10-07T09:30:06+00:00,[],"[""https://bit.ly/3uIc5y0""]",518,,"The Complete Guide to A Guo Da Li Ceremony
It’s always great to take pride in your traditions. Now, you can 𝑒𝓂𝒷𝓇𝒶𝒸𝑒 𝓎𝑜𝓊𝓇 𝓉𝓇𝒶𝒹𝒾𝓉𝒾𝑜𝓃𝓈 while celebrating a once-in-a-lifetime occasion
🧧
!
If you are unsure of where to start, click here to read about all the help you will need for a 𝔾𝕦𝕠 𝔻𝕒 𝕃𝕚 Ceremony.
👉🏻
https://bit.ly/3uIc5y0",https://t.me/blissfulbrides/518
blissfulbrides,2021-10-06T11:06:57+00:00,[],"[""https://bit.ly/goldheartxbb"", ""https://www.instagram.com/p/CUr0H6QLX16/?utm_medium=copy_link""]",517,,"⭑ GIVEAWAY ⭑
Your chance to win a
Rose Gold Infinity Pendant with Round Brilliant Diamonds worth $618
!
All you have to do to enter the giveaway is:
1. Like
@GoldheartJewelry
and us (
@blissfulbridesmag
) on IG
2. Check out the article titled ""Capture the Purest Blessings with Si Dian Jin from Goldheart"" here:
https://bit.ly/goldheartxbb
3. Tell us which is your favourite Si Dian Jin set from the article and why (psst! There are 5 of them
🤫
) in the comment section here:
https://www.instagram.com/p/CUr0H6QLX16/?utm_medium=copy_link
Hurry and comment your answers to stand a chance to win this gorgeous pendant!
🤞🏻
💪🏻
Contest ends 20 Oct 2021. T&Cs apply*",https://t.me/blissfulbrides/517
blissfulbrides,2021-09-30T09:30:06+00:00,[],"[""https://bit.ly/3CRywn7""]",516,,"Everything You Need to Know About Traditional Chinese Wedding Cakes for Guo Da Li
Xi bings are an integral part of 𝙲𝚑𝚒𝚗𝚎𝚜𝚎 𝚠𝚎𝚍𝚍𝚒𝚗𝚐 𝚌𝚞𝚜𝚝𝚘𝚖𝚜. If you are planning to hold a traditional Chinese wedding
🧧
, you mustn’t forget about 𝒙𝒊 𝒃𝒊𝒏𝒈𝒔! We know how confusing it is to decide which xi bing you will need, therefore we are here to make your life easier!
🤫
Heighten the 𝓼𝓲𝓰𝓷𝓲𝓯𝓲𝓬𝓪𝓷𝓬𝓮 of your wedding & find out everything you need to know about xi bings here.
👉🏻
https://bit.ly/3CRywn7",https://t.me/blissfulbrides/516
blissfulbrides,2021-09-23T09:30:08+00:00,[],"[""https://bit.ly/2W2YUe4""]",515,,"4 Tips To Avoid Wedding Planning Squabbles With Your Partner
When it comes to planning your special day together, there’s bound to be a few bumps in the road regarding style and preferences. However, these disagreements are all part and parcel of the process. The most important thing is sorting out the differences to avoid unnecessary escalation.
Read more to work out the kinks in your pre-wedding phase.
🤵
👰
👉🏻
https://bit.ly/2W2YUe4",https://t.me/blissfulbrides/515
blissfulbrides,2021-09-16T09:30:06+00:00,[],"[""https://bit.ly/3EhPaxO""]",514,,"3 Ways To Successfully Frame Your Pre-Wedding Photoshoot
A pre-wedding photograph is a frozen snapshot of the special moments of you and your S/O together. Give your future selves a treat to walk down memory lane in time to come by reminiscing through a compilation of your fondest moments together.
So before that, attain your dream pre-wedding photoshoot with these 3 helpful tips!
📸
✨
👉🏻
https://bit.ly/3EhPaxO",https://t.me/blissfulbrides/514
blissfulbrides,2021-09-12T09:16:26+00:00,[],"[""https://bit.ly/3yaEFIf""]",513,,"『 Forever Yours 』Whether you desire an intimate celebration or a grand banquet, Regent Singapore is equipped with four beautiful venues that will cater to your wedding needs. Couples that confirm their weddings with us for 2021 & 2022 will stand to enjoy perks such as cash rebates, IHG rewards points and a complimentary 2-night stay for two guests. Talk to their Wedding Specialists this weekend at the Blissful Online Wedding Show from 1pm - 6pm to find out more.
RSVP now and chat with our vendors and stand a chance in our Hourly Giveaways and Finale Lucky Draw (worth $5600):
https://bit.ly/3yaEFIf",https://t.me/blissfulbrides/513
blissfulbrides,2021-09-10T01:38:41+00:00,[],[],512,,"Blissful Brides
pinned a photo",https://t.me/blissfulbrides/512
blissfulbrides,2021-09-10T01:38:33+00:00,[],[],511,,"♾
『 Forever Yours 』
♾
Avoid disappointment and book a timeslot with your preferred vendor when you RSVP today.  Still on the fence? Here's five big reasons to come for BOWS!
🛍
Complimentary goodie bag*
🎊
Hourly giveaways
👁‍🗨
FB Live Vendor Showcases
⌚️
Attractive…",https://t.me/blissfulbrides/511
blissfulbrides,2021-09-10T01:38:11+00:00,[],"[""https://bit.ly/3E1wCSm""]",510,,"♾
『 Forever Yours 』
♾
Avoid disappointment and book a timeslot with your preferred vendor when you RSVP today.
Still on the fence? Here's five big reasons to come for BOWS!
🛍
Complimentary goodie bag*
🎊
Hourly giveaways
👁‍🗨
FB Live Vendor Showcases
⌚️
Attractive flash deals during our vendor timed sales
💑
5 Lucky Couples win in our lucky draw
RSVP now:
https://bit.ly/3E1wCSm
💳
American Express
®
True Cashback Card is the official card of Blissful Online Wedding Show
✨
Double up your chance at our lucky draw when you make payment with the American Express
®
True Cashback Card
✨
*T&C apply",https://t.me/blissfulbrides/510
blissfulbrides,2021-09-09T09:30:06+00:00,[],"[""https://bit.ly/38MTXJ6""]",509,,"3 Must-Watch Romantic Comedies For Your Wedding Inspiration
Stuck on wedding inspiration? Don’t know which aesthetic direction to go for your wedding themes, decor, dress and more?
Well, sometimes it’s good to unwind and relax from wedding duties for a bit with some good ole fashioned rom-coms! Not only are they great entertainment, but who knows, you might just get that creative kick or two from the escapades that ensue in these films! Netflix and chill has never been more helpful!
😲
🍿
📺
👉🏻
https://bit.ly/38MTXJ6",https://t.me/blissfulbrides/509
blissfulbrides,2021-09-06T09:51:09+00:00,[],[],508,,"Blissful Brides
pinned a photo",https://t.me/blissfulbrides/508
blissfulbrides,2021-09-06T09:51:04+00:00,[],[],507,,"『 Forever Yours 』 When the wedding planning gets too real but you know BOWS is coming...  RSVP now and enjoy a complimentary goodie bag when you speak to our vendors via Zoom/Live Chat/Physical Appointment: https://bit.ly/3E1wCSm  ☆ 𝙑𝙀𝙉𝘿𝙊𝙍𝙎 ☆ Venue
🏨
> Four…",https://t.me/blissfulbrides/507
blissfulbrides,2021-09-06T09:50:44+00:00,[],"[""https://bit.ly/3E1wCSm"", ""http://EXF.SG/""]",506,,"『 Forever Yours 』 When the wedding planning gets too real but you know BOWS is coming...
RSVP now and enjoy a complimentary goodie bag when you speak to our vendors via Zoom/Live Chat/Physical Appointment:
https://bit.ly/3E1wCSm
☆ 𝙑𝙀𝙉𝘿𝙊𝙍𝙎 ☆
Venue
🏨
> Four Points by Sheraton Singapore, Riverview
> Holiday Inn Singapore Orchard City Centre
> JEN Singapore Tanglin by Shangri-La
> Mount Faber Peak
> Novotel Singapore on Stevens & Mercure Singapore on Stevens
> One Farrer Hotel
> PARKROYAL on Kitchener Road, Singapore
> Regent Singapore
Photographer
📷
>
EXF.SG
> JT Studio
> Valanci
Videographer
📹
> Wandefilms
Jewellery
💎
> Carat 55
Essentials
🎤
> Luxury Mattress Gallery
> Linus Lee & Masterpiece Wedding
> SG Wedding DJ
> Strikey Posey Photobooth",https://t.me/blissfulbrides/506
blissfulbrides,2021-09-02T09:30:06+00:00,[],"[""https://bit.ly/3tdigtb""]",504,,"4 Ways To Personalise And Let Your Wedding Speak For You
Tell me you’re getting married without telling me you’re getting married
🙊
If your wedding doesn’t speak for itself, is it really a personalised nuptial?
🤔
👰🏻
For your special day, you deserve to have your
💌
love story laid out in full in the way you want it to be told. After all, your closest friends and families would all want to share the joy and bliss of your holy matrimony with your one true love.
💏
So customise your wedding boldly till it looks like it’s straight out of your Pinterest board!
👉🏻
https://bit.ly/3tdigtb",https://t.me/blissfulbrides/504
blissfulbrides,2021-08-29T10:34:07+00:00,[],"[""https://forms.gle/Pes7pUiagnD1SExE8""]",503,,"Financial planning has always been important, but it’s all the more vital now for couples like you to know how to formulate a financial plan in light of COVID-19 so that you can hold a memorable wedding and not be strapped for cash after.
Join ACQUITY’s Financial Services Manager Joseph Tan at our Facebook LIVE TOMORROW as he will be providing tips and guidance for couples on financial planning!
RSVP now and get a 𝑭𝑹𝑬𝑬 𝒇𝒊𝒏𝒂𝒏𝒄𝒊𝒂𝒍 𝒓𝒆𝒑𝒐𝒓𝒕 (𝒘𝒐𝒓𝒕𝒉 $3000) + $10 𝑪𝒂𝒑𝒊𝒕𝒂𝒍𝒂𝒏𝒅 𝒗𝒐𝒖𝒄𝒉𝒆𝒓 when you chat with Joseph:
https://forms.gle/Pes7pUiagnD1SExE8",https://t.me/blissfulbrides/503
blissfulbrides,2021-08-26T09:30:06+00:00,[],"[""https://bit.ly/3gr7J8p""]",502,,"4 Key Secrets To Entering A Happy, Blissful Marriage
During your engagement, wedding and honeymoon, it’s easy to get swept up in a whirlwind of romance with your spouse.
😍
But what happens when the dust settles and the realities of everyday life resume. You each go about your daily lives and it can be tough to keep up with each other without intentionally putting in the effort.
😥
Don’t let the spark between you both dull; here are our 4 secret tips to making your married life a blissful one ahead!
✨
👰🏻
🤵🏻
👉🏻
https://bit.ly/3gr7J8p",https://t.me/blissfulbrides/502
blissfulbrides,2021-08-19T09:30:06+00:00,[],"[""https://bit.ly/3sphvwz""]",501,,"6 Bridal Hair and Makeup Trends To Adopt For Your Big Day
Makeup and hairstyle trends come and go. It can be hard to keep track of what’s relevant and popular nowadays, especially with the oversaturation of beauty content we find on social media. However, don’t get overwhelmed by the endless options out there.
😰
📱
Instead, here are 6 essential tips to help you nail your personal style for the big wedding day!
💇🏻
💄
👉🏻
https://bit.ly/3sphvwz",https://t.me/blissfulbrides/501
blissfulbrides,2021-08-12T09:30:06+00:00,[],"[""https://bit.ly/3yCGdf4""]",500,,"To Colourful Days Ahead: Latest 2021 Colour Trend & Scheme Ideas for Your Big Day
We get it, wedding planning is tough.
😰
And it’s even tougher to visualise the full picture and the trajectory when you can’t even make it past the first stage — 𝐝𝐞𝐜𝐢𝐝𝐢𝐧𝐠 𝐲𝐨𝐮𝐫 𝐰𝐞𝐝𝐝𝐢𝐧𝐠 𝐭𝐡𝐞𝐦𝐞 𝐜𝐨𝐥𝐨𝐮𝐫.
👰🏻
🎨
But have no fear, that’s why we’re here to assist.
Knowing how overwhelming the possibilities can be, we’ve curated some of our top picks for the best colour combinations for you to consider and then hopefully, shortlist from there!
✨
🖌
👉🏻
https://bit.ly/3yCGdf4",https://t.me/blissfulbrides/500
blissfulbrides,2021-08-11T08:59:06+00:00,[],"[""https://bit.ly/2VLLu5H""]",499,,"Wedding Package at $1288 (First 10 couples can enjoy $300 cash rebate)
📣
The Offer that is not to be missed and NOW is the best time to grab it! Grab it now, and use it later.
⛔️
For the benefit of everyone's safety and to prevent overcrowding, please do make an appointment before heading down!
❤️
We seek your understanding that this is to maximise your experience and service in their boutique! See you soon!
Don’t miss out on this opportunity, contact them today!
👉🏻
https://bit.ly/2VLLu5H",https://t.me/blissfulbrides/499
blissfulbrides,2021-08-06T04:00:05+00:00,[],"[""?q=%23artizstudio"", ""?q=%23mandarinorchardstaycay"", ""?q=%23giveawaysg"", ""?q=%23giveawaysingapore"", ""?q=%23giveawaycontest"", ""?q=%23singapore"", ""?q=%23stregis"", ""?q=%23staycationgiveaway"", ""?q=%23artizstudio"", ""?q=%23prewedding"", ""?q=%23koreanstyle"", ""?q=%23photoconcept"", ""?q=%23love""]",498,,"[ATTENTION] Wedding Voucher worth up to $2000 THIS AUGUST
What more, stand a chance to win a grand draw for a 2D1N stay at Mandarin Orchard Hotel when you book with Korean Artiz Studio, Singapore’s only authentic luxury Korean bridal studio
Expect;
1. A luxury experience at Singapore’s only true Korean Bridal
2. Professional Korean team with over 20 years of experience
3. 20+ SBS Korea designed background
4. Korean designer gown and suit labels
5. Renowned service chosen by stars and influencers globally
Terms & Conditions Apply*
#artizstudio
#mandarinorchardstaycay
#giveawaysg
#giveawaysingapore
#giveawaycontest
#singapore
#stregis
#staycationgiveaway
#artizstudio
#prewedding
#koreanstyle
#photoconcept
#love",https://t.me/blissfulbrides/498
blissfulbrides,2021-08-05T09:30:06+00:00,[],"[""https://bit.ly/3rKYN20""]",497,,"4 Ways To Prevent Bridesmaid Drama While Planning A Wedding
Please ladies, no fighting!
🙅🏻
♀ Girls can be dramatic, especially when it comes to important events like weddings.
But don’t let a little bit of history or disagreements ruin the wedding planning process along the way. It’s bestie vibes only from here on out!
👭
👉🏻
https://bit.ly/3rKYN20",https://t.me/blissfulbrides/497
blissfulbrides,2021-07-29T09:30:06+00:00,[],"[""https://bit.ly/3y7gU4t""]",496,,"4 Romantic Ways To Surprise The Groom On Your Wedding
Although you are the main character of your wedding, do remember you’re sharing the stage with a fellow co-lead, your 𝙝𝙪𝙨𝙗𝙖𝙣𝙙-𝙩𝙤-𝙗𝙚!
Together, both of you are on your way to becoming the newly-wedded couple of the night
💫
👰🏻
🤵🏻
And as if weddings couldn’t get any more romantic, here are 4 heartfelt ways to give your groom the 𝐠𝐨𝐨𝐬𝐞𝐛𝐮𝐦𝐩𝐬, but in a good, 𝓻𝓸𝓶𝓪𝓷𝓽𝓲𝓬 way.
❣️
🥰
👉🏻
https://bit.ly/3y7gU4t",https://t.me/blissfulbrides/496
blissfulbrides,2021-07-27T04:00:02+00:00,[],[],495,,"Blissful Brides
pinned a photo",https://t.me/blissfulbrides/495
blissfulbrides,2021-07-27T03:59:45+00:00,[],[],494,,"🏃🏻‍♀️
『 Run Away With Me 』
🏃🏻‍♂️
RSVP now: https://bit.ly/3jgsAh2  ☆ 𝙀𝙑𝙀𝙉𝙏 𝙋𝙍𝙊𝙈𝙊𝙎 ☆
🛍
Complimentary goodie bag worth $170*
💑
5 lucky couples
🎊
Hourly giveaways
🕺
Ballroom blessings
⌚️
Astronomical flash deals during our vendor timed sales
🤭
P.S. Remember…",https://t.me/blissfulbrides/494
blissfulbrides,2021-07-27T03:59:30+00:00,[],"[""https://bit.ly/3jgsAh2""]",493,,"🏃🏻‍♀️
『 Run Away With Me 』
🏃🏻‍♂️
RSVP now:
https://bit.ly/3jgsAh2
☆ 𝙀𝙑𝙀𝙉𝙏 𝙋𝙍𝙊𝙈𝙊𝙎 ☆
🛍
Complimentary goodie bag worth $170*
💑
5 lucky couples
🎊
Hourly giveaways
🕺
Ballroom blessings
⌚️
Astronomical flash deals during our vendor timed sales
🤭
P.S. Remember to make your transactions via Blissful Pay to enjoy these extra perks*!
- Up to $100 cashback
- A chance to win $500 cash rebate
- A chance to redeem your spendings at our $60K Grand Draw
- Accumulate points to redeem future rewards
*T&Cs apply",https://t.me/blissfulbrides/493
blissfulbrides,2021-07-22T09:30:06+00:00,[],"[""https://bit.ly/3etHJbq""]",492,,"4 Dreamy Wedding Themes For Your Picture-Perfect Wedding
Matrimonial ceremonies are more than just a solemnisation of the love and bond between a bride and groom — it is that once-in-a-lifetime event where the both of you deserve to be the main characters, and very rightfully so! And what better way to mark this special day than with the perfect theme that encapsulates your personality and style as a couple?
👉🏻
https://bit.ly/3etHJbq",https://t.me/blissfulbrides/492
blissfulbrides,2021-07-15T09:30:06+00:00,[],"[""https://bit.ly/2TWn0pS""]",491,,"The Truth Behind Weddings: 4 Wedding Planning Myths Debunked
Whether you aspire for a modern wedding or a traditional wedding, there are certain wedding myths that have pervaded through the years. However, to what extent are they truthful or fictitious? If you’re confused yourself, allow us to debunk some of these wedding planning myths that you might not have known!
👉🏻
https://bit.ly/2TWn0pS",https://t.me/blissfulbrides/491
blissfulbrides,2021-07-08T09:30:08+00:00,[],"[""https://bit.ly/2SRWXiY""]",490,,"4 Definite Signs He is The One You Are Destined To Marry
You have been dating the love of your life for a while now, and naturally, marriage comes to mind. Perhaps, it is time to take it to the next stage and settle down with the man of your dreams. But how do you know if he is ‘the one’?
Although all couples are different, there are a few tell-tale signs that prove he is your forever person. If he exhibits the following qualities and more, then rest assured that he is the right one for you.
👉🏻
https://bit.ly/2SRWXiY",https://t.me/blissfulbrides/490
blissfulbrides,2021-07-06T04:21:26+00:00,[],[],489,,"Channel name was changed to «
Blissful Brides
»",https://t.me/blissfulbrides/489
blissfulbrides,2021-07-03T03:30:06+00:00,[],"[""https://goodwoodpark.blissfulbrides.sg/""]",488,,"""𝐎𝐧 𝐭𝐡𝐢𝐬 𝐝𝐚𝐲, 𝐦𝐲 𝐡𝐚𝐧𝐝 𝐢𝐬 𝐲𝐨𝐮𝐫𝐬 𝐭𝐨 𝐡𝐨𝐥𝐝...
𝐀𝐧𝐝 𝐦𝐲 𝐡𝐞𝐚𝐫𝐭 𝐟𝐨𝐫𝐞𝐯𝐞𝐫 𝐲𝐨𝐮𝐫𝐬 𝐭𝐨 𝐤𝐞𝐞𝐩""
The much anticipated ✺ ɢᴏᴏᴅᴡᴏᴏᴅ ᴘᴀʀᴋ ʜᴏᴛᴇʟ x ʙʟɪꜱꜱꜰᴜʟ ʙʀɪᴅᴇꜱ ✺ collaboration is upon us! Savour your tender moments together leading up to your wedding day, and leave all the complicated planning to OUR bridal vendors
🙆🏻‍♀️
Join us at our exciting wedding showcase that's bound to take your breath away with our showstopping vendors, spectacular package deals, exhilarating lucky draws and prize giveaways, and the list goes on!
Hurry, RSVP today
✍🏻
https://goodwoodpark.blissfulbrides.sg/
🤓",https://t.me/blissfulbrides/488
blissfulbrides,2021-07-02T02:49:52+00:00,[],[],487,,"Blissful Brides
pinned a photo",https://t.me/blissfulbrides/487
blissfulbrides,2021-07-02T02:47:33+00:00,[],[],486,,"『 Run Away With Me 』If only solo wedding planning looked as good as our 𝐁𝐥𝐢𝐬𝐬𝐟𝐮𝐥 𝐎𝐧𝐥𝐢𝐧𝐞 𝐖𝐞𝐝𝐝𝐢𝐧𝐠 𝐒𝐡𝐨𝐰 (𝐁𝐎𝐖𝐒)
😏
Your one-stop wedding planning event to solve all your wedding woes on 10 & 11 July, 1pm-6pm.  RSVP now to liaise with some of the wedding industry's…",https://t.me/blissfulbrides/486
blissfulbrides,2021-07-02T02:47:14+00:00,[],"[""https://bit.ly/3dgdWCi""]",485,,"『 Run Away With Me 』If only solo wedding planning looked as good as our 𝐁𝐥𝐢𝐬𝐬𝐟𝐮𝐥 𝐎𝐧𝐥𝐢𝐧𝐞 𝐖𝐞𝐝𝐝𝐢𝐧𝐠 𝐒𝐡𝐨𝐰 (𝐁𝐎𝐖𝐒)
😏
Your one-stop wedding planning event to solve all your wedding woes on 10 & 11 July, 1pm-6pm.
RSVP now to liaise with some of the wedding industry's top bridal vendors to gain expert insight and assistance in making your dream wedding come to life
👰🏻
✨
https://bit.ly/3dgdWCi",https://t.me/blissfulbrides/485
blissfulbrides,2021-07-01T09:30:06+00:00,[],"[""https://bit.ly/35WuCL5""]",484,,"5 Meaningful COVID-19 Wedding Trends That Are Here To Stay
Out of many post-pandemic wedding trends, a couple have proven to be especially innovative and gained popularity among brides-to-be.
So if you’re starting to plan your dream wedding, be sure to check out these five post-COVID trends that we all fell in love with and are definitely here to stay even when the pandemic subsides!
👉🏻
https://bit.ly/35WuCL5",https://t.me/blissfulbrides/484
blissfulbrides,2021-06-24T09:30:06+00:00,[],"[""https://bit.ly/3zHy3Ty""]",483,,"Wedding Vows: How To Say “I Do” In The Most Heartfelt Way
The time has come for you to write your wedding vows but you might be stumped. Even if you’re eloquent and masterful at words, summarising your relationship with your significant other isn’t easy.
Here are five tips on how to perfect your wedding vows.
👉🏻
https://bit.ly/3zHy3Ty",https://t.me/blissfulbrides/483
blissfulbrides,2021-06-17T09:30:06+00:00,[],"[""https://bit.ly/35jbhUn""]",482,,"Avoid Relationship Fallouts When Preparing For Your Wedding
Wedding planning is known to come with its fair share of problems, often extending to problems that go beyond the planning itself.
To make sure that your personal relationships survive the entire wedding ordeal, we have come up with ways to deal with situations that could potentially be thrown at you when you plan your wedding.
👉🏻
https://bit.ly/35jbhUn",https://t.me/blissfulbrides/482
blissfulbrides,2021-06-14T07:13:50+00:00,[],[],481,,"☆ 𝙑𝙀𝙉𝘿𝙊𝙍𝙎 ☆
Venue
🏨
> Amara Sanctuary Resort Sentosa
> PARKROYAL on Kitchener Road, Singapore
> ONE15 Marina
> Holiday Inn Singapore Orchard City Centre
> Regent Singapore
Bridal
👰
> Grace Atelier Weddings
> Cangai Wedding SG 新加坡藏爱婚纱
> Leia Weddings
> Korean Artiz Studio
Caterers
🍱
> Lagun - Sari Wedding & Catering Services Pte Ltd
Photographer
📷
> JT Studio
> Twist Photography
> Expressions & Emotions Moments by Bernard Teo
> The Curious Light Photography
> AMusephotographer
Videographer
📹
> Wandefilms
> The G.A.S Station - Singapore
> Valanci
> Moving Pics
Jewellery
💎
> Velladiamonds
> Carat 55
> Love & Co.
> Rio Diamonds
Emcee
🎤
> Emcee Stanley
> Linus Lee & Masterpiece Wedding
> SG Wedding DJ
> A Group Of People
Make-up Artist
💄
> Keith Tan 彩妝教主
Essentials
💜
> The Chinese Wedding Shop
> Kustomise",https://t.me/blissfulbrides/481
blissfulbrides,2021-06-14T07:13:35+00:00,[],"[""https://bit.ly/3hVb8Ou""]",480,,"『 To The Moon and Back 』Say no more! With more than 31 vendors coming on board, you are now spoilt for choices! RSVP now and speak with 1 vendor to qualify for our goodie bag and a chance to win at our hourly giveaway.
👉
https://bit.ly/3hVb8Ou
☆ 𝙀𝙑𝙀𝙉𝙏 𝙋𝙍𝙊𝙈𝙊𝙎 ☆
🛍
Complimentary goodie bag*
💑
5 lucky couples each day
🎊
Hourly giveaways
🕺
Ballroom blessings
⌚
Astronomical flash deals during our vendor timed sales
💰
Attractive finale draw giveaways (cash rebates, staycation, & more)*
*T&Cs apply",https://t.me/blissfulbrides/480
blissfulbrides,2021-06-10T09:30:09+00:00,[],"[""https://bit.ly/3g2IpG9""]",479,,"How to Choose the Perfect Date for Your Wedding Day?
🤔
📆
The first step to get the wedding planning ball rolling is to decide on a date.
🗓
But with 365 days in a year, there are many amazing options to choose from and it can be quite stressful
😧
to pinpoint what’s the perfect date with the best weather and more.
Read on to find out the factors that you should consider when selecting a wedding date.
🤗
👉🏻
https://bit.ly/3g2IpG9",https://t.me/blissfulbrides/479
blissfulbrides,2021-05-29T04:30:06+00:00,[],[],478,,"Inviting spaces, impeccable service and artfully curated menus – Regent Singapore is a spectacular backdrop for the magic of your wedding day.
For weddings held in 2021
Couples that confirm their weddings with us for 2021 will receive a cash rebate of $1,000 nett that is applicable for both lunch and dinner.
For weddings held in 2022
Couples that confirm their weddings with us for 2022 will also be treated to exclusive perks such as a free upgrade to our luxurious Bridal Suite, additional room stay in our Premium Room, as well as complimentary free-flow beer.
Celebrate your big day in bespoke style and arrange for a private consultation with our Wedding Specialists: catering@regentsingapore.com.sg",https://t.me/blissfulbrides/478
blissfulbrides,2021-05-28T04:37:26+00:00,[],[],477,,"Blissful Brides
pinned a photo",https://t.me/blissfulbrides/477
blissfulbrides,2021-05-28T04:35:06+00:00,[],"[""https://bit.ly/3hVb8Ou""]",476,,"💫
Blissful Online Wedding Show | to the Moon & Back
🌙
RSVP now:
https://bit.ly/3hVb8Ou
☆ 𝙑𝙀𝙉𝘿𝙊𝙍𝙎 ☆
Venue
🏨
> Amara Sanctuary Resort Sentosa
> PARKROYAL on Kitchener Road, Singapore
> ONE15 Marina
> Holiday Inn Singapore Orchard City Centre
> Regent Singapore
Bridal
👰
> Grace Atelier Weddings
> Cangai Wedding SG 新加坡藏爱婚纱
> Leia Weddings
> Korean Artiz Studio
Caterers
🍱
> Lagun Sari Wedding & Catering Services Pte Ltd
Photographer
📷
> JT Studio
> Twist Photography
> Avenue 8 Studios
> The Curious Light Photography
> AMusephotographer
Videographer
📹
> Wandefilms
> The G.A.S Station - Singapore
> Valanci
> Moving Pictures
Jewellery
💎
> Velladiamonds
> Carat 55
> Love & Co.
> Rio Diamonds
Emcee
🎤
> Emcee Stanley
> Linus Lee & Masterpiece Wedding
> SG Wedding DJ
> A Group Of People
Make-up Artist
💄
> Keith Tan 彩妝教主
Essentials
💜
> The Chinese Wedding Shop",https://t.me/blissfulbrides/476
blissfulbrides,2021-05-18T10:00:06+00:00,[],"[""https://www.blissfulbrides.sg/package-detaile/2046/hybrid-solemnisation""]",475,,"With the new Covid-19 restrictions held in place, One Farrer Park introduces their new Hybrid Solemnisation Package where you can cater to your guests both online and offline!
For more information, check them out here today
👉
https://www.blissfulbrides.sg/package-detaile/2046/hybrid-solemnisation",https://t.me/blissfulbrides/475
blissfulbrides,2021-04-30T09:00:08+00:00,[],"[""https://bit.ly/3tU6NxR""]",474,,"[𝐒𝐨𝐦𝐞𝐰𝐡𝐞𝐫𝐞 𝐎𝐧𝐥𝐲 𝐖𝐞 𝐊𝐧𝐨𝐰] You think other wedding shows got what it takes? Well, BOWS 10 is here to steal the show
😉
RSVP now to entitle you to exclusive wedding deals, goodie bag perks*, lucky draw* and more!
🛍
🤑
👉
https://bit.ly/3tU6NxR
(link in bio)
⊹𝐅𝐞𝐚𝐭𝐮𝐫𝐞𝐝 𝐕𝐞𝐧𝐮𝐞𝐬⊹:
-
@hoteljentanglin
-
@holidayinnsporeorchardcityctr
-
@fairmontsingapore
&
@swissotelthestamford
-
@novotelstevens
&
@mercurestevens
-
@one15marina
-
@parkroyalkitchener
-
@stayvillage
(Village Hotel Changi)
⊹𝐅𝐞𝐚𝐭𝐮𝐫𝐞𝐝 𝐁𝐫𝐢𝐝𝐚𝐥 𝐁𝐨𝐮𝐭𝐢𝐪𝐮𝐞𝐬⊹:⠀⁣⁣⁣⁣⁣⁣⁣⁣⁣⁣⁣⁣⁣⁣⁣
-
@franceparisbridal
⊹𝐅𝐞𝐚𝐭𝐮𝐫𝐞𝐝 𝐖𝐞𝐝𝐝𝐢𝐧𝐠 𝐄𝐬𝐬𝐞𝐧𝐭𝐢𝐚𝐥𝐬⊹:
-
@pgcake
*T&C apply",https://t.me/blissfulbrides/474
blissfulbrides,2021-04-28T09:14:23+00:00,[],[],473,,"Blissful Brides
pinned a photo",https://t.me/blissfulbrides/473
blissfulbrides,2021-04-28T04:00:06+00:00,[],"[""https://bit.ly/3xqponl""]",472,,"[𝐒𝐨𝐦𝐞𝐰𝐡𝐞𝐫𝐞 𝐎𝐧𝐥𝐲 𝐖𝐞 𝐊𝐧𝐨𝐰]
💕
RSVP now for a goodie bag worth $50 plus a chance to win from our FB Live Instant and Finale Draw:
https://bit.ly/3xqponl
⊹𝐅𝐞𝐚𝐭𝐮𝐫𝐞𝐝 𝐕𝐞𝐧𝐮𝐞𝐬⊹:
- JEN Singapore Tanglin by Shangri-La
- Fairmont Singapore
- Novotel Singapore on Stevens & Mercure Singapore on Stevens
- ONE15 Marina
- Holiday Inn Singapore Orchard City Centre
- PARKROYAL on Kitchener Road, Singapore
- Village Hotels & Residences (Village Hotel Changi)
⊹𝐅𝐞𝐚𝐭𝐮𝐫𝐞𝐝 𝐁𝐫𝐢𝐝𝐚𝐥 𝐁𝐨𝐮𝐭𝐢𝐪𝐮𝐞𝐬⊹:⠀⁣⁣⁣⁣⁣⁣⁣⁣⁣⁣⁣⁣⁣⁣⁣
- France Paris Bridal
⊹𝐅𝐞𝐚𝐭𝐮𝐫𝐞𝐝 𝐖𝐞𝐝𝐝𝐢𝐧𝐠 𝐄𝐬𝐬𝐞𝐧𝐭𝐢𝐚𝐥𝐬⊹:
- The Pine Garden
*T&C apply.",https://t.me/blissfulbrides/472
blissfulbrides,2021-04-22T04:00:06+00:00,[],"[""http://www.sofitelsentosa.blissfulbrides.sg/""]",471,,"Riddle me this, riddle me that. RSVP and check out what's in my goodie bag!
✨
Swipe to see the fabulous goodies worth $100
🛍
when you RSVP with us!
Click here
www.sofitelsentosa.blissfulbrides.sg
to join us at the 𝑺𝒐𝒇𝒊𝒕𝒆𝒍 𝑺𝒊𝒏𝒈𝒂𝒑𝒐𝒓𝒆 𝑺𝒆𝒏𝒕𝒐𝒔𝒂 𝑹𝒆𝒔𝒐𝒓𝒕 & 𝑺𝒑𝒂 𝒙 𝑩𝒍𝒊𝒔𝒔𝒇𝒖𝒍 𝑩𝒓𝒊𝒅𝒆𝒔 Wedding Showcase happening on
👉🏻
25 April, 11AM - 6PM!",https://t.me/blissfulbrides/471
blissfulbrides,2021-04-20T10:00:06+00:00,[],"[""https://bit.ly/3gww79g""]",470,,"Planning your guest list early is important as it allows you to kickstart your wedding planning. Only with a good gauge of the number of people who are going to attend your wedding can you start to seriously hunt for suitable wedding venues, but we know how troublesome and confusing it can be to keep track of your wedding guests - especially if you both have large extended families.
To help you stay organised, we’ve developed an online wedding guest list tool that’s dedicated to keeping track of your guest list with ease.
👉🏻
https://bit.ly/3gww79g",https://t.me/blissfulbrides/470
blissfulbrides,2021-04-17T12:56:01+00:00,[],[],469,,"Blissful Brides
pinned a photo",https://t.me/blissfulbrides/469
blissfulbrides,2021-04-17T05:00:05+00:00,[],"[""https://sofitelsentosa.blissfulbrides.sg/""]",468,,"It's a beautiful love, it's a beautiful life.
💕
𝑺𝒐𝒇𝒊𝒕𝒆𝒍 𝑺𝒊𝒏𝒈𝒂𝒑𝒐𝒓𝒆 𝑺𝒆𝒏𝒕𝒐𝒔𝒂 𝑹𝒆𝒔𝒐𝒓𝒕 & 𝑺𝒑𝒂 𝒙 𝑩𝒍𝒊𝒔𝒔𝒇𝒖𝒍 𝑩𝒓𝒊𝒅𝒆𝒔 proudly presents our latest physical joint wedding showcase -- opening our doors to you this end April.
😉
🚪
RSVP now & receive a goodie bag worth $100 at our event!
🛍
👉🏻
https://sofitelsentosa.blissfulbrides.sg/",https://t.me/blissfulbrides/468
blissfulbrides,2021-04-15T09:01:18+00:00,[],"[""https://bit.ly/3dbrTBS""]",467,,"4 Wedding Photoshoot Locations That Will Keep Your Wanderlust Satiated
It is impossible to travel during COVID-19 for a destination pre-wedding shoot.
🌏
✈️
However, just imagine for a second if you could visually hop from a majestic pagoda to a modern-romantic twist on European architecture!
In this article, buckle up for a “country-hopping” pre-wedding photoshoot tour across different spots on our island that will remind you of your favourite city overseas.
🤩
👉🏻
https://bit.ly/3dbrTBS",https://t.me/blissfulbrides/467
blissfulbrides,2021-04-13T10:01:16+00:00,[],"[""https://bit.ly/3uHFHtR""]",466,,"Traditional Wedding Roles & Responsibilities: Who Does What?
It's no secret that wedding planning and preparations comprise the arduous and stressful behind-the-scenes of every glamorous wedding.
🥵
While nothing could render the process completely stress-free, you can, however, alleviate some stress by delegating important roles to trusted family members early on.
❤️
If you're still unsure of what some of the traditional roles and their respective responsibilities entail, we're here to help!
👉🏻
https://bit.ly/3uHFHtR",https://t.me/blissfulbrides/466
blissfulbrides,2021-04-12T04:52:26+00:00,[],[],465,,,https://t.me/blissfulbrides/465
blissfulbrides,2021-04-12T04:52:17+00:00,[],[],464,,"It's Mondayyyy and we know that the blues are hitting hard!
😓
But hang in there! You got this!
💪🏻
😁
Here are some cute telegram stickers for you to laugh at and use!
https://t.me/addstickers/bepoandcoco",https://t.me/blissfulbrides/464
blissfulbrides,2021-04-08T08:31:17+00:00,[],"[""https://bit.ly/3flfUDw""]",463,,"『 Soaring Hearts 』Welcome to our Blissful Online Wedding Show
🙌
Let us help your dream wedding take off when you spread your wedding planning wings with us!
👼🏻
So 𝙗𝙪𝙘𝙠𝙡𝙚 𝙪𝙥 𝙖𝙣𝙙 𝙨𝙩𝙧𝙖𝙥 𝙞𝙣 when you sit first-class
💺
for all these exclusive wedding deals, promos and more only with BOWS Online.
⊹𝐅𝐞𝐚𝐭𝐮𝐫𝐞𝐝 𝐕𝐞𝐧𝐮𝐞𝐬⊹:
-
@fourpointssingapore
-
@holidayinnsporeorchardcityctr
-
@one15marina
-
@parkroyalkitchener
⊹𝐅𝐞𝐚𝐭𝐮𝐫𝐞𝐝 𝐁𝐫𝐢𝐝𝐚𝐥 𝐁𝐨𝐮𝐭𝐢𝐪𝐮𝐞𝐬⊹:⠀⁣⁣⁣⁣⁣⁣⁣⁣⁣⁣⁣⁣⁣⁣⁣
-
@franceparisbridal
⊹𝐅𝐞𝐚𝐭𝐮𝐫𝐞𝐝 𝐖𝐞𝐝𝐝𝐢𝐧𝐠 𝐄𝐬𝐬𝐞𝐧𝐭𝐢𝐚𝐥𝐬⊹:
-
@carat55
-
@velladiamonds
... and more! RSVP now to receive a complimentary goodie bag worth $150* plus stand a chance to win from our FB Live Online Lucky Draw:
https://bit.ly/3flfUDw
*T&C apply",https://t.me/blissfulbrides/463
blissfulbrides,2021-04-04T17:48:23+00:00,[],[],462,,"Blissful Brides
pinned a photo",https://t.me/blissfulbrides/462
blissfulbrides,2021-04-04T03:32:42+00:00,[],"[""http://www.bowsonline.blissfulbrides.sg/""]",461,,"『 Soaring Hearts 』When we say ""Soaring Hearts"", we mean metaphorically, not physically
😅
Come attend BOWS with us, your one-stop online showcase for all your wedding planning needs
👰🏻
We welcome you lovebirds with open arms
💞
⊹𝐅𝐞𝐚𝐭𝐮𝐫𝐞𝐝 𝐕𝐞𝐧𝐮𝐞𝐬⊹:
- Four Points by Sheraton Singapore, Riverview
- Holiday Inn Singapore Orchard City Centre
- ONE15 Marina
- PARKROYAL on Kitchener Road, Singapore
⊹𝐅𝐞𝐚𝐭𝐮𝐫𝐞𝐝 𝐁𝐫𝐢𝐝𝐚𝐥 𝐁𝐨𝐮𝐭𝐢𝐪𝐮𝐞𝐬⊹:⠀⁣⁣⁣⁣⁣⁣⁣⁣⁣⁣⁣⁣⁣⁣⁣
- France Paris Bridal
- Yvonne Creative Bridal
⊹𝐅𝐞𝐚𝐭𝐮𝐫𝐞𝐝 𝐖𝐞𝐝𝐝𝐢𝐧𝐠 𝐄𝐬𝐬𝐞𝐧𝐭𝐢𝐚𝐥𝐬⊹:
- Carat 55
- Velladiamonds
RSVP now to receive a complimentary goodie bag worth $150* plus stand a chance to win from our FB Live Online Lucky Draw:
www.bowsonline.blissfulbrides.sg
*T&C apply",https://t.me/blissfulbrides/461
blissfulbrides,2021-04-01T04:31:09+00:00,[],"[""https://forms.gle/pLuwZfJzvhuqndvf8""]",460,,"Asking for free make up service
💄
💋
, yes
👍🏻
or no?
👎🏻
Blissful Brides new series where we share your bridezilla/ wedding fails and horror story submissions!
😵
Share your story with us!
➡️
https://forms.gle/pLuwZfJzvhuqndvf8
(names will be kept anonymous)",https://t.me/blissfulbrides/460
blissfulbrides,2021-03-31T10:16:15+00:00,[],"[""https://bit.ly/3frXtwO""]",459,,"Virtual Wedding Reception Guide: From Start To Finish
A virtual wedding ceremony is simply not complete without a virtual wedding reception! Discover in detail how you can host a successful virtual wedding!
💻
💕
➡️
https://bit.ly/3frXtwO",https://t.me/blissfulbrides/459
blissfulbrides,2021-03-25T11:01:09+00:00,[],"[""http://bit.ly/3r7HeHD""]",458,,"Don't let social distancing practices sour your big day! Here are 4 creative ways to ensure that they are properly followed for a safe and enjoyable wedding!
👰
🤵
👉
http://bit.ly/3r7HeHD",https://t.me/blissfulbrides/458
blissfulbrides,2021-03-24T10:01:09+00:00,[],"[""http://www.orchardhotel.blissfulbrides.sg/""]",457,,"Didn't manage to get a slot for our Friday show?
😱
Don't fret!
😉
Hurry, join us on this exclusive 𝗢𝗿𝗰𝗵𝗮𝗿𝗱 𝗛𝗼𝘁𝗲𝗹 𝗦𝗶𝗻𝗴𝗮𝗽𝗼𝗿𝗲 𝘅 𝗕𝗹𝗶𝘀𝘀𝗳𝘂𝗹 𝗕𝗿𝗶𝗱𝗲𝘀 physical wedding event collaboration to begin planning for your dream wedding.
RSVP now to avoid disappointment as each time slot is limited to 24 pax only!
👉
www.orchardhotel.blissfulbrides.sg",https://t.me/blissfulbrides/457
blissfulbrides,2021-03-19T10:16:39+00:00,[],[],456,,,https://t.me/blissfulbrides/456
blissfulbrides,2021-03-19T10:16:33+00:00,[],[],455,,"Woohoo! TGIF!
🥳
And to celebrate that, here are some cute sticker you can use!
☺️
https://t.me/addstickers/BoobibCuteCouplesForGirlMM",https://t.me/blissfulbrides/455
blissfulbrides,2021-03-19T05:01:04+00:00,[],"[""http://www.orchardhotel.blissfulbrides.sg/""]",454,,"Whew, someone call the doctor because we have 𝓼𝓹𝓻𝓲𝓷𝓰𝓽𝓲𝓶𝓮 𝔀𝓮𝓭𝓭𝓲𝓷𝓰 𝓯𝓮𝓿𝓮𝓻!
Hurry, join us on this exclusive 𝗢𝗿𝗰𝗵𝗮𝗿𝗱 𝗛𝗼𝘁𝗲𝗹 𝗦𝗶𝗻𝗴𝗮𝗽𝗼𝗿𝗲 𝘅 𝗕𝗹𝗶𝘀𝘀𝗳𝘂𝗹 𝗕𝗿𝗶𝗱𝗲𝘀 physical wedding event collaboration to begin planning for your dream wedding.
RSVP now to avoid disappointment as each time slot is limited to 24 pax only!
👉
www.orchardhotel.blissfulbrides.sg",https://t.me/blissfulbrides/454
blissfulbrides,2021-03-18T05:01:04+00:00,[],"[""https://conrad.blissfulbrides.sg/""]",453,,"Do you hear that? It’s the wedding bells ringing! Hurry, tis’ the wedding season to plan  and celebrate your dream wedding alongside *Conrad Centennial Singapore  X  Blissful Brides* exclusive physical event collaboration.
RSVP now to avoid disappointment because each slot is limited to 24 pax only (first come first serve basis)
https://conrad.blissfulbrides.sg/",https://t.me/blissfulbrides/453
blissfulbrides,2021-03-18T03:30:14+00:00,[],[],452,,"YASSSS time to make some plans for tomorrow
😈
😈
😈",https://t.me/blissfulbrides/452
blissfulbrides,2021-03-11T01:30:59+00:00,[],[],451,,"Heaven’s Gift has created a 1 for 1 package - which includes Actual Day Wedding Coordination plus a choice of their Premium Wedding Decor, specially to provide holistic support to couples during this time, to help you complete your wedding journey on a wonderful note. Do get in touch with them, so that they can find out more about your needs and share more about their package!",https://t.me/blissfulbrides/451
blissfulbrides,2021-03-06T04:42:19+00:00,[],[],450,,"Blissful Brides
pinned a photo",https://t.me/blissfulbrides/450
blissfulbrides,2021-03-06T03:59:01+00:00,[],"[""http://www.bowsonline.blissfulbrides.sg/""]",449,,"『 A Moment To Remember 』Do we need to say anymore? Blissful Online Wedding Show is back! RSVP now to win goodie bag* & a chance to participate in our FB Live Online Lucky Draws*
👉
www.bowsonline.blissfulbrides.sg
⊹𝐅𝐞𝐚𝐭𝐮𝐫𝐞𝐝 𝐕𝐞𝐧𝐮𝐞𝐬⊹:
- Amara Sanctuary Resort Sentosa
- Fairmont Singapore & Swissotel The Stamford
- Grand Copthorne Waterfront Hotel
- Holiday Inn Singapore Orchard City Centre
- Novotel Singapore on Stevens & Mercure Singapore on Stevens
- One Faber Group
- ONE15 Marina
- PARKROYAL on Kitchener Road, Singapore
- Sinfonia Ristorante
⊹𝐅𝐞𝐚𝐭𝐮𝐫𝐞𝐝 𝐁𝐫𝐢𝐝𝐚𝐥 𝐁𝐨𝐮𝐭𝐢𝐪𝐮𝐞𝐬⊹:⠀⁣⁣⁣⁣⁣⁣⁣⁣⁣⁣⁣⁣⁣⁣⁣
- Love Story
- Malena Bridal Haute Couture
- Leia Weddings⁣⁣⁣⁣⁣⁣⁣⁣⁣⁣⁣⁣⁣⁣⁣⁣⁣⁣⁣
⁣⁣⁣⁣⁣⁣⁣
*T&C apply.",https://t.me/blissfulbrides/449
blissfulbrides,2021-03-05T03:49:32+00:00,[],[],448,,,https://t.me/blissfulbrides/448
blissfulbrides,2021-03-05T03:48:51+00:00,[],[],447,,"🗣
POLL OF THE WEEK
🗣
Introducing
✨
Poll of the week
✨
where we will be launching a new poll every week to engage all our followers and hopefully help all couples plan your wedding better
💖
So, let's kickstart with our first poll!",https://t.me/blissfulbrides/447
blissfulbrides,2021-01-17T05:02:18+00:00,[],"[""https://fb.watch/33vABZFw7M/"", ""https://bit.ly/390Pan9"", ""https://bit.ly/3oOzkmg"", ""https://bit.ly/2LRXKwc"", ""https://bit.ly/38Eof1l"", ""https://bit.ly/35CaBcY"", ""https://bit.ly/3oUANqQ"", ""https://bit.ly/3qkvEcc"", ""https://bit.ly/3i7PG6Q"", ""https://bit.ly/3bKLbxE"", ""http://ambershots.co/"", ""https://bit.ly/3nH3aYu"", ""https://bit.ly/39pV0OY"", ""https://bit.ly/3oMaEur"", ""https://bit.ly/39uEygq"", ""https://bit.ly/35Gq5Nn"", ""https://bit.ly/3ib6l9o"", ""https://bit.ly/3nKYpwP""]",446,,"https://fb.watch/33vABZFw7M/
『 The Start of Forever 』It's day 2 of our Blissful Online Wedding Show and our last day as well! Increase your chance of winning at our FB Live Online Instant Lucky Draw and Finale Draw by meeting the vendors earlier because those who aren't picked will get a rollover chance on the next available draw. We will see you around!
📣
IMPORTANT
To qualify for the FB Live Online Instant Lucky Draw and Finale Draw, do request for the participation form from the vendors you have met.
✨
Today's lineup:
✨
- Vendor showcases (1pm - 2pm)
- Timed sales (2pm, 3pm, 4pm, 5pm)
- Lucky draws (3.30pm & 7pm)
✨
Event promotions:
✨
1) Earn up to $100 cashback & stand to win at our 60k Grand Draw when you pay with Blissful Pay*
2) Vote for your favourite ballroom to win attractive prizes
3) Redeem your goodie bag* worth $50 when you RSVP & chat with a vendor via Zoom/ Live Chat or make a physical appointment!
RSVP now and speak with 1 vendor and stand a chance to win from our lucky draw* + a complimentary goodie bag* worth $50
👉
https://bit.ly/390Pan9
⊹𝐅𝐞𝐚𝐭𝐮𝐫𝐞𝐝 𝐕𝐞𝐧𝐮𝐞𝐬⊹:⠀⁣⁣⁣⁣⁣⁣⁣⁣⁣⁣⁣⁣⁣⁣⁣⁣⁣⁣
- JEN Singapore Tanglin by Shangri-La:
https://bit.ly/3oOzkmg
- Grand Copthorne Waterfront Hotel:
https://bit.ly/2LRXKwc
- Novotel Singapore on Stevens:
https://bit.ly/38Eof1l
- PARKROYAL on Kitchener Road, Singapore:
https://bit.ly/35CaBcY
- Regent Singapore:
https://bit.ly/3oUANqQ
- Shangri-La Hotel, Singapore:
https://bit.ly/3qkvEcc
- Shangri-La's Rasa Sentosa Resort & Spa:
https://bit.ly/3i7PG6Q
- Village Hotels & Residences (Village Hotel Changi)⁣:
https://bit.ly/3bKLbxE
⁣
⊹𝐅𝐞𝐚𝐭𝐮𝐫𝐞𝐝 𝐏𝐡𝐨𝐭𝐨𝐠𝐫𝐚𝐩𝐡𝐞𝐫𝐬/𝐕𝐢𝐝𝐞𝐨𝐠𝐫𝐚𝐩𝐡𝐞𝐫𝐬⊹:⁣
-
ambershots.co
:
https://bit.ly/3nH3aYu
⊹𝐅𝐞𝐚𝐭𝐮𝐫𝐞𝐝 𝐁𝐫𝐢𝐝𝐚𝐥 𝐁𝐨𝐮𝐭𝐢𝐪𝐮𝐞𝐬⊹:⠀⁣⁣⁣⁣⁣⁣⁣⁣⁣⁣⁣⁣⁣⁣⁣
- Yvonne Creative Bridal:
https://bit.ly/39pV0OY
⊹𝐅𝐞𝐚𝐭𝐮𝐫𝐞𝐝 𝐖𝐞𝐝𝐝𝐢𝐧𝐠 𝐄𝐬𝐬𝐞𝐧𝐭𝐢𝐚𝐥𝐬⊹:
- SG Wedding DJ:
https://bit.ly/3oMaEur
- Rio Diamonds:
https://bit.ly/39uEygq
- The Chinese Wedding Shop:
https://bit.ly/35Gq5Nn
- Jerald Foo:
https://bit.ly/3ib6l9o
- Four Star Mattress:
https://bit.ly/3nKYpwP
*T&C apply",https://t.me/blissfulbrides/446
blissfulbrides,2021-01-16T05:04:01+00:00,[],"[""https://www.facebook.com/watch/live/?v=436339014076138&ref=watch_permalink"", ""http://www.bowsonline.blissfulbrides.sg/"", ""https://bit.ly/3oOzkmg"", ""https://bit.ly/2LRXKwc"", ""https://bit.ly/38Eof1l"", ""https://bit.ly/35CaBcY"", ""https://bit.ly/3oUANqQ"", ""https://bit.ly/3qkvEcc"", ""https://bit.ly/3i7PG6Q"", ""https://bit.ly/3bKLbxE"", ""http://ambershots.co/"", ""https://bit.ly/3nH3aYu"", ""https://bit.ly/39pV0OY"", ""https://bit.ly/3oMaEur"", ""https://bit.ly/39uEygq"", ""https://bit.ly/35Gq5Nn"", ""https://bit.ly/3ib6l9o"", ""https://bit.ly/3nKYpwP""]",445,,"https://www.facebook.com/watch/live/?v=436339014076138&ref=watch_permalink
We are live now! Day 1 of our Blissful Online Wedding Show officially starts now!
✨
Event highlights:
✨
⁣
- Vendor showcases⁣ (1pm - 2pm)
- Timed sales⁣(2pm, 3pm, 4pm, 5pm)
- FB Live lucky draws⁣ (3.30pm & 7pm)
- Real-time virtual ""walk-in"" consultations via Zoom/ Live Chat⁣ OR physical appointment
✨
Event promotions:
✨
- Vote for your favourite ballroom & stand a chance to win an attractive prize
- Earn instant cashback* of up to $100 for online purchases made via Blissful Pay during the show⁣⁣⁣⁣ ⠀⁣
- Stand to win from our 𝗕𝗹𝗶𝘀𝘀𝗳𝘂𝗹 𝗣𝗮𝘆 $𝟲𝟬,𝟬𝟬𝟬 𝗚𝗿𝗮𝗻𝗱 𝗗𝗿𝗮𝘄
➡️
www.bowsonline.blissfulbrides.sg
⊹𝐅𝐞𝐚𝐭𝐮𝐫𝐞𝐝 𝐕𝐞𝐧𝐮𝐞𝐬⊹:⠀⁣⁣⁣⁣⁣⁣⁣⁣⁣⁣⁣⁣⁣⁣⁣⁣⁣⁣
- JEN Singapore Tanglin by Shangri-La:
https://bit.ly/3oOzkmg
- Grand Copthorne Waterfront Hotel:
https://bit.ly/2LRXKwc
- Novotel Singapore on Stevens:
https://bit.ly/38Eof1l
- PARKROYAL on Kitchener Road, Singapore:
https://bit.ly/35CaBcY
- Regent Singapore:
https://bit.ly/3oUANqQ
- Shangri-La Hotel, Singapore:
https://bit.ly/3qkvEcc
- Shangri-La's Rasa Sentosa Resort & Spa:
https://bit.ly/3i7PG6Q
- Village Hotel Changi⁣:
https://bit.ly/3bKLbxE
⁣
⊹𝐅𝐞𝐚𝐭𝐮𝐫𝐞𝐝 𝐏𝐡𝐨𝐭𝐨𝐠𝐫𝐚𝐩𝐡𝐞𝐫𝐬/𝐕𝐢𝐝𝐞𝐨𝐠𝐫𝐚𝐩𝐡𝐞𝐫𝐬⊹:⁣
-
ambershots.co
:
https://bit.ly/3nH3aYu
⊹𝐅𝐞𝐚𝐭𝐮𝐫𝐞𝐝 𝐁𝐫𝐢𝐝𝐚𝐥 𝐁𝐨𝐮𝐭𝐢𝐪𝐮𝐞𝐬⊹:⠀⁣⁣⁣⁣⁣⁣⁣⁣⁣⁣⁣⁣⁣⁣⁣
- Yvonne Creative Bridal:
https://bit.ly/39pV0OY
⊹𝐅𝐞𝐚𝐭𝐮𝐫𝐞𝐝 𝐖𝐞𝐝𝐝𝐢𝐧𝐠 𝐄𝐬𝐬𝐞𝐧𝐭𝐢𝐚𝐥𝐬⊹:
- SG Wedding DJ:
https://bit.ly/3oMaEur
- Rio Diamonds:
https://bit.ly/39uEygq
- The Chinese Wedding Shop:
https://bit.ly/35Gq5Nn
- Jerald Foo:
https://bit.ly/3ib6l9o
- Four Star Mattress:
https://bit.ly/3nKYpwP
⁣⁣⁣⁣⁣⁣⁣
T&C apply",https://t.me/blissfulbrides/445
blissfulbrides,2021-01-15T13:01:54+00:00,[],"[""https://bit.ly/3oOzkmg"", ""https://bit.ly/2LRXKwc"", ""https://bit.ly/38Eof1l"", ""https://bit.ly/35CaBcY"", ""https://bit.ly/3oUANqQ"", ""https://bit.ly/3qkvEcc"", ""https://bit.ly/3i7PG6Q"", ""https://bit.ly/3bKLbxE"", ""http://ambershots.co/"", ""https://bit.ly/3nH3aYu"", ""https://bit.ly/39pV0OY"", ""https://bit.ly/3oMaEur"", ""https://bit.ly/39uEygq"", ""https://bit.ly/35Gq5Nn"", ""https://bit.ly/3ib6l9o"", ""https://bit.ly/3nKYpwP""]",444,,"⊹𝐅𝐞𝐚𝐭𝐮𝐫𝐞𝐝 𝐕𝐞𝐧𝐮𝐞𝐬⊹:⠀⁣⁣⁣⁣⁣⁣⁣⁣⁣⁣⁣⁣⁣⁣⁣⁣⁣⁣
- JEN Singapore Tanglin by Shangri-La:
https://bit.ly/3oOzkmg
- Grand Copthorne Waterfront Hotel:
https://bit.ly/2LRXKwc
- Novotel Singapore on Stevens:
https://bit.ly/38Eof1l
- PARKROYAL on Kitchener Road, Singapore:
https://bit.ly/35CaBcY
- Regent Singapore:
https://bit.ly/3oUANqQ
- Shangri-La Hotel, Singapore:
https://bit.ly/3qkvEcc
- Shangri-La's Rasa Sentosa Resort & Spa:
https://bit.ly/3i7PG6Q
- Village Hotel Changi⁣:
https://bit.ly/3bKLbxE
⁣
⊹𝐅𝐞𝐚𝐭𝐮𝐫𝐞𝐝 𝐏𝐡𝐨𝐭𝐨𝐠𝐫𝐚𝐩𝐡𝐞𝐫𝐬/𝐕𝐢𝐝𝐞𝐨𝐠𝐫𝐚𝐩𝐡𝐞𝐫𝐬⊹:⁣
-
ambershots.co
:
https://bit.ly/3nH3aYu
⊹𝐅𝐞𝐚𝐭𝐮𝐫𝐞𝐝 𝐁𝐫𝐢𝐝𝐚𝐥 𝐁𝐨𝐮𝐭𝐢𝐪𝐮𝐞𝐬⊹:⠀⁣⁣⁣⁣⁣⁣⁣⁣⁣⁣⁣⁣⁣⁣⁣
- Yvonne Creative Bridal:
https://bit.ly/39pV0OY
⊹𝐅𝐞𝐚𝐭𝐮𝐫𝐞𝐝 𝐖𝐞𝐝𝐝𝐢𝐧𝐠 𝐄𝐬𝐬𝐞𝐧𝐭𝐢𝐚𝐥𝐬⊹:
- SG Wedding DJ:
https://bit.ly/3oMaEur
- Rio Diamonds:
https://bit.ly/39uEygq
- The Chinese Wedding Shop:
https://bit.ly/35Gq5Nn
- Jerald Foo:
https://bit.ly/3ib6l9o
- Four Star Mattress:
https://bit.ly/3nKYpwP
⁣⁣⁣⁣⁣⁣⁣
T&C apply",https://t.me/blissfulbrides/444
blissfulbrides,2021-01-14T10:55:34+00:00,[],"[""https://bit.ly/390Pan9"", ""https://bit.ly/3oOzkmg"", ""https://bit.ly/2LRXKwc"", ""https://bit.ly/38Eof1l"", ""https://bit.ly/35CaBcY"", ""https://bit.ly/3oUANqQ"", ""https://bit.ly/3qkvEcc"", ""https://bit.ly/3i7PG6Q"", ""https://bit.ly/3bKLbxE"", ""http://ambershots.co/"", ""https://bit.ly/3nH3aYu"", ""https://bit.ly/39pV0OY"", ""https://bit.ly/3oMaEur"", ""https://bit.ly/39uEygq"", ""https://bit.ly/35Gq5Nn"", ""https://bit.ly/3ib6l9o"", ""https://bit.ly/3oJP3CP""]",443,,"『 The Start of Forever 』Our timed sale at a glance! Make a purchase with the vendors at the respective timing to enjoy perks on perks! Limited time only
⏱
For more information, head on to
https://bit.ly/390Pan9
to find out more.
✨
IMPORTANT
✨
To qualify for the FB Live Online Instant Lucky Draws & Finale Draw, do request for the participation form from the vendors you have met!
⊹𝐅𝐞𝐚𝐭𝐮𝐫𝐞𝐝 𝐕𝐞𝐧𝐮𝐞𝐬⊹:⠀⁣⁣⁣⁣⁣⁣⁣⁣⁣⁣⁣⁣⁣⁣⁣⁣⁣⁣
- JEN Singapore Tanglin by Shangri-La:
https://bit.ly/3oOzkmg
- Grand Copthorne Waterfront Hotel:
https://bit.ly/2LRXKwc
- Novotel Singapore on Stevens:
https://bit.ly/38Eof1l
- PARKROYAL on Kitchener Road, Singapore:
https://bit.ly/35CaBcY
- Regent Singapore:
https://bit.ly/3oUANqQ
- Shangri-La Hotel, Singapore:
https://bit.ly/3qkvEcc
- Shangri-La's Rasa Sentosa Resort & Spa:
https://bit.ly/3i7PG6Q
- Village Hotel Changi:
https://bit.ly/3bKLbxE
⁣
⊹𝐅𝐞𝐚𝐭𝐮𝐫𝐞𝐝 𝐏𝐡𝐨𝐭𝐨𝐠𝐫𝐚𝐩𝐡𝐞𝐫𝐬/𝐕𝐢𝐝𝐞𝐨𝐠𝐫𝐚𝐩𝐡𝐞𝐫𝐬⊹:⁣
-
ambershots.co
:
https://bit.ly/3nH3aYu
⊹𝐅𝐞𝐚𝐭𝐮𝐫𝐞𝐝 𝐁𝐫𝐢𝐝𝐚𝐥 𝐁𝐨𝐮𝐭𝐢𝐪𝐮𝐞𝐬⊹:⠀⁣⁣⁣⁣⁣⁣⁣⁣⁣⁣⁣⁣⁣⁣⁣
- Yvonne Creative Bridal:
https://bit.ly/39pV0OY
⊹𝐅𝐞𝐚𝐭𝐮𝐫𝐞𝐝 𝐖𝐞𝐝𝐝𝐢𝐧𝐠 𝐄𝐬𝐬𝐞𝐧𝐭𝐢𝐚𝐥𝐬⊹:
- SG Wedding DJ:
https://bit.ly/3oMaEur
- Rio Diamonds:
https://bit.ly/39uEygq
- The Chinese Wedding Shop:
https://bit.ly/35Gq5Nn
- Jerald Foo:
https://bit.ly/3ib6l9o
- Four Star Mattress:
https://bit.ly/3oJP3CP
⁣⁣⁣⁣⁣⁣⁣⁣⁣⁣⁣⁣⁣⁣⁣⁣⁣⁣⁣
⁣⁣⁣⁣⁣⁣⁣
*T&C apply.",https://t.me/blissfulbrides/443
blissfulbrides,2021-01-14T10:55:25+00:00,[],[],442,,,https://t.me/blissfulbrides/442
blissfulbrides,2021-01-12T12:02:42+00:00,[],"[""https://www.facebook.com/118928564797128/posts/3771664659523482/?d=n"", ""http://www.bowsonline.blissfulbrides.sg/""]",441,,"https://www.facebook.com/118928564797128/posts/3771664659523482/?d=n
Win this necklace worth $360 at our Blissful Online Wedding Show! Click to see how to participate!
RSVP at our show now:
www.bowsonline.blissfulbrides.sg",https://t.me/blissfulbrides/441
blissfulbrides,2021-01-10T05:35:13+00:00,[],"[""http://bit.ly/jwloveinfullbloom""]",440,,"JW Marriott Singapore South Beach presents Your Intimate Stellar Wedding – Love in Full Bloom, an appointment-only showcase on 30 January 2021.
Book your appointment today at
bit.ly/jwloveinfullbloom",https://t.me/blissfulbrides/440
blissfulbrides,2021-01-09T04:10:06+00:00,[],"[""https://www.instagram.com/p/CJx8dXznjsp/?igshid=e4osdymoj6n"", ""http://www.bowsonline.blissfulbrides.sg/"", ""http://ambershots.co/""]",439,,"https://www.instagram.com/p/CJx8dXznjsp/?igshid=e4osdymoj6n
『 The Start of Forever 』Got your eye on a venue? Secure it at exclusive rates only available at our wedding show!
Join us at BOWS on 16th & 17th Jan 2021, 1pm - 6pm
✨
🎁
RSVP now and speak with 1 vendor and stand a chance to win from our online lucky draws* + a complimentary goodie bag* worth $50
👉
www.bowsonline.blissfulbrides.sg
⊹𝐅𝐞𝐚𝐭𝐮𝐫𝐞𝐝 𝐕𝐞𝐧𝐮𝐞𝐬⊹:⠀⁣⁣⁣⁣⁣⁣⁣⁣⁣⁣⁣⁣⁣⁣⁣⁣⁣⁣
- JEN Singapore Tanglin by Shangri-La
- Grand Copthorne Waterfront Hotel
- Novotel Singapore on Stevens
- PARKROYAL on Kitchener Road, Singapore
- Regent Singapore
- Shangri-La Hotel, Singapore
- Shangri-La's Rasa Sentosa Resort & Spa
- Village Hotel Changi
⁣
⊹𝐅𝐞𝐚𝐭𝐮𝐫𝐞𝐝 𝐏𝐡𝐨𝐭𝐨𝐠𝐫𝐚𝐩𝐡𝐞𝐫𝐬/𝐕𝐢𝐝𝐞𝐨𝐠𝐫𝐚𝐩𝐡𝐞𝐫𝐬⊹:⁣
-
ambershots.co
⊹𝐅𝐞𝐚𝐭𝐮𝐫𝐞𝐝 𝐁𝐫𝐢𝐝𝐚𝐥 𝐁𝐨𝐮𝐭𝐢𝐪𝐮𝐞𝐬⊹:⠀⁣⁣⁣⁣⁣⁣⁣⁣⁣⁣⁣⁣⁣⁣⁣
- Yvonne Creative Bridal
⊹𝐅𝐞𝐚𝐭𝐮𝐫𝐞𝐝 𝐖𝐞𝐝𝐝𝐢𝐧𝐠 𝐄𝐬𝐬𝐞𝐧𝐭𝐢𝐚𝐥𝐬⊹:
- SG Wedding DJ
- Rio Diamonds
- The Chinese Wedding Shop
- Jerald Foo
⊹𝗔𝗱𝗱𝗶𝘁𝗶𝗼𝗻𝗮𝗹 𝗣𝗲𝗿𝗸𝘀!⊹⁣⁣⁣⁣⁣⁣⁣⁣⁣⁣⁣⁣⁣⁣⁣⁣⁣⁣⁣⁣⁣⁣⁣
• Make a purchase & stand to win $500 AND/OR a staycation/F&B/wedding-related voucher⁣⁣⁣⁣⁣⁣⁣⁣⁣⁣⁣⁣⁣⁣⁣ during our Instant and Finale Lucky Draw⁣⁣s⁣⁣⁣⁣⁣⁣⁣
• Receive additional perks from vendors at our time sale on event day⁣⁣⁣⁣⁣⁣⁣⁣⁣
• Earn instant cashback* of up to $100 for online purchases made via Blissful Pay during the show⁣⁣⁣⁣ ⠀⁣⁣⁣⁣⁣⁣⁣⁣⁣⁣⁣⁣⁣⁣⁣⁣⁣⁣⁣⁣⁣⁣⁣
• Stand to win from our 𝗕𝗹𝗶𝘀𝘀𝗳𝘂𝗹 𝗣𝗮𝘆 $𝟲𝟬,𝟬𝟬𝟬 𝗚𝗿𝗮𝗻𝗱 𝗗𝗿𝗮𝘄
*T&C apply. While stocks last.",https://t.me/blissfulbrides/439
blissfulbrides,2021-01-08T13:00:14+00:00,[],[],438,,"Tropical Weddings By The Sea
Picture your wedding with the waves as your march-in song, the sunset as your backdrop and views of the South China Sea to add to the romantic ambiance.
This picture can turn into reality at
Shangri-La's Rasa Sentosa Resort & Spa
, the only beachfront resort in Singapore. Join them at their wedding showcase to experience the idyllic venues with our wedding specialists and discover how we can help you embark on the enchanting journey of
your perfect nuptial.
Shangri-La's Rasa Sentosa Resort & Spa Wedding Showcase
Saturday, 23 January 2021 and Sunday, 24 January 2021
12pm to 6pm
Strictly by appointment only.
Please email weddings.sen@shangri-la.com or call 6371 2985 to reserve your slot.",https://t.me/blissfulbrides/438
blissfulbrides,2020-12-30T10:48:13+00:00,[],[],437,,"Blissful Brides
pinned a photo",https://t.me/blissfulbrides/437
blissfulbrides,2020-12-30T10:46:54+00:00,[],"[""http://www.bowsonline.blissfulbrides.sg/"", ""http://ambershots.co/""]",436,,"『 The Start of Forever 』Kickstart 2021 & your wedding journey with excitingly sweet deals prepared just for you!
🎁
RSVP now and speak with 1 vendor and stand a chance to win from our online lucky draws* + a complimentary goodie bag*
👉
www.bowsonline.blissfulbrides.sg
⊹𝐅𝐞𝐚𝐭𝐮𝐫𝐞𝐝 𝐕𝐞𝐧𝐮𝐞𝐬⊹:⠀⁣⁣⁣⁣⁣⁣⁣⁣⁣⁣⁣⁣⁣⁣⁣⁣⁣
- JEN Singapore Tanglin by Shangri-La
- Grand Copthorne Waterfront Hotel
- Novotel Singapore on Stevens
- PARKROYAL on Kitchener Road, Singapore
- Regent Singapore
- Shangri-La Hotel, Singapore
- Shangri-La's Rasa Sentosa Resort & Spa
- Village Hotel Changi
⊹𝐅𝐞𝐚𝐭𝐮𝐫𝐞𝐝 𝐏𝐡𝐨𝐭𝐨𝐠𝐫𝐚𝐩𝐡𝐞𝐫𝐬/𝐕𝐢𝐝𝐞𝐨𝐠𝐫𝐚𝐩𝐡𝐞𝐫𝐬⊹:
-
ambershots.co
⊹𝐅𝐞𝐚𝐭𝐮𝐫𝐞𝐝 𝐁𝐫𝐢𝐝𝐚𝐥 𝐁𝐨𝐮𝐭𝐢𝐪𝐮𝐞𝐬⊹:⠀⁣⁣⁣⁣⁣⁣⁣⁣⁣⁣⁣⁣⁣⁣⁣
- Yvonne Creative Bridal
⊹𝐅𝐞𝐚𝐭𝐮𝐫𝐞𝐝 𝐖𝐞𝐝𝐝𝐢𝐧𝐠 𝐄𝐬𝐬𝐞𝐧𝐭𝐢𝐚𝐥𝐬⊹:⠀⁣⁣⁣⁣⁣⁣⁣⁣⁣⁣⁣⁣
- Rio Diamonds
- SG Wedding DJ
- Jerald Foo
- The Chinese Wedding Shop
... and more! Watch this space as more details will be announced soon.
😉
*T&C apply",https://t.me/blissfulbrides/436
blissfulbrides,2020-12-15T06:17:11+00:00,[],"[""https://www.blissfulbrides.sg/event-detail/555/legacy-of-love-wedding-showcase"", ""https://singapore.intercontinental.com/legacy-love-wedding-showcase""]",434,,"Your legacy of love begins with InterContinental Singapore.
InterContinental Singapore presents Legacy of Love, a wedding showcase on
3 January 2021
. Celebrate your most memorable day in luxury and select from their range of elegant venues including the spacious six-metre high pillar-less Grand Ballroom, the refined Presidential Suite with stunning city views from floor-to-ceiling windows, and exclusive private dining spaces for intimate occasions.
Benefits include
10% savings
on wedding packages, complimentary room stays and more.
RSVP here:
https://www.blissfulbrides.sg/event-detail/555/legacy-of-love-wedding-showcase
For more information, please email us at sinhb.weddings@ihg.com, call InterContinental Singapore at +65 6825 1181 or visit us at
https://singapore.intercontinental.com/legacy-love-wedding-showcase
.",https://t.me/blissfulbrides/434
blissfulbrides,2020-12-14T06:18:27+00:00,[],[],433,,"Blissful Brides
pinned a photo",https://t.me/blissfulbrides/433
blissfulbrides,2020-12-14T06:18:24+00:00,[],"[""http://www.bowsonline.blissfulbrides.sg/"", ""https://www.blissfulbrides.sg/blissfulpay""]",432,,"『 To New Adventures 』Thank you for supporting us in To New Adventures!
💕
If you missed out on your chance to secure your dream vendor, we're extending the promotions till 20th December 2020.
➡️
View the deals here:
www.bowsonline.blissfulbrides.sg
✨
Pay via Blissful Pay at
https://www.blissfulbrides.sg/blissfulpay
& earn credit card rewards, prizes & a chance to win back your spendings from our $60,000 Grand Draw!",https://t.me/blissfulbrides/432
blissfulbrides,2020-12-06T05:08:55+00:00,[],"[""https://www.facebook.com/blissfulbrides/videos/792070544706549"", ""https://bit.ly/3nFRzt7"", ""https://bit.ly/39zZm7I"", ""https://bit.ly/2VsnWiz"", ""https://bit.ly/3ojuuMU"", ""https://bit.ly/3oi0GjL"", ""https://bit.ly/3g4okh2"", ""https://bit.ly/3qoKqPJ"", ""https://bit.ly/2JGEroA"", ""https://bit.ly/2I4FBdj"", ""https://bit.ly/3mAW08b"", ""https://bit.ly/3ga2SqU"", ""https://bit.ly/3lFRVi0"", ""https://bit.ly/2JkZxt9"", ""https://bit.ly/33FVWMW"", ""https://bit.ly/2Jlnn85"", ""https://bit.ly/3qwgrp9"", ""https://bit.ly/2Vx7tde"", ""https://bit.ly/3oiBUA9"", ""https://bit.ly/3fZJhtm"", ""https://bit.ly/3mDbCbl"", ""https://bit.ly/33CXcRa"", ""https://bit.ly/3qhSkdX"", ""https://bit.ly/3g99CFl""]",431,,"https://www.facebook.com/blissfulbrides/videos/792070544706549
To New Adventures 』It's day 2 of our Blissful Online Wedding Show and our last day as well! Increase your chance of winning at our FB Live Online Instant Lucky Draw and Finale Draw by meeting the vendors earlier because those who aren't picked will get a rollover chance on the next available draw. We will see you around!
✨
IMPORTANT
✨
To qualify for the FB Live Online Instant Lucky Draw and Finale Draw, do request for the participation form from the vendors you have met.
✨
Today's lineup:
✨
- Vendor showcases (1pm - 2pm)
- Timed sales (2pm, 3pm, 4pm, 5pm)
- Lucky draws (3.30pm & 7pm)
✨
Event promotions:
✨
1) Earn up to 3.3% cashback & stand to win at our 60k Grand Draw when you pay with Blissful Pay*
2) Vote for your favourite ballroom to win attractive prizes
3) Redeem your goodie bag* worth $70 when you RSVP & chat with a vendor via Zoom or Live Chat!
RSVP now and speak with 1 vendor and stand a chance to win from our lucky draw* + a complimentary goodie bag* worth $70
👉
https://bit.ly/3nFRzt7
⊹𝐅𝐞𝐚𝐭𝐮𝐫𝐞𝐝 𝐕𝐞𝐧𝐮𝐞𝐬⊹:⠀⁣⁣⁣⁣⁣⁣⁣⁣⁣⁣⁣⁣⁣⁣⁣⁣⁣
- Novotel Singapore on Stevens:
https://bit.ly/39zZm7I
- Regent Singapore:
https://bit.ly/2VsnWiz
- Shangri-La Hotel, Singapore:
https://bit.ly/3ojuuMU
- JEN Singapore Tanglin by Shangri-La: ⁣⁣⁣
https://bit.ly/3oi0GjL
- Shangri-La's Rasa Sentosa Resort & Spa: ⁣⁣⁣
https://bit.ly/3g4okh2
- Village Hotel Changi⁣⁣⁣:
https://bit.ly/3qoKqPJ
- One Farrer Hotel:
https://bit.ly/2JGEroA
- PARKROYAL on Kitchener Road, Singapore:
https://bit.ly/2I4FBdj
- Holiday Inn Singapore Orchard City Centre:
https://bit.ly/3mAW08b
- Peninsula.Excelsior Hotel, Singapore:
https://bit.ly/3ga2SqU
- Four Points by Sheraton Singapore, Riverview: ⁣⁣⁣
https://bit.ly/3lFRVi0
- One Faber Group:
https://bit.ly/2JkZxt9
- Orchard Hotel Singapore: ⁣⁣⁣
https://bit.ly/33FVWMW
- Downtown East:
https://bit.ly/2Jlnn85
- XY Hotel Bugis:
https://bit.ly/3qwgrp9
⁣
⊹𝐅𝐞𝐚𝐭𝐮𝐫𝐞𝐝 𝐁𝐫𝐢𝐝𝐚𝐥 𝐁𝐨𝐮𝐭𝐢𝐪𝐮𝐞𝐬⊹:⠀⁣⁣⁣⁣⁣⁣⁣⁣⁣⁣⁣⁣⁣⁣⁣
- The Moment Bridal Boutique: ⁣
https://bit.ly/2Vx7tde
- Yvonne Creative Bridal:
https://bit.ly/3oiBUA9
⁣⁣⁣
⊹𝐅𝐞𝐚𝐭𝐮𝐫𝐞𝐝 𝐖𝐞𝐝𝐝𝐢𝐧𝐠 𝐄𝐬𝐬𝐞𝐧𝐭𝐢𝐚𝐥𝐬⊹:⠀⁣⁣⁣⁣⁣⁣⁣⁣⁣⁣⁣⁣
- Carat 55:
https://bit.ly/3fZJhtm
- The Chinese Wedding Shop: ⁣⁣⁣
https://bit.ly/3mDbCbl
- Heaven's Gift - Special Events Design and Consultancy:
https://bit.ly/33CXcRa
- Jerald Foo:
https://bit.ly/3qhSkdX
- The Pine Garden:
https://bit.ly/3g99CFl
⁣⁣⁣⁣⁣
*T&C apply",https://t.me/blissfulbrides/431
blissfulbrides,2020-12-05T05:20:01+00:00,[],"[""https://www.facebook.com/blissfulbrides/videos/3481130415269616"", ""https://bit.ly/3nFRzt7"", ""https://bit.ly/39zZm7I"", ""https://bit.ly/2VsnWiz"", ""https://bit.ly/3ojuuMU"", ""https://bit.ly/3oi0GjL"", ""https://bit.ly/3g4okh2"", ""https://bit.ly/3qoKqPJ"", ""https://bit.ly/2JGEroA"", ""https://bit.ly/2I4FBdj"", ""https://bit.ly/3mAW08b"", ""https://bit.ly/3ga2SqU"", ""https://bit.ly/3lFRVi0"", ""https://bit.ly/2JkZxt9"", ""https://bit.ly/33FVWMW"", ""https://bit.ly/2Jlnn85"", ""https://bit.ly/3qwgrp9"", ""https://bit.ly/2Vx7tde"", ""https://bit.ly/3oiBUA9"", ""https://bit.ly/3fZJhtm"", ""https://bit.ly/3mDbCbl"", ""https://bit.ly/33CXcRa"", ""https://bit.ly/3qhSkdX"", ""https://bit.ly/3g99CFl""]",430,,"https://www.facebook.com/blissfulbrides/videos/3481130415269616
WE ARE LIVE NOW!
RSVP now and speak with 1 vendor and stand a chance to win from our lucky draw* + a complimentary goodie bag* worth $70!⁣
👉
https://bit.ly/3nFRzt7
⁣
✨
Event highlights:
✨
⁣
- Vendor showcases⁣
- Timed sales⁣
- FB Live lucky draws⁣
- Real-time virtual ""walk-in"" consultations via Zoom or Live Chat⁣
⁣
✨
Event promotions:
✨
⁣
- Vote for your favourite ballroom & stand a chance to win an attractive prize⁣
- Earn instant cashback* of 3.3% for online purchases made via Blissful Pay during the show⁣⁣⁣⁣ ⠀⁣⁣
- Stand to win from our 𝗕𝗹𝗶𝘀𝘀𝗳𝘂𝗹 𝗣𝗮𝘆 $𝟲𝟬,𝟬𝟬𝟬 𝗚𝗿𝗮𝗻𝗱 𝗗𝗿𝗮𝘄⁣
⁣
P.S. All vendors are available for virtual consultations via Zoom or Live Chat from 1pm - 6pm.⁣
⊹𝐅𝐞𝐚𝐭𝐮𝐫𝐞𝐝 𝐕𝐞𝐧𝐮𝐞𝐬⊹:⠀⁣⁣⁣⁣⁣⁣⁣⁣⁣⁣⁣⁣⁣⁣⁣⁣⁣
- Novotel Singapore on Stevens:
https://bit.ly/39zZm7I
- Regent Singapore:
https://bit.ly/2VsnWiz
- Shangri-La Hotel, Singapore:
https://bit.ly/3ojuuMU
- JEN Singapore Tanglin by Shangri-La: ⁣⁣⁣
https://bit.ly/3oi0GjL
- Shangri-La's Rasa Sentosa Resort & Spa: ⁣⁣⁣
https://bit.ly/3g4okh2
- Village Hotel Changi⁣⁣⁣:
https://bit.ly/3qoKqPJ
- One Farrer Hotel:
https://bit.ly/2JGEroA
- PARKROYAL on Kitchener Road, Singapore:
https://bit.ly/2I4FBdj
- Holiday Inn Singapore Orchard City Centre:
https://bit.ly/3mAW08b
- Peninsula Excelsior Hotel, Singapore:
https://bit.ly/3ga2SqU
- Four Points by Sheraton Singapore, Riverview: ⁣⁣⁣
https://bit.ly/3lFRVi0
- One Faber Group:
https://bit.ly/2JkZxt9
- Orchard Hotel Singapore: ⁣⁣⁣
https://bit.ly/33FVWMW
- Downtown East:
https://bit.ly/2Jlnn85
- XY Hotel Bugis:
https://bit.ly/3qwgrp9
⁣
⊹𝐅𝐞𝐚𝐭𝐮𝐫𝐞𝐝 𝐁𝐫𝐢𝐝𝐚𝐥 𝐁𝐨𝐮𝐭𝐢𝐪𝐮𝐞𝐬⊹:⠀⁣⁣⁣⁣⁣⁣⁣⁣⁣⁣⁣⁣⁣⁣⁣
- The Moment Bridal Boutique:  ⁣
https://bit.ly/2Vx7tde
- Yvonne Creative Bridal:
https://bit.ly/3oiBUA9
⁣⁣⁣
⊹𝐅𝐞𝐚𝐭𝐮𝐫𝐞𝐝 𝐖𝐞𝐝𝐝𝐢𝐧𝐠 𝐄𝐬𝐬𝐞𝐧𝐭𝐢𝐚𝐥𝐬⊹:⠀⁣⁣⁣⁣⁣⁣⁣⁣⁣⁣⁣⁣
- Carat 55:
https://bit.ly/3fZJhtm
- The Chinese Wedding Shop: ⁣⁣⁣
https://bit.ly/3mDbCbl
- Heaven's Gift - Special Events Design and Consultancy:
https://bit.ly/33CXcRa
- Jerald Foo:
https://bit.ly/3qhSkdX
- The Pine Garden:
https://bit.ly/3g99CFl
⊹𝗔𝗱𝗱𝗶𝘁𝗶𝗼𝗻𝗮𝗹 𝗣𝗲𝗿𝗸𝘀!⊹⁣⁣⁣⁣⁣⁣⁣⁣⁣⁣⁣⁣⁣⁣⁣⁣⁣⁣⁣⁣⁣
• Make a purchase & stand to win $500 AND/OR a staycation/F&B/wedding-related voucher⁣⁣⁣⁣⁣⁣⁣⁣⁣⁣⁣⁣⁣⁣⁣ during our online Lucky Draw⁣⁣s⁣⁣⁣⁣⁣
• Receive additional perks from vendors at our time sale on event day⁣⁣⁣⁣⁣⁣⁣
• Earn instant cashback* of up to $100 for online purchases made via Blissful Pay during the show⁣⁣⁣⁣ ⠀⁣⁣⁣⁣⁣⁣⁣⁣⁣⁣⁣⁣⁣⁣⁣⁣⁣⁣⁣⁣⁣
• Stand to win from our 𝗕𝗹𝗶𝘀𝘀𝗳𝘂𝗹 𝗣𝗮𝘆 $𝟲𝟬,𝟬𝟬𝟬 𝗚𝗿𝗮𝗻𝗱 𝗗𝗿𝗮𝘄⁣⁣⁣⁣⁣⁣⁣⁣⁣⁣⁣⁣⁣⁣⁣⁣⁣
⁣⁣⁣⁣⁣
*T&C apply",https://t.me/blissfulbrides/430
blissfulbrides,2020-12-05T03:45:06+00:00,[],"[""https://bit.ly/3g4okh2"", ""https://bowsonline.blissfulbrides.sg/to-new-adventures/shangri-las-rasa-sentosa-resort-spa/"", ""https://bit.ly/38TrG4Q""]",429,,"『 To New Adventures 』
🥳
Great news! Here is a giveaway for all couples out there!
Shangri-La's Rasa Sentosa Resort & Spa is giving away free solemnisation package to 2 lucky winners!
To participate, simply make a 𝗯𝗮𝗻𝗾𝘂𝗲𝘁 & 𝘀𝗼𝗹𝗲𝗺𝗻𝗶𝘀𝗮𝘁𝗶𝗼𝗻 𝗽𝗮𝗰𝗸𝗮𝗴𝗲 purchase with Shangri-La's Rasa Sentosa Resort & Spa during their time sale (5th & 6th Dec, 2pm - 3pm). Bookmark their Zoom link to speak with them:
https://bit.ly/3g4okh2
Visit
https://bowsonline.blissfulbrides.sg/to-new-adventures/shangri-las-rasa-sentosa-resort-spa/
for more information.
RSVP now and receive a complimentary goodie bag worth $70
👉
https://bit.ly/38TrG4Q
*Winners will be announced on 9th Dec 2020 via Facebook/Instagram.",https://t.me/blissfulbrides/429
blissfulbrides,2020-12-05T03:20:18+00:00,[],"[""http://www.bowsonline.blissfulbrides.sg/""]",428,,"If you're speaking to any of our vendors today, you're certainly qualified for the lucky draws! We've broken down the steps for you, all the best!
Visit
www.bowsonline.blissfulbrides.sg
for more information!",https://t.me/blissfulbrides/428
blissfulbrides,2020-12-04T08:48:32+00:00,[],[],427,,"Blissful Brides
pinned a photo",https://t.me/blissfulbrides/427
blissfulbrides,2020-12-04T08:45:37+00:00,[],"[""https://bit.ly/3nFRzt7"", ""https://bit.ly/39zZm7I"", ""https://bit.ly/2VsnWiz"", ""https://bit.ly/3ojuuMU"", ""https://bit.ly/3oi0GjL"", ""https://bit.ly/3g4okh2"", ""https://bit.ly/3qoKqPJ"", ""https://bit.ly/2JGEroA"", ""https://bit.ly/2I4FBdj"", ""https://bit.ly/3mAW08b"", ""https://bit.ly/3ga2SqU"", ""https://bit.ly/3lFRVi0"", ""https://bit.ly/2JkZxt9"", ""https://bit.ly/33FVWMW"", ""https://bit.ly/2Jlnn85"", ""https://bit.ly/3qwgrp9"", ""https://bit.ly/2Vx7tde"", ""https://bit.ly/3oiBUA9"", ""https://bit.ly/3fZJhtm"", ""https://bit.ly/3mDbCbl"", ""https://bit.ly/33CXcRa"", ""https://bit.ly/3qhSkdX"", ""https://bit.ly/3g99CFl""]",426,,"『 To New Adventures 』Don't miss out on our exclusive vendor promotions, timed sales & lucky draws this weekend!
RSVP & speak with any of our vendors via Zoom to redeem a FREE goodie bag* worth $70! (While stocks last)
👉
https://bit.ly/3nFRzt7
✨
P.S. Enjoy extra perks* when you make payment with Blissful Pay!
- Up to 3.3% cashback
- A chance to win back your spendings at our $60K Grand Draw
- Win attractive prizes worth up to $10,000 eg. staycations, F&B vouchers
- Earn points to redeem rewards online
Check out their Zoom links below
👇
⊹𝐅𝐞𝐚𝐭𝐮𝐫𝐞𝐝 𝐕𝐞𝐧𝐮𝐞𝐬⊹:⠀⁣⁣⁣⁣⁣⁣⁣⁣⁣⁣⁣⁣⁣⁣⁣⁣⁣
- Novotel Singapore on Stevens:
https://bit.ly/39zZm7I
- Regent Singapore:
https://bit.ly/2VsnWiz
- Shangri-La Hotel, Singapore:
https://bit.ly/3ojuuMU
- JEN Singapore Tanglin by Shangri-La: ⁣⁣⁣
https://bit.ly/3oi0GjL
- Shangri-La's Rasa Sentosa Resort & Spa: ⁣⁣⁣
https://bit.ly/3g4okh2
- Village Hotels & Residences (Village Hotel Changi)⁣⁣⁣:
https://bit.ly/3qoKqPJ
- One Farrer Hotel:
https://bit.ly/2JGEroA
- PARKROYAL on Kitchener Road, Singapore:
https://bit.ly/2I4FBdj
- Holiday Inn Singapore Orchard City Centre:
https://bit.ly/3mAW08b
- Peninsula.Excelsior Hotel, Singapore:
https://bit.ly/3ga2SqU
- Four Points by Sheraton Singapore, Riverview: ⁣⁣⁣
https://bit.ly/3lFRVi0
- One Faber Group:
https://bit.ly/2JkZxt9
- Orchard Hotel Singapore: ⁣⁣⁣
https://bit.ly/33FVWMW
- Downtown East:
https://bit.ly/2Jlnn85
- XY Hotel:
https://bit.ly/3qwgrp9
⁣
⊹𝐅𝐞𝐚𝐭𝐮𝐫𝐞𝐝 𝐁𝐫𝐢𝐝𝐚𝐥 𝐁𝐨𝐮𝐭𝐢𝐪𝐮𝐞𝐬⊹:⠀⁣⁣⁣⁣⁣⁣⁣⁣⁣⁣⁣⁣⁣⁣⁣
- The Moment Bridal Boutique:  ⁣
https://bit.ly/2Vx7tde
- Yvonne Creative Bridal:
https://bit.ly/3oiBUA9
⁣⁣⁣
⊹𝐅𝐞𝐚𝐭𝐮𝐫𝐞𝐝 𝐖𝐞𝐝𝐝𝐢𝐧𝐠 𝐄𝐬𝐬𝐞𝐧𝐭𝐢𝐚𝐥𝐬⊹:⠀⁣⁣⁣⁣⁣⁣⁣⁣⁣⁣⁣⁣
- Carat 55:
https://bit.ly/3fZJhtm
- The Chinese Wedding Shop :⁣⁣⁣
https://bit.ly/3mDbCbl
- Heaven's Gift - Special Events Design and Consultancy:
https://bit.ly/33CXcRa
- Jerald Foo:
https://bit.ly/3qhSkdX
- The Pine Garden:
https://bit.ly/3g99CFl
⊹𝗔𝗱𝗱𝗶𝘁𝗶𝗼𝗻𝗮𝗹 𝗣𝗲𝗿𝗸𝘀!⊹⁣⁣⁣⁣⁣⁣⁣⁣⁣⁣⁣⁣⁣⁣⁣⁣⁣⁣⁣⁣⁣
• Make a purchase & stand to win $500 AND/OR a staycation/F&B/wedding-related voucher⁣⁣⁣⁣⁣⁣⁣⁣⁣⁣⁣⁣⁣⁣⁣ during our online Lucky Draw⁣⁣s⁣⁣⁣⁣⁣
• Receive additional perks from vendors at our time sale on event day⁣⁣⁣⁣⁣⁣⁣
• Earn instant cashback* of up to $100 for online purchases made via Blissful Pay during the show⁣⁣⁣⁣ ⠀⁣⁣⁣⁣⁣⁣⁣⁣⁣⁣⁣⁣⁣⁣⁣⁣⁣⁣⁣⁣⁣
• Stand to win from our 𝗕𝗹𝗶𝘀𝘀𝗳𝘂𝗹 𝗣𝗮𝘆 $𝟲𝟬,𝟬𝟬𝟬 𝗚𝗿𝗮𝗻𝗱 𝗗𝗿𝗮𝘄⁣⁣⁣⁣⁣⁣⁣⁣⁣⁣⁣⁣⁣⁣⁣⁣⁣
⁣⁣⁣⁣⁣
*T&C apply.",https://t.me/blissfulbrides/426
blissfulbrides,2020-12-04T07:49:57+00:00,[],"[""http://www.bowsonline.blissfulbrides.sg/""]",425,,"『 To New Adventures 』Make a purchase at the time sale of the respective vendors to enjoy perks on perks! Visit
www.bowsonline.blissfulbrides.sg
for more information.",https://t.me/blissfulbrides/425
blissfulbrides,2020-11-24T05:30:05+00:00,[],"[""https://forms.gle/Zu9sBD8daLUhg69H6""]",424,,"🌴
𝐁𝐥𝐢𝐬𝐬𝐟𝐮𝐥 𝐁𝐫𝐢𝐝𝐞𝐬 𝐱 𝐆𝐫𝐚𝐜𝐞 𝐀𝐭𝐞𝐥𝐢𝐞𝐫 𝐖𝐞𝐝𝐝𝐢𝐧𝐠𝐬
🌴
⁣⁣
Get your hands on these new gowns from award-winning Australian bridal label Zavana Couture!
💃
Simply book your appointment with Grace Atelier Weddings and stand a chance to win back all your spendings in our $60,000 grand draw* and receive cash back* of up to $100
👉
https://forms.gle/Zu9sBD8daLUhg69H6
*T&C apply",https://t.me/blissfulbrides/424
blissfulbrides,2020-11-21T11:58:38+00:00,[],[],423,,"Blissful Brides
pinned a photo",https://t.me/blissfulbrides/423
blissfulbrides,2020-11-21T05:30:09+00:00,[],"[""http://Bowsonline.blissfulbrides.sg/""]",422,,"『 To New Adventures 』We're so excited to finally be able to share this with you guys! Join us on our upcoming BOWS - we've got a lineup of lucky draws and attractive deals just for you! Keep reading for more info
⬇️
⬇️
⬇️
✨
1. Exclusive Goodie Bag
✨
- RSVP & meet with at least 1 vendor on Zoom during the show to win $70 worth of attractive giveaways in our goodie bag!
✨
2. Live Lucky Draw
✨
To qualify for the Instant Lucky Draws (5th Dec, 3.30pm & 6.30pm | 6th Dec, 3.30pm):
- RSVP for this event
- Meet with a vendor on Zoom
(Those who aren't picked will get a rollover chance on the next available draw!)
To qualify for the Grand Lucky Draw (6th Dec, 7pm):
- RSVP for this event
- Make a purchase at the event!
✨
3. Attractive Timed Sales
✨
- Got your eye on a particular package or vendor? Make your purchase during their respective timed sale for more perks!
RSVP for our event here!
Bowsonline.blissfulbrides.sg",https://t.me/blissfulbrides/422
blissfulbrides,2020-11-19T06:48:26+00:00,[],[],421,,"Blissful Brides
pinned a photo",https://t.me/blissfulbrides/421
blissfulbrides,2020-11-19T04:00:09+00:00,[],"[""http://bowsonline.blissfulbrides.sg/""]",420,,"Highly anticipated, our Blissful Online Wedding Show is back! Check out the list of vendors participating in our show!
RSVP now and stand a chance to win from our lucky draw and get a complimentary goodie bag worth $70 when you speak with vendors via Zoom
👉
bowsonline.blissfulbrides.sg",https://t.me/blissfulbrides/420
blissfulbrides,2020-11-13T07:05:43+00:00,[],"[""https://bit.ly/3ey3TIr""]",419,,"Wedding Receptions & COVID-19: The Updated Dos & Don’ts in Singapore
- Here’s the low-down on the latest dos and don’ts when it comes to wedding receptions and solemnisations in Singapore!
Read more:
https://bit.ly/3ey3TIr",https://t.me/blissfulbrides/419
blissfulbrides,2020-11-12T08:56:55+00:00,[],"[""https://bit.ly/2I6lpHI""]",418,,"7 Wonderful Reasons to Have an Outdoor Garden-Themed Wedding - On top of being absolutely romantic, you can also have a fantastic time planning it because of the amount of freedom it grants you.
Read more:
https://bit.ly/2I6lpHI",https://t.me/blissfulbrides/418
blissfulbrides,2020-11-11T11:34:16+00:00,[],"[""https://www.facebook.com/watch/live/?v=1223084801404545&ref=watch_permalink"", ""https://1111.blissfulbrides.sg/11-11-sales""]",417,,"https://www.facebook.com/watch/live/?v=1223084801404545&ref=watch_permalink
WE ARE LIVE NOW!
Bid for your favourite wedding essentials (such as Chinese Wedding Teapot, silver jewellery and many more) starting from $11.11 now!
Purchase now and get up to 75% off the wedding essentials items:
https://1111.blissfulbrides.sg/11-11-sales",https://t.me/blissfulbrides/417
blissfulbrides,2020-11-11T09:57:13+00:00,[],"[""https://bit.ly/3etXTAx""]",416,,"4 Wedding Photoshoot Locations That Will Keep Your Wanderlust Satiated - Each location has its own charm that promises a story when photographed
Read more:
https://bit.ly/3etXTAx",https://t.me/blissfulbrides/416
blissfulbrides,2020-11-08T05:00:12+00:00,[],"[""https://www.instagram.com/p/CHK6q11BK34/?igshid=1upf9igmgmhj8"", ""https://1111.blissfulbrides.sg/11-11-sales"", ""https://fb.me/e/1DcCYxAB2""]",415,,"https://www.instagram.com/p/CHK6q11BK34/?igshid=1upf9igmgmhj8
Jewellery at $30!? Not kidding! Click on the link and swipe to see the deals we are offering
🤑
Visit
https://1111.blissfulbrides.sg/11-11-sales
to make your purchase from now till 11 Nov 2359.
Get latest update to Blissful Brides' 11.11 Fb live stream and stand a chance to win birdnest worth $79
👉
https://fb.me/e/1DcCYxAB2",https://t.me/blissfulbrides/415
blissfulbrides,2020-11-07T12:00:11+00:00,[],"[""https://www.instagram.com/p/CHKn2bbr9_2/?igshid=196dk8ekmu1gp"", ""https://1111.blissfulbrides.sg/11-11-sales"", ""https://fb.me/e/1DcCYxAB2""]",414,,"https://www.instagram.com/p/CHKn2bbr9_2/?igshid=196dk8ekmu1gp
Click and swipe to see these irresistible deals! Get up to 75% off when you purchase from now till 11 Nov 2359
Visit
https://1111.blissfulbrides.sg/11-11-sales
to make your purchase!
Get latest update to Blissful Brides' 11.11 Fb live stream and stand a chance to win birdnest worth $79
👉
https://fb.me/e/1DcCYxAB2",https://t.me/blissfulbrides/414
blissfulbrides,2020-11-07T05:39:13+00:00,[],"[""https://www.instagram.com/p/CHK3RwwssGY/?igshid=emuucj4nsr1y"", ""https://1111.blissfulbrides.sg/11-11-sales"", ""https://fb.me/e/1DcCYxAB2""]",413,,"https://www.instagram.com/p/CHK3RwwssGY/?igshid=emuucj4nsr1y
Click on the photo and swipe to see the offers The Chinese Wedding Shop, Brickzle, Go Pure Honey, Gioielli & The Nail Lab are offering
🤑
Visit
https://1111.blissfulbrides.sg/11-11-sales
to make your purchase from now till 11 Nov 2359.
Get latest update to Blissful Brides' 11.11 Fb live stream and stand a chance to win birdnest worth $79
👉
https://fb.me/e/1DcCYxAB2",https://t.me/blissfulbrides/413
blissfulbrides,2020-11-06T06:59:43+00:00,[],"[""https://www.instagram.com/p/CHKiEtnnhf2/"", ""https://1111.blissfulbrides.sg/11-11-sales""]",412,,"https://www.instagram.com/p/CHKiEtnnhf2/
Click on the photo and swipe to see the staycation, jewellery, birdnest deals we have for you!
Visit
https://1111.blissfulbrides.sg/11-11-sales
to make your purchase from now till 11 Nov 2359.",https://t.me/blissfulbrides/412
blissfulbrides,2020-11-04T09:55:09+00:00,[],"[""https://fb.me/e/1DcCYxAB2"", ""https://1111.blissfulbrides.sg/11-11-sales""]",411,,"[GIVEAWAY] Register your interest • Share • Tag
𝐖𝐢𝐧 𝐂𝐨𝐧𝐜𝐞𝐧𝐭𝐫𝐚𝐭𝐞𝐝 𝐁𝐢𝐫𝐝'𝐬 𝐍𝐞𝐬𝐭 𝐰𝐨𝐫𝐭𝐡 $𝟕𝟗 𝐟𝐫𝐨𝐦 Jie En Birdnest!
Visit
👉
https://fb.me/e/1DcCYxAB2
Get up to 75% off wedding essentials items from now till 11 Nov 2359. Check out
👉
https://1111.blissfulbrides.sg/11-11-sales
Terms and Conditions:
* Winners will be randomly selected from the contest periods and announced on Blissful Brides' social media platforms
* Incomplete entries with insufficient information will be considered invalid and voided ⠀
* Prizes are non-transferrable and non-exchangeable for cash
* Winners must claim their prize within 4 weeks of being notified ⠀
* Winners will be contacted via Facebook DM
* Contest ends 11 November 2020, 19:30. Entries submitted beyond the contest date will be deemed invalid
* The sole discretion of choosing the giveaway winner lies with Blissful Brides and no enquiries will be entertained regarding the winning criterion",https://t.me/blissfulbrides/411
blissfulbrides,2020-11-03T10:00:10+00:00,[],"[""https://1111.blissfulbrides.sg/11-11-sales"", ""https://fb.me/e/1DcCYxAB2""]",410,,"Blissful Brides 11.11 Promo Sale has started!!
🤑
With hotel staycation up to 50% off and other wedding essentials up to 75% off, what are you waiting for!?
Make your purchase today from now till 11 Nov, 23:59
➡️
https://1111.blissfulbrides.sg/11-11-sales
Alternatively, bid for your favourite items during our 11.11 FB Live auction where everything starts from $11.11! Get the latest update of our FB Live Auction and stand a chance to win Concentrated Bird's Nest from Jie En Birdnest worth $79 in our giveaway here
👉
https://fb.me/e/1DcCYxAB2",https://t.me/blissfulbrides/410
blissfulbrides,2020-11-03T08:51:20+00:00,[],"[""https://bit.ly/3m6mKg2""]",409,,"9 Editor's Choice Award Wedding Banquet Venues for a Celebration of a Lifetime - we’ve curated a list of venues that is this year’s Editor’s Choice for the Preferred Banquet Venue. Enjoy!
Read more:
https://bit.ly/3m6mKg2",https://t.me/blissfulbrides/409
blissfulbrides,2020-10-31T05:11:41+00:00,[],[],408,,"Blissful Brides
pinned a photo",https://t.me/blissfulbrides/408
blissfulbrides,2020-10-30T04:00:10+00:00,[],"[""https://fb.me/e/1DcCYxAB2""]",407,,"Our 11.11 FB Live Auction is here! Join us on 11 Nov, 7:30pm where everything starts at $11.11
🤑
Win yourself a Jie En Concentrated Bird's Nest by joining our giveaway now!
👉
https://fb.me/e/1DcCYxAB2",https://t.me/blissfulbrides/407
blissfulbrides,2020-10-19T05:35:06+00:00,[],"[""https://m.me/Alishalacesy""]",406,,"Looking for a ROM Wedding Package?
Alisha & Lace is offering ROM Wedding Package for just $1288!
This amazing offer includes:
- 1 Handcrafted Exquisite Gown Rental
- 1 Gentleman's Suit (including Suit, Vest and Pants) Rental
- 1 Professional Makeup Session and Hairdo
- 1 Beautiful Fresh Flowers Hand Bouquet
- And many matching accessories to choose from!
Only available for the first 30 customers, first come first served!
Don't miss out, reserve your slot today!
-
https://m.me/Alishalacesy
- SMS/Whatsapp at 9271 5720 or call them at +65 6822 0320",https://t.me/blissfulbrides/406
blissfulbrides,2020-10-16T04:00:08+00:00,[],[],405,,"Wedding De Joyeux
Amara Singapore Wedding Open House
🗓️
17 to 18 October 2020, from 9am to 9pm
📍
Grand Ballroom, Level 3
Complimentary admission, by appointment only
👫
Bring your special half to Amara Singapore wedding open house, and make your magical wedding dreams come true with them. Allow their dedicated team to assist you in curating a memorable journey down the aisle!
For more enquiries or to RSVP, please contact Amara Singapore Wedding Specialists at +65 6879 2588 or email weddings@amarahotels.com.",https://t.me/blissfulbrides/405
blissfulbrides,2020-10-15T05:27:42+00:00,[],"[""https://bit.ly/36Sh9Gb""]",404,,"2020 Wedding Trends to Absolutely Rock a Personal & Meaningful Ceremony - Now, in 2020, we’re striving to create the most personal, meaningful, and engaging wedding experience possible.
Read more:
https://bit.ly/36Sh9Gb",https://t.me/blissfulbrides/404
blissfulbrides,2020-10-04T05:01:53+00:00,[],"[""https://www.facebook.com/blissfulbrides/videos/328158111825764"", ""https://bit.ly/2ZKU1ER"", ""https://bit.ly/2Qvg0dY"", ""https://bit.ly/2Sc2pJw"", ""https://bit.ly/3l60pPz"", ""https://bit.ly/36fUbs9"", ""https://bit.ly/34MQUQ2"", ""https://bit.ly/3kZy7G9"", ""https://bit.ly/3ihQPHt"", ""https://bit.ly/2EM0hVR"", ""https://bit.ly/30i8PeI"", ""https://bit.ly/3cHw6LQ"", ""https://bit.ly/33fCSWj"", ""https://bit.ly/3ieiCZm"", ""https://bit.ly/34cGGH2"", ""https://bit.ly/3ikD6Q2"", ""https://bowsonline.blissfulbrides.sg/prizes/""]",403,,"https://www.facebook.com/blissfulbrides/videos/328158111825764
WE ARE LIVEc ON FB NOW!
Cop a pair of 𝗠𝗲𝗹𝗶𝘀𝗼𝗻 𝗚𝗮𝗿𝗻𝗲𝘁 𝟭𝟴𝗞 𝗘𝗮𝗿𝗿𝗶𝗻𝗴⁣⁣⁣⁣⁣⁣⁣⁣⁣ for yourself simply:
✨
𝗦𝗵𝗮𝗿𝗲 𝘁𝗵𝗶𝘀 𝗹𝗶𝘃𝗲𝘀𝘁𝗿𝗲𝗮𝗺 (Remember to set your post to public)
✨
𝗧𝗮𝗴 𝟮 𝗳𝗿𝗶𝗲𝗻𝗱𝘀 𝗶𝗻 𝘁𝗵𝗲 𝗰𝗼𝗺𝗺𝗲𝗻𝘁 𝘀𝗲𝗰𝘁𝗶𝗼𝗻 𝗼𝗳 𝘁𝗵𝗶𝘀 𝗽𝗼𝘀𝘁
📣
Remember, you may talk to the vendors via Zoom any time from 1pm - 6pm on both days, or book a physical appointment with them!⁣
⁣
🎁
Head to
https://bit.ly/2ZKU1ER
to RSVP & qualify for a complimentary goodie bag* worth $75. Check out the timing of our vendors FB LIVE showcases as well as their Zoom links below
👇
1:00 PM Host Jerald Foo:
https://bit.ly/2Qvg0dY
1:08 PM Grace Atelier Weddings:
https://bit.ly/2Sc2pJw
1:13 PM Yvonne Creative Bridal:
https://bit.ly/3l60pPz
1:15 PM AnchorBlanc:
https://bit.ly/36fUbs9
1:19 PM Carat 55 - The Diamond Studio:
https://bit.ly/34MQUQ2
1:29 PM AGOPSG:
https://bit.ly/3kZy7G9
1:32 PM Grace Atelier Weddings
1:36 PM Pine Garden Cakes:
https://bit.ly/3ihQPHt
1:41 PM Copthorne King's Hotel:
https://bit.ly/2EM0hVR
1:43 PM Shangri-La Hotel, Singapore:
https://bit.ly/30i8PeI
1:47 PM JEN Singapore Tanglin by Shangri-La:
https://bit.ly/3cHw6LQ
⁣⁣⁣⁣⁣⁣
1:49 PM CangAi Wedding:
https://bit.ly/33fCSWj
1:52 PM Grand Copthorne Waterfront Hotel, Singapore:
https://bit.ly/3ieiCZm
1:56 PM The Villa @ Singapore Botanic Gardens:
https://bit.ly/34cGGH2
1:58 PM AGOPSG
2:00 PM REACH Counselling Services
2:45 PM The Chinese Wedding Shop:
https://bit.ly/3ikD6Q2
⊹𝗔𝗱𝗱𝗶𝘁𝗶𝗼𝗻𝗮𝗹 𝗣𝗲𝗿𝗸𝘀!⊹⁣⁣⁣⁣⁣⁣⁣⁣⁣⁣⁣
• Share our live stream & tag 2 friends for a chance to win 𝗠𝗲𝗹𝗶𝘀𝗼𝗻 𝗚𝗮𝗿𝗻𝗲𝘁 𝟭𝟴𝗞 𝗘𝗮𝗿𝗿𝗶𝗻𝗴⁣⁣⁣⁣⁣⁣⁣
• Make a purchase & stand to win $500 AND/OR a staycation/F&B/wedding-related voucher⁣⁣⁣⁣⁣⁣⁣⁣⁣⁣⁣⁣
• The first 10 couples to sign with a vendor will enjoy additional perks⁣⁣⁣⁣⁣⁣⁣⁣⁣
• Earn instant cashback* of up to $100 for online purchases made via Blissful Pay during the show⁣⁣⁣⁣ ⠀⁣⁣⁣⁣⁣⁣⁣⁣⁣⁣⁣
• Stand to win from our 𝗕𝗹𝗶𝘀𝘀𝗳𝘂𝗹 𝗣𝗮𝘆 $𝟲𝟬,𝟬𝟬𝟬 Grand Draw⁣⁣⁣⁣
• Join our many other giveaways to win mysterious prizes!⁣⁣⁣⁣⁣⁣⁣⁣⁣
⁣⁣⁣⁣⁣⁣⁣⁣⁣
Visit
https://bowsonline.blissfulbrides.sg/prizes/
for more information of the prizes.⁣⁣⁣
*T&C apply.⁣⁣⁣⁣",https://t.me/blissfulbrides/403
blissfulbrides,2020-10-03T05:05:27+00:00,[],"[""https://www.facebook.com/blissfulbrides/videos/338991620767445"", ""https://bit.ly/2ZKU1ER"", ""https://bit.ly/2Qvg0dY"", ""https://bit.ly/36kW72u"", ""https://bit.ly/2HFRrtH"", ""https://bit.ly/348POwc"", ""https://bit.ly/2Siu6Ad"", ""https://bit.ly/3l60pPz"", ""https://bit.ly/34aWLNl"", ""https://bit.ly/3kZy7G9"", ""https://bit.ly/30mDkzZ"", ""https://bit.ly/30gHwBi"", ""https://bit.ly/3jhXi6m"", ""https://bit.ly/30khahE"", ""https://bit.ly/34eNQdA"", ""https://bowsonline.blissfulbrides.sg/prizes/""]",402,,"https://www.facebook.com/blissfulbrides/videos/338991620767445
WE ARE LIVE NOW! Click on the link and share the livestream on your FB, tag 2 friends to win a 𝗠𝗲𝗹𝗶𝘀𝗼𝗻 𝗚𝗮𝗿𝗻𝗲𝘁 𝟭𝟴𝗞 𝗘𝗮𝗿𝗿𝗶𝗻𝗴⁣⁣⁣⁣⁣⁣⁣⁣⁣!
RSVP
➡️
https://bit.ly/2ZKU1ER
& speak with any of our vendors to redeem a 𝐅𝐑𝐄𝐄 𝐠𝐨𝐨𝐝𝐢𝐞 𝐛𝐚𝐠* worth $75.
Check out the timing of our vendors FB LIVE showcases as well as their Zoom links below
👇
Feel free to chat with the vendors via Zoom/ make an appointment any time from now till 6pm tomorrow!
1:00 PM Host Jerald Foo:
https://bit.ly/2Qvg0dY
1:09 PM Blooming Bride (Trunk show):
https://bit.ly/36kW72u
1:16 PM French Wedding Couture (Trunk show):
https://bit.ly/2HFRrtH
1:18 PM Rio Diamonds:
https://bit.ly/348POwc
1:21 PM The Wedding People:
https://bit.ly/2Siu6Ad
1:24 PM Yvonne Creative Bridal:
https://bit.ly/3l60pPz
1:33 PM Shangri-La's Rasa Sentosa Resort & Spa:
https://bit.ly/34aWLNl
1:35 PM AGOPSG:
https://bit.ly/3kZy7G9
1:39 PM French Wedding Couture
1:47 PM Heaven’s Gift - The Special Events Planner:
https://bit.ly/30mDkzZ
1:53 PM M Hotel Singapore:
https://bit.ly/30gHwBi
⁣
1:55 PM Four Points by Sheraton Singapore, Riverview:
https://bit.ly/3jhXi6m
1:58 PM Novotel Singapore on Stevens:
https://bit.ly/30khahE
2:00 PM Blooming Bride
2:02 PM Chris Ling International Photographers:
https://bit.ly/34eNQdA
2:18 PM AGOPSG
2:22 PM Joseph Tan, Financial Services Manager, ACQUITY
3:07 PM Jimmy, First Home Advisors
⊹𝗔𝗱𝗱𝗶𝘁𝗶𝗼𝗻𝗮𝗹 𝗣𝗲𝗿𝗸𝘀!⊹⁣⁣⁣⁣⁣⁣⁣⁣⁣⁣⁣
• Make a purchase & stand to win $500 AND/OR a staycation/F&B/wedding-related voucher⁣⁣⁣⁣⁣⁣⁣⁣⁣⁣⁣⁣
• The first 10 couples to sign with a vendor will enjoy additional perks⁣⁣⁣⁣⁣⁣⁣⁣⁣
• Earn instant cashback* of up to $100 for online purchases made via Blissful Pay during the show⁣⁣⁣⁣ ⠀⁣⁣⁣⁣⁣⁣⁣⁣⁣⁣⁣
• Stand to win from our 𝗕𝗹𝗶𝘀𝘀𝗳𝘂𝗹 𝗣𝗮𝘆 $60,000 Grand Draw⁣⁣⁣⁣⁣
• Join our many other giveaways to win mysterious prizes!⁣⁣⁣⁣⁣⁣⁣⁣⁣
⁣⁣⁣⁣⁣⁣⁣⁣⁣
Visit
https://bowsonline.blissfulbrides.sg/prizes/
for more information of the prizes.",https://t.me/blissfulbrides/402
blissfulbrides,2020-10-03T04:30:08+00:00,[],"[""https://www.instagram.com/p/CF3ZNdOnXgm/?igshid=ecwq8zg468yx"", ""https://bit.ly/2ZKU1ER"", ""https://bit.ly/2EM0hVR"", ""https://bit.ly/30gHwBi"", ""https://bit.ly/30khahE"", ""https://bit.ly/3jhXi6m"", ""https://bit.ly/3ieiCZm"", ""https://bit.ly/3cHw6LQ"", ""https://bit.ly/30i8PeI"", ""https://bit.ly/34aWLNl"", ""https://bit.ly/34cGGH2"", ""https://bit.ly/36kW72u"", ""https://bit.ly/33fCSWj"", ""https://bit.ly/2HFRrtH"", ""https://bit.ly/2Sc2pJw"", ""https://bit.ly/3l60pPz"", ""https://bit.ly/34eNQdA"", ""https://bit.ly/3kZy7G9"", ""https://bit.ly/36fUbs9"", ""https://bit.ly/34cl1yt"", ""https://bit.ly/30mDkzZ"", ""https://bit.ly/3ihQPHt"", ""https://bit.ly/348POwc"", ""https://bit.ly/2Siu6Ad"", ""https://bit.ly/3ikD6Q2"", ""https://bit.ly/2Qvg0dY""]",401,,"https://www.instagram.com/p/CF3ZNdOnXgm/?igshid=ecwq8zg468yx
『 𝐂𝐡𝐚𝐬𝐢𝐧𝐠 𝐃𝐫𝐞𝐚𝐦𝐬 』That's right! It's now or never to chase your dream wedding! Tune in to our FB LIVE later at 1pm for a series of bridal trunk show, live seminars and vendor showcases! ⁣
⁣
📣
Remember, you may talk to the vendors via Zoom any time from 1pm - 6pm on both days, or book a physical appointment with them!⁣
⁣
🎁
Head to
https://bit.ly/2ZKU1ER
to RSVP & qualify for a complimentary goodie bag* worth $75.⁣
⊹𝐅𝐞𝐚𝐭𝐮𝐫𝐞𝐝 𝐕𝐞𝐧𝐮𝐞𝐬⊹:⠀⁣⁣⁣⁣⁣⁣⁣⁣⁣⁣⁣⁣
- Copthorne King's Hotel Singapore on Havelock:
https://bit.ly/2EM0hVR
- M Hotel Singapore:
https://bit.ly/30gHwBi
⁣
- Novotel Singapore on Stevens:
https://bit.ly/30khahE
- Four Points by Sheraton Singapore, Riverview:
https://bit.ly/3jhXi6m
- Grand Copthorne Waterfront Hotel:
https://bit.ly/3ieiCZm
- JEN Singapore Tanglin by Shangri-La:
https://bit.ly/3cHw6LQ
⁣⁣⁣⁣⁣⁣
- Shangri-La Hotel, Singapore:
https://bit.ly/30i8PeI
- Shangri-La's Rasa Sentosa Resort & Spa:
https://bit.ly/34aWLNl
- The Villa at Singapore Botanic Gardens:
https://bit.ly/34cGGH2
⁣⁣⁣⁣⁣⁣⁣
⊹𝐅𝐞𝐚𝐭𝐮𝐫𝐞𝐝 𝐁𝐫𝐢𝐝𝐚𝐥 𝐁𝐨𝐮𝐭𝐢𝐪𝐮𝐞𝐬⊹:⠀⁣⁣⁣⁣⁣⁣⁣⁣⁣⁣⁣⁣
- bloomingbride:
https://bit.ly/36kW72u
- Cangai Wedding SG 新加坡藏爱婚纱:
https://bit.ly/33fCSWj
- French Wedding:
https://bit.ly/2HFRrtH
- Grace Atelier Weddings:
https://bit.ly/2Sc2pJw
- Yvonne Creative Bridal:
https://bit.ly/3l60pPz
𝑩𝒚 𝒂𝒑𝒑𝒐𝒊𝒏𝒕𝒎𝒆𝒏𝒕 𝒐𝒏𝒍𝒚:
- The Privilege Of Chris Ling International:
https://bit.ly/34eNQdA
⁣⁣⁣⁣⁣⁣⁣
⊹𝐅𝐞𝐚𝐭𝐮𝐫𝐞𝐝 𝐖𝐞𝐝𝐝𝐢𝐧𝐠 𝐄𝐬𝐬𝐞𝐧𝐭𝐢𝐚𝐥𝐬⊹:⠀⁣⁣⁣⁣⁣⁣⁣
- A Group Of People:
https://bit.ly/3kZy7G9
- AnchorBlanc:
https://bit.ly/36fUbs9
- Carat 55 (Not available for Zoom on 4th Oct):
https://bit.ly/34cl1yt
- Heaven's Gift - Special Events Design and Consultancy:
https://bit.ly/30mDkzZ
- The Pine Garden:
https://bit.ly/3ihQPHt
- Rio Diamonds:
https://bit.ly/348POwc
- The Wedding People:
https://bit.ly/2Siu6Ad
- The Chinese Wedding Shop:
https://bit.ly/3ikD6Q2
𝑩𝒚 𝒂𝒑𝒑𝒐𝒊𝒏𝒕𝒎𝒆𝒏𝒕 𝒐𝒏𝒍𝒚:
- Jerald Foo:
https://bit.ly/2Qvg0dY
⊹𝗔𝗱𝗱𝗶𝘁𝗶𝗼𝗻𝗮𝗹 𝗣𝗲𝗿𝗸𝘀!⊹⁣⁣⁣⁣⁣⁣⁣⁣⁣
• Share our live stream & tag 2 friends for a chance to win 𝗠𝗲𝗹𝗶𝘀𝗼𝗻 𝗚𝗮𝗿𝗻𝗲𝘁 𝟭𝟴𝗞 𝗘𝗮𝗿𝗿𝗶𝗻𝗴⁣⁣⁣⁣⁣
• Make a purchase & stand to win $500 AND/OR a staycation/F&B/wedding-related voucher⁣⁣⁣⁣⁣⁣⁣⁣⁣⁣
• The first 10 couples to sign with a vendor will enjoy additional perks⁣⁣⁣⁣⁣⁣⁣
• Earn instant cashback* of up to $100 for online purchases made via Blissful Pay during the show⁣⁣⁣⁣ ⠀⁣⁣⁣⁣⁣⁣⁣⁣⁣
• Stand to win from our 𝗕𝗹𝗶𝘀𝘀𝗳𝘂𝗹 𝗣𝗮𝘆 $𝟲𝟬,𝟬𝟬𝟬 𝗚𝗿𝗮𝗻𝗱 𝗗𝗿𝗮𝘄⁣⁣⁣⁣⁣⁣⁣
• Join our many other giveaways to win mysterious prizes!⁣⁣⁣⁣⁣⁣⁣
*T&C apply.",https://t.me/blissfulbrides/401
blissfulbrides,2020-10-02T10:09:54+00:00,[],"[""http://bowsonline.blissfulbrides.sg/""]",400,,"『 𝐂𝐡𝐚𝐬𝐢𝐧𝐠 𝐃𝐫𝐞𝐚𝐦𝐬 』Here's our
✨
FB LIVE
✨
programme lineup for our Blissful Online Wedding Show happening from 3 - 4 Oct, 1pm - 6pm! Bookmark our event so you don't miss it!
✨
RSVP & speak with 1 vendor to get a complimentary goodie bag* worth $75 & individual vendor Zoom link are out now
➡️
bowsonline.blissfulbrides.sg",https://t.me/blissfulbrides/400
blissfulbrides,2020-10-02T05:20:06+00:00,[],"[""https://www.instagram.com/p/CF0-q1lBSuM/?igshid=e76l42rr1f9t"", ""https://bit.ly/2ZKU1ER"", ""https://bit.ly/2EM0hVR"", ""https://bit.ly/30gHwBi"", ""https://bit.ly/30khahE"", ""https://bit.ly/3jhXi6m"", ""https://bit.ly/3ieiCZm"", ""https://bit.ly/3cHw6LQ"", ""https://bit.ly/30i8PeI"", ""https://bit.ly/34aWLNl"", ""https://bit.ly/34cGGH2"", ""https://bit.ly/36kW72u"", ""https://bit.ly/33fCSWj"", ""https://bit.ly/2HFRrtH"", ""https://bit.ly/2Sc2pJw"", ""https://bit.ly/3l60pPz"", ""https://bit.ly/34eNQdA"", ""https://bit.ly/3kZy7G9"", ""https://bit.ly/36fUbs9"", ""https://bit.ly/34cl1yt"", ""https://bit.ly/30mDkzZ"", ""https://bit.ly/3ihQPHt"", ""https://bit.ly/348POwc"", ""https://bit.ly/2Siu6Ad"", ""https://bit.ly/3ikD6Q2"", ""https://bit.ly/2Qvg0dY""]",399,,"https://www.instagram.com/p/CF0-q1lBSuM/?igshid=e76l42rr1f9t
『 𝐂𝐡𝐚𝐬𝐢𝐧𝐠 𝐃𝐫𝐞𝐚𝐦𝐬 』It's finally D-1! Look forward to bridal trunk show, exclusive vendor promotions, live seminars and many other giveaways!
🎉
Head to
https://bit.ly/2ZKU1ER
to RSVP & qualify for a complimentary goodie bag* worth $75.
⊹𝐅𝐞𝐚𝐭𝐮𝐫𝐞𝐝 𝐕𝐞𝐧𝐮𝐞𝐬⊹:⠀⁣⁣⁣⁣⁣⁣⁣⁣⁣⁣⁣⁣
- Copthorne King's Hotel Singapore on Havelock:
https://bit.ly/2EM0hVR
- M Hotel Singapore:
https://bit.ly/30gHwBi
⁣
- Novotel Singapore on Stevens:
https://bit.ly/30khahE
- Four Points by Sheraton Singapore, Riverview:
https://bit.ly/3jhXi6m
- Grand Copthorne Waterfront Hotel:
https://bit.ly/3ieiCZm
- JEN Singapore Tanglin by Shangri-La:
https://bit.ly/3cHw6LQ
⁣⁣⁣⁣⁣⁣
- Shangri-La Hotel, Singapore:
https://bit.ly/30i8PeI
- Shangri-La's Rasa Sentosa Resort & Spa:
https://bit.ly/34aWLNl
- The Villa at Singapore Botanic Gardens:
https://bit.ly/34cGGH2
⁣⁣⁣⁣⁣⁣⁣
⊹𝐅𝐞𝐚𝐭𝐮𝐫𝐞𝐝 𝐁𝐫𝐢𝐝𝐚𝐥 𝐁𝐨𝐮𝐭𝐢𝐪𝐮𝐞𝐬⊹:⠀⁣⁣⁣⁣⁣⁣⁣⁣⁣⁣⁣⁣
- bloomingbride:
https://bit.ly/36kW72u
- Cangai Wedding SG 新加坡藏爱婚纱:
https://bit.ly/33fCSWj
- French Wedding:
https://bit.ly/2HFRrtH
- Grace Atelier Weddings:
https://bit.ly/2Sc2pJw
- Yvonne Creative Bridal:
https://bit.ly/3l60pPz
𝑩𝒚 𝒂𝒑𝒑𝒐𝒊𝒏𝒕𝒎𝒆𝒏𝒕 𝒐𝒏𝒍𝒚:
- The Privilege Of Chris Ling International:
https://bit.ly/34eNQdA
⁣⁣⁣⁣⁣⁣⁣
⊹𝐅𝐞𝐚𝐭𝐮𝐫𝐞𝐝 𝐖𝐞𝐝𝐝𝐢𝐧𝐠 𝐄𝐬𝐬𝐞𝐧𝐭𝐢𝐚𝐥𝐬⊹:⠀⁣⁣⁣⁣⁣⁣⁣
- A Group Of People:
https://bit.ly/3kZy7G9
- AnchorBlanc:
https://bit.ly/36fUbs9
- Carat 55:
https://bit.ly/34cl1yt
- Heaven's Gift - Special Events Design and Consultancy:
https://bit.ly/30mDkzZ
- The Pine Garden:
https://bit.ly/3ihQPHt
- Rio Diamonds:
https://bit.ly/348POwc
- The Wedding People:
https://bit.ly/2Siu6Ad
- The Chinese Wedding Shop:
https://bit.ly/3ikD6Q2
𝑩𝒚 𝒂𝒑𝒑𝒐𝒊𝒏𝒕𝒎𝒆𝒏𝒕 𝒐𝒏𝒍𝒚:
- Jerald Foo:
https://bit.ly/2Qvg0dY
*T&C apply.",https://t.me/blissfulbrides/399
blissfulbrides,2020-10-01T14:38:19+00:00,[],[],398,,"Blissful Brides
pinned «
https://www.instagram.com/p/CFzXnaPHhRU/?igshid=1i4yb6oezerrs  『 𝐂𝐡𝐚𝐬𝐢𝐧𝐠 𝐃𝐫𝐞𝐚𝐦𝐬 』Forget about wedding planning stress, forget about the wedding planning woes but don't forget about the exclusive vendor promotions & prizes this weekend on 3 - 4 Oct, 1pm - 6pm!…
»",https://t.me/blissfulbrides/398
blissfulbrides,2020-10-01T14:38:11+00:00,[],"[""https://www.instagram.com/p/CFzXnaPHhRU/?igshid=1i4yb6oezerrs"", ""https://bit.ly/2ZKU1ER"", ""https://bit.ly/2EM0hVR"", ""https://bit.ly/30gHwBi"", ""https://bit.ly/30khahE"", ""https://bit.ly/3jhXi6m"", ""https://bit.ly/3ieiCZm"", ""https://bit.ly/3cHw6LQ"", ""https://bit.ly/30i8PeI"", ""https://bit.ly/34aWLNl"", ""https://bit.ly/34cGGH2"", ""https://bit.ly/36kW72u"", ""https://bit.ly/33fCSWj"", ""https://bit.ly/2HFRrtH"", ""https://bit.ly/2Sc2pJw"", ""https://bit.ly/3l60pPz"", ""https://bit.ly/34eNQdA"", ""https://bit.ly/3kZy7G9"", ""https://bit.ly/36fUbs9"", ""https://bit.ly/34cl1yt"", ""https://bit.ly/30mDkzZ"", ""https://bit.ly/3ihQPHt"", ""https://bit.ly/348POwc"", ""https://bit.ly/2Siu6Ad"", ""https://bit.ly/3ikD6Q2"", ""https://bit.ly/2Qvg0dY""]",397,,"https://www.instagram.com/p/CFzXnaPHhRU/?igshid=1i4yb6oezerrs
『 𝐂𝐡𝐚𝐬𝐢𝐧𝐠 𝐃𝐫𝐞𝐚𝐦𝐬 』Forget about wedding planning stress, forget about the wedding planning woes but don't forget about the exclusive vendor promotions & prizes this weekend on 3 - 4 Oct, 1pm - 6pm!
RSVP now at
https://bit.ly/2ZKU1ER
& speak with any of our vendors to redeem a 𝐅𝐑𝐄𝐄 𝐠𝐨𝐨𝐝𝐢𝐞 𝐛𝐚𝐠 worth $75*!
Check out the Zoom links below!
⊹𝐅𝐞𝐚𝐭𝐮𝐫𝐞𝐝 𝐕𝐞𝐧𝐮𝐞𝐬⊹:⠀⁣⁣⁣⁣⁣⁣⁣⁣⁣⁣⁣⁣
- Copthorne King's Hotel Singapore on Havelock:
https://bit.ly/2EM0hVR
- M Hotel Singapore:
https://bit.ly/30gHwBi
⁣
- Novotel Singapore on Stevens:
https://bit.ly/30khahE
- Four Points by Sheraton Singapore, Riverview:
https://bit.ly/3jhXi6m
- Grand Copthorne Waterfront Hotel:
https://bit.ly/3ieiCZm
- JEN Singapore Tanglin by Shangri-La:
https://bit.ly/3cHw6LQ
⁣⁣⁣⁣⁣⁣
- Shangri-La Hotel, Singapore:
https://bit.ly/30i8PeI
- Shangri-La's Rasa Sentosa Resort & Spa:
https://bit.ly/34aWLNl
- The Villa at Singapore Botanic Gardens:
https://bit.ly/34cGGH2
⁣⁣⁣⁣⁣⁣⁣
⊹𝐅𝐞𝐚𝐭𝐮𝐫𝐞𝐝 𝐁𝐫𝐢𝐝𝐚𝐥 𝐁𝐨𝐮𝐭𝐢𝐪𝐮𝐞𝐬⊹:⠀⁣⁣⁣⁣⁣⁣⁣⁣⁣⁣⁣⁣
- bloomingbride:
https://bit.ly/36kW72u
- Cangai Wedding SG 新加坡藏爱婚纱:
https://bit.ly/33fCSWj
- French Wedding:
https://bit.ly/2HFRrtH
- Grace Atelier Weddings:
https://bit.ly/2Sc2pJw
- Yvonne Creative Bridal:
https://bit.ly/3l60pPz
𝑩𝒚 𝒂𝒑𝒑𝒐𝒊𝒏𝒕𝒎𝒆𝒏𝒕 𝒐𝒏𝒍𝒚:
- The Privilege Of Chris Ling Internationall:
https://bit.ly/34eNQdA
⁣⁣⁣⁣⁣⁣⁣
⊹𝐅𝐞𝐚𝐭𝐮𝐫𝐞𝐝 𝐖𝐞𝐝𝐝𝐢𝐧𝐠 𝐄𝐬𝐬𝐞𝐧𝐭𝐢𝐚𝐥𝐬⊹:⠀⁣⁣⁣⁣⁣⁣⁣
- A Group Of People:
https://bit.ly/3kZy7G9
- AnchorBlanc:
https://bit.ly/36fUbs9
- Carat 55:
https://bit.ly/34cl1yt
- Heaven's Gift - Special Events Design and Consultancy:
https://bit.ly/30mDkzZ
- The Pine Garden:
https://bit.ly/3ihQPHt
- Rio Diamonds:
https://bit.ly/348POwc
- The Wedding People:
https://bit.ly/2Siu6Ad
- The Chinese Wedding Shop:
https://bit.ly/3ikD6Q2
𝑩𝒚 𝒂𝒑𝒑𝒐𝒊𝒏𝒕𝒎𝒆𝒏𝒕 𝒐𝒏𝒍𝒚:
- Jerald Foo:
https://bit.ly/2Qvg0dY
*T&C apply.",https://t.me/blissfulbrides/397
blissfulbrides,2020-10-01T04:00:09+00:00,[],"[""http://bowsonline.blissfulbrides.sg/""]",396,,"It's looking like a fashion show with these bridal boutiques! Anticipate our trunk show happening on both 3 & 4 Oct, brought to you by
Blooming Bride, French Wedding Couture, Grace Atelier Weddings & Yvonne Creative Bridal
✨
Great news! Zoom links for all our vendors are out now! Visit
bowsonline.blissfulbrides.sg
to rsvp & check them out.",https://t.me/blissfulbrides/396
blissfulbrides,2020-09-29T10:32:37+00:00,[],[],395,,"Blissful Brides
pinned «
https://www.instagram.com/p/CFZV8hTpldo/?igshid=180pqfm79l9ml  Click & swipe to take a sneak peek at our goodie bag worth $75.   RSVP now at www.bowsonline.blissfulbrides.sg
»",https://t.me/blissfulbrides/395
blissfulbrides,2020-09-29T10:32:06+00:00,[],"[""http://bowsonline.blissfulbrides.sg/""]",394,,"M Hotel Singapore will be joining our 5th Blissful Online Wedding Show from 3 - 4 Oct, 1pm - 6pm! Check out their promotion and do visit them at their Zoom room on event day!
Rsvp now at
bowsonline.blissfulbrides.sg
and speak with 1 vendor to receive a complimentary goodie bag worth $75
✨",https://t.me/blissfulbrides/394
blissfulbrides,2020-09-28T11:42:44+00:00,[],"[""https://www.facebook.com/blissfulbrides/videos/344449160303726"", ""https://rio-diamonds.blissfulbrides.sg/rio/""]",393,,"https://www.facebook.com/blissfulbrides/videos/344449160303726
[𝗚𝗜𝗩𝗘𝗔𝗪𝗔𝗬 | 𝗕𝗹𝗶𝘀𝘀𝗳𝘂𝗹 𝗕𝗿𝗶𝗱𝗲𝘀 𝘅 𝗥𝗶𝗼 𝗗𝗶𝗮𝗺𝗼𝗻𝗱𝘀] Stand a chance to win a 𝗘𝗻𝗻𝗲𝘀𝘆 𝗕𝗹𝘂𝗲 𝗧𝗼𝗽𝗮𝘇 𝟵𝗞 𝗽𝗲𝗻𝗱𝗮𝗻𝘁 𝘄𝗼𝗿𝘁𝗵 $𝟭𝟲𝟬⁣⁣⁣⁣ in just 2 steps:
1️⃣
Share this live stream and remember to set your post to public
2️⃣
Tag 2 friends in the comment section below
RSVP to get $100 off* selected purchase
➡
https://rio-diamonds.blissfulbrides.sg/rio/
✨
2nd wedding band at only $499
✨
Wedding Si Dian Jin and Si Dian Zhuan sets from $999 onwards
✨
FREE gemstone customisation
✨
40% off all GIA diamonds
⊹𝗔𝗱𝗱𝗶𝘁𝗶𝗼𝗻𝗮𝗹 𝗣𝗲𝗿𝗸𝘀!⊹⁣
- First 3 to make a purchase during the live stream to win a wedding teapot set
- Earn instant cash back* of up to $50 or $100 when you make a purchase with us during the live
- Stand to win from our 𝗕𝗹𝗶𝘀𝘀𝗳𝘂𝗹 𝗣𝗮𝘆 $𝟲𝟬,𝟬𝟬𝟬 𝗚𝗿𝗮𝗻𝗱 𝗗𝗿𝗮𝘄⁣
-Everyone will be entitled to 1 spin-the-wheel chance to stand to win other attractive prizes worth $500
*T&C apply.",https://t.me/blissfulbrides/393
blissfulbrides,2020-09-25T01:05:07+00:00,[],"[""https://www.instagram.com/p/CFg-D1Eg6-4/?igshid=1fsonb5ag61nr"", ""http://bowsonline.blissfulbrides.sg/""]",392,,"https://www.instagram.com/p/CFg-D1Eg6-4/?igshid=1fsonb5ag61nr
We're here to help you out with your research finding! Watch our venue VR Tour to have a better understanding of the venues
✨
Keen to find out more? Rsvp now with the respective vendors at
bowsonline.blissfulbrides.sg
and get a complimentary goodie bag worth $75 when you speak with them on 3-4 Oct, 1pm - 6pm!
🎁",https://t.me/blissfulbrides/392
blissfulbrides,2020-09-24T13:55:07+00:00,[],"[""http://bowsonline.blissfulbrides.sg/""]",391,,"Jaccuzi in your own private bridal suites? Totally possible with M Hotel Singapore!
Visit them at their Zoom room during our 5th Blissful Online Wedding Show next Sat & Sun, 3-4 Oct 1pm - 6pm. Exclusive promotions await you!
Rsvp at
bowsonline.blissfulbrides.sg
and get your complimentary goodie bag worth $75 when you speak with them
🎁",https://t.me/blissfulbrides/391
blissfulbrides,2020-09-23T14:39:08+00:00,[],"[""https://www.facebook.com/118928564797128/posts/3465347960155155/?extid=i1TnKMYYJWn4TgHE&d=n"", ""http://bowsonline.blissfulbrides.sg/""]",390,,"https://www.facebook.com/118928564797128/posts/3465347960155155/?extid=i1TnKMYYJWn4TgHE&d=n
Check out the venues that will be joining us at our 5th Blissful Online Wedding Show from 3 - 4 Oct, 1pm - 6pm.
RSVP now @
bowsonline.blissfulbrides.sg",https://t.me/blissfulbrides/390
blissfulbrides,2020-09-23T01:00:05+00:00,[],"[""https://www.instagram.com/p/CFb3D8JFhyf/?igshid=1ewvsfgs9u5qy"", ""http://www.bowsonline.blissfulbrides.sg/""]",389,,"https://www.instagram.com/p/CFb3D8JFhyf/?igshid=1ewvsfgs9u5qy
Click on the photo and swipe to see the wedding essentials vendors that'll be joining us from 3 - 4 Oct, 1pm to 6pm!
RSVP now at
www.bowsonline.blissfulbrides.sg",https://t.me/blissfulbrides/389
blissfulbrides,2020-09-21T13:45:37+00:00,[],"[""https://www.instagram.com/p/CFZV8hTpldo/?igshid=180pqfm79l9ml"", ""http://www.bowsonline.blissfulbrides.sg/""]",388,,"https://www.instagram.com/p/CFZV8hTpldo/?igshid=180pqfm79l9ml
Click & swipe to take a sneak peek at our goodie bag worth $75.
RSVP now at
www.bowsonline.blissfulbrides.sg",https://t.me/blissfulbrides/388
blissfulbrides,2020-09-19T13:10:02+00:00,[],"[""http://bowsonline.blissfulbrides.sg/rsvp""]",387,,"『 𝐂𝐡𝐚𝐬𝐢𝐧𝐠 𝐃𝐫𝐞𝐚𝐦𝐬 』A free goodie bag (worth $75)* is waiting for you at our Blissful Online Wedding Show on 3 - 4 October! RSVP at
bowsonline.blissfulbrides.sg/rsvp
⊹𝗔𝗱𝗱𝗶𝘁𝗶𝗼𝗻𝗮𝗹 𝗣𝗲𝗿𝗸𝘀!⊹⁣⁣
• Earn instant cashback* of up to $100 for online purchases made via Blissful Pay during the show⁣⁣⁣⁣ ⠀⁣⁣⁣
• Stand to win from our 𝗕𝗹𝗶𝘀𝘀𝗳𝘂𝗹 𝗣𝗮𝘆 $𝟲𝟬,𝟬𝟬𝟬 𝗚𝗿𝗮𝗻𝗱 𝗗𝗿𝗮𝘄⁣
*T&C apply",https://t.me/blissfulbrides/387
blissfulbrides,2020-09-17T10:58:55+00:00,[],[],386,,"Blissful Brides
pinned «
https://www.facebook.com/118928564797128/posts/3444941092195842/?extid=rcD5cDM3fMX0yq09&d=n   Share this post, tag 2 of your FB friends & stand a chance to win a Fiore Necklace In 925 Silver!   RSVP now to get a sure-win $100 Rio Diamonds' cash voucher
➡️
…
»",https://t.me/blissfulbrides/386
blissfulbrides,2020-09-17T10:00:12+00:00,[],"[""https://www.facebook.com/118928564797128/posts/3444941092195842/?extid=rcD5cDM3fMX0yq09&d=n"", ""http://www.rio-diamonds.blissfulbrides.sg/""]",385,,"https://www.facebook.com/118928564797128/posts/3444941092195842/?extid=rcD5cDM3fMX0yq09&d=n
Share this post, tag 2 of your FB friends & stand a chance to win a Fiore Necklace In 925 Silver!
RSVP now to get a sure-win $100 Rio Diamonds' cash voucher
➡️
www.rio-diamonds.blissfulbrides.sg
⊹𝗘𝘅𝗰𝗹𝘂𝘀𝗶𝘃𝗲 𝗣𝗿𝗼𝗺𝗼𝘁𝗶𝗼𝗻𝘀⊹*⁣
- 2nd Wedding Band at $499 & selected designs at $999/pair⁣
- Wedding Si Dian Jin & Si Dian Zhuan sets from $999⁣
- GIA Diamonds at 40% off⁣
- FREE gemstone customisation⁣
⁣
⊹𝗔𝗱𝗱𝗶𝘁𝗶𝗼𝗻𝗮𝗹 𝗣𝗲𝗿𝗸𝘀!⊹⁣⁣
- Earn instant cash back* of up to $100 when you make a purchase during the live stream ⁣
- Stand to win from our 𝗕𝗹𝗶𝘀𝘀𝗳𝘂𝗹 𝗣𝗮𝘆 $𝟲𝟬,𝟬𝟬𝟬 𝗚𝗿𝗮𝗻𝗱 𝗗𝗿𝗮𝘄⁣⁣
⁣
*T&C apply",https://t.me/blissfulbrides/385
blissfulbrides,2020-09-16T04:09:08+00:00,[],[],384,,"Blissful Brides
pinned a photo",https://t.me/blissfulbrides/384
blissfulbrides,2020-09-16T04:00:09+00:00,[],"[""http://www.rio-diamonds.blissfulbrides.sg/""]",383,,"Look like a million bucks with Rio Diamonds on Mon 28th September, 7.30pm on our
FACEBOOK LIVE
! ⁣
⁣
📌
Mark your calendars now & RSVP to get a sure-win $100 cash voucher*!
➡️
www.rio-diamonds.blissfulbrides.sg
⁣
⊹𝗔𝗱𝗱𝗶𝘁𝗶𝗼𝗻𝗮𝗹 𝗣𝗲𝗿𝗸𝘀!⊹⁣⁣
- Earn instant cash back* of up to $100 when you make a purchase with us during the live stream ⁣
- Stand to win from our 𝗕𝗹𝗶𝘀𝘀𝗳𝘂𝗹 𝗣𝗮𝘆 $𝟲𝟬,𝟬𝟬𝟬 𝗚𝗿𝗮𝗻𝗱 𝗗𝗿𝗮𝘄⁣⁣
⁣
*T&C apply.",https://t.me/blissfulbrides/383
blissfulbrides,2020-09-14T09:04:49+00:00,[],"[""https://bit.ly/32pMBJ5""]",382,,"All You Need to Know About Choosing the Right Wedding Package - Here are some insights on how you can do so.
Read more:
https://bit.ly/32pMBJ5",https://t.me/blissfulbrides/382
blissfulbrides,2020-09-11T10:00:10+00:00,[],[],381,,"With over 300 Four Points by Sheraton hotels in over 50 countries – as part of the prestigious Marriott International, Inc. – well known for their impeccable hospitality, rest assured that your riverside romance will be a seamless dream come true at this reputable venue.
To begin planning for your elegant riverside romance, simply call +65 6349 4840 or drop an e-mail to catering@fourpointssingaporeriverview.com to find out more!",https://t.me/blissfulbrides/381
blissfulbrides,2020-09-10T04:00:10+00:00,[],"[""http://www.genkjewelry.com/"", ""http://www.facebook.com/genkjewelry"", ""http://gen.k.jewelry/""]",380,,"Gen.K Jewelry is your one stop shop for unique and outstanding jade jewelry. The spirit of Gen. K Jewelry was born with the desire to combine the cosmic allure of gemstones with a fusion of innovation and traditional craftsmanship injected with beauty and artisanal creativity. Our designs are inspired by experiences from the splendor of nature.
At Gen.K Jewelry, each and every piece of the Type A Burmese jade and semi-precious gemstones are hand selected and comes with the highest quality. With over decades in crafting out tantalizing jewelry, our craftsmanship has made every piece worth the investment.
Currently, Gen.K Jewelry is running a promotion of up to
VVIP 10%
should you purchase the wedding bridal set from them (T&Cs applies). For more information, drop them an email or call at admin@genkjewelry.com | +65 8683 8488. Alternatively, visit them on their website at
www.genkjewelry.com
, Facebook:
www.facebook.com/genkjewelry
or Instagram: @
gen.k.jewelry",https://t.me/blissfulbrides/380
blissfulbrides,2020-09-09T04:00:09+00:00,[],"[""https://bit.ly/3bzHHfA""]",379,,"Bored at home or bored while commuting? Here's a great read for you - our latest issue of Blissful Brides Magazine!
Preview available at
https://bit.ly/3bzHHfA
🎉",https://t.me/blissfulbrides/379
blissfulbrides,2020-09-08T09:28:23+00:00,[],"[""https://bit.ly/2EFzMBt""]",378,,"A Guide to Pulling Off a Gorgeous Restaurant Wedding!
- If you’re interested in exchanging your vows in a restaurant, here’s how you can plan for one smoothly!
Read more:
https://bit.ly/2EFzMBt",https://t.me/blissfulbrides/378
blissfulbrides,2020-09-03T13:40:39+00:00,[],[],377,,"Blissful Brides
pinned a photo",https://t.me/blissfulbrides/377
blissfulbrides,2020-09-03T04:00:09+00:00,[],"[""http://bowsonline.blissfulbrides.sg/""]",376,,"『 𝐒𝐢𝐥𝐯𝐞𝐫 𝐋𝐢𝐧𝐢𝐧𝐠𝐬 』Thank you for the support at our 4th Blissful Online Wedding Show, Silver Linings! Even though our event has ended, you can still continue your wedding shopping because ALL PROMOTIONS ARE EXTENDED TILL 13TH SEPT!
Make appointment
➡️
bowsonline.blissfulbrides.sg
⊹𝐅𝐞𝐚𝐭𝐮𝐫𝐞𝐝 𝐕𝐞𝐧𝐮𝐞𝐬⊹:⠀⁣⁣⁣⁣⁣⁣⁣
- Fairmont Singapore & Swissotel The Stamford
- One Farrer Hotel
- PARKROYAL COLLECTION Pickering, Singapore
⁣⁣⁣⁣⁣
⊹𝐅𝐞𝐚𝐭𝐮𝐫𝐞𝐝 𝐁𝐫𝐢𝐝𝐚𝐥 𝐁𝐨𝐮𝐭𝐢𝐪𝐮𝐞𝐬⊹:⠀⁣⁣⁣⁣⁣⁣⁣⁣⁣
- Aido Weddings and Events⁣
- French Wedding
- Yvonne Creative Bridal⁣
- Love Story
- Alisha & Lace Singapore
⁣⁣⁣⁣⁣
⊹𝐅𝐞𝐚𝐭𝐮𝐫𝐞𝐝 𝐂𝐚𝐭𝐞𝐫𝐞𝐫𝐬⊹:⠀⁣⁣⁣⁣⁣⁣⁣⁣⁣
- Le Rainbow Catering
⁣⁣⁣⁣⁣
⊹𝐅𝐞𝐚𝐭𝐮𝐫𝐞𝐝 𝐏𝐡𝐨𝐭𝐨𝐠𝐫𝐚𝐩𝐡𝐞𝐫𝐬/𝐕𝐢𝐝𝐞𝐨𝐠𝐫𝐚𝐩𝐡𝐞𝐫𝐬⊹:⠀⁣⁣⁣⁣⁣⁣⁣⁣⁣
- Wandefilms⁣
⁣⁣⁣⁣⁣
⊹𝐅𝐞𝐚𝐭𝐮𝐫𝐞𝐝 𝐖𝐞𝐝𝐝𝐢𝐧𝐠 𝐄𝐬𝐬𝐞𝐧𝐭𝐢𝐚𝐥𝐬⊹:⠀⁣⁣⁣⁣⁣⁣⁣⁣⁣
- A Group Of People
- Heaven's Gift - Special Events Design and Consultancy
- The Pine Garden
- Rio Diamonds
- Jerald Foo
- Carat 55
⁣⁣⁣⁣⁣
*T&C apply.",https://t.me/blissfulbrides/376
blissfulbrides,2020-09-01T04:15:06+00:00,[],"[""http://bit.ly/GHBridalConsultations""]",375,,"Private Bridal Consultations with Goldheart Jewelry
💎
On the lookout for your wedding day bling and spoilt for choice by the many options available? Whether it’s Wedding Bands or Si Dian Jin, Goldheart Jewelry is offering private consultation sessions with their advisors to help you find your perfect match.
RSVP to enjoy exclusive promotions including:
❤️
$5 off Gold $/gm + 10% off workmanship
❤️
1 For 1 selected Wedding Bands
❤️
15 + 10% off K-Style Collection
❤️
20 + 10% off normal Wedding Bands
❤️
20 + 10% off Celestial Diamond Range
❤️
50% off Ascente Diamond Range
Each RSVP couple will receive a doorgift worth $150 per couple, and a COMPLIMENTARY Parker Pen with personalised engraving.
Event Dates:
🎁
19 Sep 2020, Saturday
ION Orchard, B2-65
🎁
26 Sep 2020, Saturday
JEM, 01-23
🎁
3 Oct 2020, Saturday
Bugis Junction, 01-23
RSVP Now:
bit.ly/GHBridalConsultations",https://t.me/blissfulbrides/375
blissfulbrides,2020-08-29T05:01:20+00:00,[],[],374,,"Blissful Brides
pinned «
https://www.facebook.com/blissfulbrides/videos/1004291653358244/  WE ARE LIVE NOW! Look forward to Bridal Boutique Tour, Buffet Taste Testing, Jewellery Showcase & many more!  Win an A'veny Diamond Pendant (worth $600) in 2 simple steps!
✨
Share this livestream…
»",https://t.me/blissfulbrides/374
blissfulbrides,2020-08-29T05:01:01+00:00,[],"[""https://www.facebook.com/blissfulbrides/videos/1004291653358244/"", ""http://bowsonline.blissfulbrides.sg/""]",373,,"https://www.facebook.com/blissfulbrides/videos/1004291653358244/
WE ARE LIVE NOW! Look forward to
Bridal Boutique Tour, Buffet Taste Testing, Jewellery Showcase & many more!
Win an
A'veny Diamond Pendant (worth $600)
in 2 simple steps!
✨
Share this livestream
(do set your post to public)
✨
Tag 2 friends in the comment section of the livestream post
RSVP & speak with 1 vendor to receive a complimentary goodie bag* & a chance to win
Joo Won 14K Rose Gold Pearl Earring* (worth $500)
➡️
bowsonline.blissfulbrides.sg
*
T&C apply",https://t.me/blissfulbrides/373
blissfulbrides,2020-08-29T04:00:08+00:00,[],"[""http://www.facebook.com/blissfulbrides"", ""http://bowsonline.blissfulbrides.sg/""]",372,,"『 𝐒𝐢𝐥𝐯𝐞𝐫 𝐋𝐢𝐧𝐢𝐧𝐠𝐬 』We are going live in an hour! Check out our vendors FB LIVE (
www.facebook.com/blissfulbrides
) showcase at the respective timing
👀
RSVP & speak with the vendor at their Zoom room to get a FREE goodie bag and a chance to win Joo Won 14K Rose Gold Pearl Earring worth $500!
➡️
bowsonline.blissfulbrides.sg",https://t.me/blissfulbrides/372
blissfulbrides,2020-08-28T13:00:12+00:00,[],"[""https://www.instagram.com/p/CEbcjgKldxd/?igshid=1rr4nfem8nvo6"", ""http://bowsonline.blissfulbrides.sg/"", ""https://bit.ly/31vFEG1"", ""https://bit.ly/2YChac2"", ""https://bit.ly/3ji8M9Q"", ""https://bit.ly/32lPcT4"", ""https://bit.ly/3grrj1n"", ""https://bit.ly/32pQD2W"", ""https://bit.ly/2QnHfqU"", ""https://bit.ly/3lneKaY"", ""https://bit.ly/2YR0Cxp"", ""https://bit.ly/2YBIbwj"", ""https://bit.ly/3aXwJA4"", ""https://bit.ly/2EqZtW9"", ""https://bit.ly/3aUi7Sb"", ""https://bit.ly/31tnfth"", ""https://bit.ly/3jdosek"", ""https://bit.ly/2Qvg0dY"", ""https://bowsonline.blissfulbrides.sg/prizes/""]",371,,"https://www.instagram.com/p/CEbcjgKldxd/?igshid=1rr4nfem8nvo6
『 𝐒𝐢𝐥𝐯𝐞𝐫 𝐋𝐢𝐧𝐢𝐧𝐠𝐬 』Don't miss out exclusive vendor promotions & prizes this weekend!
RSVP now at
bowsonline.blissfulbrides.sg
& speak with any of our vendors to redeem a 𝐅𝐑𝐄𝐄 𝐠𝐨𝐨𝐝𝐢𝐞 𝐛𝐚𝐠 worth $75* & a chance to win 𝗝𝗼𝗼 𝗪𝗼𝗻 𝟭𝟰𝗞 𝗥𝗼𝘀𝗲 𝗚𝗼𝗹𝗱 𝗣𝗲𝗮𝗿𝗹 𝗘𝗮𝗿𝗿𝗶𝗻𝗴 (𝘄𝗼𝗿𝘁𝗵 $𝟱𝟬𝟬) from Rio Diamonds!
✨
Vendors Zoom link below
✨
⊹𝐅𝐞𝐚𝐭𝐮𝐫𝐞𝐝 𝐕𝐞𝐧𝐮𝐞𝐬⊹:⠀⁣⁣⁣⁣
- Fairmont Singapore & Swissotel The Stamford:
https://bit.ly/31vFEG1
- One Farrer Hotel:
https://bit.ly/2YChac2
- PARKROYAL COLLECTION Pickering, Singapore:
https://bit.ly/3ji8M9Q
⊹𝐅𝐞𝐚𝐭𝐮𝐫𝐞𝐝 𝐁𝐫𝐢𝐝𝐚𝐥 𝐁𝐨𝐮𝐭𝐢𝐪𝐮𝐞𝐬⊹:⠀⁣⁣⁣⁣
- Aido Weddings and Events:
https://bit.ly/32lPcT4
- French Wedding:
https://bit.ly/3grrj1n
- Yvonne Creative Bridal:
https://bit.ly/32pQD2W
⊹𝘽𝙮 𝘼𝙥𝙥𝙤𝙞𝙣𝙩𝙢𝙚𝙣𝙩 𝙤𝙣𝙡𝙮⊹:
- Love Nest (Love Story):
https://bit.ly/2QnHfqU
- Alisha & Lace Singapore:
https://bit.ly/3lneKaY
⊹𝐅𝐞𝐚𝐭𝐮𝐫𝐞𝐝 𝐂𝐚𝐭𝐞𝐫𝐞𝐫𝐬⊹:⠀⁣⁣⁣⁣
- Le Rainbow Catering:
https://bit.ly/2YR0Cxp
⊹𝐅𝐞𝐚𝐭𝐮𝐫𝐞𝐝 𝐏𝐡𝐨𝐭𝐨𝐠𝐫𝐚𝐩𝐡𝐞𝐫𝐬/𝐕𝐢𝐝𝐞𝐨𝐠𝐫𝐚𝐩𝐡𝐞𝐫𝐬⊹:⠀⁣⁣⁣⁣
- Wandefilms:
https://bit.ly/2YBIbwj
⊹𝐅𝐞𝐚𝐭𝐮𝐫𝐞𝐝 𝐖𝐞𝐝𝐝𝐢𝐧𝐠 𝐄𝐬𝐬𝐞𝐧𝐭𝐢𝐚𝐥𝐬⊹:⠀⁣⁣⁣⁣
- A Group Of People:
https://bit.ly/3aXwJA4
- Carat 55:
https://bit.ly/2EqZtW9
- Heaven's Gift - Special Events Design and Consultancy:
https://bit.ly/3aUi7Sb
- The Pine Garden:
https://bit.ly/31tnfth
- Rio Diamonds:
https://bit.ly/3jdosek
⊹𝘽𝙮 𝘼𝙥𝙥𝙤𝙞𝙣𝙩𝙢𝙚𝙣𝙩 𝙤𝙣𝙡𝙮⊹:
- Jerald Foo:
https://bit.ly/2Qvg0dY
𝗔𝗱𝗱𝗶𝘁𝗶𝗼𝗻𝗮𝗹 𝗣𝗲𝗿𝗸𝘀!⠀⁣⁣⁣⁣⁣
• Share our pinned post/ live stream on event day & tag 2 friends for a chance to win an 𝗔'𝘃𝗲𝗻𝘆 𝗗𝗶𝗮𝗺𝗼𝗻𝗱 𝗣𝗲𝗻𝗱𝗮𝗻𝘁 (𝘄𝗼𝗿𝘁𝗵 $𝟲𝟬𝟬) from Rio Diamonds
• Make a purchase & stand to win $500 AND/OR a staycation/F&B/wedding-related voucher⁣⁣⁣/𝗧𝗿𝗶𝗼 𝗗𝗶𝗮𝗺𝗼𝗻𝗱 𝗡𝗲𝗰𝗸𝗹𝗮𝗰𝗲 𝗶𝗻 𝗥𝗼𝘀𝗲 𝗚𝗼𝗹𝗱 (𝘄𝗼𝗿𝘁𝗵 $𝟱𝟮𝟱) from Carat 55
• The first 10 couples to sign with a vendor will enjoy additional perks⁣⁣⁣
• Vote for your favourite gown and ballroom & stand a chance to win The Blue Ginger 𝘃𝗼𝘂𝗰𝗵𝗲𝗿 (𝘄𝗼𝗿𝘁𝗵 $𝟱𝟬)⁣⁣⁣
• Earn instant cashback* of up to 3.3% for online purchases made via Blissful Pay during the show⁣⁣⁣⁣ ⠀⁣⁣⁣⁣⁣
• Stand to win from our 𝗕𝗹𝗶𝘀𝘀𝗳𝘂𝗹 𝗣𝗮𝘆 $𝟲𝟬,𝟬𝟬𝟬 𝗚𝗿𝗮𝗻𝗱 𝗗𝗿𝗮𝘄⁣⁣⁣
⁣⁣⁣
Visit
https://bowsonline.blissfulbrides.sg/prizes/
for more information of the prizes.
*T&C apply.",https://t.me/blissfulbrides/371
blissfulbrides,2020-08-27T14:01:57+00:00,[],[],370,,"Blissful Brides
pinned «
https://www.instagram.com/p/CEZNDsgnZY3/?igshid=tzgxlqz02x5f  『 𝐒𝐢𝐥𝐯𝐞𝐫 𝐋𝐢𝐧𝐢𝐧𝐠𝐬 』What you have been waiting for! Our programme line up this Saturday, 29th Aug
🥳
✨
Look forward to bridal boutique showcase, wedding buffet taste testing right here on Facebook…
»",https://t.me/blissfulbrides/370
blissfulbrides,2020-08-27T14:01:49+00:00,[],"[""https://www.instagram.com/p/CEZNDsgnZY3/?igshid=tzgxlqz02x5f"", ""http://bowsonline.blissfulbrides.sg/"", ""https://bit.ly/31vFEG1"", ""https://bit.ly/2YChac2"", ""https://bit.ly/3ji8M9Q"", ""https://bit.ly/32lPcT4"", ""https://bit.ly/3grrj1n"", ""https://bit.ly/32pQD2W"", ""https://bit.ly/2QnHfqU"", ""https://bit.ly/3lneKaY"", ""https://bit.ly/2YR0Cxp"", ""https://bit.ly/2YBIbwj"", ""https://bit.ly/3aXwJA4"", ""https://bit.ly/2EqZtW9"", ""https://bit.ly/3aUi7Sb"", ""https://bit.ly/31tnfth"", ""https://bit.ly/3jdosek"", ""https://bit.ly/2Qvg0dY"", ""https://bowsonline.blissfulbrides.sg/prizes/""]",369,,"https://www.instagram.com/p/CEZNDsgnZY3/?igshid=tzgxlqz02x5f
『 𝐒𝐢𝐥𝐯𝐞𝐫 𝐋𝐢𝐧𝐢𝐧𝐠𝐬 』What you have been waiting for! Our programme line up this Saturday, 29th Aug
🥳
✨
Look forward to bridal boutique showcase, wedding buffet taste testing right here on Facebook
✨
Check out our vendors Zoom link below & speak with them any time from 1pm - 6pm from 29th - 30th Aug to get a FREE goodie bag* worth $75 when you RSVP
➡️
bowsonline.blissfulbrides.sg
⊹𝐅𝐞𝐚𝐭𝐮𝐫𝐞𝐝 𝐕𝐞𝐧𝐮𝐞𝐬⊹:⠀⁣⁣⁣⁣
- Fairmont Singapore & Swissotel The Stamford:
https://bit.ly/31vFEG1
- One Farrer Hotel:
https://bit.ly/2YChac2
- PARKROYAL COLLECTION Pickering, Singapore:
https://bit.ly/3ji8M9Q
⊹𝐅𝐞𝐚𝐭𝐮𝐫𝐞𝐝 𝐁𝐫𝐢𝐝𝐚𝐥 𝐁𝐨𝐮𝐭𝐢𝐪𝐮𝐞𝐬⊹:⠀⁣⁣⁣⁣
- Aido Weddings and Events:
https://bit.ly/32lPcT4
- French Wedding:
https://bit.ly/3grrj1n
- Yvonne Creative Bridal:
https://bit.ly/32pQD2W
⊹𝘽𝙮 𝘼𝙥𝙥𝙤𝙞𝙣𝙩𝙢𝙚𝙣𝙩 𝙤𝙣𝙡𝙮⊹:
- Love Nest (Love Story):
https://bit.ly/2QnHfqU
- Alisha & Lace Singapore:
https://bit.ly/3lneKaY
⊹𝐅𝐞𝐚𝐭𝐮𝐫𝐞𝐝 𝐂𝐚𝐭𝐞𝐫𝐞𝐫𝐬⊹:⠀⁣⁣⁣⁣
- Le Rainbow Catering:
https://bit.ly/2YR0Cxp
⊹𝐅𝐞𝐚𝐭𝐮𝐫𝐞𝐝 𝐏𝐡𝐨𝐭𝐨𝐠𝐫𝐚𝐩𝐡𝐞𝐫𝐬/𝐕𝐢𝐝𝐞𝐨𝐠𝐫𝐚𝐩𝐡𝐞𝐫𝐬⊹:⠀⁣⁣⁣⁣
- Wandefilms:
https://bit.ly/2YBIbwj
⊹𝐅𝐞𝐚𝐭𝐮𝐫𝐞𝐝 𝐖𝐞𝐝𝐝𝐢𝐧𝐠 𝐄𝐬𝐬𝐞𝐧𝐭𝐢𝐚𝐥𝐬⊹:⠀⁣⁣⁣⁣
- A Group Of People:
https://bit.ly/3aXwJA4
- Carat 55:
https://bit.ly/2EqZtW9
- Heaven's Gift - Special Events Design and Consultancy:
https://bit.ly/3aUi7Sb
- The Pine Garden:
https://bit.ly/31tnfth
- Rio Diamonds:
https://bit.ly/3jdosek
⊹𝘽𝙮 𝘼𝙥𝙥𝙤𝙞𝙣𝙩𝙢𝙚𝙣𝙩 𝙤𝙣𝙡𝙮⊹:
- Jerald Foo:
https://bit.ly/2Qvg0dY
𝗔𝗱𝗱𝗶𝘁𝗶𝗼𝗻𝗮𝗹 𝗣𝗲𝗿𝗸𝘀!⠀⁣⁣⁣⁣⁣
• RSVP for our online wedding show & meet at least 1 vendor on Zoom to receive a complimentary goodie bag worth $75* & a chance to win 𝗝𝗼𝗼 𝗪𝗼𝗻 𝟭𝟰𝗞 𝗥𝗼𝘀𝗲 𝗚𝗼𝗹𝗱 𝗣𝗲𝗮𝗿𝗹 𝗘𝗮𝗿𝗿𝗶𝗻𝗴 (𝘄𝗼𝗿𝘁𝗵 $𝟱𝟬𝟬) from Rio Diamonds
• Share our pinned post/ live stream on event day & tag 2 friends for a chance to win an 𝗔'𝘃𝗲𝗻𝘆 𝗗𝗶𝗮𝗺𝗼𝗻𝗱 𝗣𝗲𝗻𝗱𝗮𝗻𝘁 (𝘄𝗼𝗿𝘁𝗵 $𝟲𝟬𝟬) from Rio Diamonds
• Make a purchase & stand to win $500 AND/OR a staycation/F&B/wedding-related voucher⁣⁣⁣/𝗧𝗿𝗶𝗼 𝗗𝗶𝗮𝗺𝗼𝗻𝗱 𝗡𝗲𝗰𝗸𝗹𝗮𝗰𝗲 𝗶𝗻 𝗥𝗼𝘀𝗲 𝗚𝗼𝗹𝗱 (𝘄𝗼𝗿𝘁𝗵 $𝟱𝟮𝟱) from Carat 55
• The first 10 couples to sign with a vendor will enjoy additional perks⁣⁣⁣
• Vote for your favourite gown and ballroom & stand a chance to win The Blue Ginger 𝘃𝗼𝘂𝗰𝗵𝗲𝗿 (𝘄𝗼𝗿𝘁𝗵 $𝟱𝟬)⁣⁣⁣
• Earn instant cashback* of up to 3.3% for online purchases made via Blissful Pay during the show⁣⁣⁣⁣ ⠀⁣⁣⁣⁣⁣
• Stand to win from our 𝗕𝗹𝗶𝘀𝘀𝗳𝘂𝗹 𝗣𝗮𝘆 $𝟲𝟬,𝟬𝟬𝟬 𝗚𝗿𝗮𝗻𝗱 𝗗𝗿𝗮𝘄⁣⁣⁣
⁣⁣⁣
Visit
https://bowsonline.blissfulbrides.sg/prizes/
for more information of the prizes.
*T&C apply.",https://t.me/blissfulbrides/369
blissfulbrides,2020-08-25T14:21:14+00:00,[],"[""https://www.instagram.com/p/CETuLy5ASUT/?igshid=v19k6uxgbkq4"", ""http://bowsonline.blissfulbrides.sg/""]",368,,"https://www.instagram.com/p/CETuLy5ASUT/?igshid=v19k6uxgbkq4
『 𝐒𝐢𝐥𝐯𝐞𝐫 𝐋𝐢𝐧𝐢𝐧𝐠𝐬 』We are giving away $1,600 worth of jewellery! Sounds too good to be true? Swipe to see for yourself
👆
📍
𝐑𝐒𝐕𝐏 𝐡𝐞𝐫𝐞
bowsonline.blissfulbrides.sg
& speak with any of our vendors from 29 - 30 Aug via Zoom and you will be entitled to a 𝐅𝐑𝐄𝐄 𝐠𝐨𝐨𝐝𝐢𝐞 𝐛𝐚𝐠*! ⁣⁣⁣
⊹𝐅𝐞𝐚𝐭𝐮𝐫𝐞𝐝 𝐕𝐞𝐧𝐮𝐞𝐬⊹:⠀⁣⁣⁣
- Fairmont Singapore & Swissotel The Stamford
- One Farrer Hotel
- PARKROYAL COLLECTION Pickering, Singapore
⁣⁣⁣
⊹𝐅𝐞𝐚𝐭𝐮𝐫𝐞𝐝 𝐁𝐫𝐢𝐝𝐚𝐥 𝐁𝐨𝐮𝐭𝐢𝐪𝐮𝐞𝐬⊹:⠀⁣⁣⁣
- Aido Weddings and Events
- Alisha & Lace Singapore
- French Wedding
- Love Nest (Love Story)
- Yvonne Creative Bridal
⁣⁣⁣
⊹𝐅𝐞𝐚𝐭𝐮𝐫𝐞𝐝 𝐂𝐚𝐭𝐞𝐫𝐞𝐫𝐬⊹:⠀⁣⁣⁣
- Le Rainbow Catering
⁣⁣⁣
⊹𝐅𝐞𝐚𝐭𝐮𝐫𝐞𝐝 𝐏𝐡𝐨𝐭𝐨𝐠𝐫𝐚𝐩𝐡𝐞𝐫𝐬/𝐕𝐢𝐝𝐞𝐨𝐠𝐫𝐚𝐩𝐡𝐞𝐫𝐬⊹:⠀⁣⁣⁣
- Wandefilms
⁣⁣⁣
⊹𝐅𝐞𝐚𝐭𝐮𝐫𝐞𝐝 𝐖𝐞𝐝𝐝𝐢𝐧𝐠 𝐄𝐬𝐬𝐞𝐧𝐭𝐢𝐚𝐥𝐬⊹:⠀⁣⁣⁣
- A Group Of People
- Carat 55
- Heaven's Gift - Special Events Design and Consultancy⁣⁣⁣
- The Pine Garden
- Rio Diamonds
- Jerald Foo⁣
*T&C apply.",https://t.me/blissfulbrides/368
blissfulbrides,2020-08-24T12:40:32+00:00,[],"[""https://www.instagram.com/p/CELg8HWpfn2/"", ""https://bowsonline.blissfulbrides.sg/wedding-gown-contest/"", ""http://www.bowsonline.blissfulbrides.sg/""]",367,,"https://www.instagram.com/p/CELg8HWpfn2/
『 𝐒𝐢𝐥𝐯𝐞𝐫 𝐋𝐢𝐧𝐢𝐧𝐠𝐬 』Who has your vote for the most alluring gown? Let us know at
https://bowsonline.blissfulbrides.sg/wedding-gown-contest/
and stand to win a mystery prize!
🎁
⁣
⁣
Winners will be announced on 2nd September 2020 via Facebook/Instagram.⁣
⁣
☁️
Silver Linings will be happening on 29th & 30th August, from 1pm to 6pm daily.
☁️
⁣
The event will have attractive deals from wedding vendors, music performances, contests and more. RSVP now to secure a complimentary goodie bag* worth $75 for yourself! ⁣
⁣
RSVP now:
www.bowsonline.blissfulbrides.sg
*T&C apply",https://t.me/blissfulbrides/367
blissfulbrides,2020-08-23T14:05:50+00:00,[],"[""https://www.instagram.com/p/CEJbARLpGyp/"", ""http://bowsonline.blissfulbrides.sg/""]",366,,"https://www.instagram.com/p/CEJbARLpGyp/
『 𝐒𝐢𝐥𝐯𝐞𝐫 𝐋𝐢𝐧𝐢𝐧𝐠𝐬 』Don't let a single detail or moment go unchecked at your wedding! We've got ultra sweet wedding photographer, videographer, and essential deals for you.⁣
Click and swipe to see who are the participating vendors!
⁣
📍
𝐑𝐒𝐕𝐏 𝐡𝐞𝐫𝐞
bowsonline.blissfulbrides.sg
& speak with any of our vendors from 29 - 30 Aug via Zoom and you will be entitled to a 𝐅𝐑𝐄𝐄 𝐠𝐨𝐨𝐝𝐢𝐞 𝐛𝐚𝐠*! ⁣⁣⁣
⊹𝐅𝐞𝐚𝐭𝐮𝐫𝐞𝐝 𝐕𝐞𝐧𝐮𝐞𝐬⊹:⠀⁣⁣
- Fairmont Singapore & Swissotel The Stamford
- One Farrer Hotel
- PARKROYAL COLLECTION Pickering, Singapore
⁣⁣
⊹𝐅𝐞𝐚𝐭𝐮𝐫𝐞𝐝 𝐁𝐫𝐢𝐝𝐚𝐥 𝐁𝐨𝐮𝐭𝐢𝐪𝐮𝐞𝐬⊹:⠀⁣⁣
- Aido Weddings and Events
- Alisha & Lace Singapore
- French Wedding
- Love Nest (Love Story)
- Yvonne Creative Bridal
⁣⁣
⊹𝐅𝐞𝐚𝐭𝐮𝐫𝐞𝐝 𝐂𝐚𝐭𝐞𝐫𝐞𝐫𝐬⊹:⠀⁣⁣
- Le Rainbow Catering
⁣⁣
⊹𝐅𝐞𝐚𝐭𝐮𝐫𝐞𝐝 𝐏𝐡𝐨𝐭𝐨𝐠𝐫𝐚𝐩𝐡𝐞𝐫𝐬/𝐕𝐢𝐝𝐞𝐨𝐠𝐫𝐚𝐩𝐡𝐞𝐫𝐬⊹:⠀⁣⁣
- Wandefilms⁣⁣
⁣⁣
⊹𝐅𝐞𝐚𝐭𝐮𝐫𝐞𝐝 𝐖𝐞𝐝𝐝𝐢𝐧𝐠 𝐄𝐬𝐬𝐞𝐧𝐭𝐢𝐚𝐥𝐬⊹:⠀⁣⁣
- AGOPSG
- Carat 55
- Heaven's Gift - Special Events Design and Consultancy ⁣⁣
- The Pine Garden
- Rio Diamonds
- Host Jerald Foo
𝗔𝗱𝗱𝗶𝘁𝗶𝗼𝗻𝗮𝗹 𝗣𝗲𝗿𝗸𝘀!⠀⁣⁣⁣
• RSVP for our online wedding show & meet at least 1 vendor on Zoom to receive a complimentary goodie bag*⁣
• Make a purchase & stand to win $500 AND/OR a staycation/F&B/wedding-related voucher⁣
• Like & share our live stream & tag 2 friends for a chance to win attractive prizes⁣
• The first 10 couples to sign with a vendor will enjoy additional perks⁣
• Vote for your favourite gown and ballroom & get a chance to win a staycation/F&B/wedding services voucher⠀⁣
• Design your dream gown on IGStory (
@blissfulbridesmag
) and stand a chance to win attractive prizes⁣
• Earn instant cashback* of 3.3% for online purchases made via Blissful Pay during the show⁣⁣⁣⁣ ⠀⁣⁣⁣
• Stand to win from our 𝗕𝗹𝗶𝘀𝘀𝗳𝘂𝗹 𝗣𝗮𝘆 $𝟲𝟬,𝟬𝟬𝟬 𝗚𝗿𝗮𝗻𝗱 𝗗𝗿𝗮𝘄⁣
*T&C apply",https://t.me/blissfulbrides/366
blissfulbrides,2020-08-22T11:12:36+00:00,[],"[""https://www.instagram.com/p/CEDoPoQphcu/"", ""http://bowsonline.blissfulbrides.sg/""]",365,,"https://www.instagram.com/p/CEDoPoQphcu/
『 𝐒𝐢𝐥𝐯𝐞𝐫 𝐋𝐢𝐧𝐢𝐧𝐠𝐬 』Look your best on your big day when you engage these bridal boutiques! Swipe to see more!
👉
📍
𝐑𝐒𝐕𝐏 𝐡𝐞𝐫𝐞
bowsonline.blissfulbrides.sg
& speak with any of our vendors from 29 - 30 Aug via Zoom and you will be entitled to a 𝐅𝐑𝐄𝐄 𝐠𝐨𝐨𝐝𝐢𝐞 𝐛𝐚𝐠*! ⁣⁣
⁣
⊹𝐅𝐞𝐚𝐭𝐮𝐫𝐞𝐝 𝐕𝐞𝐧𝐮𝐞𝐬⊹:⠀⁣⁣
- Fairmont Singapore & Swissotel The Stamford
- One Farrer Hotel
- PARKROYAL COLLECTION Pickering, Singapore
⁣⁣
⊹𝐅𝐞𝐚𝐭𝐮𝐫𝐞𝐝 𝐁𝐫𝐢𝐝𝐚𝐥 𝐁𝐨𝐮𝐭𝐢𝐪𝐮𝐞𝐬⊹:⠀⁣⁣
- Aido Weddings and Events
- Alisha & Lace Singapore
- French Wedding
- Love Nest (Love Story)
- Yvonne Creative Bridal
⁣⁣
⊹𝐅𝐞𝐚𝐭𝐮𝐫𝐞𝐝 𝐂𝐚𝐭𝐞𝐫𝐞𝐫𝐬⊹:⠀⁣⁣
- Le Rainbow Catering
⁣⁣
⊹𝐅𝐞𝐚𝐭𝐮𝐫𝐞𝐝 𝐏𝐡𝐨𝐭𝐨𝐠𝐫𝐚𝐩𝐡𝐞𝐫𝐬/𝐕𝐢𝐝𝐞𝐨𝐠𝐫𝐚𝐩𝐡𝐞𝐫𝐬⊹:⠀⁣⁣
- Wandefilms⁣⁣
⁣⁣
⊹𝐅𝐞𝐚𝐭𝐮𝐫𝐞𝐝 𝐖𝐞𝐝𝐝𝐢𝐧𝐠 𝐄𝐬𝐬𝐞𝐧𝐭𝐢𝐚𝐥𝐬⊹:⠀⁣⁣
- AGOPSG
- Carat 55
- Heaven's Gift - Special Events Design and Consultancy ⁣⁣
- The Pine Garden
- Rio Diamonds
- Host Jerald Foo
𝗔𝗱𝗱𝗶𝘁𝗶𝗼𝗻𝗮𝗹 𝗣𝗲𝗿𝗸𝘀!⠀⁣⁣⁣
• RSVP for our online wedding show & meet at least 1 vendor on Zoom to receive a complimentary goodie bag*⁣
• Make a purchase & stand to win $500 AND/OR a staycation/F&B/wedding-related voucher⁣
• Like & share our live stream & tag 2 friends for a chance to win attractive prizes⁣
• The first 10 couples to sign with a vendor will enjoy additional perks⁣
• Vote for your favourite gown and ballroom & get a chance to win a staycation/F&B/wedding services voucher⠀⁣
• Design your dream gown on IGStory (
@blissfulbridesmag
) and stand a chance to win attractive prizes⁣
• Earn instant cashback* of 3.3% for online purchases made via Blissful Pay during the show⁣⁣⁣⁣ ⠀⁣⁣⁣
• Stand to win from our 𝗕𝗹𝗶𝘀𝘀𝗳𝘂𝗹 𝗣𝗮𝘆 $𝟲𝟬,𝟬𝟬𝟬 𝗚𝗿𝗮𝗻𝗱 𝗗𝗿𝗮𝘄⁣
⁣
*T&C apply.",https://t.me/blissfulbrides/365
blissfulbrides,2020-08-21T10:15:19+00:00,[],"[""http://bowsonline.blissfulbrides.sg/""]",364,,"『 𝐒𝐢𝐥𝐯𝐞𝐫 𝐋𝐢𝐧𝐢𝐧𝐠𝐬 』Are you giving yourself enough time to search for a bridal boutique, or are you risking unnecessary stress?
👰🏻
😰
📍
𝐑𝐒𝐕𝐏 𝐡𝐞𝐫𝐞
bowsonline.blissfulbrides.sg
& speak with any of our vendors from 29 - 30 Aug via Zoom and you will be entitled to a 𝐅𝐑𝐄𝐄 𝐠𝐨𝐨𝐝𝐢𝐞 𝐛𝐚𝐠*! ⁣⠀
⊹𝐅𝐞𝐚𝐭𝐮𝐫𝐞𝐝 𝐕𝐞𝐧𝐮𝐞𝐬⊹:⠀⁣
- Fairmont Singapore & Swissotel The Stamford
- One Farrer Hotel
- PARKROYAL COLLECTION Pickering, Singapore
⁣
⊹𝐅𝐞𝐚𝐭𝐮𝐫𝐞𝐝 𝐁𝐫𝐢𝐝𝐚𝐥 𝐁𝐨𝐮𝐭𝐢𝐪𝐮𝐞𝐬⊹:⠀⁣
- Aido Weddings and Events
- Alisha & Lace Singapore
- French Wedding
- Love Story
- Yvonne Creative Bridal
⁣
⊹𝐅𝐞𝐚𝐭𝐮𝐫𝐞𝐝 𝐂𝐚𝐭𝐞𝐫𝐞𝐫𝐬⊹:⠀⁣
- Le Rainbow Catering⁣
⁣
⊹𝐅𝐞𝐚𝐭𝐮𝐫𝐞𝐝 𝐏𝐡𝐨𝐭𝐨𝐠𝐫𝐚𝐩𝐡𝐞𝐫𝐬/𝐕𝐢𝐝𝐞𝐨𝐠𝐫𝐚𝐩𝐡𝐞𝐫𝐬⊹:⠀⁣
- Wandefilms
⁣
⊹𝐅𝐞𝐚𝐭𝐮𝐫𝐞𝐝 𝐖𝐞𝐝𝐝𝐢𝐧𝐠 𝐄𝐬𝐬𝐞𝐧𝐭𝐢𝐚𝐥𝐬⊹:⠀⁣
- A Group Of People
- Carat 55
- Heaven's Gift - Special Events Design and Consultancy
- The Pine Garden
- Rio Diamonds
- Host Jerald Foo
*T&C apply",https://t.me/blissfulbrides/364
blissfulbrides,2020-08-20T11:17:26+00:00,[],"[""http://bowsonline.blissfulbrides.sg/""]",363,,"『 𝐒𝐢𝐥𝐯𝐞𝐫 𝐋𝐢𝐧𝐢𝐧𝐠𝐬 』Can't help falling in love with these wedding venues and caterers!
😍
⁣
⁣
📍
𝐑𝐒𝐕𝐏 𝐡𝐞𝐫𝐞
bowsonline.blissfulbrides.sg
& speak with any of our vendors from 29 - 30 Aug via Zoom and you will be entitled to a 𝐅𝐑𝐄𝐄 𝐠𝐨𝐨𝐝𝐢𝐞 𝐛𝐚𝐠*! ⁣⁣
⁣
⊹𝐅𝐞𝐚𝐭𝐮𝐫𝐞𝐝 𝐕𝐞𝐧𝐮𝐞𝐬⊹:⠀⁣⁣
- Fairmont Singapore & Swissotel The Stamford⁣⁣
- One Farrer Hotel
- PARKROYAL COLLECTION Pickering, Singapore
⁣⁣
⊹𝐅𝐞𝐚𝐭𝐮𝐫𝐞𝐝 𝐁𝐫𝐢𝐝𝐚𝐥 𝐁𝐨𝐮𝐭𝐢𝐪𝐮𝐞𝐬⊹:⠀⁣⁣
- Aido Weddings and Events
- Alisha & Lace Singapore
- French Wedding
- Love Nest (Love Story)
- Yvonne Creative Bridal
⁣⁣
⊹𝐅𝐞𝐚𝐭𝐮𝐫𝐞𝐝 𝐂𝐚𝐭𝐞𝐫𝐞𝐫𝐬⊹:⠀⁣⁣
- Le Rainbow Catering ⁣⁣
⁣⁣
⊹𝐅𝐞𝐚𝐭𝐮𝐫𝐞𝐝 𝐏𝐡𝐨𝐭𝐨𝐠𝐫𝐚𝐩𝐡𝐞𝐫𝐬/𝐕𝐢𝐝𝐞𝐨𝐠𝐫𝐚𝐩𝐡𝐞𝐫𝐬⊹:⠀⁣⁣
- Wandefilms⁣⁣
⁣⁣
⊹𝐅𝐞𝐚𝐭𝐮𝐫𝐞𝐝 𝐖𝐞𝐝𝐝𝐢𝐧𝐠 𝐄𝐬𝐬𝐞𝐧𝐭𝐢𝐚𝐥𝐬⊹:⠀⁣⁣
- A Group Of People
- Carat 55
- Heaven's Gift - Special Events Design and Consultancy ⁣⁣
- The Pine Garden
⁣- Rio Diamonds
*T&C apply",https://t.me/blissfulbrides/363
blissfulbrides,2020-08-15T03:00:04+00:00,[],[],362,,"With luxurious ballrooms equipped with top-quality cuisine and service and bridal suites that come with their own jacuzzi,
M Hotel Singapore
is just the place where you can allay all your concerns and reward yourselves with the best night of your lives. Check out the Intimate Wedding Package @ $128.80++ and enjoy attractive perks when you make a purchase! Email M Hotel Singapore at mywedding.mhs@millenniumhotels.com for more information
💕",https://t.me/blissfulbrides/362
blissfulbrides,2020-08-13T04:00:11+00:00,[],"[""http://bit.ly/hgopenhouse""]",361,,"These packages are so affordable that you can't afford to miss it!
😍
With wedding at 50-pax, it's time to call for a celebration!
Specialized in event planning, Heaven's Gift will assist you on your big day and be assured to have the best time of your life on your big day
💕
Check out
bit.ly/hgopenhouse
for more deets & receive exclusive perks when you sign up with the vendors!
See you on 15/8/2020
✨",https://t.me/blissfulbrides/361
blissfulbrides,2020-08-12T10:17:22+00:00,[],"[""http://www.bowsonline.blissfulbrides.sg/""]",360,,"『 𝐒𝐢𝐥𝐯𝐞𝐫 𝐋𝐢𝐧𝐢𝐧𝐠𝐬 』It’s not just another dress. It’s a dress you’ll remember FOREVER~ Let your creativity flow and create the gown of your dream!
Design your dream gown in 2 simple steps and stand to win a mystery prize:
1. Save & use the template above.
Design
and
decorate
your dream gown with
GIF/stickers/color pens on Instagram Story
3. Repost it and tag us (
@blissfulbridesmag
)
Wait no more and start designing your ideal gown today!
RSVP NOW
➡️
www.bowsonline.blissfulbrides.sg
Terms & Conditions: ⠀⁣
* Winners will be randomly selected from the respective contest periods and announced on Blissful Brides' Facebook and Instagram⁣
* Prizes are non-transferrable and non-exchangeable for cash ⠀⁣
* Winners must claim their prize within 4 weeks of being notified ⠀⁣
* Contest ends 30 Aug 2020, entries submitted beyond the contest date will be deemed invalid ⠀⁣
* The sole discretion of choosing the giveaway winner lies with Blissful Brides and no enquiries will be entertained regarding the winning criterion",https://t.me/blissfulbrides/360
blissfulbrides,2020-08-11T10:00:11+00:00,[],[],359,,"These wedding deals are so good, they are like Heaven's Gift
😇
Specialized in wedding planning, Heaven's Gift will be having their open house on 15/8 & you should not miss it! Look forward to exclusive perks for couples who sign up with Heaven's Gift & industry partners such as
JW Marriott Singapore South Beach Road
&
The St Regis Singapore
.
With that said, mark your calendar & we'll see you there!",https://t.me/blissfulbrides/359
blissfulbrides,2020-08-10T04:00:51+00:00,[],"[""http://bowsonline.blissfulbrides.sg/""]",358,,"『 𝐒𝐢𝐥𝐯𝐞𝐫 𝐋𝐢𝐧𝐢𝐧𝐠𝐬 』Here's yet another silver lining for you to grab ahold of: our 𝗲𝘅𝗰𝗹𝘂𝘀𝗶𝘃𝗲 𝗿𝗲𝘄𝗮𝗿𝗱𝘀, 𝗿𝗲𝘀𝗲𝗿𝘃𝗲𝗱 𝗷𝘂𝘀𝘁 𝗳𝗼𝗿 𝘆𝗼𝘂!
☁️
bowsonline.blissfulbrides.sg
☁️
• RSVP for our online wedding show & meet at least 1 vendor on Zoom to receive a complimentary goodie bag*
• Make a purchase & stand to win $500 AND/OR a staycation/F&B/wedding-related voucher
• Like & share our live stream & tag 2 friends for a chance to win attractive prizes
• The first 10 couples to sign with a vendor will enjoy additional perks
• Vote for your favourite gown and ballroom & get a chance to win a staycation/F&B/wedding services voucher⠀
• Design your dream gown on IGStory (
@blissfulbridesmag
) and stand a chance to win attractive prizes
• Earn instant cashback* of 3.3% for online purchases made via Blissful Pay during the show⁣⁣⁣⁣ ⠀⁣⁣
• Stand to win from our 𝗕𝗹𝗶𝘀𝘀𝗳𝘂𝗹 𝗣𝗮𝘆 $𝟲𝟬,𝟬𝟬𝟬 𝗚𝗿𝗮𝗻𝗱 𝗗𝗿𝗮𝘄
*T&C apply.",https://t.me/blissfulbrides/358
blissfulbrides,2020-08-09T11:20:47+00:00,[],[],357,,"Blissful Brides
pinned a photo",https://t.me/blissfulbrides/357
blissfulbrides,2020-08-09T11:20:34+00:00,[],"[""http://bowsonline.blissfulbrides.sg/""]",356,,"『 𝐒𝐢𝐥𝐯𝐞𝐫 𝐋𝐢𝐧𝐢𝐧𝐠𝐬 』Every cloud has a silver lining, and after a storm comes a rainbow
☁️
🌈
Keep the faith and keep on planning that wedding!
Mark your calendar from 29 - 30 Aug, 1pm - 6pm as online our wedding show will feature:
- Diverse vendor variety
- Exclusive package promotions
- Attractive contest prizes
- Unrivalled payment rewards
RSVP & meet with the vendor to receive a FREE goodie bag (worth $75)
➡️
bowsonline.blissfulbrides.sg
𝗔𝗱𝗱𝗶𝘁𝗶𝗼𝗻𝗮𝗹 𝗣𝗲𝗿𝗸𝘀!⠀⁣
- Make a purchase & stand to win $500 AND/OR a staycation/F&B/wedding-related voucher⠀⁣
- First 10 couples to sign up with a vendor will enjoy additional perks⠀⁣
- Vote for your favourite gown and ballroom & get a chance to win a staycation/F&B/wedding services voucher⠀⁣
- Earn instant cash back* of 3.3% for online purchases made via Blissful Pay during the show⁣⁣⁣⁣ ⠀⁣
- Stand to win from our 𝗕𝗹𝗶𝘀𝘀𝗳𝘂𝗹 𝗣𝗮𝘆 $𝟲𝟬,𝟬𝟬𝟬 𝗚𝗿𝗮𝗻𝗱 𝗗𝗿𝗮𝘄⠀⁣
⠀⁣
*T&C apply",https://t.me/blissfulbrides/356
blissfulbrides,2020-08-07T06:28:38+00:00,[],[],355,,"Blissful Brides
pinned a photo",https://t.me/blissfulbrides/355
blissfulbrides,2020-08-07T04:31:07+00:00,[],[],354,,"Coming soon
😏",https://t.me/blissfulbrides/354
blissfulbrides,2020-08-06T06:07:42+00:00,[],"[""https://bit.ly/3ibmM4w""]",353,,"4 Reasons to Consider a Yacht for Your Solemnisation - Here are some other reasons why a yacht could be a great idea for your solemnisation
Read more:
https://bit.ly/3ibmM4w",https://t.me/blissfulbrides/353
blissfulbrides,2020-08-05T03:17:12+00:00,[],[],352,,"Fancy a beach wedding? It's impossible not to mention Shangri-la's Rasa Sentosa Resort & Spa! The award winning resort has an outdoor solemnization area that will definitely turn your dream beach wedding into reality. Check out this exclusive deal by Shangri-la's Rasa Sentosa Resort & Spa if you are looking for a romantic and intimate set up by the waterfront
💕
Remember to pay via BlissfulPay to earn up to 3.3% cashback*, credit card rewards, attractive prizes and stand a chance to win back your spendings from the $60,000 Grand Draw!
*T&C apply",https://t.me/blissfulbrides/352
blissfulbrides,2020-08-04T09:44:06+00:00,[],"[""https://bit.ly/2Ef6yJ0""]",351,,"Must-Know Fundamentals Before You Go Diamond Shopping
- These are the four fundamental components of a diamond’s structure that make up its quality.
Read more:
https://bit.ly/2Ef6yJ0",https://t.me/blissfulbrides/351
blissfulbrides,2020-08-03T13:11:55+00:00,[],[],350,,"Blissful Brides
pinned «
✨
Blissful Brides x Rio Diamonds FB LIVE STREAM
✨
Come have a great time with us and Rio Diamonds on our FB LIVE tonight at 8pm where we’ll be giving you exclusive perks, promotions and giveaways. You name it, we have it!  We are pleased to inform you that…
»",https://t.me/blissfulbrides/350
blissfulbrides,2020-08-03T12:02:54+00:00,[],"[""https://rio-diamonds.blissfulbrides.sg/rio/"", ""https://www.facebook.com/blissfulbrides/videos/212902273455254""]",349,,"✨
Blissful Brides x Rio Diamonds FB LIVE STREAM
✨
Come have a great time with us and Rio Diamonds on our FB LIVE
tonight at 8pm
where we’ll be giving you exclusive perks, promotions and giveaways. You name it, we have it!
We are pleased to inform you that you are now entitled to a
$100 cash voucher
from Rio Diamond for every purchase
🎉
Voucher can only be use till 2359PM today and you may place your order here
➡
https://rio-diamonds.blissfulbrides.sg/rio/
Catch the live stream on our FB page @
https://www.facebook.com/blissfulbrides/videos/212902273455254
⊹𝗚𝗶𝘃𝗲𝗮𝘄𝗮𝘆⊹*
- First 3 to make a purchase during the live stream to win a wedding teapot set⁣⁣⁣
- Share the live stream and tag 2 friends in the comment section and stand to win a pair of
Joo Won Pearl Earring 14K Rose Gold⁣⁣⁣
- Most voted wedding band/engagement ring stand a chance to win an exclusive Rio Diamond Jewellery Case worth $30⁣⁣⁣
⁣⁣⁣
⊹𝗔𝗱𝗱𝗶𝘁𝗶𝗼𝗻𝗮𝗹 𝗣𝗲𝗿𝗸𝘀!⊹⁣⁣⁣⁣
- Earn instant cash back* of up to 3.3% when you make a purchase with us during the live ⁣⁣⁣
- Stand to win from our 𝗕𝗹𝗶𝘀𝘀𝗳𝘂𝗹 𝗣𝗮𝘆 $𝟲𝟬,𝟬𝟬𝟬 𝗚𝗿𝗮𝗻𝗱 𝗗𝗿𝗮𝘄⁣⁣⁣⁣
⁣⁣⁣
*T&C apply",https://t.me/blissfulbrides/349
blissfulbrides,2020-07-30T02:20:53+00:00,[],"[""https://www.instagram.com/p/CDOJwupAhBy/?igshid=hl16jiok322k"", ""https://www.instagram.com/p/CDOKL4aAWco/?igshid=1e2xs6h6pkncl"", ""https://rio-diamonds.blissfulbrides.sg/""]",348,,"➡️
https://www.instagram.com/p/CDOJwupAhBy/?igshid=hl16jiok322k
➡️
https://www.instagram.com/p/CDOKL4aAWco/?igshid=1e2xs6h6pkncl
Check out the 2 links above for the engagement rings settings that will be on sale during our live steam on 3rd Aug, 8pm!⁣
*𝘿𝙤 𝙣𝙤𝙩𝙚 𝙩𝙝𝙖𝙩 𝙥𝙧𝙞𝙘𝙚 𝙨𝙩𝙖𝙩𝙚𝙙 𝙞𝙨 𝙤𝙣𝙡𝙮 𝙖𝙫𝙖𝙞𝙡𝙖𝙗𝙡𝙚 𝙛𝙤𝙧 𝙧𝙞𝙣𝙜 𝙘𝙖𝙨𝙞𝙣𝙜/𝙨𝙚𝙩𝙩𝙞𝙣𝙜. 𝙂𝙄𝘼 𝙙𝙞𝙖𝙢𝙤𝙣𝙙𝙨 𝙖𝙧𝙚 𝙣𝙤𝙩 𝙞𝙣𝙘𝙡𝙪𝙙𝙚𝙙
RSVP now to get a sure-win $100 cash voucher*:
https://rio-diamonds.blissfulbrides.sg/
⁣
⊹𝗘𝘅𝗰𝗹𝘂𝘀𝗶𝘃𝗲 𝗣𝗿𝗼𝗺𝗼𝘁𝗶𝗼𝗻𝘀⊹⁣
- 2nd wedding band off at price as low as $399⁣
- 20% off all engagement rings⁣
- 40% off all GIA diamonds⁣
⁣
⊹𝗚𝗶𝘃𝗲𝗮𝘄𝗮𝘆⊹*⁣
- $100 Cash voucher when you RSVP⁣
- First 3 to make a purchase during the live stream to win a wedding teapot set⁣
- Share the live stream and tag 2 friends in the comment section and stand to win a pair of Joo Won Pearl Earring 14K Rose Gold⁣
- Most voted wedding band/engagement ring stand a chance to win a exclusive Rio Diamond Jewellery Case worth $30⁣
⁣
⊹𝗔𝗱𝗱𝗶𝘁𝗶𝗼𝗻𝗮𝗹 𝗣𝗲𝗿𝗸𝘀!⊹⁣⁣
- Earn instant cash back* of up to 3.3% when you make a purchase with us during the live ⁣
- Stand to win from our 𝗕𝗹𝗶𝘀𝘀𝗳𝘂𝗹 𝗣𝗮𝘆 $𝟲𝟬,𝟬𝟬𝟬 𝗚𝗿𝗮𝗻𝗱 𝗗𝗿𝗮𝘄⁣⁣",https://t.me/blissfulbrides/348
blissfulbrides,2020-07-28T14:09:17+00:00,[],"[""https://www.instagram.com/p/CDLj3zzBBJu/"", ""https://www.instagram.com/p/CDLkfq9pQT5/"", ""https://www.instagram.com/p/CDLkpu0BuY6/"", ""https://rio-diamonds.blissfulbrides.sg/""]",347,,"👉
https://www.instagram.com/p/CDLj3zzBBJu/
👉
https://www.instagram.com/p/CDLkfq9pQT5/
👉
https://www.instagram.com/p/CDLkpu0BuY6/
⁣
⁣
Click on the 3 links above to check out the wedding bands that will be on sale during our live stream on 3rd Aug, 8pm!
RSVP now to get a sure-win $100 cash voucher*:
https://rio-diamonds.blissfulbrides.sg/
⁣
⊹𝗘𝘅𝗰𝗹𝘂𝘀𝗶𝘃𝗲 𝗣𝗿𝗼𝗺𝗼𝘁𝗶𝗼𝗻𝘀⊹⁣
- 2nd wedding band off at price as low as $399⁣
- 20% off all engagement rings⁣
- 40% off all GIA diamonds⁣
⁣
⊹𝗚𝗶𝘃𝗲𝗮𝘄𝗮𝘆⊹*⁣
- $100 Cash voucher when you RSVP⁣
- First 3 to make a purchase during the live stream to win a wedding teapot set⁣
- Share the live stream and tag 2 friends in the comment section and stand to win a pair of Joo Won Pearl Earring 14K Rose Gold⁣
- Most voted wedding band/engagement ring stand a chance to win a exclusive Rio Diamond Jewellery Case worth $30⁣
⁣
⊹𝗔𝗱𝗱𝗶𝘁𝗶𝗼𝗻𝗮𝗹 𝗣𝗲𝗿𝗸𝘀!⊹⁣⁣
- Earn instant cash back* of up to 3.3% when you make a purchase with us during the live ⁣
- Stand to win from our 𝗕𝗹𝗶𝘀𝘀𝗳𝘂𝗹 𝗣𝗮𝘆 $𝟲𝟬,𝟬𝟬𝟬 𝗚𝗿𝗮𝗻𝗱 𝗗𝗿𝗮𝘄⁣⁣",https://t.me/blissfulbrides/347
blissfulbrides,2020-07-27T10:14:03+00:00,[],"[""https://rio-diamonds.blissfulbrides.sg/""]",346,,"Shine bright like a diamond with Rio Diamonds' wedding bands & engagement rings where every piece is specially designed with you in mind.
🛎
Stay tuned to our live stream on 3rd Aug, 8pm & RSVP now to get a sure-win $100 cash vouchers*!
https://rio-diamonds.blissfulbrides.sg/
⊹𝗘𝘅𝗰𝗹𝘂𝘀𝗶𝘃𝗲 𝗣𝗿𝗼𝗺𝗼𝘁𝗶𝗼𝗻𝘀⊹
- 2nd wedding band off at price as low as $399
- 20% off all engagement rings
- 40% off all GIA diamonds
⊹𝗚𝗶𝘃𝗲𝗮𝘄𝗮𝘆⊹*
- $100 Cash vouchers when you RSVP
- First 3 to make a purchase during the live stream to win a wedding teapot set
- Share the live stream and tag 2 friends in the comment section and stand to win a pair of Joo Won Pearl Earring 14K Rose Gold
- Most voted wedding band/engagement ring stand a chance to win a exclusive Rio Diamond Jewellery Case worth $30
⊹𝗔𝗱𝗱𝗶𝘁𝗶𝗼𝗻𝗮𝗹 𝗣𝗲𝗿𝗸𝘀!⊹⁣
- Earn instant cash back* of up to 3.3% when you make a purchase with us during the live
- Stand to win from our 𝗕𝗹𝗶𝘀𝘀𝗳𝘂𝗹 𝗣𝗮𝘆 $𝟲𝟬,𝟬𝟬𝟬 𝗚𝗿𝗮𝗻𝗱 𝗗𝗿𝗮𝘄⁣
*T&C apply.",https://t.me/blissfulbrides/346
blissfulbrides,2020-07-27T04:47:45+00:00,[],"[""https://bit.ly/3jCCIOz""]",345,,"4 Handy Tricks to Secretly Find Out Her Ring Size
- Before you source out for their preferred ideal ring, get to know 4 little-known tricks that will give you intel about her ring size without letting the cat out of the bag.
Read more:
https://bit.ly/3jCCIOz",https://t.me/blissfulbrides/345
blissfulbrides,2020-07-24T10:42:13+00:00,[],[],344,,"Blissful Brides
pinned a photo",https://t.me/blissfulbrides/344
blissfulbrides,2020-07-24T10:15:22+00:00,[],"[""https://rio-diamonds.blissfulbrides.sg/""]",343,,"With sparkling stones intricately crafted to accentuate texture and brilliance, Rio Diamonds’ one-of-a-kind jewellery line showcases your everlasting love for that special someone. Tune in to our live stream held in collaboration with Rio Diamonds on Monday, 3rd Aug at 8pm for some irresistible deals!⁣⁣
⁣
📌
RSVP to get a sure-win $100 cash voucher*!:
https://rio-diamonds.blissfulbrides.sg
⁣
⊹𝗔𝗱𝗱𝗶𝘁𝗶𝗼𝗻𝗮𝗹 𝗣𝗲𝗿𝗸𝘀⊹⁣⁣
- Earn instant cash back* of up to 3.3% when you make a purchase with us during the live ⁣
- Stand to win from our 𝗕𝗹𝗶𝘀𝘀𝗳𝘂𝗹 𝗣𝗮𝘆 $𝟲𝟬,𝟬𝟬𝟬 𝗚𝗿𝗮𝗻𝗱 𝗗𝗿𝗮𝘄⁣⁣
⁣
*T&C apply.",https://t.me/blissfulbrides/343
blissfulbrides,2020-07-24T08:21:04+00:00,[],"[""https://bit.ly/2WSbyJZ""]",342,,"Wedding Planning 101: Know When to Splurge and When to Save
- If you’re not quite sure which are the areas worth splurging on and when you should tighten your purse strings, here are a few pointers you may want to check out.
Read more:
https://bit.ly/2WSbyJZ",https://t.me/blissfulbrides/342
blissfulbrides,2020-07-23T08:25:24+00:00,[],"[""https://bit.ly/2D0GY9M""]",341,,"3 Ways to Cut Your Wedding Guest List Without Hurting Feelings
- Here are 3 tips that can make this a much easier process!
Read more:
https://bit.ly/2D0GY9M",https://t.me/blissfulbrides/341
blissfulbrides,2020-07-22T12:17:55+00:00,[],"[""https://bit.ly/2D10rXV""]",340,,"Wedding Colour Scheme Inspirations for the Rest of 2020
- To help make 2020 no more difficult and worrisome than it already is, here’s a list of colour scheme inspirations that will hopefully help you to narrow down your choices!
Read more:
https://bit.ly/2D10rXV",https://t.me/blissfulbrides/340
blissfulbrides,2020-07-21T14:03:59+00:00,[],"[""https://bit.ly/2NNugxA"", ""https://www.blissfulbrides.sg/blissfulpay""]",339,,"『 𝐀 𝐂𝐡𝐚𝐧𝐜𝐞 𝐎𝐟 𝐀 𝐋𝐢𝐟𝐞𝐭𝐢𝐦𝐞 』Thank you for supporting us at A Chance of Lifetime!
💕
If you missed out on your chance to secure your dream vendor, we're extending the promotions till 2nd August 2020!
➡️
View the deals here:
https://bit.ly/2NNugxA
✨
Pay via Blissful Pay at
https://www.blissfulbrides.sg/blissfulpay
& earn up to 3.3% cash back*, credit card rewards, prizes & a chance to win back your spendings from our $60,000 Grand Draw!
*T&C apply.",https://t.me/blissfulbrides/339
blissfulbrides,2020-07-19T03:12:54+00:00,[],"[""https://bit.ly/2NNugxA"", ""https://bowsonline.blissfulbrides.sg/prizes/""]",338,,"『 𝐀 𝐂𝐡𝐚𝐧𝐜𝐞 𝐎𝐟 𝐀 𝐋𝐢𝐟𝐞𝐭𝐢𝐦𝐞 』It's the last day of our show! Check out the Zoom links of your favourite vendors and chat with them from now till 6pm here
➡️
https://bit.ly/2NNugxA
Not to forget, RSVP and speak with them and you will be entitled to a FREE goodie bag* worth $70 (While stocks last)
Visit
https://bowsonline.blissfulbrides.sg/prizes/
for more information of the prizes⁣
⁣
*T&C apply",https://t.me/blissfulbrides/338
blissfulbrides,2020-07-18T05:14:49+00:00,[],"[""https://www.facebook.com/blissfulbrides/posts/3257167697639850"", ""https://bit.ly/2NNugxA"", ""https://bit.ly/Emceestanley"", ""https://bit.ly/BOWSFrenchWedding"", ""https://bit.ly/BOWSMHotel"", ""https://bit.ly/BOWSTheCuriousLight"", ""https://bit.ly/BOWSTheBlueGinger"", ""https://bit.ly/BOWSHeavensgift"", ""https://bit.ly/BOWSTCC"", ""https://bit.ly/BOWSOCC"", ""https://bit.ly/BOWSMyDreamWedding"", ""https://bit.ly/BOWSMasterpieceEnt"", ""https://bit.ly/BOWSHISOCC"", ""https://bit.ly/BOWSNovotel"", ""https://bit.ly/BOWSLS"", ""https://bit.ly/BOWSPickering"", ""https://bit.ly/BOWSYCB"", ""https://bit.ly/BOWSIntercon"", ""https://bit.ly/BOWSPeachGarden"", ""https://bit.ly/BOWSJTStudio"", ""https://bit.ly/BOWSRegent"", ""https://bowsonline.blissfulbrides.sg/prizes/""]",337,,"『 𝐀 𝐂𝐡𝐚𝐧𝐜𝐞 𝐎𝐟 𝐀 𝐋𝐢𝐟𝐞𝐭𝐢𝐦𝐞 』
https://www.facebook.com/blissfulbrides/posts/3257167697639850
All Zoom rooms are open now!
⁣
Chat with your favourite vendors, snag irresistible promotions, enjoy exclusive perks & win attractive prizes this weekend! ⁣
⁣
RSVP now at
➡️
https://bit.ly/2NNugxA
& speak with any of our vendors to redeem a 𝐅𝐑𝐄𝐄 𝐠𝐨𝐨𝐝𝐢𝐞 𝐛𝐚𝐠 worth $70*! (While stocks last) ⁣
⁣
📣
All vendors are available for virtual ""walk-in"" consultations from 1pm - 6pm on 18th - 19th July.⁣⁣
⁣⁣
⁣⁣⊹𝗙𝗲𝗮𝘁𝘂𝗿𝗲𝗱 𝗩𝗲𝗻𝗱𝗼𝗿𝘀⊹:⠀⁣⁣⁣
- Emcee Stanley:
https://bit.ly/Emceestanley
⁣⁣⁣⁣⁣
- French Wedding:
https://bit.ly/BOWSFrenchWedding
⁣⁣⁣⁣⁣
- M Hotel Singapore:
https://bit.ly/BOWSMHotel
⁣⁣⁣⁣⁣
- The Curious Light Photography:
https://bit.ly/BOWSTheCuriousLight
⁣⁣⁣⁣⁣
- The Blue Ginger:
https://bit.ly/BOWSTheBlueGinger
⁣⁣⁣⁣⁣
- Heaven's Gift - Special Events Design and Consultancy:
https://bit.ly/BOWSHeavensgift
⁣⁣⁣⁣⁣
- The Catering Concerto:
https://bit.ly/BOWSTCC
⁣⁣⁣⁣⁣
- Orchid Country Club:
https://bit.ly/BOWSOCC
⁣⁣⁣⁣⁣
- My Dream Wedding - Singapore:
https://bit.ly/BOWSMyDreamWedding
⁣⁣⁣⁣⁣
- Linus Lee & Masterpiece Wedding Entertainment:
https://bit.ly/BOWSMasterpieceEnt
⁣⁣⁣⁣⁣
- Holiday Inn Singapore Orchard City Centre:
https://bit.ly/BOWSHISOCC
⁣⁣⁣⁣⁣
- Novotel Singapore on Stevens:
https://bit.ly/BOWSNovotel
⁣⁣⁣⁣⁣
- Love Nest (Love Story):
https://bit.ly/BOWSLS
⁣⁣⁣⁣⁣
- PARKROYAL COLLECTION Pickering, Singapore:
https://bit.ly/BOWSPickering
⁣⁣⁣⁣⁣
- Yvonne Creative Bridal:
https://bit.ly/BOWSYCB
⁣⁣⁣⁣⁣
- InterContinental Singapore:
https://bit.ly/BOWSIntercon
⁣⁣⁣⁣⁣
- Peach Garden Group:
https://bit.ly/BOWSPeachGarden
⁣⁣⁣⁣⁣
- JT Studio:
https://bit.ly/BOWSJTStudio
⁣⁣⁣⁣⁣
- Regent Singapore:
https://bit.ly/BOWSRegent
⁣⁣⁣⁣⁣
⁣⁣
⊹𝗔𝗱𝗱𝗶𝘁𝗶𝗼𝗻𝗮𝗹 𝗣𝗲𝗿𝗸𝘀!⊹⠀⁣⁣⁣⁣⁣⁣⁣⁣⁣⁣
- Make a purchase & stand to win $500 AND/OR a staycation/F&B/wedding-related voucher⠀⁣⁣⁣⁣⁣⁣⁣⁣⁣⁣
- First 10 couples to sign up with a vendor will enjoy additional perks⠀⁣⁣⁣⁣⁣⁣⁣⁣⁣⁣
- Vote for your favourite gown and ballroom & get a chance to win F&B voucher (worth $50) from The Blue Ginger Restaurant⠀⁣⁣⁣⁣
- Earn instant cashback* of up to 3.3% for online purchases made via Blissful Pay during the show⁣⁣⁣⁣ ⠀⁣⁣⁣⁣⁣⁣⁣⁣⁣⁣
- Stand to win from our 𝗕𝗹𝗶𝘀𝘀𝗳𝘂𝗹 𝗣𝗮𝘆 $𝟲𝟬,𝟬𝟬𝟬 𝗚𝗿𝗮𝗻𝗱 𝗗𝗿𝗮𝘄⠀⁣⁣⁣⁣⁣⁣⁣⁣⁣⁣
⁣⁣⁣⁣⁣⁣
Visit
https://bowsonline.blissfulbrides.sg/prizes/
for more information of the prizes⁣⁣⁣⁣⁣⁣
⁣⁣⁣⁣⁣⁣
*T&C apply.",https://t.me/blissfulbrides/337
blissfulbrides,2020-07-18T02:42:01+00:00,[],"[""https://bit.ly/2NNugxA"", ""https://bowsonline.blissfulbrides.sg/prizes/""]",335,,"『 𝐀 𝐂𝐡𝐚𝐧𝐜𝐞 𝐎𝐟 𝐀 𝐋𝐢𝐟𝐞𝐭𝐢𝐦𝐞 』It's today! Check out the Zoom links of your favourite vendors and chat with them from 18th - 19th July, 1pm - 6pm here
➡️
https://bit.ly/2NNugxA
Not to forget, RSVP and speak with them and you will be entitled to a FREE goodie bag* worth $70 (While stocks last)
Visit
https://bowsonline.blissfulbrides.sg/prizes/
for more information of the prizes⁣
⁣
*T&C apply",https://t.me/blissfulbrides/335
blissfulbrides,2020-07-17T05:55:23+00:00,[],"[""https://bit.ly/2NNugxA"", ""https://bowsonline.blissfulbrides.sg/prizes/""]",334,,"『 𝐀 𝐂𝐡𝐚𝐧𝐜𝐞 𝐎𝐟 𝐀 𝐋𝐢𝐟𝐞𝐭𝐢𝐦𝐞 』Check out the Zoom links of your favourite vendors and chat with them from 18th - 19th July, 1pm - 6pm here
➡️
https://bit.ly/2NNugxA
Not to forget, RSVP and speak with them and you will be entitled to a FREE goodie bag* worth $70 (While stocks last)
Visit
https://bowsonline.blissfulbrides.sg/prizes/
for more information of the prizes⁣
⁣
*T&C apply",https://t.me/blissfulbrides/334
blissfulbrides,2020-07-15T12:09:42+00:00,[],"[""https://bit.ly/2NNugxA"", ""https://bit.ly/Emceestanley"", ""https://bit.ly/FrenchWeddingCouture"", ""https://bit.ly/BOWSMHotel"", ""https://bit.ly/BOWSTheCuriousLight"", ""https://bit.ly/BOWSTheBlueGinger"", ""https://bit.ly/BOWSHeavensgift"", ""https://bit.ly/BOWSTCC"", ""https://bit.ly/BOWSOrchidCountryClub"", ""https://bit.ly/BOWSMyDreamWedding"", ""https://bit.ly/BOWSMasterpieceEnt"", ""https://bowsonline.blissfulbrides.sg/prizes/""]",331,,"『 𝐀 𝐂𝐡𝐚𝐧𝐜𝐞 𝐎𝐟 𝐀 𝐋𝐢𝐟𝐞𝐭𝐢𝐦𝐞 』Bookmark the Zoom link of your favourite vendors and chat with them from 18th - 19th July, 1pm - 6pm. Not to forget, RSVP
https://bit.ly/2NNugxA
and speak with them and you will be entitled to a FREE goodie bag* worth $70 (While stocks last)
- Emcee Stanley:
https://bit.ly/Emceestanley
- French Wedding:
https://bit.ly/FrenchWeddingCouture
- M Hotel Singapore:
https://bit.ly/BOWSMHotel
- The Curious Light Photography:
https://bit.ly/BOWSTheCuriousLight
- The Blue Ginger:
https://bit.ly/BOWSTheBlueGinger
- Heaven's Gift - Special Events Design and Consultancy:
https://bit.ly/BOWSHeavensgift
- The Catering Concerto:
https://bit.ly/BOWSTCC
- Orchid Country Club:
https://bit.ly/BOWSOrchidCountryClub
- My Dream Wedding - Singapore:
https://bit.ly/BOWSMyDreamWedding
- Linus Lee & Masterpiece Wedding Entertainment:
https://bit.ly/BOWSMasterpieceEnt
Visit
https://bowsonline.blissfulbrides.sg/prizes/
for more information of the prizes⁣
⁣
*T&C apply",https://t.me/blissfulbrides/331
blissfulbrides,2020-07-15T12:02:50+00:00,[],"[""https://bowsonline.blissfulbrides.sg/wedding-gown-contest/"", ""https://bit.ly/2NNugxA""]",330,,"『 𝐀 𝐂𝐡𝐚𝐧𝐜𝐞 𝐎𝐟 𝐀 𝐋𝐢𝐟𝐞𝐭𝐢𝐦𝐞 』Mirror, mirror on the wall, who’s the finest of them all? Who has your vote for the most alluring gown? ⁣⁣
⁣⁣
Cast your vote for your favourite gown at
https://bowsonline.blissfulbrides.sg/wedding-gown-contest/
and stand to win a mystery prize*⁣⁣
⁣⁣
𝐑𝐒𝐕𝐏 𝐡𝐞𝐫𝐞
https://bit.ly/2NNugxA
or link in bio & speak with any of our vendors from 18th - 19th July via Zoom to be entitled to a 𝐅𝐑𝐄𝐄 𝐠𝐨𝐨𝐝𝐢𝐞 𝐛𝐚𝐠* worth $70! (While Stocks Last) ⁣⁣⁣
⁣⁣
𝗔𝗱𝗱𝗶𝘁𝗶𝗼𝗻𝗮𝗹 𝗣𝗲𝗿𝗸𝘀!⠀⁣⁣⁣⁣
- Make a purchase & stand to win $500 AND/OR a staycation/F&B/wedding-related voucher⠀⁣⁣⁣⁣
- First 10 couples to sign up with a vendor will enjoy additional perks⠀⁣⁣⁣⁣
- Vote for your favourite gown and ballroom & get a chance to win a staycation/F&B/wedding services voucher⠀⁣⁣⁣⁣
- Earn instant cashback* of up to 3.3% for online purchases made via Blissful Pay during the show⁣⁣⁣⁣ ⠀⁣⁣⁣⁣
- Stand to win from our 𝗕𝗹𝗶𝘀𝘀𝗳𝘂𝗹 𝗣𝗮𝘆 $𝟲𝟬,𝟬𝟬𝟬 𝗚𝗿𝗮𝗻𝗱 𝗗𝗿𝗮𝘄
*T&C apply.",https://t.me/blissfulbrides/330
blissfulbrides,2020-07-15T05:01:09+00:00,[],"[""https://bit.ly/2NNugxA""]",329,,"『 𝐀 𝐂𝐡𝐚𝐧𝐜𝐞 𝐎𝐟 𝐀 𝐋𝐢𝐟𝐞𝐭𝐢𝐦𝐞 』
📝
We’ve compiled a list of vendors partaking in this weekend's 𝐁𝐥𝐢𝐬𝐬𝐟𝐮𝐥 𝐎𝐧𝐥𝐢𝐧𝐞 𝐒𝐡𝐨𝐰, 𝐁𝐎𝐖𝐒, to save you the hassle of doing so! ⁣Check out who are the vendors lined up on the 19th July!
⁣
𝐑𝐒𝐕𝐏 𝐡𝐞𝐫𝐞
https://bit.ly/2NNugxA
& speak with any of our vendors from 18th - 19th July via Zoom to redeem a 𝐅𝐑𝐄𝐄 𝐠𝐨𝐨𝐝𝐢𝐞 𝐛𝐚𝐠* worth $70! (While stocks last) ⁣
⁣
*All vendors will be available for virtual consultations in their Zoom rooms from 18th - 19th July, 1pm - 6pm.⁣⠀⁣⁣⁣⁣",https://t.me/blissfulbrides/329
blissfulbrides,2020-07-15T04:54:57+00:00,[],"[""https://bit.ly/2NNugxA""]",328,,"『 𝐀 𝐂𝐡𝐚𝐧𝐜𝐞 𝐎𝐟 𝐀 𝐋𝐢𝐟𝐞𝐭𝐢𝐦𝐞 』
📝
We’ve compiled a list of vendors partaking in this weekend's 𝐁𝐥𝐢𝐬𝐬𝐟𝐮𝐥 𝐎𝐧𝐥𝐢𝐧𝐞 𝐒𝐡𝐨𝐰, 𝐁𝐎𝐖𝐒, to save you the hassle of doing so! Check out the vendors lined up on the 18th July!
⁣
𝐑𝐒𝐕𝐏 𝐡𝐞𝐫𝐞
https://bit.ly/2NNugxA
& speak with any of our vendors from 18th - 19th July via Zoom to redeem a 𝐅𝐑𝐄𝐄 𝐠𝐨𝐨𝐝𝐢𝐞 𝐛𝐚𝐠* worth $70! (While stocks last) ⁣
⁣
*All vendors will be available for virtual consultations in their Zoom rooms from 18th - 19th July, 1pm - 6pm.⁣⠀⁣⁣⁣⁣",https://t.me/blissfulbrides/328
blissfulbrides,2020-07-12T06:57:45+00:00,[],[],325,,"Blissful Brides
pinned a photo",https://t.me/blissfulbrides/325
blissfulbrides,2020-07-12T06:57:27+00:00,[],"[""http://www.bowsonline.blissfulbrides.sg/"", ""https://bit.ly/2NNugxA""]",324,,"Does old-world charm and elegance warm the cockles of your heart, or do you prefer a sleek and modern ballroom? Let us know by voting for your favourite ballroom at
www.bowsonline.blissfulbrides.sg
and stand to win a mystery prize while you're at it!
🎁
𝐑𝐒𝐕𝐏 𝐡𝐞𝐫𝐞
https://bit.ly/2NNugxA
& speak with any of our vendors from 18 - 19 July via Zoom and you will be entitled to a 𝐅𝐑𝐄𝐄 𝐠𝐨𝐨𝐝𝐢𝐞 𝐛𝐚𝐠 worth $70*! (While stocks last)  ⁣
Winners will be announced on 22nd July 2020 via Facebook/Instagram.
✨
A Chance of a Lifetime will be happening on 18th & 19th July, from 1pm to 6pm daily.
✨
The event will have attractive deals from wedding vendors, music performances, contests and more.
*T&C apply. While stocks last.",https://t.me/blissfulbrides/324
blissfulbrides,2020-07-11T04:38:34+00:00,[],[],323,,"Blissful Brides
pinned a photo",https://t.me/blissfulbrides/323
blissfulbrides,2020-07-11T04:38:30+00:00,[],"[""https://bit.ly/2NNugxA""]",322,,"🔦
Are you still on the hunt for wedding venues & caterers? You've come to the right place 'cos Blissful Online Wedding Show, BOWS, is the quintessential platform for all your wedding needs!
𝐑𝐒𝐕𝐏 𝐡𝐞𝐫𝐞
https://bit.ly/2NNugxA
& speak with any of our vendors from 18 - 19 July via Zoom and you will be entitled to a 𝐅𝐑𝐄𝐄 𝐠𝐨𝐨𝐝𝐢𝐞 𝐛𝐚𝐠 worth $70*! (While stocks last)  ⁣
✨
𝗔𝗱𝗱𝗶𝘁𝗶𝗼𝗻𝗮𝗹 𝗣𝗲𝗿𝗸𝘀!⠀⁣⁣
- Make a purchase & stand to win $500 AND/OR a staycation/F&B/wedding-related voucher⠀⁣⁣
- First 10 couples to sign up with a vendor will enjoy additional perks⠀⁣⁣
- Vote for your favourite gown and ballroom & get a chance to win a staycation/F&B/wedding services voucher⠀⁣⁣
- Earn instant cashback* of up to 3.3% for online purchases made via Blissful Pay during the show⁣⁣⁣⁣ ⠀⁣⁣
- Stand to win from our 𝗕𝗹𝗶𝘀𝘀𝗳𝘂𝗹 𝗣𝗮𝘆 $𝟲𝟬,𝟬𝟬𝟬 𝗚𝗿𝗮𝗻𝗱 𝗗𝗿𝗮𝘄⠀⁣⁣
- Win attractive prizes worth up to $10,000 eg. staycations, F&B vouchers
- Earn points to redeem rewards online
*T&C apply",https://t.me/blissfulbrides/322
blissfulbrides,2020-07-10T09:32:40+00:00,[],[],321,,"Blissful Brides
pinned a photo",https://t.me/blissfulbrides/321
blissfulbrides,2020-07-10T09:32:34+00:00,[],"[""https://bit.ly/2NNugxA""]",320,,"Have you arranged for all your wedding essentials, photographer, and videographer? If the answer is no, we have attractive promotions available at our wedding show for your perusal!
🙌🏻
𝐑𝐒𝐕𝐏 𝐡𝐞𝐫𝐞
https://bit.ly/2NNugxA
& speak with any of our vendors from 18 - 19 July via Zoom and you will be entitled to a 𝐅𝐑𝐄𝐄 𝐠𝐨𝐨𝐝𝐢𝐞 𝐛𝐚𝐠 worth $70*! ⁣(While-stock-last)
✨
𝗔𝗱𝗱𝗶𝘁𝗶𝗼𝗻𝗮𝗹 𝗣𝗲𝗿𝗸𝘀!⠀⁣⁣
- Make a purchase & stand to win $500 AND/OR a staycation/F&B/wedding-related voucher⠀⁣⁣
- First 10 couples to sign up with a vendor will enjoy additional perks⠀⁣⁣
- Vote for your favourite gown and ballroom & get a chance to win a staycation/F&B/wedding services voucher⠀⁣⁣
- Earn instant cashback* of up to 3.3% for online purchases made via Blissful Pay during the show⁣⁣⁣⁣ ⠀⁣⁣
- Stand to win from our 𝗕𝗹𝗶𝘀𝘀𝗳𝘂𝗹 𝗣𝗮𝘆 $𝟲𝟬,𝟬𝟬𝟬 𝗚𝗿𝗮𝗻𝗱 𝗗𝗿𝗮𝘄⠀⁣⁣
- Win attractive prizes worth up to $10,000 eg. staycations, F&B vouchers
- Earn points to redeem rewards online
*T&C apply",https://t.me/blissfulbrides/320
blissfulbrides,2020-07-09T08:02:23+00:00,[],[],319,,"Blissful Brides
pinned a photo",https://t.me/blissfulbrides/319
blissfulbrides,2020-07-09T07:59:37+00:00,[],"[""https://bit.ly/2NNugxA""]",318,,"Still searching for a Bridal Boutique? Get access to attractive bridal packages available only at our wedding show!
😉
18 & 19 July, 1-6pm
Be in for a good treat! 𝐑𝐒𝐕𝐏 𝐡𝐞𝐫𝐞 at
https://bit.ly/2NNugxA
and speak with the vendor to receive a
complimentary goodie bag worth $70*
! (While Stocks Last)
𝗔𝗱𝗱𝗶𝘁𝗶𝗼𝗻𝗮𝗹 𝗣𝗲𝗿𝗸𝘀!⠀⁣⁣
- Make a purchase & stand to win $500 AND/OR a staycation/F&B/wedding-related voucher⠀⁣⁣
- First 10 couples to sign up with a vendor will enjoy additional perks⠀⁣⁣
- Vote for your favourite gown and ballroom & get a chance to win a staycation/F&B/wedding services voucher⠀⁣⁣
- Earn instant cashback* of up to 3.3% for online purchases made via Blissful Pay during the show⁣⁣⁣⁣ ⠀⁣⁣
- Stand to win from our 𝗕𝗹𝗶𝘀𝘀𝗳𝘂𝗹 𝗣𝗮𝘆 $𝟲𝟬,𝟬𝟬𝟬 𝗚𝗿𝗮𝗻𝗱 𝗗𝗿𝗮𝘄⠀⁣⁣
- Win attractive prizes worth up to $10,000 eg. staycations, F&B vouchers
- Earn points to redeem rewards online
*T&C apply",https://t.me/blissfulbrides/318
blissfulbrides,2020-07-09T03:23:01+00:00,[],"[""https://bit.ly/2W18haH""]",317,,"Why It's Perfectly Fine to Hold a Small Wedding
- While these big, traditional weddings are almost always the norm, small, intimate weddings have seen an increase in popularity. Here are a few reasons why an intimate ceremony is preferable to a grandiose one!⠀
⠀
Read more:
https://bit.ly/2W18haH",https://t.me/blissfulbrides/317
blissfulbrides,2020-07-08T02:55:19+00:00,[],"[""https://bit.ly/3gBx2lF""]",316,,"5 Important Things Newlyweds Forget on Their Wedding Day
- Here are things that couples should remember to do at their wedding so that they enjoy themselves on a day that is exclusively theirs!⠀
⠀
Read more:
https://bit.ly/3gBx2lF",https://t.me/blissfulbrides/316
blissfulbrides,2020-07-07T04:55:22+00:00,[],"[""https://bit.ly/3f9loy4""]",315,,"Wedding Venue Tips: 4 Crucial Considerations
- Here are four factors to keep in mind when picking the perfect venue for your big day! ⠀
Read more:
https://bit.ly/3f9loy4",https://t.me/blissfulbrides/315
blissfulbrides,2020-07-06T05:48:41+00:00,[],"[""https://bit.ly/3f4Ty63""]",314,,"How to Maximise Your Wedding Vendor Consultations
- Here’s how you can prepare to make full use of limited time in order to maximise every dollar of your budget! ⠀
⠀
Read more:
https://bit.ly/3f4Ty63",https://t.me/blissfulbrides/314
blissfulbrides,2020-07-03T02:08:50+00:00,[],"[""https://bit.ly/3gs7ebT""]",313,,"The Complete Guide to A Guo Da Li Ceremony
- In order to honour the well-wishes of our loved ones who insist on preserving these customs, the least we can do is to have a proper understanding of these traditions’ origins and symbolism! ⠀
⠀
Read more:
https://bit.ly/3gs7ebT",https://t.me/blissfulbrides/313
blissfulbrides,2020-07-02T11:23:27+00:00,[],"[""https://bit.ly/2NNugxA"", ""?q=%23bowsonline2020"", ""?q=%23SGUnited""]",312,,"Our next online wedding show is happening soon & we've got plenty lined up for you!⁣
⁣
Mark your calendars for
18th & 19th July, 1pm - 6pm.⁣
⁣
✨
RSVP
➡️
https://bit.ly/2NNugxA
& speak with any of our vendors from 18 - 19 July via Zoom and you will be entitled to a
FREE goodie bag!
⁣
⁣
✨
Share and comment
#bowsonline2020
#SGUnited
on any of the vendor interviews video from 18 - 19 July and
stand to win attractive prizes!⁣
⁣
✨
The first 10 couples to sign with a vendor will enjoy additional perks, reserved just for you! ⁣
⁣Stay tuned for more updates & 𝗔𝗱𝗱𝗶𝘁𝗶𝗼𝗻𝗮𝗹 𝗣𝗲𝗿𝗸𝘀!
*T&C apply",https://t.me/blissfulbrides/312
blissfulbrides,2020-07-02T08:12:54+00:00,[],"[""https://bit.ly/3dTZHRp""]",311,,"How to Clean Your Engagement Ring to Preserve Its Shine
- If you’re at a loss on how to go about it, you’re just in luck! We’ve gathered a few maintenance and cleaning tips to help you preserve the allure and quality of your engagement ring.⠀
⠀
Read more:
https://bit.ly/3dTZHRp",https://t.me/blissfulbrides/311
blissfulbrides,2020-07-01T10:42:08+00:00,[],[],310,,"Blissful Brides
pinned a photo",https://t.me/blissfulbrides/310
blissfulbrides,2020-07-01T10:41:46+00:00,[],"[""https://bit.ly/2NNugxA""]",309,,"Missed our previous online wedding show? We've got another lined up for you, and it's even bigger and better.
Secure your venue, bridal boutique, photographer/videographer, caterer, and other wedding essentials with us!
RSVP here for more information and extra perks:
https://bit.ly/2NNugxA
𝗔𝗱𝗱𝗶𝘁𝗶𝗼𝗻𝗮𝗹 𝗣𝗲𝗿𝗸𝘀!
- Make a purchase & stand to win $500 AND/OR a staycation/F&B/wedding-related voucher
- First 10 couples to sign up with a vendor will enjoy additional perks
- Vote for your favourite gown and ballroom & get a chance to win a staycation/F&B/wedding services voucher
- Earn instant cashback* of 3.3% for online purchases made via Blissful Pay during the show⁣⁣⁣⁣
- Stand to win from our 𝗕𝗹𝗶𝘀𝘀𝗳𝘂𝗹 𝗣𝗮𝘆 $𝟲𝟬,𝟬𝟬𝟬 𝗚𝗿𝗮𝗻𝗱 𝗗𝗿𝗮𝘄
*T&C apply",https://t.me/blissfulbrides/309
blissfulbrides,2020-07-01T02:25:45+00:00,[],"[""https://bit.ly/3eP16d5""]",308,,"4 Questions to Ask When Choosing Between a Buffet and a Sit-Down Banquet
- If you are currently struggling to choose between the two, fret not. Here are 4 questions to ask yourself to make the decision-making process easier! ⠀
Read more:
https://bit.ly/3eP16d5",https://t.me/blissfulbrides/308
blissfulbrides,2020-06-30T06:42:12+00:00,[],"[""https://bit.ly/3idkW3Z""]",307,,"🙌🏻
The highly anticipated Singapore’s Largest Outdoor Wedding Show is back! Join us at 𝗕𝗹𝗶𝘀𝘀𝗳𝘂𝗹 𝗢𝘂𝘁𝗱𝗼𝗼𝗿 𝗪𝗲𝗱𝗱𝗶𝗻𝗴 𝗦𝗵𝗼𝘄, 𝗕𝗢𝗪𝗦 for an exciting line up of programmes and shop to your heart’s content with promotions, perks and attractive prizes to be won! 𝟮𝗻𝗱 - 𝟰𝘁𝗵 𝗢𝗰𝘁𝗼𝗯𝗲𝗿 𝟮𝟬𝟮𝟬 | 𝟭𝟮𝗽𝗺 - 𝟭𝟬𝗽𝗺
Save the date & 𝗥𝗦𝗩𝗣 𝗵𝗲𝗿𝗲
https://bit.ly/3idkW3Z
to redeem a free goodie bag!
While stocks last.
👋🏻
See you there!",https://t.me/blissfulbrides/307
blissfulbrides,2020-06-29T14:39:14+00:00,[],"[""https://love-and-co.blissfulbrides.sg/love-and-co/"", ""https://bit.ly/2BS9idT"", ""https://forms.gle/rcwXBtqUmVdqGGHX6""]",305,,"Last day to get your dream wedding bands at $100 off from Love & Co.
💎
⁣⁣
⁣⁣
Start shopping now!
➡️
https://love-and-co.blissfulbrides.sg/love-and-co/
⁣
Watch the live stream here
➡️
https://bit.ly/2BS9idT
⊹𝗔𝗱𝗱𝗶𝘁𝗶𝗼𝗻𝗮𝗹 𝗣𝗲𝗿𝗸𝘀!⊹⁣⁣⁣⁣⁣
- Purchases (over $2000) made via Blissful Pay will receive a 𝗟𝗼𝘃𝗲 & 𝗖𝗼. 𝗣𝗿𝗼𝗺𝗶𝘀𝗲 𝗝𝗲𝘄𝗲𝗹𝗹𝗲𝗿𝘆 𝗯𝗼𝘅⁣⁣
- Purchases (below $2000) made via Blissful Pay will receive a pair of 𝗟𝗼𝘃𝗲 & 𝗖𝗼. 𝗦𝗶𝗴𝗻𝗮𝘁𝘂𝗿𝗲 𝗕𝗲𝗮𝗿 & 𝗦𝘄𝗶𝗻𝗴⁣⁣
- 3.3% cash back* for online purchases made via Blissful Pay during the show⁣⁣⁣⁣
- A chance to win from Blissful Brides' $60k Grand Draw at BOWS Oct⁣⁣⁣⁣
⁣- RSVP
➡️
https://forms.gle/rcwXBtqUmVdqGGHX6
or link in bio and vote for your favourite wedding band to win a 𝗟𝗼𝘃𝗲 & 𝗖𝗼. 𝗥𝗼𝘀𝗲 𝗗𝗶𝗳𝗳𝘂𝘀𝗲𝗿*⁣⁣⁣
⁣⁣⁣
*T&C apply. Winners will be announced on 30 June",https://t.me/blissfulbrides/305
blissfulbrides,2020-06-27T06:00:03+00:00,[],"[""https://www.facebook.com/blissfulbrides/videos/290701512073485/""]",303,,"💎
𝗪𝗲 𝗮𝗿𝗲 𝗟𝗜𝗩𝗘 𝗡𝗢𝗪!
https://www.facebook.com/blissfulbrides/videos/290701512073485/
𝗕𝗹𝗶𝘀𝘀𝗳𝘂𝗹 𝗕𝗿𝗶𝗱𝗲𝘀 is honoured to have with us the experts from 𝗟𝗼𝘃𝗲 & 𝗖𝗼 to share tips and pointers on how to select the ideal wedding bands and their recommendations to help you make an informed decision on your future purchases!",https://t.me/blissfulbrides/303
blissfulbrides,2020-06-26T03:30:13+00:00,[],"[""https://bit.ly/38497bF""]",302,,"Quirky Wedding Send-Off Inspirations: 5 Ways To Walk The Aisle In Style
- Walking down the aisle is a monumental and exhilarating moment. But for some, it can get quite nerve-wracking because everyone’s attention is solely on you. These quirky send-off inspirations can be a lifesaver!⠀
⠀
Read more:
https://bit.ly/38497bF",https://t.me/blissfulbrides/302
blissfulbrides,2020-06-25T06:42:20+00:00,[],"[""https://bit.ly/2A0T2a0""]",301,,"6 Unique Wedding Entertainment Ideas For Kids
- If you’re one of the few couples who will be welcoming tiny guests, it’s best that you have some entertainment in store for the kids. To help you plan out your entertainment for the little ones, we have a couple of interesting ideas that you can take into consideration! ⠀
Read more:
https://bit.ly/2A0T2a0",https://t.me/blissfulbrides/301
blissfulbrides,2020-06-24T06:53:34+00:00,[],"[""https://love-and-co.blissfulbrides.sg/"", ""?q=%23WeddingsofSingapore"", ""?q=%23SGunited"", ""https://forms.gle/rcwXBtqUmVdqGGHX6""]",300,,"💍
Tune in to our Wedding Band Masterclass held in collaboration with
Love & Co. this Saturday, 27th June at 2pm
to ensure that your chosen rings last you a lifetime!
🎉
Giveaway mechanics*:
- Purchases (over $2000) made via Blissful Pay will receive a 𝗟𝗼𝘃𝗲 & 𝗖𝗼. 𝗣𝗿𝗼𝗺𝗶𝘀𝗲 𝗝𝗲𝘄𝗲𝗹𝗹𝗲𝗿𝘆 𝗯𝗼𝘅
- Purchases (below $2000) made via Blissful Pay will receive a pair of 𝗟𝗼𝘃𝗲 & 𝗖𝗼. 𝗦𝗶𝗴𝗻𝗮𝘁𝘂𝗿𝗲 𝗕𝗲𝗮𝗿 & 𝗦𝘄𝗶𝗻𝗴
- RSVP & vote for your favourite wedding band
➡
https://love-and-co.blissfulbrides.sg/
to stand a chance to win a 𝗟𝗼𝘃𝗲 & 𝗖𝗼. 𝗥𝗼𝘀𝗲 𝗗𝗶𝗳𝗳𝘂𝘀𝗲𝗿
- Comment
#WeddingsofSingapore
#SGunited
during the live stream & share the post to stand a chance to win a pair of 𝗟𝗼𝘃𝗲 & 𝗖𝗼. 𝗦𝗶𝗴𝗻𝗮𝘁𝘂𝗿𝗲 𝗕𝗲𝗮𝗿 & 𝗦𝘄𝗶𝗻𝗴
📌
Mark your calendars now & RSVP here!
➡
https://forms.gle/rcwXBtqUmVdqGGHX6",https://t.me/blissfulbrides/300
blissfulbrides,2020-06-24T02:31:01+00:00,[],"[""https://bit.ly/3837xXC""]",299,,"How to Make the Most of Your Wedding Expenditure During COVID-19
- Here are some general tips on how couples can best plan for their wedding financially amidst COVID-19!⠀
⠀
Read more:
https://bit.ly/3837xXC",https://t.me/blissfulbrides/299
blissfulbrides,2020-06-23T06:03:49+00:00,[],"[""https://bit.ly/2VbeWyH""]",298,,"Preparing for 4 Common Wedding Day Disasters
- Below is a rundown of these possible accidents and how you can go about preparing yourself for these situations!  ⠀
⠀
Read more:
https://bit.ly/2VbeWyH",https://t.me/blissfulbrides/298
blissfulbrides,2020-06-22T02:57:42+00:00,[],"[""https://bit.ly/2YjT7z2""]",297,,"An Insight into Chinese Wedding Customs: Guo Da Li, Si Dian Jin & Hui Li
- To give you a better insight into the wonderful, vibrant world of Chinese wedding customs and prepare you for your own wedding day, here’s an introduction and breakdown of how it’s supposed to be, and the symbolism it signifies.  ⠀
⠀
Read more:
https://bit.ly/2YjT7z2",https://t.me/blissfulbrides/297
blissfulbrides,2020-06-18T07:22:14+00:00,[],"[""https://bit.ly/2ALCm6R""]",296,,"Wedding Ideas: Up Your Game with 5 Local Snack Bars
- Should you want to add a touch of local flavour to your wedding, look no further than the following snack bar ideas! ⠀
⠀
Read more:
https://bit.ly/2ALCm6R",https://t.me/blissfulbrides/296
blissfulbrides,2020-06-16T09:57:59+00:00,[],[],295,,"Blissful Brides
pinned a photo",https://t.me/blissfulbrides/295
blissfulbrides,2020-06-16T09:57:55+00:00,[],[],294,,"[𝗪𝗜𝗡𝗡𝗘𝗥 𝗔𝗡𝗡𝗢𝗨𝗖𝗘𝗠𝗘𝗡𝗧] Thank you for your participation in our 𝗕𝗹𝗶𝘀𝘀𝗳𝘂𝗹 𝗢𝗻𝗹𝗶𝗻𝗲 𝗪𝗲𝗱𝗱𝗶𝗻𝗴 𝗦𝗵𝗼𝘄, 𝗕𝗢𝗪𝗦. Heartiest 𝒄𝒐𝒏𝒈𝒓𝒂𝒕𝒖𝒍𝒂𝒕𝒊𝒐𝒏𝒔 to all the lucky winners below!
🎉
🎁
𝗣𝘂𝗿𝗰𝗵𝗮𝘀𝗲-𝗲𝘅𝗰𝗹𝘂𝘀𝗶𝘃𝗲 𝘄𝗶𝗻𝗻𝗲𝗿𝘀:
1) Tan En Hui Kezia
2) Yap Tiong Beng Jimmy
🛍
𝗣𝘂𝗿𝗰𝗵𝗮𝘀𝗲-𝗲𝘅𝗰𝗹𝘂𝘀𝗶𝘃𝗲 𝘄𝗶𝗻𝗻𝗲𝗿𝘀:
1) Caleb Lai Yiren
2) Chester Mark
3) Quek Yong Chieh
4) Sonia Kiran Gill
5) Tan Yuxu
👰🏻
𝗚𝗼𝘄𝗻 𝗰𝗼𝗻𝘁𝗲𝘀𝘁 𝘄𝗶𝗻𝗻𝗲𝗿𝘀:
2) Stefanie Chua
3) Xing Hui
📩
𝗥𝗦𝗩𝗣 𝘄𝗶𝗻𝗻𝗲𝗿𝘀:
1) Ang Pei Ying Jasmine
2) Claudia Ng
3) Chiew Jun Siew
4) Eve Lee
5) Enzo Tan
6) Foo Chuan Wan
7) Feliza Ong
8) Lionel Lim
9) Shermaine Tan
10) Tan Hoon Peow
Winners will be notified shortly with information about their prize(s) via their email address.",https://t.me/blissfulbrides/294
blissfulbrides,2020-06-15T05:25:11+00:00,[],"[""https://bit.ly/2XykMvM"", ""https://bit.ly/2MT4sPT"", ""https://bit.ly/3e1QIi0"", ""https://bit.ly/2B7hkj2"", ""https://bit.ly/3hkmNDs"", ""https://bit.ly/3hnuf0A"", ""https://bit.ly/2XS8QVO"", ""https://bit.ly/3ffgNdj"", ""https://bit.ly/3fn62WJ"", ""https://bit.ly/2XUZw3j"", ""https://bit.ly/37o70Pv"", ""https://bit.ly/3hl7E4Z"", ""https://bit.ly/2ArqtmA%E2%A0%80""]",293,,"⚡
Seize the moment ─ It’s the 𝗟𝗔𝗦𝗧 𝗗𝗔𝗬 (𝟭𝟱 𝗝𝘂𝗻𝗲) to have your burning inquiries addressed! ⠀
𝗛𝘂𝗿𝗿𝘆! 𝗥𝗦𝗩𝗣 𝗯𝗲𝗳𝗼𝗿𝗲 𝗠𝗼𝗻𝗱𝗮𝘆 𝟭𝟱 𝗝𝘂𝗻𝗲, 𝟲𝗽𝗺
➡️
https://bit.ly/2XykMvM
to book a Zoom consultation with the vendors in advance & stand to win $30 cash!
⠀
⊹𝗙𝗲𝗮𝘁𝘂𝗿𝗲𝗱 𝗛𝗼𝘁𝗲𝗹𝘀⊹
Fairmont Singapore & Swissotel The Stamford:
https://bit.ly/2MT4sPT
Holiday Inn Singapore Orchard City Centre:
https://bit.ly/3e1QIi0
M Hotel Singapore:
https://bit.ly/2B7hkj2
One Farrer Hotel:
https://bit.ly/3hkmNDs
Village Hotels & Residences (Village Hotel Changi):
https://bit.ly/3hnuf0A
⠀
⊹𝗙𝗲𝗮𝘁𝘂𝗿𝗲𝗱 𝗕𝗿𝗶𝗱𝗮𝗹 𝗕𝗼𝘂𝘁𝗶𝗾𝘂𝗲𝘀⊹
Cangai Wedding SG 新加坡藏爱婚纱:
https://bit.ly/2XS8QVO
The Privilege Of Chris Ling International:
https://bit.ly/3ffgNdj
French Wedding:
https://bit.ly/3fn62WJ
Grace Atelier Weddings:
https://bit.ly/2XUZw3j
Korean Artiz Studio:
https://bit.ly/37o70Pv
Love Story:
https://bit.ly/3hl7E4Z
Yvonne Creative Bridal:
https://bit.ly/2ArqtmA⠀
* T&C apply.",https://t.me/blissfulbrides/293
blissfulbrides,2020-06-14T05:06:46+00:00,[],"[""https://www.facebook.com/blissfulbrides/videos/346443349950010/?__cft__[0]=AZW4oUQUpgL3G5j6F5Fycr4hM8T7gCnvH4RdiCEsoSCqPKDBFAuvuq0U0p7_WfUArOJdvt8irFrBJZu18USGlCiA1AqMIqIw6nGSVm87OQ0TG7m8e1uNd_VqYtiGHcxHO5QvfSW5EGja3Kw6GF5qyz_TSBifZ0Nw_j5szoiwi7fzznq4IaI20reVslA6SCiZpKavQVQKQidqMW6aZQpl65nTlwDasC5wSi8gzwNYuKdw0WrWAD3fTxmmxve3NxNP4_dkZyWQonbyV-pZduCLUizOVHc6HIcjK1X_IIjIDBJ9vBgb2eGRM8a2djNXNFpWIjHLytf2xYGUxTFua802XoNLeksBzhocb25fkBOY_lQeRg&__tn__=%2CO%2CP-R""]",292,,"👰🏻
WE ARE LIVE
now for bridal boutiques!
Watch here
➡️
https://www.facebook.com/blissfulbrides/videos/346443349950010/?__cft__[0]=AZW4oUQUpgL3G5j6F5Fycr4hM8T7gCnvH4RdiCEsoSCqPKDBFAuvuq0U0p7_WfUArOJdvt8irFrBJZu18USGlCiA1AqMIqIw6nGSVm87OQ0TG7m8e1uNd_VqYtiGHcxHO5QvfSW5EGja3Kw6GF5qyz_TSBifZ0Nw_j5szoiwi7fzznq4IaI20reVslA6SCiZpKavQVQKQidqMW6aZQpl65nTlwDasC5wSi8gzwNYuKdw0WrWAD3fTxmmxve3NxNP4_dkZyWQonbyV-pZduCLUizOVHc6HIcjK1X_IIjIDBJ9vBgb2eGRM8a2djNXNFpWIjHLytf2xYGUxTFua802XoNLeksBzhocb25fkBOY_lQeRg&__tn__=%2CO%2CP-R",https://t.me/blissfulbrides/292
blissfulbrides,2020-06-14T03:58:54+00:00,[],"[""https://wa.me/6588709338"", ""https://bit.ly/3hnuf0A"", ""https://bit.ly/2XUtx3h""]",291,,"☀️
Wake up to lush greenery and the scent of sea breeze during your stay at 𝗩𝗶𝗹𝗹𝗮𝗴𝗲 𝗛𝗼𝘁𝗲𝗹 𝗖𝗵𝗮𝗻𝗴𝗶. With that said, being so close to nature provides the perfect au-naturel backdrop for your nautical or garden wedding theme!  ⠀
If you missed the chance to speak to them yesterday, you can still do so! Schedule an appointment with Esther Tan in advance in 𝟮 𝘀𝗶𝗺𝗽𝗹𝗲 𝘀𝘁𝗲𝗽𝘀!
1️⃣
Click on this link to confirm a booking
📱
https://wa.me/6588709338
2️⃣
Use this Zoom link after you have secured a timing
👉🏻
https://bit.ly/3hnuf0A
🌿
Make a purchase with them & enjoy special promotions & perks! Head over to
https://bit.ly/2XUtx3h
to find out more information on the prizes. T&C apply.",https://t.me/blissfulbrides/291
blissfulbrides,2020-06-13T05:02:09+00:00,[],"[""https://www.facebook.com/blissfulbrides/videos/1366126113584946/?vh=e&d=N""]",290,,"WE ARE LIVE!
https://www.facebook.com/blissfulbrides/videos/1366126113584946/?vh=e&d=N",https://t.me/blissfulbrides/290
blissfulbrides,2020-06-12T09:35:23+00:00,[],"[""https://bit.ly/30hZGnf""]",289,,"Come join us for an exciting time at our second BOWS, 𝗕𝗹𝗶𝘀𝘀𝗳𝘂𝗹 𝗢𝗻𝗹𝗶𝗻𝗲 𝗪𝗲𝗱𝗱𝗶𝗻𝗴 𝗦𝗵𝗼𝘄 on 13th & 15th June 2020 (Venues) and 14th & 15th June 2020 (Bridal Boutiques) | 1-7pm
𝗥𝗦𝗩𝗣 𝗡𝗢𝗪 to book a Zoom consultation with the vendors in advance & stand to win $30 cash!
➡
https://bit.ly/30hZGnf
✨
𝗔𝗱𝗱𝗶𝘁𝗶𝗼𝗻𝗮𝗹 𝗣𝗲𝗿𝗸𝘀!
✨
•Make a purchase & stand to win $500 AND/OR a staycation/F&B/wedding-related voucher
•Vote for your favourite gown & get a chance to win a staycation/F&B/wedding services voucher
•Earn instant cashback* of $50 and $100 when you make a purchase with us during our online show
•Stand to win from our 𝗕𝗹𝗶𝘀𝘀𝗳𝘂𝗹 𝗣𝗮𝘆 $𝟲𝟬,𝟬𝟬𝟬 𝗚𝗿𝗮𝗻𝗱 𝗗𝗿𝗮𝘄
*T&C apply. Winners will be announced on 16th June 2020.",https://t.me/blissfulbrides/289
blissfulbrides,2020-06-12T05:40:03+00:00,[],"[""https://bit.ly/2BU0MLv""]",288,,"4 Steps to Choosing the Ideal Wedding Bands
- Wedding bands, just like your love story and promise to one another, are unique and meant to last a lifetime! ⠀
⠀
Read more:
https://bit.ly/2BU0MLv",https://t.me/blissfulbrides/288
blissfulbrides,2020-06-11T08:53:00+00:00,[],"[""https://bit.ly/3ff4gqw"", ""https://bit.ly/2Uy6ucA""]",287,,"𝗪𝗵𝗮𝘁’𝘀 𝘆𝗼𝘂𝗿 𝗳𝗹𝗮𝘃𝗮 — Are you a Mermaid, Princess or A-Line gown lover? We’d love to know what you think in 𝟮 𝘀𝗶𝗺𝗽𝗹𝗲 𝘀𝘁𝗲𝗽𝘀!
1️⃣
𝗥𝗦𝗩𝗣 𝗵𝗲𝗿𝗲
https://bit.ly/3ff4gqw
to qualify for the contest
2️⃣
𝗩𝗼𝘁𝗲 𝗵𝗲𝗿𝗲
https://bit.ly/2Uy6ucA
for your favourite design and stand a chance 𝘁𝗼 𝘄𝗶𝗻 𝗮𝘁𝘁𝗿𝗮𝗰𝘁𝗶𝘃𝗲 𝗽𝗿𝗶𝘇𝗲𝘀 before the cut off date (15th June 2020, 6pm) T&C apply.
👰🏻
𝗣𝗮𝗿𝘁𝗶𝗰𝗶𝗽𝗮𝘁𝗶𝗻𝗴 𝗕𝗿𝗶𝗱𝗮𝗹 𝗕𝗼𝘂𝘁𝗶𝗾𝘂𝗲𝘀:
- CangAi Wedding
- Chris Ling International Photographers
- French Wedding Couture
- Grace Atelier Weddings
- Korean Artiz Studio
- Love Story
- Yvonne Creative Bridal",https://t.me/blissfulbrides/287
blissfulbrides,2020-06-11T03:00:46+00:00,[],"[""https://bit.ly/3hfeysv""]",286,,"An Easy Way to Plan Your Wedding Seating Arrangement: Blissful Brides’ Online Seating Planner Tool
- To help you ease your worries, here’s an online seating planner tool to help you organise and arrange your guests’ seating placement effortlessly. Perfectly visualise your actual day with clarity! ⠀
⠀
Read more:
https://bit.ly/3hfeysv",https://t.me/blissfulbrides/286
blissfulbrides,2020-06-10T02:34:01+00:00,[],"[""https://bit.ly/3hd0eRf""]",285,,"5 Must-Know Chinese Wedding Traditions
- If you wish to hold a traditional Chinese wedding here in Singapore, make sure you know all about these significant wedding traditions before you head down to a bridal shop for preparations! ⠀
⠀
Read more:
https://bit.ly/3hd0eRf",https://t.me/blissfulbrides/285
blissfulbrides,2020-06-09T05:28:27+00:00,[],"[""https://bit.ly/3f4jhv1""]",284,,"5 Tips To Create Photo Opportunities For Your Guests at Your Wedding
- Taking insta-worthy images can be challenging if you don’t get your wedding decor right from the very start. These 5 simple ideas will not only leave your guests in awe, but they will help you to capture those breathtaking moments!⠀
⠀
Read more:
https://bit.ly/3f4jhv1",https://t.me/blissfulbrides/284
blissfulbrides,2020-06-08T02:55:53+00:00,[],"[""https://bit.ly/3dTU860""]",283,,"5 Benefits of Holding an Intimate Wedding
- Besides allowing you to celebrate with your loved ones in a controlled setting, there are also many benefits that come with a smaller, more informal affair, which ultimately makes it a unique experience for both you and your guests!⠀
⠀
Read more:
https://bit.ly/3dTU860",https://t.me/blissfulbrides/283
blissfulbrides,2020-06-06T11:45:30+00:00,[],"[""https://www.facebook.com/blissfulbrides/videos/2639540019595235/""]",282,,"Answers needed but nowhere to turn to for resources?
Blissful Brides
is partnering with
Joseph Tan, Financial Services Manager, ACQUITY
, to give you tips on how to save and plan for a wedding during COVID-19.
➡️
https://www.facebook.com/blissfulbrides/videos/2639540019595235/
Don't forget to tune in tonight at
8PM SHARP
and leave your questions in the comment section during the live stream!
💍
💰
⠀",https://t.me/blissfulbrides/282
blissfulbrides,2020-06-06T04:40:59+00:00,[],[],281,,"In light of COVID-19, how should you plan your finances to achieve your dream wedding & finance goals as a couple?
Blissful Brides is partnering with Joseph Tan, Financial Services Manager, ACQUITY, to give you tips on how to save and plan for a wedding during COVID-19. Don't forget to tune in and leave your questions in the comment section during the live stream!
💍
💰
𝗙𝗔𝗖𝗘𝗕𝗢𝗢𝗞 𝗟𝗜𝗩𝗘 | 𝗦𝗮𝘁, 𝟲𝘁𝗵 𝗝𝘂𝗻𝗲 𝗮𝘁 𝟴:𝟬𝟬𝗽𝗺
Weddings of Singapore is a brand new talk show, masterclass, and Q&A all in one that provides information, support, and a platform for open communication between vendors and couples. Tune in to learn something new, be entertained, and get connected!",https://t.me/blissfulbrides/281
blissfulbrides,2020-06-06T04:24:39+00:00,[],[],280,,"Blissful Brides
pinned a photo",https://t.me/blissfulbrides/280
blissfulbrides,2020-06-06T04:23:37+00:00,[],"[""https://bit.ly/30hZGnf""]",279,,"A 𝑻𝒊𝒎𝒆𝒍𝒆𝒔𝒔 𝑳𝒐𝒗𝒆 is enduring and transcend beyond space and time. Join us at our second BOWS, 𝗕𝗹𝗶𝘀𝘀𝗳𝘂𝗹 𝗢𝗻𝗹𝗶𝗻𝗲 𝗪𝗲𝗱𝗱𝗶𝗻𝗴 𝗦𝗵𝗼𝘄 on 13th-15th June 2020, 1-7pm for venue and bridal boutique showcases, live vendor meet ups, attractive deals & lucky draw prizes!
𝗥𝗦𝗩𝗣 𝗡𝗢𝗪 to book a Zoom consultation with the vendors in advance & stand to win $30 cash!
➡
https://bit.ly/30hZGnf
𝗔𝗱𝗱𝗶𝘁𝗶𝗼𝗻𝗮𝗹 𝗣𝗲𝗿𝗸𝘀!
- Make a purchase & stand to win $500 AND/OR a staycation/F&B/wedding-related voucher
- Vote for your favourite gown & get a chance to win a staycation/F&B/wedding services voucher
- Earn instant cashback of $50 and $100 when you make a purchase with us during our online show
- Stand to win from our 𝗕𝗹𝗶𝘀𝘀𝗳𝘂𝗹 𝗣𝗮𝘆 $𝟲𝟬,𝟬𝟬𝟬 𝗚𝗿𝗮𝗻𝗱 𝗗𝗿𝗮𝘄
*T&C apply. Winners will be announced on 16th June 2020.",https://t.me/blissfulbrides/279
blissfulbrides,2020-06-05T04:52:44+00:00,[],"[""https://bit.ly/3gPEYAV%E2%A0%80""]",277,,"Here’s How to Host A Virtual Hen Party During the Circuit Breaker
- Due to COVID-19, these plans may have halted but alas! There are still a few ways you can manoeuvre past this and still have a fantastic hen party with your boos!  ⠀
⠀
Read more:
https://bit.ly/3gPEYAV⠀",https://t.me/blissfulbrides/277
blissfulbrides,2020-06-03T07:38:50+00:00,[],"[""https://bit.ly/301yHfh""]",276,,"Blissful Brides’ Guest List Tool: An Easy & Efficient Way to Organise RSVPs
- To help you stay organised, we’ve developed an online wedding guest list tool that’s dedicated to keeping track of your guest list with ease. You can also monitor RSVPs and make table arrangements for the wedding venue! ⠀
⠀
Read more:
https://bit.ly/301yHfh",https://t.me/blissfulbrides/276
blissfulbrides,2020-06-02T06:05:21+00:00,[],"[""https://www.blissfulbrides.sg/60000""]",275,,"The $60,000 Grand Draw is here! Double the amount, double the chance, double the happiness
💞
Read on to find out if you are eligible for the $60,000 Grand Draw or find out how to participate here
➡️
https://www.blissfulbrides.sg/60000",https://t.me/blissfulbrides/275
blissfulbrides,2020-06-01T02:56:41+00:00,[],"[""https://bit.ly/3bNv26Z""]",273,,"What to Look Out For in a Wedding Photographer and Videographer -
Here’s what you can look out for when deciding if a particular photography and videography team is for you!
Read more:
https://bit.ly/3bNv26Z",https://t.me/blissfulbrides/273
blissfulbrides,2020-05-30T04:16:16+00:00,[],"[""http://tiny.cc/koreaartizstudiorefferal"", ""https://bit.ly/2XDKopK""]",272,,"[
🇰🇷
Korea Artiz Studio, Singapore's True Authentic Korean Wedding Studio]
Immerse yourself in Singapore’s only authentic Luxury Korean Theme Wedding Photo/Videography & Bridal Boutique.
Located across 3 continents & 7 countries with 45 branches worldwide, Korea Artiz Studio Singapore ensures couple to have an authentic indoor Korean experience with outbound Korean team ready to fulfill your dream shoot.
✨
Now giving away a LIMITED TIME $500 OFF PHOTOSHOOT PACKAGES*
💕
Fulfill your hallyu themed pre-wedding shoot with exclusive offers this season:
http://tiny.cc/koreaartizstudiorefferal
💕
Awarded the Editor's Choice Award by Blissful Brides as the preferred Bridal Gown Boutique in SG:
https://bit.ly/2XDKopK
*T&Cs apply; offer ends at 15th August 2020",https://t.me/blissfulbrides/272
blissfulbrides,2020-05-29T09:35:28+00:00,[],"[""https://bit.ly/3bLcd4o""]",271,,"6 Expert Tips to Make the Best Out of Your Wedding Catering
- We have 6 expert tips to help you settle your wedding catering so that you can make most out of your wedding feast!
Read more:
https://bit.ly/3bLcd4o",https://t.me/blissfulbrides/271
blissfulbrides,2020-05-28T08:00:27+00:00,[],"[""https://bit.ly/3bGOJxh""]",270,,"6 Hair Inspirations to Match Every Wedding Dress Style
- Here are some tips for you to look and feel good on your big day
Read more:
https://bit.ly/3bGOJxh",https://t.me/blissfulbrides/270
blissfulbrides,2020-05-27T10:16:10+00:00,[],"[""https://bit.ly/36b1uPH""]",269,,"5 Interesting Reception Bar Ideas to Wow Your Wedding Guests
- Check out these interesting reception bar ideas to thrill your guests with!
Read more:
https://bit.ly/36b1uPH",https://t.me/blissfulbrides/269
blissfulbrides,2020-05-26T13:16:41+00:00,[],"[""https://bit.ly/3cEWzJh"", ""https://bit.ly/3bEZnF5"", ""https://bit.ly/3cGF0s7"", ""https://bit.ly/2Lyz74i"", ""https://bit.ly/2y8M0iy"", ""https://bit.ly/3bGBvRj"", ""https://www.blissfulbrides.sg/blissfulpay""]",268,,"Thank you everyone for your support and participation at the Blissful Brides Online Wedding Show with Pan Pacific Hotels Group. Due to overwhelming response, we are extending the promotion till 31 May 2020! Visit the links of the individual venues below and submit your enquires right away!
Pan Pacific Singapore:
https://bit.ly/3cEWzJh
PARKROYAL COLLECTION Pickering:
https://bit.ly/3bEZnF5
PARKROYAL COLLECTION Marina Bay:
https://bit.ly/3cGF0s7
PARKROYAL on Beach Road:
https://bit.ly/2Lyz74i
PARKROYAL on Kitchener Road:
https://bit.ly/2y8M0iy
Si Chuan Dou Hua, Top of UOB Plaza:
https://bit.ly/3bGBvRj
✨
Pay by Blissful Pay
➡️
https://www.blissfulbrides.sg/blissfulpay
& earn credit card rewards, prizes & stand a chance to win back your spendings from the $60,000 Grand Draw. Spread the word now because good things are meant to be shared!",https://t.me/blissfulbrides/268
blissfulbrides,2020-05-26T11:16:50+00:00,[],"[""https://bit.ly/36arCdz""]",267,,"Wedding Dress 101: Which Silhouette Type Best Flatters Your Figure?
- In this essential guide, we cover the best bridal silhouettes for each body shape to get you ready and strutting down the aisle in style!
Read more:
https://bit.ly/36arCdz",https://t.me/blissfulbrides/267
blissfulbrides,2020-05-20T08:06:45+00:00,[],"[""https://bit.ly/3bJolTF""]",266,,"All you have been waiting for, your favourite Photobooth deal is back! Capture beautiful & fun moments of your guests on your big day with 60 shutter! Purchase a 2-Hour Photobooth service from 60 shutter at a limited time offer of only $399 (U.P. $588).
Visit
https://bit.ly/3bJolTF
to purchase & earn credit card rewards, prizes & stand a chance to win back your spendings from the $30,000 Grand Draw*!
*Promotion ends 31 May 2020, terms and conditions apply.",https://t.me/blissfulbrides/266
blissfulbrides,2020-05-19T09:00:26+00:00,[],"[""https://bit.ly/2LGkjkw""]",265,,"What Are The Popular Engagement Ring Trends For 2020?
- Here are the most popular engagement ring trends of the year to give you some inspiration!
Read more:
https://bit.ly/2LGkjkw",https://t.me/blissfulbrides/265
blissfulbrides,2020-05-18T08:57:58+00:00,[],"[""https://bit.ly/3cCHyaO""]",264,,"A User Guide to Blissful Brides’ Online Wedding Invitations
- Say goodbye to messy homes & tired hands
Read more:
https://bit.ly/3cCHyaO",https://t.me/blissfulbrides/264
blissfulbrides,2020-05-17T06:19:49+00:00,[],"[""https://www.facebook.com/blissfulbrides/videos/277429789976647/"", ""https://bit.ly/2ZaRiW7""]",263,,"https://www.facebook.com/blissfulbrides/videos/277429789976647/
✨
The online wedding show has started!
✨
The right venue is a vital ingredient for a beautiful, magical wedding. Get connected with vendors from the Pan Pacific Hotels Group and secure your dream venue at exclusive prices! Visit
https://bit.ly/2ZaRiW7
to submit your questions now or chat with the venues directly from 𝟮𝗽𝗺 𝘁𝗼 𝟲𝗽𝗺 𝘁𝗼𝗱𝗮𝘆 via Zoom! Click the FB link above to watch the LIVE.
𝗩𝗲𝗻𝘂𝗲𝘀:
- Pan Pacific Singapore
- PARKROYAL COLLECTION Pickering
- PARKROYAL COLLECTION Marina Bay
- PARKROYAL on Beach Road
- PARKROYAL on Kitchener Road
- Si Chuan Dou Hua, Top of UOB Plaza
𝗪𝗲𝗱𝗱𝗶𝗻𝗴 𝘀𝗵𝗼𝘄 𝗵𝗶𝗴𝗵𝗹𝗶𝗴𝗵𝘁𝘀:
- Webinar showcase of the venues
- Direct Zoom meetups with consultants
- Live music performances
- Attractive lucky draw prizes* (Staycaytions, F&B vouchers & more)
*T&Cs apply. Winners will be announced at 6.15pm",https://t.me/blissfulbrides/263
blissfulbrides,2020-05-16T08:23:52+00:00,[],"[""https://www.blissfulbrides.sg/articles/trending/weddings-of-singapore-3-all-about-bridal-beauty-featuring-keith-tan-celebrity-mua""]",262,,"Want to know all about the pre-wedding skincare routine? Interested in tips that let your hair & makeup stay flawless all day?
Blissful Brides is partnering with Keith Tan, Celebrity MUA, to give you a rare insight into bridal beauty. Don't forget to tune in on Saturday, 16th May at 8pm and leave your questions in the comment section during the FB live stream for Keith!
https://www.blissfulbrides.sg/articles/trending/weddings-of-singapore-3-all-about-bridal-beauty-featuring-keith-tan-celebrity-mua",https://t.me/blissfulbrides/262
blissfulbrides,2020-05-15T01:10:01+00:00,[],"[""https://bit.ly/2ZaRiW7""]",261,,"✨
It's an online wedding show!
✨
The right venue is a vital ingredient for a beautiful, magical wedding. Get connected with vendors from the Pan Pacific Hotels Group and secure your dream venue at exclusive prices! Visit
https://bit.ly/2ZaRiW7
to submit your questions now or chat with the venues directly on the day itself!
Venues:
- Pan Pacific Singapore
- PARKROYAL COLLECTION Pickering
- PARKROYAL COLLECTION Marina Bay
- PARKROYAL on Beach Road
- PARKROYAL on Kitchener Road
- Si Chuan Dou Hua, Top of UOB Plaza
Wedding show highlights:
- Webinar showcase of the venues
- Direct Zoom meetups with consultants
- Attractive lucky draw prizes* (Staycaytions, F&B vouchers & more)
- Live music performances
*T&C apply. Winners will be announced at 6.15pm.",https://t.me/blissfulbrides/261
blissfulbrides,2020-05-14T07:31:21+00:00,[],"[""https://bit.ly/3bw8esu""]",260,,"6 Hands-on Wedding Tasks You Can Complete at Home During COVID-19
- Use the time now to get started on these useful and fun tasks to carry on with your wedding planning at home!
Read more:
https://bit.ly/3bw8esu",https://t.me/blissfulbrides/260
blissfulbrides,2020-05-13T10:02:00+00:00,[],"[""https://bit.ly/3ctKRBb""]",259,,"Pre-Wedding Nutrition Guide to Look & Feel Good on Your Big Day
- Here’s a lowdown on foods to consume or avoid as your wedding day inches closer!
Read more:
https://bit.ly/3ctKRBb",https://t.me/blissfulbrides/259
blissfulbrides,2020-05-12T10:13:30+00:00,[],"[""https://bit.ly/3crvyZN""]",258,,"4 Reasons Why You Should Go For a Pre-Wedding Photoshoot
- Here are 4 more reasons why you should definitely consider booking a pre-wedding photoshoot!
Read more:
https://bit.ly/3crvyZN",https://t.me/blissfulbrides/258
blissfulbrides,2020-05-11T09:48:55+00:00,[],"[""https://bit.ly/2WJnP2y""]",257,,"5 Tips to Nail Your Wedding Manicure
- Here’s how to make sure that your nails are in tip-top condition for that perfect wedding manicure.
Read more:
https://bit.ly/2WJnP2y",https://t.me/blissfulbrides/257
blissfulbrides,2020-05-10T13:38:05+00:00,[],"[""https://bit.ly/2yLcM0F""]",256,,"6 Must-Have Essentials in Your Wedding Emergency Kit
- Here are 6 must-have essentials in your wedding emergency kit, to be kept by your side at all times.
Read more:
https://bit.ly/2yLcM0F",https://t.me/blissfulbrides/256
blissfulbrides,2020-05-08T09:32:23+00:00,[],"[""https://bit.ly/2WhbfIV""]",255,,"5 Ways to Keep the Spark Alive While Planning Your Wedding
- Here are five tips to help you reconnect with your partner while wedding planning.
Read more:
https://bit.ly/2WhbfIV",https://t.me/blissfulbrides/255
blissfulbrides,2020-05-07T11:26:14+00:00,[],[],254,,"[PSST, OVER HERE!] Keith Tan, Celebrity MUA x Blissful Brides's Live Stream will be postponed to 16th May, 8pm!
Make sure to tune in for skincare tips, makeup recommendations, and effortless hairstyling tricks from a bridal beauty expert!
👰🏻
💄
💋
Bonus Giveaway:
💋
Keith Tan 彩妝教主 will be giving away 3 branded cosmetic sets consisting of a CC Foundation Cushion and Lipstick (from one of the brands YSL, Armani, Shu Umera, Shiseido, Urban Decay, and MAC). Catch the live stream to find out how to win!*
*T&C apply.
𝗙𝗔𝗖𝗘𝗕𝗢𝗢𝗞 𝗟𝗜𝗩𝗘 | 𝗦𝗮𝘁, 𝟭𝟲𝘁𝗵 𝗠𝗮𝘆 𝗮𝘁 𝟴:𝟬𝟬𝗽𝗺
Weddings of Singapore is a brand new talk show, masterclass, and Q&A all in one that provides information, support, and a platform for open communication between vendors and couples. Tune in to learn something new, be entertained, and get connected!",https://t.me/blissfulbrides/254
blissfulbrides,2020-05-06T06:20:59+00:00,[],"[""https://bit.ly/3ckX4br""]",253,,"5 Tips to Handle A Postponed Wedding Due to COVID-19
- Here are 5 ways you can manage and plan your delayed wedding
Read more:
https://bit.ly/3ckX4br",https://t.me/blissfulbrides/253
blissfulbrides,2020-05-05T06:37:31+00:00,[],"[""https://bit.ly/3dfJbel""]",252,,"A Guide to Choosing the Right Reception Dress
- If you’re not sure how to go about choosing your reception dress, here’s a guide for you!
Read more:
https://bit.ly/3dfJbel",https://t.me/blissfulbrides/252
blissfulbrides,2020-04-30T03:23:29+00:00,[],"[""https://bit.ly/2xo85JG""]",251,,"5 Wholesome Hen’s Night Ideas For Pampering A Bride
- Memorable and enjoyable activities for you and your girlfriends that will guarantee just as much fun, bonding opportunities, and most importantly – a happy and relaxed bride! ⠀
⠀
Read more:
https://bit.ly/2xo85JG",https://t.me/blissfulbrides/251
blissfulbrides,2020-04-29T03:52:18+00:00,[],"[""https://bit.ly/2VK2WVF""]",250,,"5 Tips for A Stylish, Minimalist-Themed Wedding
- If you wish to avoid any headache-inducing scenarios or you simply are not quite sure where to start, this guide is just for you! ⠀
⠀
Read more:
https://bit.ly/2VK2WVF",https://t.me/blissfulbrides/250
blissfulbrides,2020-04-28T03:42:21+00:00,[],"[""https://bit.ly/2VK3yup%E2%A0%80""]",249,,"9 Chinese Wedding Taboos, Explained
- Whether you’re planning to abide by them or not, it’s always good to know more about one’s traditions and culture!
⠀
Read more:
https://bit.ly/2VK3yup⠀",https://t.me/blissfulbrides/249
blissfulbrides,2020-04-27T03:08:51+00:00,[],"[""https://bit.ly/3aB1Bog""]",248,,"4 Questions You May Have While Deciding on an Engagement Ring
- Now, as you approach the planning process of your proposal, an important aspect to secure would be the engagement ring! ⠀
⠀
Read more:
https://bit.ly/3aB1Bog",https://t.me/blissfulbrides/248
blissfulbrides,2020-04-25T11:08:57+00:00,[],[],247,,"Don’t forget to tune in to our Saturday Live Show,
Weddings of Singapore
with our
Chinese Wedding Traditions
expert, Michelle Neo at 7:30pm sharp! Stand a chance to be one of 3 lucky winners for our
giveaway
, announced at the end of the show!",https://t.me/blissfulbrides/247
blissfulbrides,2020-04-24T11:31:57+00:00,[],"[""https://bit.ly/2xUJ6hj""]",246,,"6 Helpful Tips for Choosing the Ideal Wedding Floral Déco
r - To ease some of your wedding planning woes, here are some tips that we’ve compiled on how to select your wedding flowers! ⠀
⠀
Read more:
https://bit.ly/2xUJ6hj",https://t.me/blissfulbrides/246
blissfulbrides,2020-04-23T04:22:17+00:00,[],"[""https://bit.ly/3527cmj""]",245,,"Must You Have Both an Engagement Ring & Wedding Ring?
- As traditions that have been practised for centuries now, here’s how the rings came about and why you may or may not need them in your nuptials ⠀
⠀
Read more:
https://bit.ly/3527cmj",https://t.me/blissfulbrides/245
blissfulbrides,2020-04-22T03:03:09+00:00,[],"[""https://bit.ly/3buiimu""]",244,,"What to Do with Your Wedding Veil After the Big Day
- here are a few ideas to breathe life into your wedding veil once more ⠀
⠀
Read more:
https://bit.ly/3buiimu",https://t.me/blissfulbrides/244
blissfulbrides,2020-04-20T02:35:04+00:00,[],"[""https://bit.ly/2KkV8TE""]",243,,"4 Wedding Preparations that Still Can Be Done Amidst COVID-19
- here are 4 wedding preparations that you can get a head start on while we wait out this storm!  ⠀
Read more:
https://bit.ly/2KkV8TE",https://t.me/blissfulbrides/243
blissfulbrides,2020-04-18T03:53:43+00:00,[],"[""https://forms.gle/nyThzW5Tb9xiq82t5""]",242,,"𝕋𝕙𝕖 ℂ𝕙𝕚𝕟𝕖𝕤𝕖 𝕎𝕖𝕕𝕕𝕚𝕟𝕘 𝕊𝕙𝕠𝕡
is a company dedicated to preserving and promoting wedding-related customs and at the same time, offering a plethora of items catering to the various Chinese dialect groups in Singapore. Have a burning question for our expert? We hear ya! ⠀
Head over to
https://forms.gle/nyThzW5Tb9xiq82t5
and join
𝔹𝕝𝕚𝕤𝕤𝕗𝕦𝕝 𝔹𝕣𝕚𝕕𝕖𝕤
and our guest Michelle on 25 April, Saturday at 7:30pm to find out more! ⠀",https://t.me/blissfulbrides/242
blissfulbrides,2020-04-17T04:07:57+00:00,[],"[""https://bit.ly/3cqQGPu""]",241,,"4 Tips for Perfecting Your Bridal Bouquet
- To make sure that it’s a bouquet that acts as a gorgeous frame for yourself while complementing your gown, decor, and personality, there are a few key pointers to keep in mind when you’re putting it together. Read on to find out what they are! ⠀
⠀
Read more:
https://bit.ly/3cqQGPu",https://t.me/blissfulbrides/241
blissfulbrides,2020-04-16T05:28:39+00:00,[],"[""https://bit.ly/34H8cMD""]",240,,"It’s In The Details: Unique Wedding Place Card Ideas
- A great addition to any wedding, they do more than just direct guests to their seats – let us show you just how to use them to elevate your wonderful wedding! ⠀
⠀
Read more:
https://bit.ly/34H8cMD",https://t.me/blissfulbrides/240
blissfulbrides,2020-04-15T04:36:34+00:00,[],"[""https://bit.ly/2RH7l9w""]",239,,"5 Gorgeous Wedding Backdrops to DIY & Frame Your Love
- Here are 5 lovely ideas to inspire you to create your own whimsical backdrop that is perfect for both indoor and outdoor wedding venues!⠀
⠀
Read more:
https://bit.ly/2RH7l9w",https://t.me/blissfulbrides/239
blissfulbrides,2020-04-13T03:46:59+00:00,[],"[""https://bit.ly/2V73V1X""]",238,,"5 Questions to Ask When Choosing Your Wedding Bands
- Knowing how crucial it is to choose the perfect wedding band, we share a list of questions that you should ask one another before making the purchase! ⠀
⠀
Read more:
https://bit.ly/2V73V1X",https://t.me/blissfulbrides/238
blissfulbrides,2020-04-11T12:02:01+00:00,[],"[""http://facebook.com/blissfulbrides/""]",237,,"🔊
WEDDINGS OF SINGAPORE IS LIVE NOW!
⠀
👋🏻
Come join us and our guests over at (
facebook.com/blissfulbrides/
) for a wonderful evening together!",https://t.me/blissfulbrides/237
blissfulbrides,2020-04-11T04:12:59+00:00,[],"[""http://facebook.com/blissfulbrides/"", ""https://bit.ly/2wsJCCo""]",236,,"Blissful Brides
is taking the lead in the Wedding industry by hosting our very own Live Show (
Weddings of Singapore
) tonight, 11 April at 8pm.
Tune in to our Facebook page (
facebook.com/blissfulbrides/
) to hear the stories and silver linings of those affected and let's help one another tide through on a happier, more positive note!
https://bit.ly/2wsJCCo",https://t.me/blissfulbrides/236
blissfulbrides,2020-04-09T05:41:09+00:00,[],"[""https://bit.ly/2xdhgwg""]",235,,"5 Wedding Trends in 2020 Every Bride Should Know About
- From gown fashion to wedding decor, here are 5 wedding trends that are coming your way this 2020!⠀
⠀
Read more:
https://bit.ly/2xdhgwg",https://t.me/blissfulbrides/235
blissfulbrides,2020-04-08T06:32:12+00:00,[],"[""https://bit.ly/2xdufOv""]",234,,"4 Factors to Consider When Curating Your Wedding Menu
- To ensure that you curate the most epicurean menu fitting of your once-in-a-lifetime affair, here are 4 things to keep in mind when you’re selecting your dishes! ⠀
⠀
Read more:
https://bit.ly/2xdufOv",https://t.me/blissfulbrides/234
blissfulbrides,2020-04-07T01:44:23+00:00,[],"[""https://bit.ly/39N0cuy""]",233,,"5 Tips to Help You Deal with Delays in Your Wedding Plans
- When it happens, there is no other choice but to stay positive and deal with it head-on, but of course, it doesn’t hurt to do all we can to prepare for it beforehand! ⠀
⠀
Read more:
https://bit.ly/39N0cuy",https://t.me/blissfulbrides/233
blissfulbrides,2020-04-06T08:46:04+00:00,[],"[""https://bit.ly/2UIQm8u""]",232,,"4 Things Couples Need to Discuss Before Getting Married
- Seeing as how a matrimonial union will legally bind you and your partner together, it’s imperative that you communicate clearly and get on the same page as your sweetheart on a couple of relationship cornerstones instead of just jumping straight into the wedding planning! ⠀
⠀
Read more:
https://bit.ly/2UIQm8u",https://t.me/blissfulbrides/232
blissfulbrides,2020-04-03T04:08:36+00:00,[],[],231,,"Blissful Brides
pinned a photo",https://t.me/blissfulbrides/231
blissfulbrides,2020-04-03T01:59:30+00:00,[],"[""https://bit.ly/39HQr0u""]",230,,"4 Essential Tips to Curate Your Dream Wedding From Scratch
- If you’re one such couple who’s about to embark on this exciting journey, here are a few pointers for a smooth-sailing experience! ⠀
⠀
Read more:
https://bit.ly/39HQr0u",https://t.me/blissfulbrides/230
blissfulbrides,2020-04-02T11:07:06+00:00,[],"[""https://bit.ly/2UUOHf1""]",229,,"Useful Fitness Accessories to Get in Shape
- As your wedding date draws nearer, so does your personal deadline to get in shape. But if you’re new to the world of exercise and fitness and don’t know where to begin, don’t worry — you’ve opened the right article!⠀
⠀
Read more:
https://bit.ly/2UUOHf1",https://t.me/blissfulbrides/229
blissfulbrides,2020-04-02T03:58:39+00:00,[],"[""https://bit.ly/2UT9UpN""]",228,,"Chinese wedding traditions are highly esteemed and are regarded as a necessity in weddings -
We understand how overwhelming it can be to follow these traditions for your big day, so we've collated these information just for you! ⁣
⁣
Read more to find out the different traditions for each dialect group and save yourself the hassle:
https://bit.ly/2UT9UpN",https://t.me/blissfulbrides/228
blissfulbrides,2020-03-31T01:34:16+00:00,[],"[""https://bit.ly/2UrxOJI""]",227,,"What Should You Prioritise at the Start of Your Wedding Planning
- Wedding planning is stressful and overwhelming. Here's 5 tips on what you will need to prioritise and tackle first to pull off a successful wedding ceremony! ⁣
⁣
Read more:
https://bit.ly/2UrxOJI",https://t.me/blissfulbrides/227
blissfulbrides,2020-03-30T02:27:09+00:00,[],"[""https://bit.ly/2UsWGRC""]",226,,"5 Tips To Create Photo Opportunities For Your Guests at Your Wedding
- These 5 simple ideas will not only leave your guests in awe, but they will help you to capture those breathtaking moments! ⁣
⁣
Read more:
https://bit.ly/2UsWGRC",https://t.me/blissfulbrides/226
blissfulbrides,2020-03-25T06:14:01+00:00,[],"[""https://bit.ly/3dvgTxk""]",225,,"5 Unique Dinner Date Ideas for An Anniversary/Birthday Surprise
-
We’ve got you covered — check out these five unique and fresh culinary options to surprise the special someone in your life and spice up your relationship!  ⁣
⁣
Read more:
https://bit.ly/3dvgTxk",https://t.me/blissfulbrides/225
blissfulbrides,2020-03-24T02:53:15+00:00,[],"[""https://bit.ly/2JcJFoN""]",224,,"4 Things You Need To Let Your Wedding Photographers Know
- To make things easier for your photographers, here are a few things to inform them of beforehand! ⁣
⁣
Read more:
https://bit.ly/2JcJFoN",https://t.me/blissfulbrides/224
blissfulbrides,2020-03-20T06:18:47+00:00,[],"[""http://Fiona_****@hotmail.com/"", ""http://www.facebook.com/blissfulbrides/""]",223,,"[WINNER ANNOUNCEMENT]⁣
Congratulations to the following Blissful Brides member who have won the
Instax SP-2 Instant Photo Printer (worth $249)!
The winner will be contacted via their registered email address by this week.  ⁣
⁣
Instax SP-2 Instant Photo Printer (worth $249)⁣
Fiona_****@hotmail.com
⁣
⁣
Stay tuned to our Telegram and social media for the next Get A Quote giveaway! Follow us on Instagram (
@blissfulbridesmag
) and Facebook (
www.facebook.com/blissfulbrides/
) for the latest updates.",https://t.me/blissfulbrides/223
blissfulbrides,2020-03-20T03:58:42+00:00,[],"[""https://bit.ly/2J2r5iY""]",222,,"The Preparation Guide You Need For Your Wedding Makeup Trial
- If you’re clueless on the steps you need to be taking, here’s a brief rundown on some of the things you need to do and bring! ⁣
⁣
Read more:
https://bit.ly/2J2r5iY",https://t.me/blissfulbrides/222
blissfulbrides,2020-03-19T06:41:11+00:00,[],"[""https://bit.ly/2QtsKlR""]",221,,"3 Posing Tips For A Picture Perfect Pre-Wedding Photoshoot
- To ensure that your wedding photographer gets the best shots of you, here are a few tips you can keep in mind to help you look amazing, with or without nerves! ⠀
⠀
Read more:
https://bit.ly/2QtsKlR",https://t.me/blissfulbrides/221
blissfulbrides,2020-03-16T03:23:15+00:00,[],"[""http://bit.ly/2INB2AL""]",220,,"Wedding Roles: Should Parents Be Included In Preparations
- If you find yourself feeling conflicted, we hope that this article will help you to come to a decision better! ⁣
⁣
Read more:
http://bit.ly/2INB2AL",https://t.me/blissfulbrides/220
blissfulbrides,2020-03-14T05:59:10+00:00,[],"[""https://bit.ly/3cXIsPW""]",219,,"[BLISSFUL BRIDES GET A DEAL]⠀
🌿
Every Regent wedding is a grand gastronomic celebration. Whether you desire an intimate or grand affair, Regent Singapore provides a spectacular backdrop for the beauty and magic of your wedding day!  ⠀
⠀
Blissful Brides Wedding Exclusive
- Huge savings to ease your pockets! ⠀
👉🏻
Book your ideal venue
https://bit.ly/3cXIsPW
⠀
💳
Pay via Blissful Pay to enjoy additional perks like: Cashback | $30,000 Cash Rebate Grand Draw | Reward Points | Attractive Prizes
*T&Cs apply",https://t.me/blissfulbrides/219
blissfulbrides,2020-03-14T05:58:16+00:00,[],"[""https://bit.ly/38KBRop""]",218,,"[BLISSFUL BRIDES GET A DEAL] ⠀
✨
Say ""I Do"" by the Sky Pool at sunset, dance under the stars at the Glass Pavilion and party with your guests in our pillar-less Grand Ballroom. At Amara Sanctuary Resort Sentosa, you have the freedom to tailor make a wedding that is uniquely yours! ⠀
⠀
Blissful Brides Wedding Exclusive
- Enjoy huge savings to ease your pockets! ⠀
👉🏻
Book your ideal venue here:
https://bit.ly/38KBRop
⠀
💳
Pay via Blissful Pay to enjoy additional perks like: Cashback | $30,000 Cash Rebate Grand Draw | Reward Points | Attractive Prizes
*T&Cs apply⠀",https://t.me/blissfulbrides/218
blissfulbrides,2020-03-11T02:37:33+00:00,[],"[""http://bit.ly/2TZw6hg""]",217,,"⁣⁣
4 DIY Wedding Items to Consider and Save on Your Budget
- ⁣Your wedding will be even more meaningful with an added personal touch. Here are 4 items that you can consider getting hands-on with! ⁣
⁣
Read more: ⁣⁣
http://bit.ly/2TZw6hg",https://t.me/blissfulbrides/217
blissfulbrides,2020-03-10T02:35:11+00:00,[],"[""http://bit.ly/2TUATjZ""]",216,,"⁣
5 Aspects You Cannot Ignore When Wedding Venue Hunting
- ⁣Your venue is one that should be decided at the very start. Whilst it may seem simple, there are several considerations you need to take note of before deciding on a particular location. To make things easier for you, here are a few tips you should keep in mind!⠀
⠀
Read more: ⁣
http://bit.ly/2TUATjZ",https://t.me/blissfulbrides/216
blissfulbrides,2020-03-09T03:29:22+00:00,[],[],215,,"Blissful Brides
pinned a photo",https://t.me/blissfulbrides/215
blissfulbrides,2020-03-09T03:28:16+00:00,[],"[""http://bit.ly/38FJ0GQ""]",214,,"⁣
The Ultimate Guide for Choosing Your Wedding Veil
- ⁣⁣The mesmerising bridal veil has become more than just a statement piece in itself. Despite it not being a necessity today, wearing a veil can prove to be a great accessory to add an extra flair to any bride’s look! ⠀
⠀
Read more:
http://bit.ly/38FJ0GQ",https://t.me/blissfulbrides/214
blissfulbrides,2020-03-08T02:05:25+00:00,[],"[""http://bit.ly/330oyiv""]",213,,"[𝗕𝗟𝗜𝗦𝗦𝗙𝗨𝗟 𝗕𝗥𝗜𝗗𝗘𝗦 𝗚𝗘𝗧 𝗔 𝗗𝗘𝗔𝗟] All holed up at home? You can still turn your dream wedding into reality this March with just A FEW SIMPLE CLICKS!
✨
We have 𝗼𝗻𝗹𝗶𝗻𝗲 𝗱𝗲𝗮𝗹𝘀 𝗼𝗳 𝘂𝗽 𝘁𝗼 𝟱𝟬% 𝗼𝗳𝗳 for every wedding need, including:
• Venues
• Bridal Boutiques
• Photographer & Videographer
• Makeup Artist
• Emcee
• And many more!
➡
𝗦𝘁𝗮𝗿𝘁 𝗱𝗿𝗲𝗮𝗺𝗶𝗻𝗴 𝗮𝗻𝗱 𝘀𝗮𝘃𝗶𝗻𝗴 𝗵𝗲𝗿𝗲:
http://bit.ly/330oyiv
P.S. Remember to pay via Blissful Pay to enjoy additional perks like:
Cashback | $30,000 Grand Draw | Reward Points | Attractive Prizes
✨
𝗣𝗲𝗿𝗸𝘀 𝗼𝗻 𝗣𝗲𝗿𝗸𝘀
✨
Every purchase from Blissful Brides Get A Deal (from 6th - 31st March) via Blissful Pay will be entitled to:
- A Sulwhasoo Snowise Brightening Kit
- A chance to win a 2D1N Staycation (limited to 1 winner)
- A chance to win F&B vouchers (limited to 5 winners)
*T&C apply.",https://t.me/blissfulbrides/213
blissfulbrides,2020-03-04T10:11:53+00:00,[],[],212,,"The wait is almost over. Incredible deals of up to 50% off your wedding essentials are on their way with Blissful Brides Get A Deal!
Make sure to check back on 6th March for these exclusive online promos & remember to use Blissful Pay for additional perks like:
Cashback | $30,000 Grand Draw | Reward Points | Attractive Prizes
✨
Perks on Perks
✨
Every purchase from Blissful Brides Get A Deal (from 6th - 31st March) via Blissful Pay will be entitled to:
- A Sulwhasoo Snowise Brightening Kit
- A chance to win a 2D1N Staycation (limited to 1 winner)
- A chance to win F&B vouchers (limited to 5 winners)
*T&C apply.",https://t.me/blissfulbrides/212
blissfulbrides,2020-02-21T04:28:10+00:00,[],"[""http://bit.ly/2T2bp46""]",210,,"[LEE HWA ROMANCE WEDDING BAND COLLECTION]
Wedding bells ringing? Pick the perfect wedding bands from Lee Hwa Romance’s global bridal brands or personalise it and make it uniquely yours.
Read more:
http://bit.ly/2T2bp46",https://t.me/blissfulbrides/210
blissfulbrides,2020-02-20T02:14:28+00:00,[],"[""http://bit.ly/39ZJ2KL""]",209,,"⁣
6 Things You Should Do After Getting Engaged
- ⁣Here are 6 things that you should start thinking of after you’ve settled down from the engagement high! ⠀
⠀
Read more: ⁣⁣⁣
http://bit.ly/39ZJ2KL",https://t.me/blissfulbrides/209
blissfulbrides,2020-02-19T08:54:02+00:00,[],"[""http://bit.ly/2Sgu2Sm""]",208,,"[BLISSFUL BRIDES EXCLUSIVE]
Your favourite deal is back! A photo booth is a fun and engaging activity to keep your guests entertained and freeze those moments for a lifetime! Purchase a 2-Hour Photo booth service from 60 shutter at a limited time offer of
only $399
(U.P. $588)! ⠀
⠀⠀
Earn credit card rewards, attractive prizes and stand a chance to win back your spendings from the $30,000 Grand Draw! Shop now
http://bit.ly/2Sgu2Sm
⠀⠀
*The promotion ends 24 February 2020. Terms and conditions apply.",https://t.me/blissfulbrides/208
blissfulbrides,2020-02-19T02:27:21+00:00,[],"[""http://bit.ly/2wooLjb""]",207,,"⁣
5 Couple Yoga Poses to Strengthen Your Relationship
- ⁣So go ahead, grab your loved one and roll out your mats as we walk you through 5 poses that you can attempt with each other!⠀
⠀
Read more: ⁣
http://bit.ly/2wooLjb",https://t.me/blissfulbrides/207
blissfulbrides,2020-02-18T02:11:28+00:00,[],"[""http://bit.ly/38xSggI""]",206,,"Real Love Lasts: Anecdotes from Wedded Couples
- ⁣No marriage is perfect, but no matter the journey, what’s important is weathering the good and bad times together, being there for each other, and embracing life with your beloved. ⠀
⠀
Read more: ⁣
http://bit.ly/38xSggI",https://t.me/blissfulbrides/206
blissfulbrides,2020-02-17T03:54:01+00:00,[],"[""http://bit.ly/37xCLnF""]",205,,"⁣⁣
Wedding Dress 101: Which Silhouette Type Best Flatters Your Figure
- ⁣In this essential guide, we cover the best bridal silhouettes for each body shape to get you ready and strutting down the aisle in style!  ⠀
Read more:
http://bit.ly/37xCLnF",https://t.me/blissfulbrides/205
blissfulbrides,2020-02-13T02:14:00+00:00,[],"[""https://bit.ly/2UOMUtI""]",204,,"⁣
5 Common Mistakes to Avoid When Choosing a Wedding Gown
- ⁣Here are some common mistakes you should steer clear of when trying on dresses and visiting bridal shops! ⠀
⠀
Read more: ⁣
https://bit.ly/2UOMUtI",https://t.me/blissfulbrides/204
blissfulbrides,2020-02-12T01:48:21+00:00,[],[],203,,"Blissful Brides
pinned a photo",https://t.me/blissfulbrides/203
blissfulbrides,2020-02-12T01:47:52+00:00,[],"[""http://bit.ly/2OKjQ2k""]",202,,"⁣
5 Things to Take Note of When Planning A Destination Wedding
- ⁣If you fancy tying the knot somewhere away from our sunny shores instead, there are a few things that you must consider for a smooth-sailing big day! ⠀
⠀
Read more: ⁣⁣
http://bit.ly/2OKjQ2k",https://t.me/blissfulbrides/202
blissfulbrides,2020-02-11T09:54:26+00:00,[],"[""http://bit.ly/2OGPXjp""]",201,,"Shout out to all soon-to-be married couples!
Your dream wedding can come with a hefty price tag but not with us! Tell us the kind of deals you're looking for in our Seal-the-Deal poll & we'll work with our vendors to turn them into reality.
Read more:
http://bit.ly/2OGPXjp
P.S. Stand a chance to walk away with a $10 Starbucks voucher if you complete the poll!
✨
*T&C apply.",https://t.me/blissfulbrides/201
blissfulbrides,2020-02-10T05:29:13+00:00,[],"[""http://bit.ly/2UDHfXe""]",193,,"⁣
A Guide to Picking Bridal Party Outfits for Your Wedding Day
- ⁣How do you go about choosing flattering outfits that can suit everyone’s preference?⠀
⠀
Read more: ⁣
http://bit.ly/2UDHfXe",https://t.me/blissfulbrides/193
blissfulbrides,2020-02-06T01:24:00+00:00,[],"[""http://bit.ly/2UAbXjI""]",192,,"⁣
A Prep Guide To Your Engagement Photo Shoot
- ⁣Get the most out of the experience by being well-prepared for your pre-wedding photography session! ⠀
⠀
Read more: ⁣⁣
http://bit.ly/2UAbXjI
⠀",https://t.me/blissfulbrides/192
blissfulbrides,2020-02-05T07:08:10+00:00,[],"[""http://bit.ly/3beldAc""]",191,,"⁣4 Tips on How to Get Ready for Your Pre-Wedding Photoshoot
- ⁣It is best to be prepared for your pre-wedding photoshoot so you can make the best out of it and achieve memorable pictures that can last a lifetime! ⠀
⠀
Read more: ⁣
http://bit.ly/3beldAc
⠀",https://t.me/blissfulbrides/191
blissfulbrides,2020-02-03T04:26:34+00:00,[],"[""http://bit.ly/2H0kW69""]",190,,"⁣
A Guide To Choosing Flowers For Your Wedding
- ⁣If you are unsure of how to go about selecting your wedding flowers, read the rest of this guide to find out how!⠀
⠀
Read more: ⁣⁣⁣
http://bit.ly/2H0kW69",https://t.me/blissfulbrides/190
blissfulbrides,2020-01-31T01:32:47+00:00,[],"[""http://bit.ly/2RHOZFz""]",189,,"6 Ways to Make Your Wedding Guests Feel Welcome
- ⁣⁣To make your guests feel special and appreciated, include these special touches to make them feel welcome!⠀
⠀
Read more: ⁣⁣
http://bit.ly/2RHOZFz",https://t.me/blissfulbrides/189
blissfulbrides,2020-01-30T06:30:44+00:00,[],"[""http://bit.ly/2uOtNoj""]",188,,"4 Bridal Boutiques to Get Plus-Sized Gowns in Singapore
- ⁣If you’re a plus-sized bride-to-be and still on the hunt for the dream dress, here are 5 bridal boutiques to consider! ⠀
⠀
Read more:
http://bit.ly/2uOtNoj",https://t.me/blissfulbrides/188
blissfulbrides,2020-01-29T01:49:58+00:00,[],"[""http://bit.ly/38O7wpE""]",187,,"⁣
6 Interesting Greenery Ideas to Use Leaves for Your Wedding
- ⁣Whether you’re planning a rustic or garden wedding, look to these beautiful and versatile leaves – they can be a fun yet elegant addition to your wedding décor ⠀
⠀
⁣Read more:
http://bit.ly/38O7wpE",https://t.me/blissfulbrides/187
blissfulbrides,2020-01-22T05:16:01+00:00,[],"[""http://kiim****ley@outlook.com/"", ""http://chow****ing@gmail.com/"", ""http://ya****95@e.ntu.edu.sg/"", ""http://jessi****ekl@gmail.com/""]",186,,"[WINNER ANNOUNCEMENT]
Congratulations to the following Blissful Brides members for winning these prizes from our BOWS show!
🎉
The Orchard Cafe Buffet Lunch
1.
kiim****ley@outlook.com
Village Hotel Changi Staycation
1.
chow****ing@gmail.com
Regent Singapore Staycation
1.
ya****95@e.ntu.edu.sg
2.
jessi****ekl@gmail.com
We will be contacting you via email for your details. Thank you all for your participation and there’s more to give away in our May show!
Happy Chinese New Year from Blissful Brides
🍊
🍊
🧧",https://t.me/blissfulbrides/186
blissfulbrides,2020-01-20T03:08:21+00:00,[],"[""http://bit.ly/2uhCcQU""]",185,,"⁣
Best Honeymoon Destinations According To Month
- ⁣We’ve got you covered ⁣so you and your partner can go forth and explore a whole new world together! ⠀
⠀
Read more: ⁣
http://bit.ly/2uhCcQU",https://t.me/blissfulbrides/185
blissfulbrides,2020-01-17T03:29:54+00:00,[],"[""http://bei_**@hotmail.com/"", ""http://jingx****64@gmail.com/"", ""http://wu.y*****@dhs.sg/"", ""http://www.facebook.com/blissfulbrides/""]",184,,"[WINNER ANNOUNCEMENT]
Congratulations to the following Blissful Brides members who have won the Fujifilm Instax cameras (worth up to $299). Winners will be contacted via their registered email address by this week.
29 Nov - 9 Dec: Instax SP-2 Instant Photo Printer (worth $249)
bei_**@hotmail.com
10 Dec - 20 Dec: Instax SQ-6 Taylor Swift Edition (worth $299)
jingx****64@gmail.com
21 Dec - 31 Dec: Instax Mini LiPlay (worth $249)
wu.y*****@dhs.sg
Stay tuned to our Telegram and social media for the next Get A Quote giveaway coming up soon! Follow us on Instagram (
@blissfulbridesmag
) and Facebook (
www.facebook.com/blissfulbrides/
) for the latest updates.",https://t.me/blissfulbrides/184
blissfulbrides,2020-01-10T02:23:48+00:00,[],"[""http://bit.ly/39Vowvy""]",183,,"3 Amazing Ways to Maximise a Small Wedding Venue
- ⁣To help you make the most out of your venue, we’ve provided 3 tips on how you can maximise your wedding venue! ⠀
Read more:
http://bit.ly/39Vowvy",https://t.me/blissfulbrides/183
blissfulbrides,2020-01-08T06:06:56+00:00,[],"[""http://bit.ly/301LV9Z""]",182,,"4 Fun Games for an Engaging & Interactive Wedding Reception
- ⁣Here are 4 activities that can not only entertain your guests, but also allow them to learn more about you and your partner! ⠀
⠀
Read more:
http://bit.ly/301LV9Z",https://t.me/blissfulbrides/182
blissfulbrides,2019-12-30T09:07:53+00:00,[],[],181,,,https://t.me/blissfulbrides/181
blissfulbrides,2019-12-30T02:29:51+00:00,[],[],180,,,https://t.me/blissfulbrides/180
blissfulbrides,2019-12-29T11:51:42+00:00,[],"[""http://bit.ly/2tUcW30""]",179,,"⁣
Wedding Inspirations: 5 Reception Table Styling Ideas
- ⁣To make it unforgettable, turn it into an interactive experience with the following ideas to create your very own dream reception table! ⠀
Read more: ⁣
http://bit.ly/2tUcW30",https://t.me/blissfulbrides/179
blissfulbrides,2019-12-28T02:52:25+00:00,[],"[""http://t.me/blissfulbrides""]",178,,"TELEGRAM EXCLUSIVE: Subscribe to Blissful Brides Telegram Channel (
t.me/blissfulbrides
) and redeem exclusive red packets
🧧
from Blissful Brides booth at BOWS!
*Limited to the first 150 redemptions per day.",https://t.me/blissfulbrides/178
blissfulbrides,2019-12-28T02:49:08+00:00,[],"[""http://www.bows.sg/""]",177,,"Have you decided where to hold your wedding?
👰
🤵
Find your dream wedding venue at BOWS, the largest outdoor wedding show in Singapore!
💰
PLUS, stand to win back your spendings from the $50,000 cash rebates draw!
💎
RSVP at
www.bows.sg
for a free goodie bag worth $50 (limited to the first 2000 attendees)",https://t.me/blissfulbrides/177
blissfulbrides,2019-12-26T00:31:17+00:00,[],"[""https://bit.ly/2SnQiKy""]",176,,"⁣6 Do’s and Don’ts of Caring for Your Engagement Ring
- ⁣Here are some insightful tips on how you can keep it looking as good as it was from when you first put it on your finger!
⠀
Read more: ⁣
https://bit.ly/2SnQiKy",https://t.me/blissfulbrides/176
blissfulbrides,2019-12-24T02:08:43+00:00,[],"[""http://bit.ly/2QfuY7p""]",175,,"⁣⁣
4 Tips For An Environmentally-Friendly Wedding
- ⁣Being environmentally friendly is an increasingly important responsibility in the society we live in, ⁣here are some stylish, green alternatives that you and your partner can consider! ⠀
Read more: ⁣⁣⁣
http://bit.ly/2QfuY7p
⠀",https://t.me/blissfulbrides/175
blissfulbrides,2019-12-22T05:32:33+00:00,[],"[""http://bit.ly/2Mlf8a6""]",174,,"⁣
6 Hair Inspirations to Match Every Wedding Dress Style
- ⁣Without further ado, here are some tips for you to look and feel good on your big day! ⠀
⠀
Read more: ⁣
http://bit.ly/2Mlf8a6",https://t.me/blissfulbrides/174
blissfulbrides,2019-12-17T09:45:40+00:00,[],[],173,,"Blissful Brides
pinned a photo",https://t.me/blissfulbrides/173
blissfulbrides,2019-12-17T01:08:55+00:00,[],"[""http://bit.ly/2Y7V6Vs""]",172,,"Plan your dream wedding at Singapore's largest outdoor wedding show, BOWS!
👰
🤵
Spend and stand to win back your spendings from the
$50,000 Cash Rebates Draw
*! Plus, enjoy double chance when you pay via Blissful Pay or American Express
®
True Cashback Card.
💍
Shop with over 60 wedding vendors ranging from established hotels, venues, bridal boutiques, photographers, bridal jewellery and many more!
🎁
Win attractive lucky draw prizes with every purchase
🥂
Pay via Blissful Pay to redeem a Sulwhasoo Snowise Brightening Kit, a chance to win a staycation at Regent Singapore and earn reward points!
BLISSFUL OUTDOOR WEDDING SHOW (BOWS)
📅
3rd - 5th January 2020 (Fri - Sun)
⏰
12pm - 10pm
📍
Beside Rochor MRT Station Exit A, 11 Rochor Canal Rd, Singapore 188505
💑
RSVP at
bit.ly/2Y7V6Vs
to redeem a complimentary goodie bag (worth $50)
*Terms and conditions apply.",https://t.me/blissfulbrides/172
blissfulbrides,2019-12-12T23:37:48+00:00,[],[],171,,"Blissful Brides
pinned a video",https://t.me/blissfulbrides/171
blissfulbrides,2019-12-10T09:14:06+00:00,[],"[""https://bit.ly/349PJ9w""]",170,,"⁣
5 Groovy Tips to Create the Ultimate Wedding Playlist
- ⁣While scouring the internet for 60 songs sounds like a long and arduous process, there are ways to make the experience more fun and meaningful. Here’s how! ⠀
⠀
Read more: ⁣
https://bit.ly/349PJ9w",https://t.me/blissfulbrides/170
blissfulbrides,2019-12-09T01:23:23+00:00,[],"[""http://bit.ly/2sdidll""]",169,,"⁣Royal Wedding Inspiration: 4 Ideas to Create Your Own Grand Wedding
- Add a little ‘majestic’ magic to your special day for you and your significant other to marry like royalty! ⠀
⠀
Read more: ⁣
http://bit.ly/2sdidll",https://t.me/blissfulbrides/169
blissfulbrides,2019-12-07T01:48:10+00:00,[],"[""http://bit.ly/382GCe2""]",168,,"⁣
4 Reasons Why You Should Hire A Wedding Stylist for Your Dream Wedding
- ⁣If you wish for your wedding to look cohesive and pleasing to the eye, or better yet, if you’re having a themed wedding, this is where a wedding stylist comes in handy! ⠀
⠀
Read more: ⁣
http://bit.ly/382GCe2",https://t.me/blissfulbrides/168
blissfulbrides,2019-12-05T09:20:45+00:00,[],"[""http://bit.ly/2DwPoTj""]",167,,"⁣[GIVEAWAY]
⁣Too much to do, too little time? Get connected to over 450 vendors in just one click and stand to win one of these Instax prizes (worth $249 and up) when you 'Get A Quote' with us for your wedding needs. ⠀
⠀
📷
Capture those swoon worthy moments during your wedding, honeymoon or daily happenings! ⠀
⠀
📩
GET A QUOTE NOW
: ⁣
bit.ly/2DwPoTj
⠀
*The contest ends 31 December 2019. Terms and conditions apply. ⠀",https://t.me/blissfulbrides/167
blissfulbrides,2019-12-04T01:12:01+00:00,[],"[""http://bit.ly/2qWxS8F""]",166,,"⁣
5 Interesting Reception Bar Ideas to Wow Your Wedding Guests
- ⁣If you’re looking to serve something unconventional apart from cocktails, check out these interesting reception bar ideas to thrill your guests with! ⠀
⠀
Read more: ⁣
http://bit.ly/2qWxS8F",https://t.me/blissfulbrides/166
blissfulbrides,2019-12-03T07:01:56+00:00,[],"[""http://bit.ly/37Zs0Mv""]",165,,"⁣⁣5 Reasons Why You Should Hire A Wedding Planner
- ⁣Anyone who has gone through the process will tell you that it isn’t easy. ⁣You might be better off investing in a wedding planner in Singapore! ⠀
⠀
Read more:
http://bit.ly/37Zs0Mv",https://t.me/blissfulbrides/165
blissfulbrides,2019-11-29T01:39:53+00:00,[],"[""https://bit.ly/2q4uHLC""]",163,,"Wedding on a Budget: 4 Money Saving Tips for Your Big Day
- To stretch every dollar in your budget, check out these 4 tips below without compromising on style!
Read more:
https://bit.ly/2q4uHLC",https://t.me/blissfulbrides/163
blissfulbrides,2019-11-28T10:10:10+00:00,[],"[""http://bit.ly/2L2iiyU""]",162,,"6 Must-Have Essentials in Your Wedding Emergency Kit
- ⁣To stay ready to handle anything that may come your way, here are 6 must-have essentials in your wedding emergency kit, to be kept by your side at all times! ⠀
⠀
Read more: ⁣
http://bit.ly/2L2iiyU",https://t.me/blissfulbrides/162
blissfulbrides,2019-11-26T01:30:04+00:00,[],"[""https://bit.ly/34hmcvD""]",161,,"14 Common Chinese Wedding Etiquette Questions & Answers
- To help you get a better understanding of what exactly it is that you need to do before and during the wedding ceremony!
Read more:
https://bit.ly/34hmcvD",https://t.me/blissfulbrides/161
blissfulbrides,2019-11-25T03:39:35+00:00,[],"[""https://bit.ly/2OjbZcp""]",160,,"Red Packet Rates 2019 & 2020: How Much To Give When You Attend A Wedding
- We’ve gone ahead and calculated the estimated wedding angbao rates for you!
Read more:
https://bit.ly/2OjbZcp",https://t.me/blissfulbrides/160
blissfulbrides,2019-11-24T03:22:59+00:00,[],"[""https://bit.ly/2Oyvkp1""]",159,,"⁣
Wedding Gown Rental 101
: All You Need to Know & More - ⁣A simple guide to help you through the process!
Read more: ⁣
https://bit.ly/2Oyvkp1",https://t.me/blissfulbrides/159
blissfulbrides,2019-11-22T03:53:30+00:00,[],"[""https://bit.ly/37rinpx""]",158,,"Join us at the
“Gen Z” wedding project seminar
, a one stop solution for your wedding needs! Planning a wedding can be a stressful event. Sit back, relax and leave the worries to the experts -
Z Wedding Design & Chris Ling International
23 & 24 November 2019, 2-4pm (by appointment only)
RSVP here to confirm your attendance!
https://bit.ly/37rinpx",https://t.me/blissfulbrides/158
blissfulbrides,2019-11-22T02:18:53+00:00,[],"[""https://bit.ly/2reDYRz""]",157,,"⁣
5 Ways to Keep the Spark Alive While Planning Your Wedding
- Don't forget about the passion that brought you together in the first place!
Read more:
https://bit.ly/2reDYRz",https://t.me/blissfulbrides/157
blissfulbrides,2019-11-20T14:42:35+00:00,[],"[""http://yvon*****15@gmail.com/"", ""http://sarah*********wu@gmail.com/"", ""http://kou*****87@gmail.com/"", ""http://suren.*******@live.com.sg/"", ""http://mis****x@gmail.com/"", ""http://xiao_*****@hotmail.com/"", ""http://daisy.*******@gmail.com/"", ""http://hu_jas****@hotmail.com/"", ""http://Kri*****yt@gmail.com/"", ""http://char*****ning@gmail.com/"", ""http://www.facebook.com/blissfulbrides/""]",155,,"[WINNER ANNOUNCEMENT]
Congratulations to the following Blissful Brides members who have won a YSL Lipstick (worth up to $54). Winners will be contacted via their registered email address by this week.
1.
yvon*****15@gmail.com
2.
sarah*********wu@gmail.com
3.
kou*****87@gmail.com
4.
suren.*******@live.com.sg
5.
mis****x@gmail.com
6.
xiao_*****@hotmail.com
7.
daisy.*******@gmail.com
8.
hu_jas****@hotmail.com
9.
Kri*****yt@gmail.com
10.
char*****ning@gmail.com
Stay tuned to our Telegram and social media for the next Get A Quote giveaway coming up soon! Follow us on Instagram (
@blissfulbridesmag
) and Facebook (
www.facebook.com/blissfulbrides/
) for the latest updates.",https://t.me/blissfulbrides/155
blissfulbrides,2019-11-20T01:01:19+00:00,[],"[""http://bit.ly/34wKYHN""]",153,,"5 Heartfelt Bridesmaids Gifts to Thank Your Friends With
- These bridesmaids gifts are so sweet, you probably want one for yourself too!
Read more:
http://bit.ly/34wKYHN",https://t.me/blissfulbrides/153
blissfulbrides,2019-11-19T00:59:24+00:00,[],"[""http://bit.ly/36AA6KK""]",152,,"Styling On Your Big Day
: 6 Tips For Choosing Wedding Shoes - You’ll be up on your feet all day, so it’s best to choose your shoes wisely!
Read more:
http://bit.ly/36AA6KK",https://t.me/blissfulbrides/152
blissfulbrides,2019-11-17T06:11:38+00:00,[],"[""http://bit.ly/2WNA0uJ""]",151,,"5 Unique Wedding Favour Gift Ideas
- Read this if you’re looking for interesting wedding favours to really show your appreciation for your friends and family!
Read more:
http://bit.ly/2WNA0uJ",https://t.me/blissfulbrides/151
blissfulbrides,2019-11-15T09:00:46+00:00,[],"[""http://bit.ly/2NXxsX9""]",150,,"Night Before Wedding: 5 Ways To Handle Pre-Wedding Jitters
- Try out our tips to keep your nervousness at bay!
Read more:
http://bit.ly/2NXxsX9",https://t.me/blissfulbrides/150
blissfulbrides,2019-11-15T04:15:42+00:00,[],[],149,,"Blissful Brides
pinned a photo",https://t.me/blissfulbrides/149
blissfulbrides,2019-11-15T04:15:40+00:00,[],"[""http://bit.ly/33QFho3""]",148,,"[EVENT]
Not sure what you should do when you walk down the aisle on your big day? Confused about the entire wedding planning process? Head down to
Elite Trunk Show by Z Wedding Design tomorrow, 16 Nov from 1 -8pm
to hear what the experienced professionals have to share!
Read more:
http://bit.ly/33QFho3",https://t.me/blissfulbrides/148
blissfulbrides,2019-11-14T02:39:27+00:00,[],"[""http://bit.ly/2oNcv8u""]",147,,"6 Bridesmaid Proposal Gift Ideas to Pop The Question to Your Friend
- Wonderful ways to welcome your friends to the bride tribe!
Read more:
http://bit.ly/2oNcv8u",https://t.me/blissfulbrides/147
blissfulbrides,2019-11-12T12:09:28+00:00,[],"[""http://bit.ly/2NjnRuv""]",146,,"5 Dates To Avoid When Holding A Wedding In Singapore
- We help you navigate Singapore’s national calendar to avoid a lacklustre turnout at your wedding.
Read more:
http://bit.ly/2NjnRuv",https://t.me/blissfulbrides/146
blissfulbrides,2019-11-11T10:55:58+00:00,[],"[""http://bit.ly/32i7H92""]",145,,"11 Common Wedding Etiquette Questions Answered
- Can my guy friend be a part of my bridal party? Can I get married without a wedding gown? We answer all your burning questions.
Read more:
http://bit.ly/32i7H92",https://t.me/blissfulbrides/145
blissfulbrides,2019-11-11T02:23:37+00:00,[],"[""http://bit.ly/2rhKabr""]",144,,"We're celebrating 11.11 with some special deals!
Lovingly curated together with our Premium Vendors,
enjoy up to 30% off wedding essentials like a photobooth, flower bar, live coffee cart and Guo Da Li items
.
11 lucky couples who make a purchase between 6th - 13th Nov will also win additional prizes like staycations, F&B vouchers, and more!
Shop here now:
http://bit.ly/2rhKabr",https://t.me/blissfulbrides/144
blissfulbrides,2019-11-11T02:23:23+00:00,[],[],143,,,https://t.me/blissfulbrides/143
blissfulbrides,2019-11-07T08:21:02+00:00,[],"[""http://bit.ly/2rhKabr""]",142,,"[11.11 EXCLUSIVE]
From 6th - 13th Nov, get 60 shutter's photobooth package at just
$399
(U.P $588)!
📸
Photobooth Package includes:
1) 2-Hour Service
2) Options of 3 print-out sizes (4R / Wallet / Filmstrips)
3) Unlimited instant photo quality
4) Choice of standard backdrop and props
5) 3 meter full width backdrop
6) Customize photographic design and message
7) High resolution / High speed dye sublimation printer
8) Fully automated photo booth
9) Return of all high resolution photo
Shop now:
http://bit.ly/2rhKabr",https://t.me/blissfulbrides/142
blissfulbrides,2019-11-06T10:09:49+00:00,[],"[""http://bit.ly/2CgfF7R""]",141,,"6 Places to Get Beautiful Wooden Wedding Signages in Singapore
- The wedding of your dreams doesn’t always have to cost an arm and a leg.
Read more:
http://bit.ly/2CgfF7R",https://t.me/blissfulbrides/141
blissfulbrides,2019-11-04T09:48:27+00:00,[],"[""http://bit.ly/2p8yir0""]",140,,"9 Must-Know Malay Wedding Traditions in Singapore
- What goes on during a Malay wedding in Singapore? Read to find out!
Read more:
http://bit.ly/2p8yir0",https://t.me/blissfulbrides/140
blissfulbrides,2019-11-03T10:52:13+00:00,[],"[""http://bit.ly/2mMKYD8""]",139,,"6 Winter Wedding Inspirations for an Enchanting Big Day in Singapore
- Add some winter magic to your special day!
Read more:
http://bit.ly/2mMKYD8",https://t.me/blissfulbrides/139
blissfulbrides,2019-11-01T10:56:40+00:00,[],"[""http://bit.ly/35TtAOR""]",138,,"How To Decide The Guestlist For Your Wedding?
- Deciding the guestlist for your wedding is important, but deciding who makes the cut may not always be easy.
Read more:
http://bit.ly/35TtAOR",https://t.me/blissfulbrides/138
blissfulbrides,2019-10-31T10:21:53+00:00,[],"[""http://bit.ly/2pKPHWY""]",137,,"4 Tips For An Environmentally-Friendly Wedding
- Not only can a greener wedding help the environment, but they can look stunning as well.
Read more:
http://bit.ly/2pKPHWY",https://t.me/blissfulbrides/137
blissfulbrides,2019-10-29T10:24:27+00:00,[],"[""http://bit.ly/2W20Zm1""]",136,,"Pre-Wedding Nutrition Guide to Look & Feel Good on Your Big Day
- 7 nutrition tips on how to get that healthy, natural glow for your big day!
Read more:
http://bit.ly/2W20Zm1",https://t.me/blissfulbrides/136
blissfulbrides,2019-10-29T04:32:10+00:00,[],"[""http://bit.ly/2Muj9tJ""]",135,,"[BLISSFUL BRIDES EXCLUSIVE] LAST 2 DAYS!
A photo booth is always a fun way to capture memories of your big day and entertain your guests! Enjoy a limited time offer of
$399 for a 2-Hour Photobooth service from 60 Shutter
(U.P. $588) and one lucky couple will stand to win the package for free!
Besides earning reward points, stand a chance to win back your spendings from the $30,000 Grand Draw! Shop now at
http://bit.ly/2Muj9tJ
!
*The promotion ends 31 October 2019. Terms and conditions apply.",https://t.me/blissfulbrides/135
blissfulbrides,2019-10-27T06:51:50+00:00,[],"[""http://bit.ly/33QQLaH""]",134,,"Red or White? How To Choose The Perfect Wine For Your Wedding
- Sweet or acidic? Basic tips for wine selection for your wedding.
Read more:
http://bit.ly/33QQLaH",https://t.me/blissfulbrides/134
blissfulbrides,2019-10-26T06:18:42+00:00,[],"[""http://bit.ly/31G8ssh""]",133,,"[EVENT]
In collaboration with
Z Wedding Design
, be treated to previews of their new pre-wedding inspirations, AD photo & videography, alongside upcoming European and in-house gowns that's available for sale/rental this weekend.
Get to know the range of services and producs available and build up the perfect bridal bundle deal for your needs with
prices starting from only $988
,. PLUS,
enjoy cashback up to $100
and stand a chance to
win back your deposit in Blissful Brides' Grand Draw of $30,000!
Event Details:
Date: 26, 27 & 28 October 2019
Time: 1PM, 3PM, 5PM or 7PM (by appointment only)
Location: 33 Tras Street, Singapore 078973
Admission is free!
Interested in being part of the Z Wedding bridal tribe? RSVP here:
http://bit.ly/31G8ssh",https://t.me/blissfulbrides/133
blissfulbrides,2019-10-25T02:42:22+00:00,[],"[""http://bit.ly/31G8ssh""]",132,,"[EVENT]
In collaboration with
Z Wedding Design
, be treated to previews of their new pre-wedding inspirations, AD photo & videography, alongside upcoming European and in-house gowns that's available for sale/rental this weekend.
Get to know the range of services and producs available and build up the perfect bridal bundle deal for your needs with
prices starting from only $988
,. PLUS,
enjoy cashback up to $100
and stand a chance to
win back your deposit in Blissful Brides' Grand Draw of $30,000!
Event Details:
Date: 26, 27 & 28 October 2019
Time: 1PM, 3PM, 5PM or 7PM (by appointment only)
Location: 33 Tras Street, Singapore 078973
Admission is free!
Interested in being part of the Z Wedding bridal tribe? RSVP here:
http://bit.ly/31G8ssh",https://t.me/blissfulbrides/132
blissfulbrides,2019-10-23T23:56:54+00:00,[],"[""http://bit.ly/2qy2753""]",131,,"4 Things to Look out for when Choosing a Wedding Caterer
- Food and decor are two of the most important things at your wedding. Read to learn how to choose a dependable wedding caterer!
Read more:
http://bit.ly/2qy2753",https://t.me/blissfulbrides/131
blissfulbrides,2019-10-23T01:22:19+00:00,[],"[""http://bit.ly/2Muj9tJ""]",130,,"[BLISSFUL BRIDES EXCLUSIVE]
A photo booth is always a fun way to capture memories of your big day and entertain your guests!
Enjoy a limited time offer of $399 for a 2-Hour Photobooth service from 60 Shutter (U.P. $588) and one lucky couple will stand to win the package for free!
Besides earning reward points, stand a chance to win back your spendings from the $30,000 Grand Draw! Shop now at
http://bit.ly/2Muj9tJ
!
*The promotion ends 31 October 2019. Terms and conditions apply.",https://t.me/blissfulbrides/130
blissfulbrides,2019-10-22T10:12:53+00:00,[],"[""http://bit.ly/2qy2wo5""]",129,,"How To Choose The Best Wedding Hairstyle For Your Face Shape
- Bridal hairstyles for every face shape (of you)!
Read more:
http://bit.ly/2qy2wo5",https://t.me/blissfulbrides/129
blissfulbrides,2019-10-22T01:29:57+00:00,[],[],128,,"[WINNER ANNOUNCEMENT] Congratulations Priscilla Chin
, for winning a 2D1N Weekend Staycation at Village Hotel Changi Deluxe Room with Breakfast for Two! We will be contacting you shortly with more information on how to redeem your prize
🎉
🎁",https://t.me/blissfulbrides/128
blissfulbrides,2019-10-21T13:16:36+00:00,[],"[""http://bit.ly/2ovIuth""]",127,,"6 Interesting Ways to Add Potted Plants to Your Wedding
- Add a refreshing touch to your wedding decor with potted plants!
Read more:
http://bit.ly/2ovIuth",https://t.me/blissfulbrides/127
blissfulbrides,2019-10-21T01:22:56+00:00,[],"[""http://bit.ly/2Muj9tJ""]",126,,"[BLISSFUL BRIDES EXCLUSIVE]
A photo booth is always a fun way to capture memories of your big day and entertain your guests!
Enjoy a limited time offer of $399 for a 2-Hour Photobooth service from 60 Shutter (U.P. $588) and one lucky couple will stand to win the package for free!
Besides earning reward points, stand a chance to win back your spendings from the $30,000 Grand Draw! Shop now at
http://bit.ly/2Muj9tJ
!
*The promotion ends 31 October 2019. Terms and conditions apply.",https://t.me/blissfulbrides/126
blissfulbrides,2019-10-19T08:42:19+00:00,[],"[""http://bit.ly/2nMv78f""]",125,,"5 Unique Guest Book Ideas for Your Wedding
- Get your guests to pen their wishes on a globe and more!
Read more:
http://bit.ly/2nMv78f",https://t.me/blissfulbrides/125
blissfulbrides,2019-10-18T10:39:14+00:00,[],"[""http://bit.ly/2oumxe5""]",124,,"5 Gorgeous Wedding Backdrops to DIY & Frame Your Love
- Use sheer, flowy fabrics for an ethereal vibe or chalkboards for your guests to pen personalised messages!
Read more:
http://bit.ly/2oumxe5",https://t.me/blissfulbrides/124
blissfulbrides,2019-10-18T00:23:21+00:00,[],[],123,,"Thank YOU for making BOWS a success last weekend! Check your email and complete a short survey to let us know how we can improve for a chance to
win a 2D1N staycation at Amara Singapore!
🎉",https://t.me/blissfulbrides/123
blissfulbrides,2019-10-17T12:30:37+00:00,[],"[""http://bit.ly/2phOmab""]",122,,"6 Do’s and Don’ts of Caring for Your Engagement Ring
- They say that diamonds are forever… only if you follow our guide on how to preserve its sparkle!
Read more:
http://bit.ly/2phOmab",https://t.me/blissfulbrides/122
blissfulbrides,2019-10-14T05:39:32+00:00,[],"[""http://bit.ly/2mPJcRM""]",119,,"Wedding Traditions: What To Keep & How To Make It Your Own
- We share with you which tradition is worth keeping and how to incorporate it into your modern celebration.
Read more:
http://bit.ly/2mPJcRM",https://t.me/blissfulbrides/119
blissfulbrides,2019-10-12T15:48:00+00:00,[],"[""http://bit.ly/bows-telegram"", ""http://bit.ly/2LLwKgH""]",118,,"Through The Years: Teochew Wedding Traditions in Singapore
- Teochew and saying ‘I do’? Check these wedding customs out!
Alternatively, head down to
Blissful Outdoor Wedding Show (BOWS)
this weekend (11-13 October, 12-10pm) and visit our Chinese Wedding Gallery! Plus redeem a FREE Chinese Wedding Traditions Guide Book to ease your wedding planning journey!
Admission is free, so RSVP now at
bit.ly/bows-telegram
to redeem a complimentary goodie bag* (worth $50)!
Read more:
http://bit.ly/2LLwKgH",https://t.me/blissfulbrides/118
blissfulbrides,2019-10-12T02:48:04+00:00,[],"[""http://bit.ly/bows-telegram""]",117,,"[HAPPENING TODAY]
🧧
Join us for the
""Know Your Chinese Wedding Traditions"" seminar on 12th Oct (Sat), 1PM
to find out everything you need to know for Guo Da Li, Dowry, Bed Setting and more!
⁣
Blissful Outdoor Wedding Show ⁣⁣⁣
📅
: 11th - 13th October ⁣⁣⁣
⏰
: 12pm - 10pm ⁣⁣⁣
📍
: 170 River Valley Road, Fort Canning MRT Exit A (beside Liang Court)⁣⁣⁣
💝
: RSVP for a free goodie bag worth $50 ⁣-
bit.ly/bows-telegram
⁣
*T&C apply. Limited copies of guidebook available for redemption at Blissful Brides booth, while stocks last.",https://t.me/blissfulbrides/117
blissfulbrides,2019-10-12T02:45:35+00:00,[],"[""http://bit.ly/bows-telegram"", ""http://www.bows.sg/""]",116,,"[EVENT] It’s DAY2 of BOWS!
Here is your chance to shop for all your wedding needs at
Singapore’s largest outdoor wedding show with over 70 wedding vendors
this time from luxurious hotels and venues, bridal boutiques, wedding essentials, and many more.
✨
Everyone’s entitled to:
✨
• A chance to win up to $50,000 worth of cash rebates*
• Attractive lucky draw prizes with every purchase
• Enriching marriage seminars by industry professionals
Admission is free, so RSVP now at
bit.ly/bows-telegram
to redeem a complimentary goodie bag* (worth $50)!
📍
: 170 River Valley Road, Fort Canning MRT Exit A (beside Liang Court)
📅
: 11 - 13 October 2019 (Friday - Sunday)
⏰
: 12PM - 10PM
*T&Cs apply, visit
www.bows.sg
for more information
See you there!",https://t.me/blissfulbrides/116
blissfulbrides,2019-10-11T07:45:06+00:00,[],"[""http://bit.ly/bows-telegram""]",115,,"Enjoy up to $130 off Fujifilm's Instax smartphoto printers and instant cameras at BOWS this weekend!
Visit Fujifilm X Singapore at booth K1!
BLISSFUL OUTDOOR WEDDING SHOW
📅
11th - 13th October 2019
⏰
12pm - 10pm
📍
Fort Canning MRT Exit A (beside Liang Court)
💌
RSVP at
bit.ly/bows-telegram
for a free goody bag (worth $50)",https://t.me/blissfulbrides/115
blissfulbrides,2019-10-09T11:51:47+00:00,[],"[""http://bit.ly/bows-telegram"", ""http://www.bows.sg/""]",114,,"[EVENT]
Now’s the chance to shop for all your wedding needs at
Singapore’s largest outdoor wedding show! BOWS is back with over 70 wedding vendors
this time from luxurious hotels and venues, bridal boutiques, wedding essentials, and many more.
✨
Everyone’s entitled to:
✨
• A chance to win up to $50,000 worth of cash rebates*
• Attractive lucky draw prizes with every purchase
• Enriching marriage seminars by industry professionals
Admission is free, so
RSVP now at
bit.ly/bows-telegram
to redeem a complimentary goodie bag* (worth $50)!
📍
: 170 River Valley Road, Fort Canning MRT Exit A (beside Liang Court)
📅
: 11 - 13 October 2019 (Friday - Sunday)
⏰
: 12PM - 10PM
*T&Cs apply, visit
www.bows.sg
for more information",https://t.me/blissfulbrides/114
blissfulbrides,2019-10-08T11:47:10+00:00,[],"[""http://bit.ly/bows-telegram""]",113,,"RSVP & REDEEM a
free copy of our latest Chinese Wedding Traditions Guidebook at BOWS
from 11 - 13 October! Available in 4 versions - Hokkien, Teochew, Cantonese/Hakka, and Hainan. RSVP now at
bit.ly/bows-telegram
⁣
🧧
Join us for the
""Know Your Chinese Wedding Traditions"" seminar on 12th Oct (Sat), 1PM
to find out everything you need to know for Guo Da Li, Dowry, Bed Setting and more!
⁣
Blissful Outdoor Wedding Show ⁣⁣⁣
📅
: 11th - 13th October ⁣⁣⁣
⏰
: 12pm - 10pm ⁣⁣⁣
📍
: 170 River Valley Road, Fort Canning MRT Exit A (beside Liang Court)⁣⁣⁣
💝
: RSVP for a free goodie bag worth $50 ⁣
⁣
*T&C apply. Limited copies of guidebook available for redemption at Blissful Brides booth, while stocks last.",https://t.me/blissfulbrides/113
blissfulbrides,2019-10-08T00:15:02+00:00,[],"[""http://bit.ly/2phKPbV""]",112,,"4 Eco-Friendly Wedding Caterers That Would Wow Your Guests
- Read for eco-friendly and tastebuds-friendly wedding caterers!
Read more:
http://bit.ly/2phKPbV",https://t.me/blissfulbrides/112
blissfulbrides,2019-10-07T12:25:03+00:00,[],[],111,,"Blissful Brides
pinned a photo",https://t.me/blissfulbrides/111
blissfulbrides,2019-10-07T12:24:57+00:00,[],[],110,,"Blissful Brides
pinned a photo",https://t.me/blissfulbrides/110
blissfulbrides,2019-10-07T12:23:19+00:00,[],"[""http://bit.ly/bows-telegram"", ""http://bit.ly/2LLwKgH""]",109,,"Through The Years: Teochew Wedding Traditions in Singapore
- Teochew and saying ‘I do’? Check these wedding customs out!
Alternatively, head down to
Blissful Outdoor Wedding Show (BOWS)
this weekend (11-13 October, 12-10pm) and visit our Chinese Wedding Gallery! Plus redeem a FREE Chinese Wedding Traditions Guide Book to ease your wedding planning journey!
Admission is free, so RSVP now at
bit.ly/bows-telegram
to redeem a complimentary goodie bag* (worth $50)!
Read more:
http://bit.ly/2LLwKgH",https://t.me/blissfulbrides/109
blissfulbrides,2019-10-07T09:47:39+00:00,[],"[""http://bit.ly/33aNoey""]",108,,"Planning for your wedding? Don't miss out on the Blissful Brides exclusive deals from 7 - 10 Oct!
Check out the
Actual Day Photography packages at a promotional rate of $1500
(worth up to $2288)
📸
Be the first 5 couples to place your booking to redeem a complimentary pair of hotel buffet vouchers! Find out more here:
http://bit.ly/33aNoey",https://t.me/blissfulbrides/108
blissfulbrides,2019-10-05T13:33:20+00:00,[],"[""http://bit.ly/bows-telegram"", ""http://www.bows.sg/""]",105,,"[EVENT]
Now’s the chance to shop for all your wedding needs at
Singapore’s largest outdoor wedding show! BOWS is back with over 70 wedding vendors
this time from luxurious hotels and venues, bridal boutiques, wedding essentials, and many more.
✨
Everyone’s entitled to:
✨
• A chance to win up to $50,000 worth of cash rebates*
• Attractive lucky draw prizes with every purchase
• Enriching marriage seminars by industry professionals
Admission is free, so
RSVP now at
bit.ly/bows-telegram
to redeem a complimentary goodie bag* (worth $50)!
📍
: 170 River Valley Road, Fort Canning MRT Exit A (beside Liang Court)
📅
: 11 - 13 October 2019 (Friday - Sunday)
⏰
: 12PM - 10PM
*T&Cs apply, visit
www.bows.sg
for more information",https://t.me/blissfulbrides/105
blissfulbrides,2019-10-04T10:40:47+00:00,[],"[""http://bit.ly/2osUtYU""]",104,,"It’s In The Details: Unique Wedding Place Card Ideas -
Don’t overlook this tiny yet extremely personal and intimate detail of your wedding!
Read more:
http://bit.ly/2osUtYU",https://t.me/blissfulbrides/104
blissfulbrides,2019-10-03T10:39:24+00:00,[],"[""http://bit.ly/2nJBJEm""]",103,,"The Essential Checklist for an Unforgettable Outdoor Wedding
- The must-have checklist for those who wish to have an outdoor wedding!
Read more:
http://bit.ly/2nJBJEm",https://t.me/blissfulbrides/103
blissfulbrides,2019-10-02T10:25:13+00:00,[],"[""http://bit.ly/2nMx5p9""]",102,,"Wedding SOS: 6 Emergencies That Brides Should Prepare For On Your Wedding Day
- Better bookmark this for quick fixes for wedding day emergencies!
Read more:
http://bit.ly/2nMx5p9",https://t.me/blissfulbrides/102
blissfulbrides,2019-10-01T11:39:26+00:00,[],"[""http://bit.ly/bows-telegram"", ""http://www.bows.sg/""]",101,,"[EVENT]
Now’s the chance to shop for all your wedding needs at
Singapore’s largest outdoor wedding show! BOWS is back with over 70 wedding vendors
this time from luxurious hotels and venues, bridal boutiques, wedding essentials, and many more.
✨
Everyone’s entitled to:
✨
• A chance to win up to $50,000 worth of cash rebates*
• Attractive lucky draw prizes with every purchase
• Enriching marriage seminars by industry professionals
Admission is free, so
RSVP now at
bit.ly/bows-telegram
to redeem a complimentary goodie bag* (worth $50)!
📍
: 170 River Valley Road, Fort Canning MRT Exit A (beside Liang Court)
📅
: 11 - 13 October 2019 (Friday - Sunday)
⏰
: 12PM - 10PM
*T&Cs apply, visit
www.bows.sg
for more information",https://t.me/blissfulbrides/101
blissfulbrides,2019-10-01T07:06:00+00:00,[],"[""http://bit.ly/2o32gwg""]",100,,"BOWS EXCLUSIVE:
Flash this post to redeem a $100 cash voucher* from Rio Diamonds (Booth M1) at BOWS!
💍
Browse over 70⁣ designs of wedding bands and exclusive deals only at BOWS!
⁣
PLUS, don't miss the special giveaway of a pair of wedding bands to one lucky couple!
👰
🤵
Visit Rio Diamond's booth to find out more.
http://bit.ly/2o32gwg",https://t.me/blissfulbrides/100
blissfulbrides,2019-10-01T00:20:38+00:00,[],"[""http://bit.ly/2kpMmKW""]",99,,"Hair Accessories Guide: Magical Pairings for Every Bride’s Hairdo
- Here’s how to complete your wedding look with ravishing hair accessories!
Read more:
http://bit.ly/2kpMmKW",https://t.me/blissfulbrides/99
blissfulbrides,2019-09-28T09:08:03+00:00,[],"[""http://bit.ly/BBPGQuiz""]",98,,"Not sure which wedding photography style to should go for?
📸
Take our quiz at
bit.ly/BBPGQuiz
to find out now!",https://t.me/blissfulbrides/98
blissfulbrides,2019-09-27T10:53:38+00:00,[],"[""http://bit.ly/2kE5yVu""]",97,,"5 Creative Ways To Deal With Old Wedding Gowns
: Turn your wedding gown into a keepsake bear now that your wedding’s over!
Read more:
http://bit.ly/2kE5yVu",https://t.me/blissfulbrides/97
blissfulbrides,2019-09-24T02:30:18+00:00,[],"[""http://bit.ly/2lXA8cY""]",96,,"Wedding Dress 101: Which Silhouette Type Best Flatters Your Figure
- Every bride wants to dress to impress at her wedding – learn how to flatter your figure and score the perfect wedding gown in this essential guide!
Read more:
http://bit.ly/2lXA8cY",https://t.me/blissfulbrides/96
blissfulbrides,2019-09-21T02:32:49+00:00,[],"[""http://bit.ly/BBPGQuiz""]",95,,"Not sure which wedding photography style to should go for?
📸
Take our quiz at
bit.ly/BBPGQuiz
to find out now!",https://t.me/blissfulbrides/95
blissfulbrides,2019-09-18T12:54:02+00:00,[],"[""http://bit.ly/2lTpmnS""]",94,,"Wedding Paintings Are The New Must-Have Wedding Reception Decor For Artsy Couples
- Add a touch of luxury to your wedding reception! Read till the end for an exclusive reader’s discount.
Read more:
http://bit.ly/2lTpmnS",https://t.me/blissfulbrides/94
blissfulbrides,2019-09-18T00:17:35+00:00,[],"[""http://bit.ly/2Muj9tJ""]",93,,"BACK BY POPULAR DEMAND!
💖
Exclusive to Blissful Brides' followers only, grab the
2-hour Photobooth with unlimited prints by 60 shutter at only $399
(U.P. $588) to capture moments that last a lifetime!
📸
Promotion ends 30 September. Click here for more details:
http://bit.ly/2Muj9tJ",https://t.me/blissfulbrides/93
blissfulbrides,2019-09-17T11:36:26+00:00,[],"[""http://bit.ly/2kNuxWf""]",92,,"A Guide To Getting Married in Singapore: What You Need to Register Your Marriage
- Ever wondered what’s needed for your ROM? Read to find out!
Read more:
http://bit.ly/2kNuxWf",https://t.me/blissfulbrides/92
blissfulbrides,2019-09-15T13:32:21+00:00,[],"[""http://bit.ly/bows-telegram"", ""http://www.bows.sg/""]",90,,"[EVENT]
Now’s the chance to shop for all your wedding needs at
Singapore’s largest outdoor wedding show! BOWS is back with over 70 wedding vendors
this time from luxurious hotels and venues, bridal boutiques, wedding essentials, and many more.
✨
Everyone’s entitled to:
✨
• A chance to win up to $50,000 worth of cash rebates*
• Attractive lucky draw prizes with every purchase
• Enriching marriage seminars by industry professionals
Admission is free, so
RSVP now at
bit.ly/bows-telegram
to redeem a complimentary goodie bag* (worth $50)!
📍
: 170 River Valley Road, Fort Canning MRT Exit A (beside Liang Court)
📅
: 11 - 13 October 2019 (Friday - Sunday)
⏰
: 12PM - 10PM
*T&Cs apply, visit
www.bows.sg
for more information",https://t.me/blissfulbrides/90
blissfulbrides,2019-09-14T04:26:51+00:00,[],"[""http://bit.ly/2lLuDxW""]",89,,"Weddings of the World: 7 Unique Traditions From Different Cultures
- In Congo, brides and grooms used to be forbidden to smile during their wedding.
Read more:
http://bit.ly/2lLuDxW",https://t.me/blissfulbrides/89
blissfulbrides,2019-09-13T10:47:42+00:00,[],"[""http://bit.ly/2kEenyf""]",88,,"Get Inspired: Unique & Creative Wedding Photoshoot Ideas
- Read to get the best wedding photos!
Read more:
http://bit.ly/2kEenyf",https://t.me/blissfulbrides/88
blissfulbrides,2019-09-12T01:22:51+00:00,[],"[""http://bit.ly/bows-telegram"", ""http://www.bows.sg/""]",87,,"[EVENT]
Now’s the chance to shop for all your wedding needs at
Singapore’s largest outdoor wedding show! BOWS is back with over 70 wedding vendors
this time from luxurious hotels and venues, bridal boutiques, wedding essentials, and many more.
✨
Everyone’s entitled to:
✨
• A chance to win up to $50,000 worth of cash rebates*
• Attractive lucky draw prizes with every purchase
• Enriching marriage seminars by industry professionals
Admission is free, so
RSVP now at
bit.ly/bows-telegram
to redeem a complimentary goodie bag* (worth $50)!
📍
: 170 River Valley Road, Fort Canning MRT Exit A (beside Liang Court)
📅
: 11 - 13 October 2019 (Friday - Sunday)
⏰
: 12PM - 10PM
*T&Cs apply, visit
www.bows.sg
for more information",https://t.me/blissfulbrides/87
blissfulbrides,2019-09-11T08:35:19+00:00,[],"[""http://bit.ly/2lzQYyl""]",86,,"[EVENT]
Join the
Novotel Singapore on Stevens
' Wedding Show on
14 Sept 2019, 12 - 5pm at the Polaris Ballroom
and stand a chance to win $5,000 rebate off your wedding banquet and staycations!
The upcoming wedding show will feature the launch of a new wedding theme, that will be revealed on the day itself. Additionally, food sampling of authentic chinese banquet by award-winning chefs will be made available for the attendees.
Admission is free when you register here:
http://bit.ly/2lzQYyl
✨",https://t.me/blissfulbrides/86
blissfulbrides,2019-09-10T08:41:29+00:00,[],"[""http://bit.ly/2jYdY9D""]",85,,"5 Vital Tips To Stay Stress-Free During Wedding Planning
-  Bridezilla, who?
Read more:
http://bit.ly/2jYdY9D",https://t.me/blissfulbrides/85
blissfulbrides,2019-09-07T05:55:35+00:00,[],"[""http://bit.ly/BBfujifilm""]",84,,"[GIVEAWAY] Getting married soon? Here's a brand new way to capture the precious moments - with instax films that contain audio recordings!
To
win a Fujifilm instax mini LiPlay (worth $249)
, simply head over to our Instagram here -
http://bit.ly/BBfujifilm
to find out how!
The contest will run from 26th August - 9th September and 3 selected winners will be notified accordingly.",https://t.me/blissfulbrides/84
blissfulbrides,2019-09-06T13:35:25+00:00,[],"[""http://bit.ly/2khdWdm""]",83,,"4 Fun & Affordable Wedding Entertainment Ideas for All Wedding Venues
- Your guests will surely have a blast at your wedding!
Read more:
http://bit.ly/2khdWdm",https://t.me/blissfulbrides/83
blissfulbrides,2019-09-04T11:38:02+00:00,[],"[""http://bit.ly/YSLGetAQuote""]",82,,"Stand a chance to win a
YSL Beauty Box (worth over $200)
when you “Get A Quote” from us for your wedding needs!
💄
Simply submit your quotation request for wedding services in the form below from now till 30 September 2019, 11:59PM to enter the draw. Be spoilt for choices with over 450 wedding vendors to choose from!
💌
Get a quote now:
bit.ly/YSLGetAQuote
5 winners will be announced on this channel and notified via their registered email addresses. Good luck!",https://t.me/blissfulbrides/82
blissfulbrides,2019-09-03T12:52:43+00:00,[],"[""http://bit.ly/349UuRG""]",81,,"Yay or Nay? The Pros & Cons of Cruise Weddings
- A honeymoon and wedding all-in-one minus the privacy? Take a look at our list to make the right choice for your big day!
Read more:
http://bit.ly/349UuRG",https://t.me/blissfulbrides/81
blissfulbrides,2019-09-02T10:55:42+00:00,[],"[""http://bit.ly/2ZAudID""]",80,,"Wedding Hacks: How to Beat Wedding Day Nerves
- Stay calm, cool and collected on your wedding day!
Read more:
http://bit.ly/2ZAudID",https://t.me/blissfulbrides/80
blissfulbrides,2019-09-01T03:40:36+00:00,[],"[""http://bit.ly/2LbrUYR""]",79,,"Top 10 Wedding Photographers for Casual Pre-Wedding & Engagement Shoots
- Read to find out which of these 10 visual storytellers best suits you!
Read more:
http://bit.ly/2LbrUYR",https://t.me/blissfulbrides/79
blissfulbrides,2019-08-31T03:33:04+00:00,[],"[""http://bit.ly/YSLGetAQuote""]",78,,"Stand a chance to win a
YSL Beauty Box (worth over $200)
when you “Get A Quote” from us for your wedding needs!
💄
Simply submit your quotation request for wedding services in the form below from now till 30 September 2019, 11:59PM to enter the draw. Be spoilt for choices with over 450 wedding vendors to choose from!
💌
Get a quote now:
bit.ly/YSLGetAQuote
5 winners will be announced on this channel and notified via their registered email addresses. Good luck!",https://t.me/blissfulbrides/78
blissfulbrides,2019-08-29T01:29:55+00:00,[],[],76,,"⁣[GIVEAWAY]
Cleansing properly is the first step to achieving flawless skin. Level up your skincare routine with
$50 worth of Bifesta products + freebies!
⠀
⠀
To stand a chance to win one, simply visit Blissful Brides Magazine on Facebook or
@blissfulbridesmag
on Instagram for more information!
⠀
The giveaway will last from 29th Aug - 12th Sep, and 3 lucky winners will be notified accordingly.",https://t.me/blissfulbrides/76
blissfulbrides,2019-08-28T10:35:03+00:00,[],"[""http://bit.ly/2U7wtGv""]",75,,"Style Guide: Dressing up Bridesmaids to Match the Bride
- Fashion tips for styling you and your bridesmaids’ outfits!
Read more:
http://bit.ly/2U7wtGv",https://t.me/blissfulbrides/75
blissfulbrides,2019-08-27T10:37:13+00:00,[],"[""http://bit.ly/2ZufSl4""]",74,,"7 Green Wedding Venues in Singapore for the Eco-Friendly Couple
- From hotels to restaurants, here are 7 venues to go green with for your wedding!
Read more:
http://bit.ly/2ZufSl4",https://t.me/blissfulbrides/74
blissfulbrides,2019-08-26T11:49:30+00:00,[],"[""http://bit.ly/2ZgKVfZ""]",73,,"Wedding Jewellery: How To Accessorise To Best Compliment Your Dress
- Bring out the best of you and your gown with your bling!
Read more:
http://bit.ly/2ZgKVfZ",https://t.me/blissfulbrides/73
blissfulbrides,2019-08-26T02:39:06+00:00,[],"[""http://bit.ly/BBfujifilm""]",72,,"[GIVEAWAY] Getting married soon? Here's a brand new way to capture the precious moments - with instax films that contain audio recordings!
To
win a Fujifilm instax mini LiPlay (worth $249)
, simply head over to our Instagram here -
http://bit.ly/BBfujifilm
to find out how!
The contest will run from 26th August - 9th September and 3 selected winners will be notified accordingly.",https://t.me/blissfulbrides/72
blissfulbrides,2019-08-25T03:58:56+00:00,[],"[""http://bit.ly/2Nnts3f""]",71,,"6 Hair Inspirations to Match Every Wedding Dress Style
- Hair inspirations for the one-shouldered dress and more!
Read more:
http://bit.ly/2Nnts3f",https://t.me/blissfulbrides/71
blissfulbrides,2019-08-23T10:36:16+00:00,[],"[""http://bit.ly/31UF95t""]",70,,"4 Unique Wedding Decor Ideas That are Easy to Pull Off
- Up the surprise element at your wedding with these decor ideas!
Read more:
http://bit.ly/31UF95t",https://t.me/blissfulbrides/70
blissfulbrides,2019-08-22T10:23:04+00:00,[],"[""http://bit.ly/2MvdBjC""]",69,,"The Do’s and Don’ts of Choosing a Wedding Party
- Crack your dilemma on choosing your wedding party now!
Read more:
http://bit.ly/2MvdBjC",https://t.me/blissfulbrides/69
blissfulbrides,2019-08-22T00:15:39+00:00,[],[],68,,"WINNER ANNOUNCEMENT
🎁
One night staycation at Village Hotel Changi (x 1 winner)
1. Seline Paisely Tan
☕
The Connoisseur Concerto $20 cash voucher (x 10 winners)
1.  Miffy Lim
2. Wan Ting Oink
3. Grayson Wong
4. Chia Simin
5. Daphne Neo
6. Yiyang Chen
7. Jay Tea Teo
8. Serene Bak
9. Shi Min
10. Cheryl Cheong
Congratulations to the follow winners! Kindly send an email to marketing@citrusmedia.com.sg with your Name, Email Address and Residential Address by 23 August 2019.
Prizes will be forfeited if we do not hear from you by the stated date and we will do a second draw for the unclaimed prizes.",https://t.me/blissfulbrides/68
blissfulbrides,2019-08-21T11:08:44+00:00,[],"[""http://bit.ly/2Tptf0o""]",67,,"5 Trending Wedding Bouquet Styles for the Modern Bride
- Pomander, single-stem, cascading, and more – these are the wedding bouquet styles in trend!
Read more:
http://bit.ly/2Tptf0o",https://t.me/blissfulbrides/67
blissfulbrides,2019-08-20T10:22:36+00:00,[],[],66,,"WINNER ANNOUNCEMENT
🎁
One night staycation at Village Hotel Changi (x 1 winner)
1. Seline Paisely Tan
☕
The Connoisseur Concerto $20 cash voucher (x 10 winners)
1.  Miffy Lim
2. Wan Ting Oink
3. Grayson Wong
4. Chia Simin
5. Daphne Neo
6. Yiyang Chen
7. Jay Tea Teo
8. Serene Bak
9. Shi Min
10. Cheryl Cheong
Congratulations to the follow winners! Kindly send an email to marketing@citrusmedia.com.sg with your Name, Email Address and Residential Address by 23 August 2019.
Prizes will be forfeited if we do not hear from you by the stated date and we will do a second draw for the unclaimed prizes.",https://t.me/blissfulbrides/66
blissfulbrides,2019-08-19T10:13:19+00:00,[],"[""http://bit.ly/2ZSUItX""]",65,,"The Ultimate Go-To Wedding Planning Checklist for Brides- and Grooms-to-Be
- The basics of wedding planning for all the newly engaged couples.
Read more:
http://bit.ly/2ZSUItX",https://t.me/blissfulbrides/65
blissfulbrides,2019-08-17T03:36:42+00:00,[],"[""http://bit.ly/2N5iZJw""]",64,,"A Guide to Wedding Flowers: How & Why You Should Incorporate the Fresh Blooms
- From the traditional to quirky, here is how you can use fresh flowers to breathe life into your wedding!
Read more:
http://bit.ly/2N5iZJw",https://t.me/blissfulbrides/64
blissfulbrides,2019-08-15T11:14:05+00:00,[],"[""http://bit.ly/2OOmerh""]",63,,"Wedding Day Styles: Fashion Tips For The Best-Dressed Groom
-  We teach you how to up your groom’s swoon-worthy potential.
Read more:
http://bit.ly/2OOmerh",https://t.me/blissfulbrides/63
blissfulbrides,2019-08-14T00:43:49+00:00,[],"[""http://bit.ly/2Tptf0o""]",62,,"5 Trending Wedding Bouquet Styles for the Modern Bride
- Pomander, single-stem, cascading, and more – these are the wedding bouquet styles in trend!
Read more:
http://bit.ly/2Tptf0o",https://t.me/blissfulbrides/62
blissfulbrides,2019-08-13T10:07:06+00:00,[],"[""http://bit.ly/2Z17sBt""]",61,,"A How-To Guide: Creating the Perfect Wedding Gift List
- Here’s for the couples who are giving the traditional ang pows a miss!
Read more:
http://bit.ly/2Z17sBt",https://t.me/blissfulbrides/61
blissfulbrides,2019-08-12T11:49:47+00:00,[],"[""http://bit.ly/2Muj9tJ""]",60,,"Capture moments that last a lifetime! Exclusive to Blissful Brides members only, grab the
2-hour Photobooth with unlimited prints by 60 shutter at only $399
(U.P. $588)! Limited to the first 20 couples only
The Blissful Brides exclusive promotion is valid from 1st August to 14 August! Click here for more details:
http://bit.ly/2Muj9tJ",https://t.me/blissfulbrides/60
blissfulbrides,2019-08-09T05:19:26+00:00,[],"[""http://bit.ly/2YWxrWU""]",59,,"10 Online Wedding Invitation Designs For The Savvy Couple
- Stay on top of your wedding invites and RSVP with ease and style with these gorgeous e-invite templates!
💌
Read more:
http://bit.ly/2YWxrWU",https://t.me/blissfulbrides/59
blissfulbrides,2019-08-08T10:26:45+00:00,[],"[""http://bit.ly/33o9yLl""]",58,,"5 Unique DIY Wedding Photo Booth Ideas Besides Floral Walls
- Iridescent fringe curtains, dip-dye crepe paper, and more – your photo booth’s going to be a hit!
Read more:
http://bit.ly/33o9yLl",https://t.me/blissfulbrides/58
blissfulbrides,2019-08-07T10:28:45+00:00,[],"[""http://bit.ly/2YDUuta""]",57,,"List of songs to fill your wedding playlist with
- From slow dances to head bopping mixes, it’s time to make your wedding the night a truly unforgettable one.
Read more:
http://bit.ly/2YDUuta",https://t.me/blissfulbrides/57
blissfulbrides,2019-08-06T10:34:47+00:00,[],"[""http://bit.ly/2yu4Gps""]",56,,"6 Ways to Save on Wedding Costs
- You don’t have to be a crazy rich Asian to wed like one
Read more:
http://bit.ly/2yu4Gps",https://t.me/blissfulbrides/56
blissfulbrides,2019-08-06T04:12:10+00:00,[],"[""http://bit.ly/2Muj9tJ""]",55,,"Capture moments that last a lifetime! Exclusive to Blissful Brides members only, grab the
2-hour Photobooth with unlimited prints by 60 shutter at only $399
(U.P. $588)! Limited to the first 20 couples only
The Blissful Brides exclusive promotion is valid from 1st August to 14 August! Click here for more details:
http://bit.ly/2Muj9tJ",https://t.me/blissfulbrides/55
blissfulbrides,2019-08-05T01:00:23+00:00,[],"[""http://bit.ly/2yHG2C9""]",54,,"Wedding Seating Arrangements:
4 Things to Consider When Planning – read to find out what couples tend to overlook!
Read more:
http://bit.ly/2yHG2C9",https://t.me/blissfulbrides/54
blissfulbrides,2019-08-04T03:22:31+00:00,[],"[""http://bit.ly/2yuH9EP""]",53,,"Wedding Gown Alterations
- Singapore’s top 8 recommended alteration specialists according to forums – read to find out where!
Read more:
http://bit.ly/2yuH9EP",https://t.me/blissfulbrides/53
blissfulbrides,2019-08-03T11:38:40+00:00,[],"[""https://www.blissfulbrides.sg/get-a-quote"", ""http://bit.ly/GAQ10JULY""]",52,,"Receive a
$10 Starbucks Gift Card
from us when you use our Get A Quote function at
https://www.blissfulbrides.sg/get-a-quote
A total of 7 users will be chosen at random every week by Sunday, 11:59pm, and the lucky winners will be notified shortly.
For more information, visit
bit.ly/GAQ10JULY",https://t.me/blissfulbrides/52
blissfulbrides,2019-08-03T01:36:56+00:00,[],"[""http://bit.ly/2M7lLgV""]",51,,"Stand a chance to win attractive prizes when you subscribe to this channel!
🎁
Prizes:
• One night staycation at Village Hotel Changi (x 1 winner)
• The Connoisseur Concerto $20 cash voucher (x 10 winners)
Simply like, share and comment with a screenshot of the Blissful Brides channel here -
http://bit.ly/2M7lLgV
The giveaway ends on 15th August 2019, 11:59PM. Winners will be announced on 16th August 2019.",https://t.me/blissfulbrides/51
blissfulbrides,2019-08-01T23:59:17+00:00,[],"[""http://bit.ly/2LUa266""]",50,,"How-To: Choosing the Best Wedding Vendors
- Some handy advice for all newlyweds-to-be.
Read more:
http://bit.ly/2LUa266",https://t.me/blissfulbrides/50
blissfulbrides,2019-08-01T11:05:47+00:00,[],"[""http://bit.ly/2Muj9tJ""]",49,,"Capture moments that last a lifetime! Exclusive to Blissful Brides members only, grab the
2-hour Photobooth with unlimited prints by 60 shutter at only $399
(U.P. $588)! Limited to the first 20 couples only
The Blissful Brides exclusive promotion is valid from 1st August to 14 August! Click here for more details:
http://bit.ly/2Muj9tJ",https://t.me/blissfulbrides/49
blissfulbrides,2019-08-01T04:28:40+00:00,[],"[""http://bit.ly/2Kuo5wn""]",48,,"22 Songs for your First Dance -
Here are some songs (in no order) that we think will make your first dance a whole lot more special and meaningful for your spouse and you!
💃🏼
🕺🏻
Read more:
http://bit.ly/2Kuo5wn",https://t.me/blissfulbrides/48
blissfulbrides,2019-07-31T02:12:16+00:00,[],"[""http://bit.ly/2YG6rPm""]",47,,"⁣
Say goodbye to lost invites & slow responses!
Convenient, customisable, affordable, and eco-friendly - it's time to make the switch to online wedding invitations!⠀
⠀
Start your
free 30-day trial
to access 10 of our gorgeous e-invite templates (U.P. $19.90/year) today!
http://bit.ly/2YG6rPm",https://t.me/blissfulbrides/47
blissfulbrides,2019-07-30T00:03:18+00:00,[],"[""http://bit.ly/2YsqO2h""]",46,,"You Want It, You GoT It: A Guide to the Ultimate GoT-Themed Wedding
- Here’s how you can rule them all
👑
⚔
Read more:
http://bit.ly/2YsqO2h",https://t.me/blissfulbrides/46
blissfulbrides,2019-07-29T10:28:47+00:00,[],"[""https://www.blissfulbrides.sg/get-a-quote"", ""http://bit.ly/GAQ10JULY""]",45,,"Receive a
$10 Starbucks Gift Card
from us when you use our Get A Quote function at
https://www.blissfulbrides.sg/get-a-quote
A total of 7 users will be chosen at random every week by Sunday, 11:59pm, and the lucky winners will be notified shortly.
For more information, visit
bit.ly/GAQ10JULY",https://t.me/blissfulbrides/45
blissfulbrides,2019-07-29T05:04:33+00:00,[],"[""http://bit.ly/2JZh5Iv""]",44,,"Wedding Game On: 5 Reception Games for the Fun-Lovin’ Couples
- Get your game on! Keep your guests (and yourselves) entertained with these wedding reception games.
Read more:
http://bit.ly/2JZh5Iv",https://t.me/blissfulbrides/44
blissfulbrides,2019-07-28T05:06:01+00:00,[],"[""http://bit.ly/2M7lLgV""]",43,,"Stand a chance to win attractive prizes when you subscribe to this channel!
🎁
Prizes:
• One night staycation at Village Hotel Changi (x 1 winner)
• The Connoisseur Concerto $20 cash voucher (x 10 winners)
Simply like, share and comment with a screenshot of the Blissful Brides channel here -
http://bit.ly/2M7lLgV
The giveaway ends on 15th August 2019, 11:59PM. Winners will be announced on 16th August 2019.",https://t.me/blissfulbrides/43
blissfulbrides,2019-07-28T01:14:48+00:00,[],"[""http://bit.ly/2Md9LL3""]",42,,"Wedding Inspirations: 5 Reception Table Styling Ideas
- Sweet treats for a sweet marriage and more! Welcome your guests with these stylish reception table ideas.
Read more:
http://bit.ly/2Md9LL3",https://t.me/blissfulbrides/42
blissfulbrides,2019-07-27T09:37:42+00:00,[],"[""http://bit.ly/2K4GjUP"", ""http://bit.ly/312Mf7L""]",41,,"GIVEAWAY:
We are giving away 6 sets of the brand new iNSPiC Instant Camera Mini Photo Printers with courtesy of Canon Singapore!
📸
An instant camera and photo printer that requires no ink refill, stores up to 256GB data, and weighs as light as a smartphone? We’re surprised that such a nifty gadget exists too!
Participate here:
Canon iNSPiC [S] -
http://bit.ly/2K4GjUP
Canon iNSPiC [C] -
http://bit.ly/312Mf7L",https://t.me/blissfulbrides/41
blissfulbrides,2019-07-27T03:17:46+00:00,[],"[""http://bit.ly/2Olmjmd""]",40,,"The Number 4 & More: 5 Chinese Wedding Taboos to Avoid - For all the brides
- and grooms-to-be, avoid these taboos for a blissful marriage.
Read more:
http://bit.ly/2Olmjmd",https://t.me/blissfulbrides/40
blissfulbrides,2019-07-26T10:16:18+00:00,[],"[""http://bit.ly/2ygHH0U""]",39,,"Man-Made vs Natural Diamonds: Pros & Cons
- We broke down the pros and cons of man-made vs natural diamonds.
💎
Read more:
http://bit.ly/2ygHH0U",https://t.me/blissfulbrides/39
blissfulbrides,2019-07-26T01:37:56+00:00,[],"[""https://www.blissfulbrides.sg/get-a-quote"", ""http://bit.ly/GAQ10JULY""]",38,,"Receive a
$10 Starbucks Gift Card
from us when you use our Get A Quote function at
https://www.blissfulbrides.sg/get-a-quote
A total of 7 users will be chosen at random every week by Sunday, 11:59pm, and the lucky winners will be notified shortly.
For more information, visit
bit.ly/GAQ10JULY",https://t.me/blissfulbrides/38
blissfulbrides,2019-07-25T06:17:57+00:00,[],"[""http://bit.ly/2M7lLgV""]",37,,"Stand a chance to win attractive prizes when you subscribe to this channel!
🎁
Prizes:
• One night staycation at Village Hotel Changi (x 1 winner)
• The Connoisseur Concerto $20 cash voucher (x 10 winners)
Simply like, share and comment with a screenshot of the Blissful Brides channel here -
http://bit.ly/2M7lLgV
The giveaway ends on 15th August 2019, 11:59PM. Winners will be announced on 16th August 2019.",https://t.me/blissfulbrides/37
blissfulbrides,2019-07-24T10:34:37+00:00,[],"[""http://bit.ly/2G9jLkz""]",36,,"The Truth Re-Veiled: Wedding Traditions Explained
- We re-veil the origins of wedding traditions
👰
Read more:
http://bit.ly/2G9jLkz",https://t.me/blissfulbrides/36
blissfulbrides,2019-07-23T11:10:09+00:00,[],"[""http://bit.ly/2LeR9KZ""]",35,,"Nailed It: Things to Consider for Wedding Nails
- Make sure you really nail it on your wedding day
💅
Read more:
http://bit.ly/2LeR9KZ",https://t.me/blissfulbrides/35
blissfulbrides,2019-07-21T10:04:28+00:00,[],"[""http://bit.ly/2JA6Nxi""]",34,,"5 Unique Ways to Recite Your Wedding Vows -
Express your heartfelt thoughts with these creative ways!
Read more:
http://bit.ly/2JA6Nxi",https://t.me/blissfulbrides/34
blissfulbrides,2019-07-20T06:26:27+00:00,[],"[""http://bit.ly/2LX1efa""]",33,,"Red Packet Rates 2019 & 2020:
How Much To Give When You Attend A Wedding?
🧧
Read more:
http://bit.ly/2LX1efa",https://t.me/blissfulbrides/33
blissfulbrides,2019-07-19T10:29:03+00:00,[],"[""http://bit.ly/2GhA3bn""]",32,,"Pre-Wedding Shoot Inspirations in Singapore:
For
The Romantic, Quirky, Minimalist & Adventurous
📸
👰🏻
🤵🏻
Read more:
http://bit.ly/2GhA3bn",https://t.me/blissfulbrides/32
blissfulbrides,2019-07-18T04:22:44+00:00,[],"[""http://bit.ly/2LsBdoy""]",31,,"5 Hidden & Wallet-Friendly Pre-Wedding Photoshoot Venues in Singapore -
cost-effective and photoshoot venues that are worthy of the ‘gram
📸
Read more:
http://bit.ly/2LsBdoy",https://t.me/blissfulbrides/31
blissfulbrides,2019-07-17T11:12:48+00:00,[],"[""https://www.blissfulbrides.sg/get-a-quote"", ""http://bit.ly/GAQ10JULY""]",30,,"Receive a
$10 Starbucks Gift Card
from us when you use our Get A Quote function at
https://www.blissfulbrides.sg/get-a-quote
A total of 7 users will be chosen at random every week by Sunday, 11:59pm, and the lucky winners will be notified shortly.
For more information, visit
bit.ly/GAQ10JULY",https://t.me/blissfulbrides/30
blissfulbrides,2019-07-17T03:54:18+00:00,[],"[""http://bit.ly/2LnrwHS""]",29,,"Wedding Ideas: Up Your Game with 5 Local Snack Bars -
Tutu kueh, kachang puteh and even ice kachang at a wedding? Yes, please!
Read more:
http://bit.ly/2LnrwHS",https://t.me/blissfulbrides/29
blissfulbrides,2019-07-16T02:23:49+00:00,[],"[""http://bit.ly/2JN5BGH""]",28,,"Wedding Hacks: Get Rid of RSVP Woes With E-Wedding Invites -
Here’s a way to make your guests RSVP faster: use e-wedding invites!
Read more:
http://bit.ly/2JN5BGH",https://t.me/blissfulbrides/28
blissfulbrides,2019-07-15T03:24:17+00:00,[],"[""https://www.blissfulbrides.sg/get-a-quote"", ""http://bit.ly/GAQ10JULY""]",26,,"Craving for a cuppa? Get it on the house with a $10 Starbucks Gift Card from us!
Simply use our Get A Quote function at
https://www.blissfulbrides.sg/get-a-quote
A total of 7 users will be chosen at random every week by Sunday, 11:59pm, and the lucky winners will be notified shortly.
For more information, visit
bit.ly/GAQ10JULY",https://t.me/blissfulbrides/26
blissfulbrides,2019-07-14T03:33:56+00:00,[],"[""http://bit.ly/2JBx6mO""]",25,,"Wedding-Venue Hunting? Here’s How & Why You Should Scout the Location Before Deciding
- It’s always better to be safe than sorry!
Read more:
http://bit.ly/2JBx6mO",https://t.me/blissfulbrides/25
blissfulbrides,2019-07-13T06:01:57+00:00,[],"[""http://bit.ly/2NP730G""]",24,,"Planning the Wedding on Your Own? Here are 4 Questions to Ask Before Doing So
- Torn between engaging a wedding planner or flying solo? Here’s what you need to know before making the decision!
Read more:
http://bit.ly/2NP730G",https://t.me/blissfulbrides/24
blissfulbrides,2019-07-12T04:58:41+00:00,[],"[""http://bit.ly/2JreaIs""]",23,,"Purchased VS. Rental Wedding Gown: Which Is Better?
- To buy or to rent, that is the question
👰🏻
Read more:
http://bit.ly/2JreaIs",https://t.me/blissfulbrides/23
blissfulbrides,2019-07-11T03:10:06+00:00,[],"[""http://bit.ly/2NIAbXt""]",22,,"Oh Snap: A Preventive Guide to Missing Wedding Photos
- Find out how you can prevent your wedding from becoming… toast.
Read more:
http://bit.ly/2NIAbXt",https://t.me/blissfulbrides/22
blissfulbrides,2019-07-10T06:41:54+00:00,[],"[""http://bit.ly/2LcLeWD""]",21,,"5 Wedding Photography Tips Every Couple Needs to Know
- Find out how to ace your wedding photoshoot
📸
Read more:
http://bit.ly/2LcLeWD",https://t.me/blissfulbrides/21
blissfulbrides,2019-07-09T06:30:44+00:00,[],"[""http://bit.ly/2FVzKTd""]",20,,"Wedding Hacks: Choosing the Ideal Wedding Décor
- Bring your dream wedding theme to life with these tips!
Read more:
http://bit.ly/2FVzKTd",https://t.me/blissfulbrides/20
blissfulbrides,2019-07-08T00:08:48+00:00,[],"[""http://bit.ly/2Nyiw4u""]",19,,"Wedding Venue Tips: 4 Crucial Considerations
- Pick the perfect venue to celebrate your leap of love with these tips!
Read more:
http://bit.ly/2Nyiw4u",https://t.me/blissfulbrides/19
blissfulbrides,2019-07-05T08:52:17+00:00,[],"[""http://bit.ly/2XpnBfd""]",18,,"A Prep Guide To Your Engagement Photo Shoot -
Got an upcoming engagement photo shoot? Get ready with us!
Read more:
http://bit.ly/2XpnBfd",https://t.me/blissfulbrides/18
blissfulbrides,2019-07-01T05:57:27+00:00,[],"[""http://bit.ly/2KJ3vKV""]",17,,"5 Gorgeous Outdoor Wedding Venues That Can Accommodate Large Crowds
- Who says you can’t get married in idyllic countrysides, sunny beaches, or enchanted gardens right here in Singapore?
Read more:
http://bit.ly/2KJ3vKV",https://t.me/blissfulbrides/17
blissfulbrides,2019-06-29T05:11:26+00:00,[],"[""?q=%23powerwalk"", ""http://bit.ly/2YhXKHr""]",16,,"Find Your Perfect Shoe Fit: 4 Stores To Customise Your Dream Wedding Heels
- Every lady needs a special pair of heels to carry them down the aisle in style.
#powerwalk
with a customised pair from these 4 bridal shoe stores!
Read more:
http://bit.ly/2YhXKHr",https://t.me/blissfulbrides/16
blissfulbrides,2019-06-28T03:55:50+00:00,[],"[""http://bit.ly/320Oz07""]",15,,"5 Unique Diamond Alternatives For A Sensational Engagement Ring
- Be a bride-to-be that stands out with unique diamond engagement ring alternatives!
Read more:
http://bit.ly/320Oz07",https://t.me/blissfulbrides/15
blissfulbrides,2019-06-21T07:09:13+00:00,[],"[""http://bit.ly/2N1mS47""]",11,,"Wedding Hacks: Choosing the Ideal Wedding Décor
- Bring your dream wedding theme to life with these tips!
Read more:
http://bit.ly/2N1mS47",https://t.me/blissfulbrides/11
blissfulbrides,2019-06-20T01:28:47+00:00,[],"[""http://bit.ly/2WSZ7uq""]",10,,"The Wedding of Rachel Wee & Ken Chen:
What’s it like to host a multimillion-dollar celebration? We take a look at Rachel Wee’s wedding – Crazy Rich Asian style.
Read more:
http://bit.ly/2WSZ7uq",https://t.me/blissfulbrides/10
blissfulbrides,2019-06-19T04:00:15+00:00,[],"[""http://bit.ly/2InXeC5""]",9,,"5 Everyday Props for Pre-Wedding Photos That Are Worthy of the ‘Gram:
Get creative with your wedding photography with these props!
Read more:
http://bit.ly/2InXeC5",https://t.me/blissfulbrides/9
blissfulbrides,2019-06-17T10:25:04+00:00,[],"[""https://www.blissfulbrides.sg/articles/trending/basque-beauty-wed-in-style-at-the-all-new-alkaff-mansion""]",6,,"Have you heard? The Alkaff Mansion has reopened its doors!
Wed in Style at the All-New Alkaff Mansion
Read more:
https://www.blissfulbrides.sg/articles/trending/basque-beauty-wed-in-style-at-the-all-new-alkaff-mansion",https://t.me/blissfulbrides/6
blissfulbrides,2019-06-13T13:19:59+00:00,[],"[""https://www.blissfulbrides.sg/articles/trending/cirque-du-soleil-aladdin-more-date-night-ideas-for-the-artsy-couple""]",5,,"Explore a whole new world with these artsy date night ideas!
📸
🧞‍♀️
Read more:
https://www.blissfulbrides.sg/articles/trending/cirque-du-soleil-aladdin-more-date-night-ideas-for-the-artsy-couple",https://t.me/blissfulbrides/5
blissfulbrides,2019-06-12T08:10:28+00:00,[],"[""https://www.blissfulbrides.sg/articles/trending/ready-to-pop-the-questions-here-re-5-proposal-ideas-to-consider""]",3,,"Say I do to these creative proposal ideas!
Read more:
https://www.blissfulbrides.sg/articles/trending/ready-to-pop-the-questions-here-re-5-proposal-ideas-to-consider",https://t.me/blissfulbrides/3
blissfulbrides,2019-06-12T08:06:03+00:00,[],[],2,,Channel photo updated,https://t.me/blissfulbrides/2
blissfulbrides,2019-06-12T08:06:02+00:00,[],[],1,,Channel created,https://t.me/blissfulbrides/1
