vendor_id,name,source_category,category,email,phone,website,ranking_score,seo_description,social_description,promo_available,trusted_partner,pricing_from,created_time
rectOx6JB5vnfcb4u,Linus Lee The Wedding Master,All Vendors,"Emcees & Entertainment, Live Music",enquiry@masterpiece.sg,+65 9668 4820,https://www.masterpiece.sg/weddingmaster,1470,"facebook.com/masterpiecewedding · +65 9668 4820 · enquiry@masterpiece.sg · “We first met Linus several years ago at my sibling's wedding, where we witnessed his exceptional skills as an emcee, singer, and event organizer. When we began planning our own wedding, Linus was our immediate choice due to his expertise and capabilities. We are grateful to have Linus as our wedding Showmaster. His professionalism, talent, steadiness, sociability, and sincerity bring us peace of mind and ensure a smooth and happy wedding. He plays a crucial role in making our wedding meaningful, fun, and enjoyable. Highly recommend 👍🏻👍🏻👍🏻”","facebook.com/masterpiecewedding · +65 9668 4820 · enquiry@masterpiece.sg · “We first met Linus several years ago at my sibling's wedding, where we witnessed his exceptional skills as an emcee, singer, and event organizer. When we began planning our own wedding, Linus was our immediate choice due to his expertise and capabilities. We are grateful to have Linus as our wedding Showmaster. His professionalism, talent, steadiness, sociability, and sincerity bring us peace of mind and ensure a smooth and happy wedding. He plays a crucial role in making our wedding meaningful, fun, and enjoyable. Highly recommend 👍🏻👍🏻👍🏻”",,,,2024-04-14T02:58:12Z
recGfOVGM8yjU515I,GrizzyPix Photography,All Vendors,Photographer & Videographer,grismond@grizzypixphotography.com,65 97612777,http://www.grizzypixphotography.com/,1444,"Instagram: @grizzypix · facebook.com/Grizzypix · 65 97612777 · grismond@grizzypixphotography.com · “We found Gris's profile through IG and it was such kind of luck meet with Grismond. He is incredible professional photographer.He was awazing and very paient.If your are looking for prewedding , or others , we highly recommend to Gris. You can see how he passionate on his work.From the first meet till to edit , we satisfied a lot. Belive me , you will never regret if you choose GrizzyPix on your special day.”","Instagram: @grizzypix · facebook.com/Grizzypix · 65 97612777 · grismond@grizzypixphotography.com · “We found Gris's profile through IG and it was such kind of luck meet with Grismond. He is incredible professional photographer.He was awazing and very paient.If your are looking for prewedding , or others , we highly recommend to Gris. You can see how he passionate on his work.From the first meet till to edit , we satisfied a lot. Belive me , you will never regret if you choose GrizzyPix on your special day.”",,,,2023-09-20T08:59:46Z
recSb11mRgnlIsvTW,JKLah Emceeing,All Vendors,Emcees & Entertainment,,+65 9695 7796,https://www.instagram.com/jk.lah/profilecard/?igsh=MW94bWp0dWp3dzJvcw==,1435,"+65 9695 7796 · “Thank you JK⁩ for the amazing hosting at my wedding night!!! Full of good reviews from the guests and many of them say you are super engaging and able to keep the mood of the night going. If they hold a wedding next time they would definitely engage you, provided you are available haha. Once again thanks a lot for being part of our special day!! 🥰 P.S pls engage him to sing for your wedding night as it’s our biggest regret missing out on his amazing vocals”","+65 9695 7796 · “Thank you JK⁩ for the amazing hosting at my wedding night!!! Full of good reviews from the guests and many of them say you are super engaging and able to keep the mood of the night going. If they hold a wedding next time they would definitely engage you, provided you are available haha. Once again thanks a lot for being part of our special day!! 🥰 P.S pls engage him to sing for your wedding night as it’s our biggest regret missing out on his amazing vocals”",,,,2025-10-20T09:34:04Z
rec7wF5Skv1llcQui,Your Wedding Matters,All Vendors,Florists & Wedding Styling,,81298141,https://www.your-wedding-matters.com,1420,"Instagram: @yourweddingmatters.sg · 81298141 · “We engaged Lydia for our wedding signage, photo gallery and photo table set! Lydia has been super prompt and friendly in her replies and made superb recommendations throughout the whole process! She also gave us regular updates in the days leading up to the wedding. Setup and teardown were very efficient too, really one of the best decisions we have made to engage YWM. Thanks so much Lydia! :)”","Instagram: @yourweddingmatters.sg · 81298141 · “We engaged Lydia for our wedding signage, photo gallery and photo table set! Lydia has been super prompt and friendly in her replies and made superb recommendations throughout the whole process! She also gave us regular updates in the days leading up to the wedding. Setup and teardown were very efficient too, really one of the best decisions we have made to engage YWM. Thanks so much Lydia! :)”",,,,2024-08-01T13:24:23Z
rec0ZguMg1igKxv3c,Root For You Florist,All Vendors,Florists & Wedding Styling,,+65 9101 3295,https://www.rootforyou.sg/,1400,Instagram: @rootforyou.sg · facebook.com/rootforyou.sg · +65 9101 3295 · “Thank you for helping me with my proposal plans and wedding boutique 🙏🙏🙏”,Instagram: @rootforyou.sg · facebook.com/rootforyou.sg · +65 9101 3295 · “Thank you for helping me with my proposal plans and wedding boutique 🙏🙏🙏”,,,,2024-03-20T13:45:15Z
recyepqoBp1b0Q0eF,Bunnie Bash - Gelato & Waffles Live Station,All Vendors,Food Catering,,+65 9668 4132,,1397,Instagram: @bunniebash · facebook.com/BunnieBash · +65 9668 4132 · “V nice setup and amazing taste for the ice creams and waffles! Perfect service from the ladies too! Will definitely go for them again!”,Instagram: @bunniebash · facebook.com/BunnieBash · +65 9668 4132 · “V nice setup and amazing taste for the ice creams and waffles! Perfect service from the ladies too! Will definitely go for them again!”,,,,2025-09-09T03:13:20Z
recDCSBX2pL04lrIo,Revit: Anti-Hangover Gummies,All Vendors,Wedding Favours,hello@revit.com.sg,89187983,https://revit.com.sg/,1389,"Instagram: @revit_sg · 89187983 · hello@revit.com.sg · “Performance:good Suitability:good Second time buying this gummy because I really like the chewy texture and honey taste. It’s so good I sometimes want to eat it without having drinks. Used this a few times and found that my hangovers are less severe (gotta keep hydrating). Buying second time cos first purchase running low. Delivery is also super fast, within 2 days of ordering.”","Instagram: @revit_sg · 89187983 · hello@revit.com.sg · “Performance:good Suitability:good Second time buying this gummy because I really like the chewy texture and honey taste. It’s so good I sometimes want to eat it without having drinks. Used this a few times and found that my hangovers are less severe (gotta keep hydrating). Buying second time cos first purchase running low. Delivery is also super fast, within 2 days of ordering.”",,,,2025-01-27T06:33:36Z
recBuB27GhlCaVOII,Little Snap Productions,All Vendors,Photographer & Videographer,info@littlesnap.com.sg,+65 8290 8899,https://www.littlesnap.com.sg/?utm_source=google&utm_medium=wix_google_business_profile&utm_campaign=15633779034450193484,1387,Instagram: @littlesnapproductions · facebook.com/LittleSnapProductions · +65 8290 8899 · info@littlesnap.com.sg · “Andy and Little Snap were first-class photographers for our wedding. We highly recommend them as photographers for your next wedding (or event)! Andy was a dream to work with on the day - he was really easy to work with and kept us both relaxed and ensured we had fun throughout the pre-wedding shoot. The photos came back and were exactly what we’d wanted. Andy’s style really captured the night authentically. All the photos are great quality and will be amazing to look back on and remember the fun we had with our friends and family on the night.”,Instagram: @littlesnapproductions · facebook.com/LittleSnapProductions · +65 8290 8899 · info@littlesnap.com.sg · “Andy and Little Snap were first-class photographers for our wedding. We highly recommend them as photographers for your next wedding (or event)! Andy was a dream to work with on the day - he was really easy to work with and kept us both relaxed and ensured we had fun throughout the pre-wedding shoot. The photos came back and were exactly what we’d wanted. Andy’s style really captured the night authentically. All the photos are great quality and will be amazing to look back on and remember the fun we had with our friends and family on the night.”,,,,2023-09-20T08:59:48Z
recVkIsV2Lq2efUUN,Bang Photography,All Vendors,Photographer & Videographer,,+65 9664 0048,https://www.bang-photography.com/,1382,Instagram: @bangstudio.sg · +65 9664 0048 · “We had the best time using James for our pre-wedding shoot! James is extremely professional and really understood the vintage cinematic aesthetic we were going for! We did a three hour shoot and he made it super fun. We can’t recommend him enough for all couple/wedding shots! We’ll be having our wedding in a few months and he’ll be shooting that as well! Book him before he’s all booked up!!”,Instagram: @bangstudio.sg · +65 9664 0048 · “We had the best time using James for our pre-wedding shoot! James is extremely professional and really understood the vintage cinematic aesthetic we were going for! We did a three hour shoot and he made it super fun. We can’t recommend him enough for all couple/wedding shots! We’ll be having our wedding in a few months and he’ll be shooting that as well! Book him before he’s all booked up!!”,,,,2025-03-27T05:47:10Z
reccmQI8vcmrwtG9p,AMusephotographer,All Vendors,Photographer & Videographer,amusephotographer@gmail.com,9363 6676,https://amusephotographer.com/,1374,Instagram: @amusephotographer · facebook.com/amusephotographer · 9363 6676 · amusephotographer@gmail.com · “Charles is one of the most friendly and professional photographers that we have meet on our ROM day! You will never go wrong with AMusephotographer!”,Instagram: @amusephotographer · facebook.com/amusephotographer · 9363 6676 · amusephotographer@gmail.com · “Charles is one of the most friendly and professional photographers that we have meet on our ROM day! You will never go wrong with AMusephotographer!”,,,,2023-09-20T08:59:46Z
recc81Pxjr8I0AerQ,Lydia K Photography,All Vendors,Photographer & Videographer,hello@lydiakphotography.com,+65 8752 6790,https://www.lydiakphotography.com/,1352,"Instagram: @lydiakphoto · facebook.com/lydiakphotography · +65 8752 6790 · hello@lydiakphotography.com · “Had our wedding in May and we are glad that we found Lydia (and Gary) as our wedding photographer. We saw their works through a friend and we fell in love with their bright and airy style immediately. Lydia and Gary was more like a friend than photographer. They are easy to talk to and they were able to make us feel comfortable during our (stressful) wedding day. We felt that we are able to communicate what we wanted freely. They were also able to capture all the precious emotional moments during our actual day, not only for us, but also our family and friends. Both Lydia and Gary have amazing chemistry as they are able to take the pictures from different angles and different places simultaneously. No regrets, will definitely intro them to my friends :) To Lydia and Gary, thank you for joining us on our special day~”","Instagram: @lydiakphoto · facebook.com/lydiakphotography · +65 8752 6790 · hello@lydiakphotography.com · “Had our wedding in May and we are glad that we found Lydia (and Gary) as our wedding photographer. We saw their works through a friend and we fell in love with their bright and airy style immediately. Lydia and Gary was more like a friend than photographer. They are easy to talk to and they were able to make us feel comfortable during our (stressful) wedding day. We felt that we are able to communicate what we wanted freely. They were also able to capture all the precious emotional moments during our actual day, not only for us, but also our family and friends. Both Lydia and Gary have amazing chemistry as they are able to take the pictures from different angles and different places simultaneously. No regrets, will definitely intro them to my friends :) To Lydia and Gary, thank you for joining us on our special day~”",,,,2023-09-20T08:59:46Z
recisEYoE4WzG2Waj,Anna Makeup Artist,All Vendors,Makeup Artist,tiennguyen13061995@gmail.com,89258028,,1268,"Instagram: @annamakeup.sg · facebook.com/annamakeupartist.sg · 89258028 · tiennguyen13061995@gmail.com · “Had Anna as my pws MUA and I absolutely love her and her service. My make up and hair was initially supposed to start at 4am, however, the night before I realised I needed to start at 3:30am and I texted Anna. She immediately replied and said okay 🥹💓 Not to mention she's super duper sweet while doing my hair and make up 🩷 High recommended!”","Instagram: @annamakeup.sg · facebook.com/annamakeupartist.sg · 89258028 · tiennguyen13061995@gmail.com · “Had Anna as my pws MUA and I absolutely love her and her service. My make up and hair was initially supposed to start at 4am, however, the night before I realised I needed to start at 3:30am and I texted Anna. She immediately replied and said okay 🥹💓 Not to mention she's super duper sweet while doing my hair and make up 🩷 High recommended!”",,,,2024-05-15T14:09:27Z
rec9oYu7H6qh0ANIP,Curly Beans Cafe: Matcha & Coffee Live Station,All Vendors,Food Catering,hello@curlybeans.sg,+65 8748 4953,https://curlybeans.sg/pages/events,1177,"Instagram: @curlybeanscafe · +65 8748 4953 · hello@curlybeans.sg · “Hands down one of the best homemade matcha I’ve had! Creamy, earthy, and just the right sweetness. So soothing and aesthetic”","Instagram: @curlybeanscafe · +65 8748 4953 · hello@curlybeans.sg · “Hands down one of the best homemade matcha I’ve had! Creamy, earthy, and just the right sweetness. So soothing and aesthetic”",,,,2026-01-02T05:45:03Z
recijR57YEqIIgvs7,Emcee Bean,All Vendors,Emcees & Entertainment,hi@emceebean.com,+65 9670 9148,https://www.emceebean.com/,1136,Instagram: @emcee_bean · +65 9670 9148 · hi@emceebean.com · “Thanks Bean for being such a wonderful host! My guests enjoyed themselves very much 🙂”,Instagram: @emcee_bean · +65 9670 9148 · hi@emceebean.com · “Thanks Bean for being such a wonderful host! My guests enjoyed themselves very much 🙂”,,,,2025-11-04T16:23:48Z
rec6w1QJRdP7c0jTo,Of Wild Promises Photography,All Vendors,Photographer & Videographer,ofwildpromises@gmail.com,+65 9389 8467,https://ofwildpromises.com/,1136,Instagram: @ofwildpromisesphotography · +65 9389 8467 · ofwildpromises@gmail.com · “Gurmit was a great photographer who took time to get to know us and what we wanted from our wedding! He was very professional and was very flexible and adaptable in the approach! And the photos as well are absolutely sublime!”,Instagram: @ofwildpromisesphotography · +65 9389 8467 · ofwildpromises@gmail.com · “Gurmit was a great photographer who took time to get to know us and what we wanted from our wedding! He was very professional and was very flexible and adaptable in the approach! And the photos as well are absolutely sublime!”,,,,2026-03-26T06:56:06Z
recZS0BfUul45o4CX,Event Kaki SG,All Vendors,Photobooth & Equipment,hey@eventkaki.sg,+65 8889 6334,http://eventkaki.sg/,1112,Instagram: @event.kaki · facebook.com/event.kaki · +65 8889 6334 · hey@eventkaki.sg · “I also got photobooth @event.kaki for my wedding before dinner started. (5pm to 7pm) and had decided to customise the border for printout. The photo quality turned out great and service is also super good. It is also quite affordable in my opinion. What’s even better was everyone got to get to keep a copy of the printout too. Definitely recommend 💯 them if you are still looking 👀 for any “vendors” for your wedding.”,Instagram: @event.kaki · facebook.com/event.kaki · +65 8889 6334 · hey@eventkaki.sg · “I also got photobooth @event.kaki for my wedding before dinner started. (5pm to 7pm) and had decided to customise the border for printout. The photo quality turned out great and service is also super good. It is also quite affordable in my opinion. What’s even better was everyone got to get to keep a copy of the printout too. Definitely recommend 💯 them if you are still looking 👀 for any “vendors” for your wedding.”,,,,2023-11-10T09:18:10Z
recEM15WKS7tqRLbR,Emcee Botak Kai,All Vendors,Emcees & Entertainment,,+65 9385 6844,http://www.emceebotakkai.com/,1086,"Instagram: @emceebotakkai · facebook.com/emceebotakkai · +65 9385 6844 · “We wanted to express our sincere gratitude for Kai’s incredible work as the emcee for our solemnisation and lunch banquet. He truly brought an amazing energy and hype to the event, creating a fantastic atmosphere that everyone thoroughly enjoyed. Kai made the day so much more memorable and fun for us and our loved ones. We received so many compliments on how much everyone enjoyed his engagement. Thank Kai for making our special day so perfect. We couldn't have asked for a better emcee. 🙆🏻‍♀️ 🙆🏻‍♀️🙆🏻‍♀️”","Instagram: @emceebotakkai · facebook.com/emceebotakkai · +65 9385 6844 · “We wanted to express our sincere gratitude for Kai’s incredible work as the emcee for our solemnisation and lunch banquet. He truly brought an amazing energy and hype to the event, creating a fantastic atmosphere that everyone thoroughly enjoyed. Kai made the day so much more memorable and fun for us and our loved ones. We received so many compliments on how much everyone enjoyed his engagement. Thank Kai for making our special day so perfect. We couldn't have asked for a better emcee. 🙆🏻‍♀️ 🙆🏻‍♀️🙆🏻‍♀️”",,,,2024-01-20T13:29:23Z
recQqJ6CT6MSSUQ4D,Korean Artiz Studio,All Vendors,Photographer & Videographer,,,,1084,Instagram: @artizstudio · facebook.com/ArtizStudio · “May was our gown consultant. She took time to understand our preferences re the designs and suit colours. She had an eye for what designs would suit us. In fact we ended up choosing the first few gowns she picked out for us. Overall a very comfortable gown fitting experience! Thank you artiz studio and May for the service!”,Instagram: @artizstudio · facebook.com/ArtizStudio · “May was our gown consultant. She took time to understand our preferences re the designs and suit colours. She had an eye for what designs would suit us. In fact we ended up choosing the first few gowns she picked out for us. Overall a very comfortable gown fitting experience! Thank you artiz studio and May for the service!”,,,,2023-09-20T08:59:47Z
recun4pCbe8xzMMX1,V-In Production Wedding Photography,All Vendors,Photographer & Videographer,,+65 9890 0886,http://v-inproduction.com/,1082,"Instagram: @v_in_production_photography · facebook.com/VInProductionWeddingPhotographyVideography · +65 9890 0886 · “We were Blessed and full of happiness that we found V-In Production. We loved all the photos. We are grateful to you Vincent for capturing all the moments in our ROM, for guiding us in our best posture and making us feel at ease and making it fun during the shoot. Your professionalism, outstanding service, patience and expertise in photography made our special day even more memorable.”","Instagram: @v_in_production_photography · facebook.com/VInProductionWeddingPhotographyVideography · +65 9890 0886 · “We were Blessed and full of happiness that we found V-In Production. We loved all the photos. We are grateful to you Vincent for capturing all the moments in our ROM, for guiding us in our best posture and making us feel at ease and making it fun during the shoot. Your professionalism, outstanding service, patience and expertise in photography made our special day even more memorable.”",,,,2023-09-20T08:59:48Z
recubaBbFXhwB11X2,Emcee Alex Tan,All Vendors,Emcees & Entertainment,emceealextan@gmail.com,+65 8792 7627,https://www.emceealextan.com/,1074,+65 8792 7627 · emceealextan@gmail.com · “Alex is a seasoned wedding emcee who prides himself in ensuring the proposed banquet event flows smoothly. His friendly and approachable demeanor made it easy to work with and everyone had a great time on D-day. Tyvm for your help rendered! 🙏”,+65 8792 7627 · emceealextan@gmail.com · “Alex is a seasoned wedding emcee who prides himself in ensuring the proposed banquet event flows smoothly. His friendly and approachable demeanor made it easy to work with and everyone had a great time on D-day. Tyvm for your help rendered! 🙏”,,,,2024-07-18T15:26:38Z
rec1DSTG8fVCdTLP2,Story & Art | Photography,All Vendors,Photographer & Videographer,vincent@vt-photo.com,+65 9826 3338,http://www.vt-photo.com/,1073,"Instagram: @vincenttayphoto · facebook.com/vincenttayphotography · +65 9826 3338 · vincent@vt-photo.com · “We reached out to Vincent remotely to plan a photoshoot for our casual wedding lunch at Alkaff Mansion in March 2024. From the start, Vincent was very responsive and worked with us to ensure that we got the coverage that we needed (even recommending to us that we reduce the coverage since our event was not a very long one). We greatly appreciated his flexibility and professionalism that put our mind at ease. On the actual day, Vincent came early and helped us to capture photos before the lunch and during the lunch. Vincent patiently guided us on how to pose for the pre-lunch photoshoot and was also able to capture great candid photos with our guests! His turnaround time was very fast and my parents were very impressed with his creativity and artistic eye. We are so happy with how the photos turned out and highly recommend Vincent to anyone looking for photography for their events and/or wedding!”","Instagram: @vincenttayphoto · facebook.com/vincenttayphotography · +65 9826 3338 · vincent@vt-photo.com · “We reached out to Vincent remotely to plan a photoshoot for our casual wedding lunch at Alkaff Mansion in March 2024. From the start, Vincent was very responsive and worked with us to ensure that we got the coverage that we needed (even recommending to us that we reduce the coverage since our event was not a very long one). We greatly appreciated his flexibility and professionalism that put our mind at ease. On the actual day, Vincent came early and helped us to capture photos before the lunch and during the lunch. Vincent patiently guided us on how to pose for the pre-lunch photoshoot and was also able to capture great candid photos with our guests! His turnaround time was very fast and my parents were very impressed with his creativity and artistic eye. We are so happy with how the photos turned out and highly recommend Vincent to anyone looking for photography for their events and/or wedding!”",,,,2023-09-20T08:59:46Z
recmnx7o2QncIoehL,Emcee Dixon,All Vendors,Emcees & Entertainment,dixontioh@gmail.com,,https://dixgoesemcee.com,1069,Instagram: @emceedixon · facebook.com/emceedixon · dixontioh@gmail.com · “Highly recommend emcee Dixon for your big day! His energy is very infectious and very accommodating to the many activities in our programme 🙂 he is also very quick on his feet and able to kill any awkward silences in the room! Guests also commented that his hosting was well paced 🙂 Energy - 5/5 Humor - 5/5 Pacing - 5/5 Multilingual - yes”,Instagram: @emceedixon · facebook.com/emceedixon · dixontioh@gmail.com · “Highly recommend emcee Dixon for your big day! His energy is very infectious and very accommodating to the many activities in our programme 🙂 he is also very quick on his feet and able to kill any awkward silences in the room! Guests also commented that his hosting was well paced 🙂 Energy - 5/5 Humor - 5/5 Pacing - 5/5 Multilingual - yes”,,,,2024-07-18T15:26:39Z
recuAkVHvR01YiwOx,Emcee Brian Lee,All Vendors,Emcees & Entertainment,leesinshingbrian@gmail.com,94513443,,1068,"Instagram: @emceebrianlee · facebook.com/EmceeBrianLee · 94513443 · leesinshingbrian@gmail.com · “We had decided on Brian as our Emcee for our wedding based on a friend's recommendation. I think that it was definitely one of the best decisions we made for our wedding. During the planning process, Brian was really meticulous and provided us great tips and advice from guided timelines to possible scenarios to anticipate/avoid and game ideas. It was very assuring to know that he was bilingual(including dialects), experienced and would be able to handle different impromptu situations. He also took time to get to know us, making his script personalized to our story. On the actual day, Brian was punctual and able to warm up the guests quickly. His charisma and energy kept the audience engaged and entertained throughout the lunch without making them feel uncomfortable. Due to the extra time needed for my hairdo for the 2nd March-in, there was a slight delay in the schedule. Brian demonstrated the ability to think on his feet and made the necessary adjustments accordingly. He was also able to transit between the 2 different languages with the right amount of humor adding a delightful touch to the banquet. Brian's professionalism and poise are truly commendable and I would definitely recommend him to others with any hesitation. Thank you Brian!”","Instagram: @emceebrianlee · facebook.com/EmceeBrianLee · 94513443 · leesinshingbrian@gmail.com · “We had decided on Brian as our Emcee for our wedding based on a friend's recommendation. I think that it was definitely one of the best decisions we made for our wedding. During the planning process, Brian was really meticulous and provided us great tips and advice from guided timelines to possible scenarios to anticipate/avoid and game ideas. It was very assuring to know that he was bilingual(including dialects), experienced and would be able to handle different impromptu situations. He also took time to get to know us, making his script personalized to our story. On the actual day, Brian was punctual and able to warm up the guests quickly. His charisma and energy kept the audience engaged and entertained throughout the lunch without making them feel uncomfortable. Due to the extra time needed for my hairdo for the 2nd March-in, there was a slight delay in the schedule. Brian demonstrated the ability to think on his feet and made the necessary adjustments accordingly. He was also able to transit between the 2 different languages with the right amount of humor adding a delightful touch to the banquet. Brian's professionalism and poise are truly commendable and I would definitely recommend him to others with any hesitation. Thank you Brian!”",,,,2024-07-18T15:26:40Z
rece3psjN2szgBeMB,Ibtiiman Bridal,All Vendors,Gowns & Bridal Shops,,+65 9769 0424,,1065,"Instagram: @ibtiimanbridal · +65 9769 0424 · “I really appreciate everything Iman and Ibtisam did for us for our wedding! They are very attentive to our needs and always willing to help to make us feel the best on our wedding day. They are very professional and respectable and I truly loved how I looked on my wedding day. The makeup and hair by Ibtisam, Fadhilla and the hairstylist was done really well. I got so many compliments on my hair and my lipstick especially! It was also a good idea to get the trial makeup to get used to the style of makeup. Ibtisam was extremely meticulous in the makeup and made me look flawless. Their selection of gowns and lehengas is amazing too, they were very kind throughout the process and made changes to the outfit that I requested. I got endless amount of compliments on my outfits. I wish I could wear my wedding dress everyday! Overall I am so appreciative of the team at Ibtiiman and I would definitely recommend them to anyone!”","Instagram: @ibtiimanbridal · +65 9769 0424 · “I really appreciate everything Iman and Ibtisam did for us for our wedding! They are very attentive to our needs and always willing to help to make us feel the best on our wedding day. They are very professional and respectable and I truly loved how I looked on my wedding day. The makeup and hair by Ibtisam, Fadhilla and the hairstylist was done really well. I got so many compliments on my hair and my lipstick especially! It was also a good idea to get the trial makeup to get used to the style of makeup. Ibtisam was extremely meticulous in the makeup and made me look flawless. Their selection of gowns and lehengas is amazing too, they were very kind throughout the process and made changes to the outfit that I requested. I got endless amount of compliments on my outfits. I wish I could wear my wedding dress everyday! Overall I am so appreciative of the team at Ibtiiman and I would definitely recommend them to anyone!”",,,,2024-09-28T04:51:04Z
recnW0dK2hyGvJQAF,ST Bridal Makeup ,All Vendors,Makeup Artist,,+65 9791 4761,http://instagram.com/stbridalmakeup,1064,"Instagram: @stbridalmakeup · facebook.com/stbridalmakeup · +65 9791 4761 · “Hey..! Look at here, if you want the feel like the photo attached can look for Summer :) She is gorgeous, friendly and kind. I super love the hairstyle and makeup, thank you for your valuable time with me!! Will look for you on my big day too :’)”","Instagram: @stbridalmakeup · facebook.com/stbridalmakeup · +65 9791 4761 · “Hey..! Look at here, if you want the feel like the photo attached can look for Summer :) She is gorgeous, friendly and kind. I super love the hairstyle and makeup, thank you for your valuable time with me!! Will look for you on my big day too :’)”",,,,2023-11-04T08:40:55Z
recZGEcw3dHVOPXMm,Chloe Makeup,All Vendors,Makeup Artist,chloemakeupsg@gmail.com,+65 9633 2591,https://www.instagram.com/chloe_makeup_sg/,1064,Instagram: @chloe_makeup_sg · +65 9633 2591 · chloemakeupsg@gmail.com · “Miss Chloe's bridal makeup is super beautiful! Very thoughtful and aesthetically pleasing! highly recommended :)”,Instagram: @chloe_makeup_sg · +65 9633 2591 · chloemakeupsg@gmail.com · “Miss Chloe's bridal makeup is super beautiful! Very thoughtful and aesthetically pleasing! highly recommended :)”,,,,2023-11-04T08:40:55Z
rec6AiSb3ENfBMGR1,Ollabooth: Photobooth + Video Guestbook in 1,All Vendors,Photobooth & Equipment,ollabooth@gmail.com,,,1062,Instagram: @ollabooth · facebook.com/ollabooth · ollabooth@gmail.com · “Danial and I engaged Ollabooth for our wedding photobooth and we absolutely loved it as much as our guests did! The Ollabooth team were very responsive via email/whatsapp that made our experience with them wonderful! We both were quite lucky cos they released new backdrops a few weeks prior to our wedding so we managed to secure the Tropicana backdrop for our special date! Their service was tip top and the props they offered were of a great variety for the young and old!! (Our aunties and uncles enjoyed the Bob Marley wig the most haha 😂) All the best to you guys and will definitely recommend to our friends and families! Hayati ♡ Danial 19.10.19”,Instagram: @ollabooth · facebook.com/ollabooth · ollabooth@gmail.com · “Danial and I engaged Ollabooth for our wedding photobooth and we absolutely loved it as much as our guests did! The Ollabooth team were very responsive via email/whatsapp that made our experience with them wonderful! We both were quite lucky cos they released new backdrops a few weeks prior to our wedding so we managed to secure the Tropicana backdrop for our special date! Their service was tip top and the props they offered were of a great variety for the young and old!! (Our aunties and uncles enjoyed the Bob Marley wig the most haha 😂) All the best to you guys and will definitely recommend to our friends and families! Hayati ♡ Danial 19.10.19”,,,,2026-03-20T14:59:40Z
recSIxdlhVbR2POTt,Joyce Yeo Makeup,All Vendors,Makeup Artist,hi@joyceyeomakeup.com,+65 9067 9807,http://www.joyceyeomakeup.com/,1057,"Instagram: @joyceyeomakeup · facebook.com/joyceyeomakeup · +65 9067 9807 · hi@joyceyeomakeup.com · “Joyce has been an incredible help for my recent wedding. She provided practical and useful tips on wedding planning (sometimes even beyond make-up, hair and outfit). I felt very assured leading up to the wedding because I knew she was on top of things. Even though I had to rejig the schedule a few times, she was patient and accommodating. Really appreciated the help. Both Joyce and Jovis (who helped my family with their make-up) are also excellent and skillful in what they do.”","Instagram: @joyceyeomakeup · facebook.com/joyceyeomakeup · +65 9067 9807 · hi@joyceyeomakeup.com · “Joyce has been an incredible help for my recent wedding. She provided practical and useful tips on wedding planning (sometimes even beyond make-up, hair and outfit). I felt very assured leading up to the wedding because I knew she was on top of things. Even though I had to rejig the schedule a few times, she was patient and accommodating. Really appreciated the help. Both Joyce and Jovis (who helped my family with their make-up) are also excellent and skillful in what they do.”",,,,2023-11-04T08:40:55Z
recTRx1YDLYoSowxY,Julian Ng Photography,All Vendors,Photographer & Videographer,photoswith.julian@gmail.com,+65 9651 0066,https://julian-ng.wixstudio.io/site,1051,"Instagram: @coloursofnostalgia · +65 9651 0066 · photoswith.julian@gmail.com · “Great shots, taken with style n capturing the moments, it was great to have you as our wedding photographer 😁”","Instagram: @coloursofnostalgia · +65 9651 0066 · photoswith.julian@gmail.com · “Great shots, taken with style n capturing the moments, it was great to have you as our wedding photographer 😁”",,,,2023-09-20T08:59:48Z
recOYKDt9nTkenUEc,Xigua Photobooth,All Vendors,Photobooth & Equipment,xiguaphotobooth@gmail.com,91007821,,1027,Instagram: @xiguaphotobooth · 91007821 · xiguaphotobooth@gmail.com · “The photo booth was awesome and our guests had lots of fun. Thank you so much! ”,Instagram: @xiguaphotobooth · 91007821 · xiguaphotobooth@gmail.com · “The photo booth was awesome and our guests had lots of fun. Thank you so much! ”,,,,2026-01-28T10:58:47Z
recfS9ZqXnrVPzmVA,Octopus Reels | Video Guestbook & Wedding Experiences,All Vendors,"Florists & Wedding Styling, Photobooth & Equipment",sales@octopusreels.com,+65 8628 8979,https://octopusreels.com/store-video-guestbook,1026,Instagram: @octopusreels · +65 8628 8979 · sales@octopusreels.com · “Had a wonderful experience with the team! Very professionally done for our wedding and we loved it so much! Excellent service and value for your money! Definitely a must get for weddings with Octopus Reel! :)”,Instagram: @octopusreels · +65 8628 8979 · sales@octopusreels.com · “Had a wonderful experience with the team! Very professionally done for our wedding and we loved it so much! Excellent service and value for your money! Definitely a must get for weddings with Octopus Reel! :)”,,,,2026-03-20T15:42:35Z
reclz3LyxuxYgcbMP,6 Diamonds Photography & Videography,All Vendors,Photographer & Videographer,,+65 8314 6899,http://info.6diamonds.sg/,1012,"Instagram: @6diamondssg · +65 8314 6899 · “We couldn’t have asked for a better photographer and videographer! 6Diamonds team captured every special moment beautifully, from candid shots to emotional highlights. They made us feel comfortable, worked seamlessly behind the scenes, and delivered stunning photos and a magical wedding film. Highly professional, creative, and a joy to work with, highly recommended!”","Instagram: @6diamondssg · +65 8314 6899 · “We couldn’t have asked for a better photographer and videographer! 6Diamonds team captured every special moment beautifully, from candid shots to emotional highlights. They made us feel comfortable, worked seamlessly behind the scenes, and delivered stunning photos and a magical wedding film. Highly professional, creative, and a joy to work with, highly recommended!”",,,,2025-03-07T12:58:34Z
reci3kuMziYDfw1jJ,The Bliss Assembly,All Vendors,Florists & Wedding Styling,blissassembly@gmail.com,80906966,http://www.theblissassembly.com/,1002,Instagram: @theblissassembly · facebook.com/theblissassembly · 80906966 · blissassembly@gmail.com · “Thanks for all the effort. It turn out really great and nice. Meaning for us as it was also from our ROM. We are grateful and thankful for you.”,Instagram: @theblissassembly · facebook.com/theblissassembly · 80906966 · blissassembly@gmail.com · “Thanks for all the effort. It turn out really great and nice. Meaning for us as it was also from our ROM. We are grateful and thankful for you.”,,,,2025-03-27T02:38:48Z
recJhaxyXdBR4zDNG,Emcee MJ (emceemjl),All Vendors,Emcees & Entertainment,,,,994,"Instagram: @emceemjl · “Hi all. If yall are looking for an Emcee, you might want to look for Emcee MJ, fluent in Mandarin and English. INSTA: emceemjl. I engaged her last minute 1 week before my wedding due to some changes. Luckily my wedding is on a weekday and she is available. We met up to discuss the event flow the next day. Discussion was short and efficient. She took down some notes and fully understood my wedding flow. She gave useful tips and suggested to sing for us at appropriate timings to keep the guests occupied. Her singing awesome as well. Highly recommended.👍👍👍”","Instagram: @emceemjl · “Hi all. If yall are looking for an Emcee, you might want to look for Emcee MJ, fluent in Mandarin and English. INSTA: emceemjl. I engaged her last minute 1 week before my wedding due to some changes. Luckily my wedding is on a weekday and she is available. We met up to discuss the event flow the next day. Discussion was short and efficient. She took down some notes and fully understood my wedding flow. She gave useful tips and suggested to sing for us at appropriate timings to keep the guests occupied. Her singing awesome as well. Highly recommended.👍👍👍”",,,,2024-01-20T13:21:12Z
reckPzGMpwBpYrtWP,AUTELIER MAKEUP,All Vendors,Makeup Artist,,+65 8186 4688,http://www.auteliermakeup.com/,992,"Instagram: @autelier_makeup · facebook.com/auteliermakeup · +65 8186 4688 · “I engaged Hana as my PWS MUA. she is very friendly, feels comfortable talking to her while doing the makeup! the makeup lasted the whole day which was awesome! not to forget the hair that she has done was really pretty! she even check up with me halfway through the PWS to ensure that makeup and hair is still in good condition. definitely a great experience with Hana! 👍🏻”","Instagram: @autelier_makeup · facebook.com/auteliermakeup · +65 8186 4688 · “I engaged Hana as my PWS MUA. she is very friendly, feels comfortable talking to her while doing the makeup! the makeup lasted the whole day which was awesome! not to forget the hair that she has done was really pretty! she even check up with me halfway through the PWS to ensure that makeup and hair is still in good condition. definitely a great experience with Hana! 👍🏻”",,,,2023-11-04T08:40:55Z
recT0aZMF9Ou7tF30,Wedding Crafters,All Vendors,Gowns & Bridal Shops,,+65 8182 6226,https://weddingcrafters.com.sg/,992,"Instagram: @weddingcrafterssg · facebook.com/weddingcraftersSG · +65 8182 6226 · “Really amazing experience with Wedding Crafters, making the appointment was really easy and Cheryl gave me many great suggestions even though I was unsure of what I wanted and what would suit me. Their gowns are so beautiful and I love that they have such a wide variety and release more every few months. They are always super prompt in replying my queries and also helped me find a makeup artist and photographer too. Thank you so much!”","Instagram: @weddingcrafterssg · facebook.com/weddingcraftersSG · +65 8182 6226 · “Really amazing experience with Wedding Crafters, making the appointment was really easy and Cheryl gave me many great suggestions even though I was unsure of what I wanted and what would suit me. Their gowns are so beautiful and I love that they have such a wide variety and release more every few months. They are always super prompt in replying my queries and also helped me find a makeup artist and photographer too. Thank you so much!”",,,,2024-01-07T08:12:10Z
rec9qWg9H0KgkpJsm,Dear Muse Makeup & Hairstyling,All Vendors,Makeup Artist,,,http://dearmuse.sg/,986,Instagram: @dearmuse.makeup · “Makeup & Hair for my PWS was done by Annie 💖 I don’t have any preference on the styling or the makeup. I let her style my hair and I love it 🥹 can’t wait to engage DearMuse for my AD”,Instagram: @dearmuse.makeup · “Makeup & Hair for my PWS was done by Annie 💖 I don’t have any preference on the styling or the makeup. I let her style my hair and I love it 🥹 can’t wait to engage DearMuse for my AD”,,,,2023-11-04T08:40:55Z
rec1kTVdVKRqXBZQY,Makeup Maestro,All Vendors,Makeup Artist,enquiry@makeupmaestro.sg,+65 9111 7539,http://www.makeupmaestrowedding.sg/,986,"Instagram: @makeupmaestrowedding · facebook.com/makeupmaestrowedding · +65 9111 7539 · enquiry@makeupmaestro.sg · “Had the opportunity to work with Jas for my special day and I can’t be more pleased with the outcome. I spent a long time looking for a makeup artist because I did not want the conventional bridal make up look (Korean/ simple nude look) which was pretty much the look that most would specialize in. I preferred a bolder look and most importantly, still looking like myself. I did not have time for a trial and all we did was to exchange a few emails. Jas pulled off exactly what I wanted and even exceeded my expectations - she was very open to hear feedback on what I preferred and what I was comfortable with, which is very much appreciated. Jas was super chill and easygoing - which is super important especially when all the nerves and time pressure that was building up for the day. Thank you Jas for making me so beautiful!”","Instagram: @makeupmaestrowedding · facebook.com/makeupmaestrowedding · +65 9111 7539 · enquiry@makeupmaestro.sg · “Had the opportunity to work with Jas for my special day and I can’t be more pleased with the outcome. I spent a long time looking for a makeup artist because I did not want the conventional bridal make up look (Korean/ simple nude look) which was pretty much the look that most would specialize in. I preferred a bolder look and most importantly, still looking like myself. I did not have time for a trial and all we did was to exchange a few emails. Jas pulled off exactly what I wanted and even exceeded my expectations - she was very open to hear feedback on what I preferred and what I was comfortable with, which is very much appreciated. Jas was super chill and easygoing - which is super important especially when all the nerves and time pressure that was building up for the day. Thank you Jas for making me so beautiful!”",,,,2023-11-04T08:40:55Z
recgObBjqjttezAc9,Yikeshu Pre-Wedding Photography Studio,All Vendors,Photographer & Videographer,,+65 6221 9096,https://www.yikeshu.com.sg/,986,"facebook.com/yikeshu · +65 6221 9096 · “We are grateful to Yikeshu Photography Studio for providing my kid with an amazing cake smash photo shoot. Both the photographer and the team are incredibly helpful and kind. They know how to handle baby during the shoot, and the finished images are stunning. Thank You Jolene and Yikeshu!”","facebook.com/yikeshu · +65 6221 9096 · “We are grateful to Yikeshu Photography Studio for providing my kid with an amazing cake smash photo shoot. Both the photographer and the team are incredibly helpful and kind. They know how to handle baby during the shoot, and the finished images are stunning. Thank You Jolene and Yikeshu!”",,,,2024-01-07T08:12:12Z
recSt3PISz1Je8TXw,Bliss Wedding Cars,All Vendors,Others,,,http://blissweddingcars.sg/,986,"Instagram: @blissweddingcars · “Big thanks to Louis and his team from Bliss Wedding Cars for ensuring a hassle free and smooth experience on my wedding day! Louis is very professional, fast to reply and coordinated the logistics well with his team. Also big thanks to Lina who was our chauffeur on our wedding day, for making a trip down to get the wedding car decorations done the day before and also being patient, polite, helpful and punctual on the wedding day. Overall very pleasant experience and highly recommend this bridal car rental services!”","Instagram: @blissweddingcars · “Big thanks to Louis and his team from Bliss Wedding Cars for ensuring a hassle free and smooth experience on my wedding day! Louis is very professional, fast to reply and coordinated the logistics well with his team. Also big thanks to Lina who was our chauffeur on our wedding day, for making a trip down to get the wedding car decorations done the day before and also being patient, polite, helpful and punctual on the wedding day. Overall very pleasant experience and highly recommend this bridal car rental services!”",,,,2024-01-07T08:12:12Z
recMTwdWEYtkwGctk,Glamourdoll Bridal & Bollywood Costume,All Vendors,Gowns & Bridal Shops,,+65 9423 0237,http://glamourdollsg.com/,984,Instagram: @glamourdoll.sg · facebook.com/Glamourdoll.SG · +65 9423 0237 · “Ms Farida is a super friendly boss who really helped my friends who the styling of their outfits and making sure they looked good. I am really grateful for her kindness and I would recommend Glamourdoll to friends looking for outfit rental.”,Instagram: @glamourdoll.sg · facebook.com/Glamourdoll.SG · +65 9423 0237 · “Ms Farida is a super friendly boss who really helped my friends who the styling of their outfits and making sure they looked good. I am really grateful for her kindness and I would recommend Glamourdoll to friends looking for outfit rental.”,,,,2024-01-07T08:12:12Z
receRfxCnGzTbh5yn,Rio Diamonds,All Vendors,Rings & Jewelry,,+65 9014 5988,http://the-rio.com/,984,+65 9014 5988 · “Very happy with their service. They are always very helpful and very patient with us selecting our wedding bands. Thank you for the 5 star service!”,+65 9014 5988 · “Very happy with their service. They are always very helpful and very patient with us selecting our wedding bands. Thank you for the 5 star service!”,,,,2025-01-05T05:33:51Z
receoIZVUnVyod1c8,JannPaul Diamonds Singapore,All Vendors,Rings & Jewelry,,+65 9021 9891,https://www.jannpaul.com/,983,"+65 9021 9891 · “Commendation for Avery - I recently visited JannPaul Diamonds with my daughter to select jewelry for her wedding. We were fortunate to be assisted by Avery. Beyond her evident expertise in the field, Avery was exceptionally pleasant and helpful throughout our interaction. She diligently addressed all our inquiries, even going the extra mile to assist us while on her holiday.  This dedication was truly unexpected and highly appreciated. We would like to express our sincere gratitude for Avery's outstanding work ethic and the genuine kindness and sincerity she displayed throughout the entire process. Thank you, Avery! (27 December 2024) -”","+65 9021 9891 · “Commendation for Avery - I recently visited JannPaul Diamonds with my daughter to select jewelry for her wedding. We were fortunate to be assisted by Avery. Beyond her evident expertise in the field, Avery was exceptionally pleasant and helpful throughout our interaction. She diligently addressed all our inquiries, even going the extra mile to assist us while on her holiday.  This dedication was truly unexpected and highly appreciated. We would like to express our sincere gratitude for Avery's outstanding work ethic and the genuine kindness and sincerity she displayed throughout the entire process. Thank you, Avery! (27 December 2024) -”",,,,2025-01-05T05:33:48Z
receJ2DmU5v7rckLp,Smittenpixels Co.,All Vendors,Photographer & Videographer,,,http://www.smittenpixels.com/,979,"Instagram: @smittenpixels.co · facebook.com/smittenpixelsphotography · “I cannot recommend SmittenPixels enough for their exceptional wedding photography and videography services! From start to finish, working with Dorothy, Kevin, and Jayden was an absolute pleasure. They were incredibly professional, friendly, and went above and beyond to ensure that our wedding memories were captured perfectly. Dorothy, Kevin, and Jayden were an absolute dream team on the day of our wedding. They arrived early to scout out the venue, and their attention to detail was truly impressive. They were able to capture every single moment of our special day, and we couldn't be happier with the results. What sets SmittenPixels apart from other wedding photographers and videographers is their incredible skill and talent. They have a true eye for capturing beautiful, natural moments, and their editing skills are second to none. We were blown away by the quality of the photos and videos we received from them. Overall, if you are looking for top-notch wedding photography and videography services, look no further than SmittenPixels. Dorothy, Kevin, and Jayden are true professionals who are passionate about their work, and it shows in the amazing memories they were able to capture for us. Thank you so much for everything!”","Instagram: @smittenpixels.co · facebook.com/smittenpixelsphotography · “I cannot recommend SmittenPixels enough for their exceptional wedding photography and videography services! From start to finish, working with Dorothy, Kevin, and Jayden was an absolute pleasure. They were incredibly professional, friendly, and went above and beyond to ensure that our wedding memories were captured perfectly. Dorothy, Kevin, and Jayden were an absolute dream team on the day of our wedding. They arrived early to scout out the venue, and their attention to detail was truly impressive. They were able to capture every single moment of our special day, and we couldn't be happier with the results. What sets SmittenPixels apart from other wedding photographers and videographers is their incredible skill and talent. They have a true eye for capturing beautiful, natural moments, and their editing skills are second to none. We were blown away by the quality of the photos and videos we received from them. Overall, if you are looking for top-notch wedding photography and videography services, look no further than SmittenPixels. Dorothy, Kevin, and Jayden are true professionals who are passionate about their work, and it shows in the amazing memories they were able to capture for us. Thank you so much for everything!”",,,,2023-09-20T08:59:46Z
recCNommYLsWoPaN5,Emcee Stanley,All Vendors,Emcees & Entertainment,stanleysoh@emceestanley.com,+65 8691 8168,https://www.emceestanley.com/,979,"facebook.com/emceestantheman · +65 8691 8168 · stanleysoh@emceestanley.com · “Because of Stanley’s professionalism, our wedding was a huge success! Thanks for taking so much initiative to ensure everything ran smoothly. Can really sense his passion and commitment when it comes to hosting, and of course his enthusiasm and occasional jokes helping to uplift the mood! Really glad that we got to work with Stanley!”","facebook.com/emceestantheman · +65 8691 8168 · stanleysoh@emceestanley.com · “Because of Stanley’s professionalism, our wedding was a huge success! Thanks for taking so much initiative to ensure everything ran smoothly. Can really sense his passion and commitment when it comes to hosting, and of course his enthusiasm and occasional jokes helping to uplift the mood! Really glad that we got to work with Stanley!”",,,,2024-07-18T15:26:40Z
rec7NNy2awgX8HTbB,Ling Jewellery,All Vendors,Rings & Jewelry,,+65 6238 8712,http://www.lingjewellery.com.sg/,979,"+65 6238 8712 · “We first visited Ling Jewellery back in 2014 when we were shopping for wedding bands. Ling suggested back then on a wedding band that could complement my wife's engagement ring (which was a solitaire bought from a separate retailer) when worn together. The idea was that in future - there could be an opportunity to get another similar band to better complement the original solitaire + wedding band combo. Fast forward another ten years, and in celebration of our 10th wedding anniversary, we purchased yet another two rings from Ling Jewellery to celebrate a decade of being together. :) Ling and her team provide excellent service, whilst listening and understanding our preferences. Combined with a stunning variety of well-designed rings, its a small wonder that my wife always leaves the shop with a smile on her face. (This paragraph remains true for both our visits in 2014 and 2024.) To all men - do try to make an appointment and bring your partner here when shopping for rings. You'll probably score a bunch of points. To all ladies - just drag your man here. 'Nuff said. :P”","+65 6238 8712 · “We first visited Ling Jewellery back in 2014 when we were shopping for wedding bands. Ling suggested back then on a wedding band that could complement my wife's engagement ring (which was a solitaire bought from a separate retailer) when worn together. The idea was that in future - there could be an opportunity to get another similar band to better complement the original solitaire + wedding band combo. Fast forward another ten years, and in celebration of our 10th wedding anniversary, we purchased yet another two rings from Ling Jewellery to celebrate a decade of being together. :) Ling and her team provide excellent service, whilst listening and understanding our preferences. Combined with a stunning variety of well-designed rings, its a small wonder that my wife always leaves the shop with a smile on her face. (This paragraph remains true for both our visits in 2014 and 2024.) To all men - do try to make an appointment and bring your partner here when shopping for rings. You'll probably score a bunch of points. To all ladies - just drag your man here. 'Nuff said. :P”",,,,2025-01-05T05:33:49Z
recJAanXhx3mQxhbj,Substance Films,All Vendors,Photographer & Videographer,,+65 9711 7359 ext. 92994143,https://www.substancefilms.com/,978,"Instagram: @substancefilms · facebook.com/TheSubstanceFilms · +65 9711 7359 ext. 92994143 · “Halfway through my friend's wedding i asked Yang for his number, because his video really really really SUPER nice. I wish i could show you, i kena shock.. why so nice. I cried alot, somemore im not even the bride. Yang is the friendliest and he made us all bridesmaid/groomsmen feel comfortable during our videoshoot. Next time when its my turn i will only engage him 😆😆😆”","Instagram: @substancefilms · facebook.com/TheSubstanceFilms · +65 9711 7359 ext. 92994143 · “Halfway through my friend's wedding i asked Yang for his number, because his video really really really SUPER nice. I wish i could show you, i kena shock.. why so nice. I cried alot, somemore im not even the bride. Yang is the friendliest and he made us all bridesmaid/groomsmen feel comfortable during our videoshoot. Next time when its my turn i will only engage him 😆😆😆”",,,,2023-09-20T08:59:48Z
recJhLphHqgqF0USX,Atiqahho,All Vendors,Makeup Artist,hello@beautywithoutfilter.com,8200 5334,https://www.beautywithoutfilter.com/,978,Instagram: @beautywithoutfilter · facebook.com/beautywithoutfilter · 8200 5334 · hello@beautywithoutfilter.com · “Atiqah is a professional who can transform your look remarkably on your wedding day. We had our wedding at Clifford pier and was so amazed by her skills that we hired her again for our post wedding photoshoot. Highly recommend !”,Instagram: @beautywithoutfilter · facebook.com/beautywithoutfilter · 8200 5334 · hello@beautywithoutfilter.com · “Atiqah is a professional who can transform your look remarkably on your wedding day. We had our wedding at Clifford pier and was so amazed by her skills that we hired her again for our post wedding photoshoot. Highly recommend !”,,,,2023-11-04T08:40:57Z
recyEtgx7AVD8pHVN,ALUXE Ion Orchard,All Vendors,Rings & Jewelry,,+65 8332 0189,https://www.aluxe.com/sg-en/,978,+65 8332 0189 · “After viewing a few other shops we still decide to come back to Aluxe for our wedding rings. Amazingly Lyricz still remembers us since our last visit one month ago and very patiently help us find the rings with unique design. It was a very nice shopping experience. Highly recommend this brand!”,+65 8332 0189 · “After viewing a few other shops we still decide to come back to Aluxe for our wedding rings. Amazingly Lyricz still remembers us since our last visit one month ago and very patiently help us find the rings with unique design. It was a very nice shopping experience. Highly recommend this brand!”,,,,2025-01-05T05:33:42Z
rec6gmkkZXfPdCen1,House of Hung,All Vendors,Rings & Jewelry,,+65 6235 2897,,978,"+65 6235 2897 · “I couldn’t be happier with my wedding ring! The craftsmanship is outstanding, and the attention to detail is evident in every sparkle of the diamond. The staff was incredibly helpful, guiding us through the process and ensuring we found exactly what we were looking for. The ring fits perfectly and feels comfortable to wear every day. Highly recommend this jeweler for anyone looking for a timeless, beautiful piece.”","+65 6235 2897 · “I couldn’t be happier with my wedding ring! The craftsmanship is outstanding, and the attention to detail is evident in every sparkle of the diamond. The staff was incredibly helpful, guiding us through the process and ensuring we found exactly what we were looking for. The ring fits perfectly and feels comfortable to wear every day. Highly recommend this jeweler for anyone looking for a timeless, beautiful piece.”",,,,2025-01-05T05:33:48Z
rec5RajiKchFQl95M,@ ME WEDDING STUDIO,All Vendors,Photographer & Videographer,atmeweddingsg@gmail.com,+65 8869 8641,http://www.atmewedding.com/,977,Instagram: @atmeweddingstudio · facebook.com/atmeweddingstudio · +65 8869 8641 · atmeweddingsg@gmail.com · “Great wedding photo experience. Friendly attitude. The makeup artist and photographer are very professional. It is highly recommended for everyone to take wedding photos here. Great value for money❤️”,Instagram: @atmeweddingstudio · facebook.com/atmeweddingstudio · +65 8869 8641 · atmeweddingsg@gmail.com · “Great wedding photo experience. Friendly attitude. The makeup artist and photographer are very professional. It is highly recommended for everyone to take wedding photos here. Great value for money❤️”,,,,2023-09-20T08:59:47Z
recv4yaTdlEhX4wei,GIOIA Fine Jewellery,All Vendors,Rings & Jewelry,,+65 6100 2238,https://gioia.com.sg/,977,"+65 6100 2238 · “I wanted a pink gemstone to celebrate our wedding anniversary, that would work well with a wedding band that my wife already has. Clarence and Cheryl were very helpful in explaining the different gemstones available and suggested a beautiful design that fit perfectly with the wedding band. My wife loved it!”","+65 6100 2238 · “I wanted a pink gemstone to celebrate our wedding anniversary, that would work well with a wedding band that my wife already has. Clarence and Cheryl were very helpful in explaining the different gemstones available and suggested a beautiful design that fit perfectly with the wedding band. My wife loved it!”",,,,2025-01-05T05:33:47Z
recnZpAzjzHpDXVA4,The Unique Stories,All Vendors,Photographer & Videographer,enquiries@chrisling.com,+65 9328 6979,https://www.chrisling.com/,975,"Instagram: @chrislingphotography · facebook.com/chrisling.intl · +65 9328 6979 · enquiries@chrisling.com · “We had such a great experience with Chris Ling and Z wedding from the start until the end. Specially thanks to our photographer Jacky, he is really professional and he have made our photoshoot journey an enjoyable and fun one. We love Jacky photoshoot skill 👍🏻👍🏻 My make up artist Amber, she is very lovely and I really love her make up skill and hair styling skill. Not to forget Joey, she is really amazing and helped us with the entire journey from choosing gown, photos and wedding preparations. Thank you to Chris Ling and Z wedding entire team for this amazing journey 👍🏻”","Instagram: @chrislingphotography · facebook.com/chrisling.intl · +65 9328 6979 · enquiries@chrisling.com · “We had such a great experience with Chris Ling and Z wedding from the start until the end. Specially thanks to our photographer Jacky, he is really professional and he have made our photoshoot journey an enjoyable and fun one. We love Jacky photoshoot skill 👍🏻👍🏻 My make up artist Amber, she is very lovely and I really love her make up skill and hair styling skill. Not to forget Joey, she is really amazing and helped us with the entire journey from choosing gown, photos and wedding preparations. Thank you to Chris Ling and Z wedding entire team for this amazing journey 👍🏻”",,,,2023-09-20T08:59:49Z
reclpXOxKeTpgrPjO,AnchorBlanc,All Vendors,Live Music,,+65 9278 2664,http://anchorblanclivemusic.com/,975,"+65 9278 2664 · “We recently had our wedding at the Mandarin Oriental, and AnchorBlanc - Charles & Feryln did a fantastic job! From the very beginning, Ferlyn was very helpful where she offered valuable advice and suggestions on our wedding program. On the big day, the live band was amazing! Our guests loved the song requests and singing segments, and the atmosphere was electric. Charles, our emcee, kept the crowd engaged with his charisma and even surprised everyone with some impressive beatboxing skills! A huge thank you to AnchorBlanc for making our wedding special and memorable! Highly recommend to anyone looking for live band and emcee services for their event!”","+65 9278 2664 · “We recently had our wedding at the Mandarin Oriental, and AnchorBlanc - Charles & Feryln did a fantastic job! From the very beginning, Ferlyn was very helpful where she offered valuable advice and suggestions on our wedding program. On the big day, the live band was amazing! Our guests loved the song requests and singing segments, and the atmosphere was electric. Charles, our emcee, kept the crowd engaged with his charisma and even surprised everyone with some impressive beatboxing skills! A huge thank you to AnchorBlanc for making our wedding special and memorable! Highly recommend to anyone looking for live band and emcee services for their event!”",,,,2024-04-14T02:58:11Z
recIHeKeTXDy1ars7,Two Of Us SG 二人世界,All Vendors,"Emcees & Entertainment, Live Music",,+65 8842 6856,https://twoofus.sg/,975,"+65 8842 6856 · “Really thankful to Choy Ting and Ernest for your live band service for our wedding day! Our guests are so engaged and entertained. Thank you for accommodating to our live singing request and helping to hype up our guests, we really love it! To those couples who wish to engage live band services, we will really recommend Two Of Us SG ❤️”","+65 8842 6856 · “Really thankful to Choy Ting and Ernest for your live band service for our wedding day! Our guests are so engaged and entertained. Thank you for accommodating to our live singing request and helping to hype up our guests, we really love it! To those couples who wish to engage live band services, we will really recommend Two Of Us SG ❤️”",,,,2024-04-14T02:58:13Z
rec4IlzFFHwLFsjlm,Antelope Studios,All Vendors,Photographer & Videographer,happy@antelopestudios.com,9636 1050,http://www.antelopestudios.com/,974,Instagram: @antelopestudios · facebook.com/antelopestudios · 9636 1050 · happy@antelopestudios.com · “We engaged Bryan from Antelope for our AD shoot (we didn’t do a PWS) and were very happy with the results! My husband and I are rather stiff in front of the camera but Bryan managed to make us feel ve”,Instagram: @antelopestudios · facebook.com/antelopestudios · 9636 1050 · happy@antelopestudios.com · “We engaged Bryan from Antelope for our AD shoot (we didn’t do a PWS) and were very happy with the results! My husband and I are rather stiff in front of the camera but Bryan managed to make us feel ve”,,,,2023-11-15T14:12:12Z
recntWJi1jSSkIJnP,K Gown,All Vendors,Gowns & Bridal Shops,,+65 8113 9501,https://www.kgown.com/,974,Instagram: @kgown_bridal · facebook.com/KGown · +65 8113 9501 · “Kim is very helpful and friendly. I had a good experience with her. Thank you!”,Instagram: @kgown_bridal · facebook.com/KGown · +65 8113 9501 · “Kim is very helpful and friendly. I had a good experience with her. Thank you!”,,,,2024-01-07T08:12:10Z
rec3Q8lJ1x1p0KkkS,August Bespoke,All Vendors,Rings & Jewelry,,+65 8952 8238,https://www.augustbespoke.com/,974,"+65 8952 8238 · “My wife and I couldn’t be happier with the wedding rings we got from August Bespoke Jewelry! From the very first consultation to the moment we slipped those rings on, the entire experience was nothing short of perfect. What stood out the most was the personalized service. Yvette went above and beyond to design something that felt uniquely us. Every step of the process felt thoughtful — she kept us updated, shared design options, and even accommodated some last-minute changes we requested. The rings? Just WOW. When we finally saw them, they were even better than we imagined. The craftsmanship is flawless, and you can really tell the care that went into every detail. It’s such a special feeling knowing that these rings were made just for us. If you’re looking for bespoke wedding jewelry with a personal touch and impeccable design, look no further. Thank you, Yvette and August Bespoke Jewelry, for making such an important part of our journey so memorable! Highly recommended for anyone looking for a meaningful, stress-free, and fun ring-buying process. P.S. Don’t forget to check out the photos — their work speaks for itself!”","+65 8952 8238 · “My wife and I couldn’t be happier with the wedding rings we got from August Bespoke Jewelry! From the very first consultation to the moment we slipped those rings on, the entire experience was nothing short of perfect. What stood out the most was the personalized service. Yvette went above and beyond to design something that felt uniquely us. Every step of the process felt thoughtful — she kept us updated, shared design options, and even accommodated some last-minute changes we requested. The rings? Just WOW. When we finally saw them, they were even better than we imagined. The craftsmanship is flawless, and you can really tell the care that went into every detail. It’s such a special feeling knowing that these rings were made just for us. If you’re looking for bespoke wedding jewelry with a personal touch and impeccable design, look no further. Thank you, Yvette and August Bespoke Jewelry, for making such an important part of our journey so memorable! Highly recommended for anyone looking for a meaningful, stress-free, and fun ring-buying process. P.S. Don’t forget to check out the photos — their work speaks for itself!”",,,,2025-01-05T05:33:42Z
recfVCRCe5yWxh8pe,Victoria Han Makeup,All Vendors,Makeup Artist,,+65 8526 6704,https://www.victoriahanstudio.com.sg/,973,Instagram: @victoriahan_makeup · facebook.com/VictoriaHan-Makeup-Studio-100068966344428 · +65 8526 6704 · “Victoria is very skillful. Love her bride makeup and hair! I engaged her as my makeup artist cause I fell in love with the hair she did for others! Strongly recommend her”,Instagram: @victoriahan_makeup · facebook.com/VictoriaHan-Makeup-Studio-100068966344428 · +65 8526 6704 · “Victoria is very skillful. Love her bride makeup and hair! I engaged her as my makeup artist cause I fell in love with the hair she did for others! Strongly recommend her”,,,,2023-11-04T08:40:55Z
recBrNtEmPG0FwXDG,Powderpuffed Makeup for Brides,All Vendors,Makeup Artist,,+65 8883 3764,https://www.powderpuffed.com/,973,"Instagram: @powderpuffedsg · facebook.com/powderpuffedsg · +65 8883 3764 · “I had the pleasure of hiring Phoebe for my evening makeup on my special day, and I couldn't be happier with the experience. Phoebe's easygoing and friendly nature made communication a breeze. During the trial, I asked for her hairstyle recommendations, and I was thrilled with the result, her choice suited me perfectly. On the actual day, her makeup skills shone, and I was delighted with both looks. 😍 Choosing Phoebe was a fantastic decision, and I couldn't be happier with the outcome! 🥳🥰 Thank you Phoebe!”","Instagram: @powderpuffedsg · facebook.com/powderpuffedsg · +65 8883 3764 · “I had the pleasure of hiring Phoebe for my evening makeup on my special day, and I couldn't be happier with the experience. Phoebe's easygoing and friendly nature made communication a breeze. During the trial, I asked for her hairstyle recommendations, and I was thrilled with the result, her choice suited me perfectly. On the actual day, her makeup skills shone, and I was delighted with both looks. 😍 Choosing Phoebe was a fantastic decision, and I couldn't be happier with the outcome! 🥳🥰 Thank you Phoebe!”",,,,2023-11-04T08:40:57Z
rec1nKelYKIG4YIfX,Glasshouse Flower Studio,All Vendors,Florists & Wedding Styling,glasshouseflowerstudio@gmail.com,+65 9072 4766,https://glasshouseflowerstudio.com/,973,"Instagram: @glasshouse.co_ · +65 9072 4766 · glasshouseflowerstudio@gmail.com · “Sweet lady boss who put in her heart in designing beautiful arrangements. I always recommend to my friends because of how unique the flowers look and the variety they offer, not to mention the good service and experience that comes with it! 😄 This is not the first time I order from Glasshouse and definitely wont be last!”","Instagram: @glasshouse.co_ · +65 9072 4766 · glasshouseflowerstudio@gmail.com · “Sweet lady boss who put in her heart in designing beautiful arrangements. I always recommend to my friends because of how unique the flowers look and the variety they offer, not to mention the good service and experience that comes with it! 😄 This is not the first time I order from Glasshouse and definitely wont be last!”",,,,2024-03-14T08:27:49Z
recnFQuZdMRXOE2UJ,SIA L.C. Wedding Alteration,All Vendors,Gowns & Bridal Shops,,,https://www.facebook.com/thesialabel,971,"Instagram: @sia_lc · facebook.com/thesialabel · “Very affordable and reasonable gown alteration by the Sia family. You have to book an appointment in advance, I had mine done in a week and I'm very pleased with Mr Sia's work. Just bring your gown and let the professional do his job, Mr Sia pointed out what needs to be fixed almost instantly. This small family business is very homely and welcoming. Mrs Sia would assist you in everything you need, very sweet bunch of people. Thank you again fixing my gown, it's amazing!!”","Instagram: @sia_lc · facebook.com/thesialabel · “Very affordable and reasonable gown alteration by the Sia family. You have to book an appointment in advance, I had mine done in a week and I'm very pleased with Mr Sia's work. Just bring your gown and let the professional do his job, Mr Sia pointed out what needs to be fixed almost instantly. This small family business is very homely and welcoming. Mrs Sia would assist you in everything you need, very sweet bunch of people. Thank you again fixing my gown, it's amazing!!”",,,,2024-01-07T08:12:10Z
recVxx9B5guYMwqwp,Traditional Chinese Wedding Attires Boutique Singapore,All Vendors,Gowns & Bridal Shops,,+65 9843 5577,https://www.theredwedding.com/?utm_source=google&utm_medium=organic&utm_campaign=gbp_profile,971,Instagram: @the_red_wedding · facebook.com/TheRedWedding2007 · +65 9843 5577 · “Great experience! Janet was prompt in her replies and offered many helpful advice as well. Will definitely recommend it to bride-to-bes!! :)”,Instagram: @the_red_wedding · facebook.com/TheRedWedding2007 · +65 9843 5577 · “Great experience! Janet was prompt in her replies and offered many helpful advice as well. Will definitely recommend it to bride-to-bes!! :)”,,,,2024-01-07T08:12:10Z
recgH62rT8wfSbJq5,EmceeSG (Hamzie),All Vendors,Emcees & Entertainment,,+65 9022 8411,http://www.emceesg.com/,971,+65 9022 8411 · “Thank you for being my EMCEE on my wedding day! damn talented i would say! found him through youtube! i was worried bcs most wedding i went to their EMCEE are all normal.nothing new. i did a lot of research too but not much emcee post their work online i think only hazmie did that? which is a good move like it makes everything convincing! he did discuss on how i want it. mostly i leave it up to him bcs after seeing his videos on youtube and IG highlights i love how he host wedding events so i put my trust in him and he did well! also it’s an interracial wedding and he make the effort to discuss with my husband on how to pronounce his family names in mandarin. thank you!! ❤️❤️”,+65 9022 8411 · “Thank you for being my EMCEE on my wedding day! damn talented i would say! found him through youtube! i was worried bcs most wedding i went to their EMCEE are all normal.nothing new. i did a lot of research too but not much emcee post their work online i think only hazmie did that? which is a good move like it makes everything convincing! he did discuss on how i want it. mostly i leave it up to him bcs after seeing his videos on youtube and IG highlights i love how he host wedding events so i put my trust in him and he did well! also it’s an interracial wedding and he make the effort to discuss with my husband on how to pronounce his family names in mandarin. thank you!! ❤️❤️”,,,,2024-04-14T02:58:11Z
recYXtj522sAuRNoh,Kohit Wedding,All Vendors,Photographer & Videographer,kohitwedding@naver.com,,https://kohitwedding.com,970,"Instagram: @koreapreweddingphotoshoot · facebook.com/kohitweddingenglish · kohitwedding@naver.com · “Did our pre-wedding photoshoot with Kohit Wedding and had the best experience! Would definitely recommend engaging Kohit Wedding if you are looking for a photoshoot in Korea. They make the entire planning so smooth and seamless. They are also very responsive in your queries and messages. It was raining heavily on our photoshoot day, but David, Zoie, Hoon and 이모 were the perfect team! They ensure that we could still get the shots we wanted and made the day such a fun and memorable one. It was a perfect experience 10/10!”","Instagram: @koreapreweddingphotoshoot · facebook.com/kohitweddingenglish · kohitwedding@naver.com · “Did our pre-wedding photoshoot with Kohit Wedding and had the best experience! Would definitely recommend engaging Kohit Wedding if you are looking for a photoshoot in Korea. They make the entire planning so smooth and seamless. They are also very responsive in your queries and messages. It was raining heavily on our photoshoot day, but David, Zoie, Hoon and 이모 were the perfect team! They ensure that we could still get the shots we wanted and made the day such a fun and memorable one. It was a perfect experience 10/10!”",,,,2023-11-15T15:06:08Z
rec92Ew8lqcdNi7Vg,Novita Lab Grown Diamonds,All Vendors,Rings & Jewelry,,+65 6980 8200,https://novitadiamonds.com.sg/,970,"+65 6980 8200 · “Both my engagement ring and wedding band are from Novita, and it couldn't have been a better experience! Novita has all the different designs I had ever dreamed of, I wanted something classic but with a thin (yet sturdy) band and I found their classic round diamond with platinum band perfect. The service is also great, Angeline was super patient as I tried multiple different models of the wedding band, and she gave me good advice e.g. platinum suits more your undertone than yellow gold, which was super helpful. The process overall is very easy, you can research online on their website and afterwards schedule an appointment in their store to see them in person and get advice. If I had to buy more diamond jewelry, I would definitely come back!”","+65 6980 8200 · “Both my engagement ring and wedding band are from Novita, and it couldn't have been a better experience! Novita has all the different designs I had ever dreamed of, I wanted something classic but with a thin (yet sturdy) band and I found their classic round diamond with platinum band perfect. The service is also great, Angeline was super patient as I tried multiple different models of the wedding band, and she gave me good advice e.g. platinum suits more your undertone than yellow gold, which was super helpful. The process overall is very easy, you can research online on their website and afterwards schedule an appointment in their store to see them in person and get advice. If I had to buy more diamond jewelry, I would definitely come back!”",,,,2025-01-05T05:33:51Z
reclihjdmm7cvdLrQ,Androidsinboots,All Vendors,Photographer & Videographer,,,http://androidsinboots.com/,969,"Instagram: @androidsinboots · facebook.com/AndroidsinBoots · “Wilson photographed my proposal event and I couldn’t have imagined a better photographer or better photos to capture such a special moment! Huge shoutout to the folks here for their super fast turnaround time, and amazing ability to really capture some of the best interactions and exchanges of the evening — all while staying relatively hidden during the revelry. Can’t recommend this company more to shoot life’s biggest moments!”","Instagram: @androidsinboots · facebook.com/AndroidsinBoots · “Wilson photographed my proposal event and I couldn’t have imagined a better photographer or better photos to capture such a special moment! Huge shoutout to the folks here for their super fast turnaround time, and amazing ability to really capture some of the best interactions and exchanges of the evening — all while staying relatively hidden during the revelry. Can’t recommend this company more to shoot life’s biggest moments!”",,,,2023-09-20T08:59:46Z
recHGwL5LviAKSQow,Hey Stranger Photography,All Vendors,Photographer & Videographer,,+65 8760 8104,https://www.heystranger.sg/,969,"Instagram: @heystranger.photography · +65 8760 8104 · “We had Ming Hwee as our AD photographer and Kayden as our videographer for the day and they definitely did not disappoint! They were both very easy and fun to work with and had many creative ideas with the shots even though it was their first time at the Church. Both of them had great teamwork as well which made the day with them truly enjoyable. Special mention goes to Ming Hwee who unfortunately tripped while rushing to catch a shot of us arriving at the Church and was bleeding profusely but continued on as though nothing has happened. Talk about professionalism at its best! Despite being in pain, Ming Hwee continued to deliver his best without even taking a break and it was only after the wedding that we realized how badly injured Ming Hwee was, poor guy needed a couple of stitches! Ming Hwee was also kind enough to share some sneaks with us and we’re already loving what we’ve seen. Can’t wait for the rest of the photos and videos which we’re sure will turn out great. We are overall very satisfied with the HeyStranger team for their impeccable level of service and professionalism and are very glad we picked the right team to capture our special day for us. From the bottom of our hearts, we would like to thank Ming Hwee, Kayden, Ray and the HeyStranger team for all their hard work and for everything they have done for us.”","Instagram: @heystranger.photography · +65 8760 8104 · “We had Ming Hwee as our AD photographer and Kayden as our videographer for the day and they definitely did not disappoint! They were both very easy and fun to work with and had many creative ideas with the shots even though it was their first time at the Church. Both of them had great teamwork as well which made the day with them truly enjoyable. Special mention goes to Ming Hwee who unfortunately tripped while rushing to catch a shot of us arriving at the Church and was bleeding profusely but continued on as though nothing has happened. Talk about professionalism at its best! Despite being in pain, Ming Hwee continued to deliver his best without even taking a break and it was only after the wedding that we realized how badly injured Ming Hwee was, poor guy needed a couple of stitches! Ming Hwee was also kind enough to share some sneaks with us and we’re already loving what we’ve seen. Can’t wait for the rest of the photos and videos which we’re sure will turn out great. We are overall very satisfied with the HeyStranger team for their impeccable level of service and professionalism and are very glad we picked the right team to capture our special day for us. From the bottom of our hearts, we would like to thank Ming Hwee, Kayden, Ray and the HeyStranger team for all their hard work and for everything they have done for us.”",,,,2023-09-20T08:59:49Z
rechSB4AE0EiW4HJq,Michael Trio,All Vendors,Rings & Jewelry,,+65 6299 0110,http://www.michaeltrio.com/,969,"+65 6299 0110 · “We had a great experience customizing our wedding bands here at Michael Trio. Rain was an excellent help to advice us for the different types of rings, materials, designs and fits. Time to collect the rings was fast too!”","+65 6299 0110 · “We had a great experience customizing our wedding bands here at Michael Trio. Rain was an excellent help to advice us for the different types of rings, materials, designs and fits. Time to collect the rings was fast too!”",,,,2025-01-05T05:33:50Z
reckNSXflqPWD9DZu,Cheeky Frames,All Vendors,Photographer & Videographer,cheekyframesproductions@gmail.com,96953101,https://www.cheekyframes.com/,969,"Instagram: @Cheekyframes · 96953101 · cheekyframesproductions@gmail.com · “Thanks again Jerald for the very fun PWS! We didn't really know what to expect from winning this giveaway but we really had a lot of fun during the shoot. You were very professional, clear in your vision, gave v clear directions for posing too but at the same time very quick and adaptable when it came to capturing raw moments between Devin and I when we were just being ourselves We felt like we could really just enjoy the moment and let you take over cos we could tell you defo knew your stuff. I also really respect how you went over and beyond to get every possible shot for us. Devin and I have shown the pics to many of our friends and family and they all say that this is definitely a service they'd pay for themselves! Wishing for your business to be BOOMING you for getting the pics out super fast also!!”","Instagram: @Cheekyframes · 96953101 · cheekyframesproductions@gmail.com · “Thanks again Jerald for the very fun PWS! We didn't really know what to expect from winning this giveaway but we really had a lot of fun during the shoot. You were very professional, clear in your vision, gave v clear directions for posing too but at the same time very quick and adaptable when it came to capturing raw moments between Devin and I when we were just being ourselves We felt like we could really just enjoy the moment and let you take over cos we could tell you defo knew your stuff. I also really respect how you went over and beyond to get every possible shot for us. Devin and I have shown the pics to many of our friends and family and they all say that this is definitely a service they'd pay for themselves! Wishing for your business to be BOOMING you for getting the pics out super fast also!!”",,,,2025-02-07T07:07:16Z
recUOoLbUKa6idMkT,Cang-Ai Wedding,All Vendors,Gowns & Bridal Shops,,+65 6220 8520,https://www.cangaisg.com/,967,"Instagram: @sg.cangai.wedding · facebook.com/cangaiwedsg · +65 6220 8520 · “We chose Cangai for our PWS & AD services, but the experience disappointed us. MUA Regina ruined my AD mood. She complained about the hotel chair, saying the backrest was too high and would hinder the hairstyling process. She demanded my sis to get a different one from the hotel. As the hotel couldn’t provide Regina with the chair she wanted, I had to ask my husband to bring one from his house although it was very rushed in the morning for both of us. Another MUA who handled my sis’s hairstyle didn’t have any issue with the same hotel chair though my sis’s hair was longer and we are the same height. Unlike other MUAs, Regina doesn’t have makeup mirror in her suitcase. With the long gown I was wearing, she made me move to the mirror near the toilet for hairstyling. Later, Regina used a mirror from the makeup palette to show me how I look with the different hair accessories. I could hardly see with that small mirror & she kept holding it at an angle not in my view. As I couldn’t see and time was limited, I blindly chose one of the hair accessories. Moreover, Regina left without putting on my veil, causing panic. I had to call her back & my bridesmaid even ran down to find her. Regina needs to improve in her professionalism. She told me that the suitcase is heavy, but this isn’t a valid reason for a MUA to not have a light-weighted mirror. I could have brought my own mirror if she’d told me that she doesn’t have one. Regina kept commenting on my hair and eyes, saying that they were very dry. These remarks were unnecessary and it dampened my mood. She was rough with my hair & pulled with the tool, telling me not to move my head toward the direction she was pulling. I naturally moved because I felt the pain. Despite being rushed, Regina still took her time to take videos of me for HER OWN USAGE. She asked me to strike different poses. I repeatedly told her I was late but she continued filming. This is terribly unacceptable. I was so stressed because of her. During Whatsapp coordination, Regina’s odd-hour calls and hard selling were off-putting. She wanted to do makeup for my family too. I worried about the rush since she’s the only one doing the makeup if we engage her service. She told me not to worry as she would plan an earlier time for them. Luckily, I didn’t agree as she struggled to finish my makeup and hairstyling on time. She didn’t do the hairstyle I wanted even though she was the one who did the hairstyle in the photo I showed her. She didn’t confirm about an ampoule during my 2nd makeup & broke one ($30) before I noticed. She suggested unnecessary expenses like a 2nd pair of fake eyelashes ($20) on top of my 1st pair of fake eyelashes. Regina’s poor service marred my once-in-a-lifetime wedding experience. I hope Cangai addresses this. Photographer Jeff was good, capturing highlights well. The photos received were beautiful. The coordinator, Xiaoting, was friendly but often unavailable. Gown and suit selection by two other ladies had mixed experience, with one being helpful and another impatient. The impatient lady did not allow me to go down to level 1 for new arrivals viewing even if requested. Cangai’s choices were limited compared to other studios. For PWS: We didn’t realized our shoot was booked on a Taiwan public holiday. Cangai was not proactive in informing us. Due to the crowd, we only managed to take a few shots at the same spot with the gown which I liked most. If we’re informed on this, we’d have chosen a different day. Also, we missed out on our main photoshoot location due to closure of the venue. We only knew upon arrival and the person in-charge told us that we should’ve known about it since they’d put out a notice. I think Cangai should’ve confirmed the venue availability before giving us the date. I felt helpless & our PWS album lacks variety. The sample photos advertised were outdated & didn’t match reality. Also, the sleeve of the suit in Taipei was too short and there were only 2 suits that could fit my husband. It was ridiculous & Cangai’s services left us disappointed.”","Instagram: @sg.cangai.wedding · facebook.com/cangaiwedsg · +65 6220 8520 · “We chose Cangai for our PWS & AD services, but the experience disappointed us. MUA Regina ruined my AD mood. She complained about the hotel chair, saying the backrest was too high and would hinder the hairstyling process. She demanded my sis to get a different one from the hotel. As the hotel couldn’t provide Regina with the chair she wanted, I had to ask my husband to bring one from his house although it was very rushed in the morning for both of us. Another MUA who handled my sis’s hairstyle didn’t have any issue with the same hotel chair though my sis’s hair was longer and we are the same height. Unlike other MUAs, Regina doesn’t have makeup mirror in her suitcase. With the long gown I was wearing, she made me move to the mirror near the toilet for hairstyling. Later, Regina used a mirror from the makeup palette to show me how I look with the different hair accessories. I could hardly see with that small mirror & she kept holding it at an angle not in my view. As I couldn’t see and time was limited, I blindly chose one of the hair accessories. Moreover, Regina left without putting on my veil, causing panic. I had to call her back & my bridesmaid even ran down to find her. Regina needs to improve in her professionalism. She told me that the suitcase is heavy, but this isn’t a valid reason for a MUA to not have a light-weighted mirror. I could have brought my own mirror if she’d told me that she doesn’t have one. Regina kept commenting on my hair and eyes, saying that they were very dry. These remarks were unnecessary and it dampened my mood. She was rough with my hair & pulled with the tool, telling me not to move my head toward the direction she was pulling. I naturally moved because I felt the pain. Despite being rushed, Regina still took her time to take videos of me for HER OWN USAGE. She asked me to strike different poses. I repeatedly told her I was late but she continued filming. This is terribly unacceptable. I was so stressed because of her. During Whatsapp coordination, Regina’s odd-hour calls and hard selling were off-putting. She wanted to do makeup for my family too. I worried about the rush since she’s the only one doing the makeup if we engage her service. She told me not to worry as she would plan an earlier time for them. Luckily, I didn’t agree as she struggled to finish my makeup and hairstyling on time. She didn’t do the hairstyle I wanted even though she was the one who did the hairstyle in the photo I showed her. She didn’t confirm about an ampoule during my 2nd makeup & broke one ($30) before I noticed. She suggested unnecessary expenses like a 2nd pair of fake eyelashes ($20) on top of my 1st pair of fake eyelashes. Regina’s poor service marred my once-in-a-lifetime wedding experience. I hope Cangai addresses this. Photographer Jeff was good, capturing highlights well. The photos received were beautiful. The coordinator, Xiaoting, was friendly but often unavailable. Gown and suit selection by two other ladies had mixed experience, with one being helpful and another impatient. The impatient lady did not allow me to go down to level 1 for new arrivals viewing even if requested. Cangai’s choices were limited compared to other studios. For PWS: We didn’t realized our shoot was booked on a Taiwan public holiday. Cangai was not proactive in informing us. Due to the crowd, we only managed to take a few shots at the same spot with the gown which I liked most. If we’re informed on this, we’d have chosen a different day. Also, we missed out on our main photoshoot location due to closure of the venue. We only knew upon arrival and the person in-charge told us that we should’ve known about it since they’d put out a notice. I think Cangai should’ve confirmed the venue availability before giving us the date. I felt helpless & our PWS album lacks variety. The sample photos advertised were outdated & didn’t match reality. Also, the sleeve of the suit in Taipei was too short and there were only 2 suits that could fit my husband. It was ridiculous & Cangai’s services left us disappointed.”",,,,2023-09-20T08:59:48Z
recfmkkBxlpB0RSVf,I-PRIMO Singapore Flagship,All Vendors,Rings & Jewelry,,+65 9653 6058,https://iprimo.sg/,967,+65 9653 6058 · “Wonderful experience to purchase engagement rings and wedding bands. Highly recommended”,+65 9653 6058 · “Wonderful experience to purchase engagement rings and wedding bands. Highly recommended”,,,,2025-01-05T05:33:48Z
receyBYGjPIsMQ8aB,Knotties Frame,All Vendors,Photographer & Videographer,info@knottiesframe.com,+65 8820 6415,http://www.knottiesframe.com/,966,"Instagram: @knottiesframe · facebook.com/knottiesframe · +65 8820 6415 · info@knottiesframe.com · “We've engaged Knotties Frame for our pre-wedding shoot and it was a memorable day for both of us. Prior to the shoot, Wanjing had arranged for a video call to understand our location preferences etc. and given us many useful tips and recommendations. The entire 3 hours shoot was done smoothly and Wanjing was very easy going and patient in guiding us how to pose and the photos turned out very well! She also followed up closely when our photos and pre-wed montage are ready! Kudos to Knotties Frame! 🥰”","Instagram: @knottiesframe · facebook.com/knottiesframe · +65 8820 6415 · info@knottiesframe.com · “We've engaged Knotties Frame for our pre-wedding shoot and it was a memorable day for both of us. Prior to the shoot, Wanjing had arranged for a video call to understand our location preferences etc. and given us many useful tips and recommendations. The entire 3 hours shoot was done smoothly and Wanjing was very easy going and patient in guiding us how to pose and the photos turned out very well! She also followed up closely when our photos and pre-wed montage are ready! Kudos to Knotties Frame! 🥰”",,,,2023-09-20T08:59:47Z
rec2qYmtxfTkHF1yg,Our Wedding Story,All Vendors,Photographer & Videographer,,+65 9081 8555,http://www.ourweddingstory.sg/,966,Instagram: @ourweddingstorysg · facebook.com/ourweddingstorysg · +65 9081 8555 · “Aloysius did our actual day wedding videography and we thoroughly enjoyed working with him. We really love his attention to detail and unique storytelling. He’s also super fun to work with and will definitely recommend to my friends in the future!”,Instagram: @ourweddingstorysg · facebook.com/ourweddingstorysg · +65 9081 8555 · “Aloysius did our actual day wedding videography and we thoroughly enjoyed working with him. We really love his attention to detail and unique storytelling. He’s also super fun to work with and will definitely recommend to my friends in the future!”,,,,2023-09-20T08:59:47Z
recfvBPJVubMKTwRa,Ling's Palette,All Vendors,Makeup Artist,,+65 9743 8960,https://www.lingspalette.com/?utm_source=google&utm_medium=wix_google_business_profile&utm_campaign=12756616443197555970,966,Instagram: @lingspalette · facebook.com/lingpalette · +65 9743 8960 · “Hui Ling was simply amazing. I engaged her services for bridal make up as well as style change later in the day and she came early for both appointments. I have dark eye circles which are tricky to hide and she managed to conceal them so expertly. She also meticulously styled my hair and I never felt more beautiful in my life. Her calm demeanour also helped calm my nerves before the wedding. Thank you Hui Ling for being part of my special day! I highly recommend 🤍”,Instagram: @lingspalette · facebook.com/lingpalette · +65 9743 8960 · “Hui Ling was simply amazing. I engaged her services for bridal make up as well as style change later in the day and she came early for both appointments. I have dark eye circles which are tricky to hide and she managed to conceal them so expertly. She also meticulously styled my hair and I never felt more beautiful in my life. Her calm demeanour also helped calm my nerves before the wedding. Thank you Hui Ling for being part of my special day! I highly recommend 🤍”,,,,2023-11-16T06:11:06Z
rec5gnuTBjkX42QaJ,My Little Bow,All Vendors,Gowns & Bridal Shops,,+65 9751 2768,http://www.mlb.sg/,966,"Instagram: @mylittlebowsg · facebook.com/MLBmylittlebow · +65 9751 2768 · “Rent and purchased few sets of dresses for my bridesmaid for my big day. Prior to that arrangements were also available for fittings at our convenience! Quality were also soft and silky, love it! thanks alot ^^”","Instagram: @mylittlebowsg · facebook.com/MLBmylittlebow · +65 9751 2768 · “Rent and purchased few sets of dresses for my bridesmaid for my big day. Prior to that arrangements were also available for fittings at our convenience! Quality were also soft and silky, love it! thanks alot ^^”",,,,2024-01-07T08:12:10Z
recS2h151Otzm7rNp,Jin Weddings,All Vendors,Gowns & Bridal Shops,,+65 8792 6022,http://www.jinweddings.com/,966,+65 8792 6022 · “Very beautiful dresses they have. It really brings out the beauty of traditional Chinese wedding dress. Service is excellent and respond is super efficient as well. Highly recommended!”,+65 8792 6022 · “Very beautiful dresses they have. It really brings out the beauty of traditional Chinese wedding dress. Service is excellent and respond is super efficient as well. Highly recommended!”,,,,2024-04-14T02:58:11Z
recZ24A43f4PhuC9O,Bespoke By Tessellate,All Vendors,Rings & Jewelry,,+65 8065 7704,http://www.tessellateco.com/,966,"+65 8065 7704 · “We had an amazing experience with Tessellate for our wedding rings. From start to finish, their service was nothing short of exceptional. The team took the time to truly understand our vision, guiding us through the design process with their expertise and making helpful suggestions that added a unique touch to our rings. The craftsmanship was beyond our expectations – every detail was meticulously executed, making our rings feel incredibly personal and special. They didn't just create jewelry; they captured the essence of our relationship in each piece. What truly set Tessellate apart was their dedication to customer care. They kept us updated throughout each step, ensuring we felt confident and excited about the process. We couldn't be happier with the final result – our rings are stunning and will be cherished for a lifetime. We highly recommend Tessellate to anyone looking for exceptional, personalized jewelry that tells your story. Thank you, Tessellate for making our wedding even more special!”","+65 8065 7704 · “We had an amazing experience with Tessellate for our wedding rings. From start to finish, their service was nothing short of exceptional. The team took the time to truly understand our vision, guiding us through the design process with their expertise and making helpful suggestions that added a unique touch to our rings. The craftsmanship was beyond our expectations – every detail was meticulously executed, making our rings feel incredibly personal and special. They didn't just create jewelry; they captured the essence of our relationship in each piece. What truly set Tessellate apart was their dedication to customer care. They kept us updated throughout each step, ensuring we felt confident and excited about the process. We couldn't be happier with the final result – our rings are stunning and will be cherished for a lifetime. We highly recommend Tessellate to anyone looking for exceptional, personalized jewelry that tells your story. Thank you, Tessellate for making our wedding even more special!”",,,,2025-01-05T05:33:43Z
rec4Idl8N88sDqwGr,Love & Co. Ion Orchard,All Vendors,Rings & Jewelry,,+65 6509 8633,http://love-and-co.com/,966,"+65 6509 8633 · “Su Yean has been a great help, patiently assisting and sharing with us the different details on the wedding bands. Thank you for your upmost customer service and patience even though we had 1000 different questions to ask hahaha. We will recommend to our friends :) Thanks Su Yean!”","+65 6509 8633 · “Su Yean has been a great help, patiently assisting and sharing with us the different details on the wedding bands. Thank you for your upmost customer service and patience even though we had 1000 different questions to ask hahaha. We will recommend to our friends :) Thanks Su Yean!”",,,,2025-01-05T06:52:04Z
reccFmqaG9lMvC4vj,Arty Decors,All Vendors,Florists & Wedding Styling,,,https://artydecors.com/,966,"Instagram: @arty_decors · facebook.com/artydecors · “They’re clearly very knowledgeable about ROM trends and helped me create something cohesive out of the rough decor ideas I had. Very friendly, very professional, huge range of decor styles to choose from.”","Instagram: @arty_decors · facebook.com/artydecors · “They’re clearly very knowledgeable about ROM trends and helped me create something cohesive out of the rough decor ideas I had. Very friendly, very professional, huge range of decor styles to choose from.”",,,,2025-03-16T11:37:22Z
recszb62rLrWG2cP0,Grain,All Vendors,Food Catering,,+65 3163 5335,https://grain.com.sg/,966,+65 3163 5335 · “Had engaged them for my church wedding and all our guests really loved the food. We chose the Classic Buffet - highly recommend their Oven-Roasted Teriyaki Chicken and Maple Butter Dory! The team is also really experienced with the setup and we didn't have to worry about anything as they took the initiative to sort out the arrangements with the church staff. Special mentions to Pam for being so responsive and accommodating to all our requests on the day.”,+65 3163 5335 · “Had engaged them for my church wedding and all our guests really loved the food. We chose the Classic Buffet - highly recommend their Oven-Roasted Teriyaki Chicken and Maple Butter Dory! The team is also really experienced with the setup and we didn't have to worry about anything as they took the initiative to sort out the arrangements with the church staff. Special mentions to Pam for being so responsive and accommodating to all our requests on the day.”,,,,2025-09-28T08:43:20Z
recYqUEtsL5ycrlWP,Bokbokeh,All Vendors,Photographer & Videographer,,+65 9637 3435,http://www.bokbokeh.com/,965,"Instagram: @bokbokeh · facebook.com/bokbokeh · +65 9637 3435 · “kent's service is very good, very attentive, and his partner is also very good. I'm glad to have met them. It's great. I'm very satisfied with the technical photography and videos. I highly recommend bokbokeh. Perfect. Made me have the perfect wedding 💒 thanks bokbokeh”","Instagram: @bokbokeh · facebook.com/bokbokeh · +65 9637 3435 · “kent's service is very good, very attentive, and his partner is also very good. I'm glad to have met them. It's great. I'm very satisfied with the technical photography and videos. I highly recommend bokbokeh. Perfect. Made me have the perfect wedding 💒 thanks bokbokeh”",,,,2023-09-20T08:59:47Z
recirLBjf1t14RjcD,The Gown Connoisseur,All Vendors,Gowns & Bridal Shops,,+65 9150 9120,http://www.thegownconnoisseur.com/,965,"Instagram: @thegownconnoisseur · facebook.com/thegownconnoisseur · +65 9150 9120 · “Out of all the bridal shop we went, me and my partner are amazed by TGC service and package. Although we decided on other studio, have to give a good review here and thanks for Shermin for hosting us that day. We tried out about 10+ gowns during our first visit, Shermin is super helpful, very attentive to our requests and very patient. Their cheongsams are gorgeous too!”","Instagram: @thegownconnoisseur · facebook.com/thegownconnoisseur · +65 9150 9120 · “Out of all the bridal shop we went, me and my partner are amazed by TGC service and package. Although we decided on other studio, have to give a good review here and thanks for Shermin for hosting us that day. We tried out about 10+ gowns during our first visit, Shermin is super helpful, very attentive to our requests and very patient. Their cheongsams are gorgeous too!”",,,,2024-01-09T08:37:05Z
recXOa58x57fuXyJ2,Mike Chen Photography,All Vendors,Photographer & Videographer,,+65 9845 8856,http://www.mikechenphotography.com/,964,"Instagram: @mikechenphotography · facebook.com/mikechenphotography · +65 9845 8856 · “My fiancé engaged Mike to shoot our proposal and we greatly enjoyed working with him. Mike was extremely professional and helpful throughout. Shooting under Mike's direction was really comfortable and enjoyable as well! He edited the photos really fast and we received all the images within a few days. We love the end product and are so grateful that Mike was there to capture the moment for us! Would definitely be happy to recommend Mike's services to any couple. Thank you, Mike!”","Instagram: @mikechenphotography · facebook.com/mikechenphotography · +65 9845 8856 · “My fiancé engaged Mike to shoot our proposal and we greatly enjoyed working with him. Mike was extremely professional and helpful throughout. Shooting under Mike's direction was really comfortable and enjoyable as well! He edited the photos really fast and we received all the images within a few days. We love the end product and are so grateful that Mike was there to capture the moment for us! Would definitely be happy to recommend Mike's services to any couple. Thank you, Mike!”",,,,2023-09-17T13:24:42Z
rechXpAtgGIRwCgsN,Lightedpixels Photography,All Vendors,Photographer & Videographer,,+65 9755 8565,http://www.lightedpixels.com/,964,"Instagram: @lightedpixelsphotography · facebook.com/Lightedpixels · +65 9755 8565 · “From the get go, I knew Lightedpixels were the ones I would go to for my wedding! Pre-Covid, our wedding was going to be an entire day of events with 1 ceremony and 2 separate parties. Kelvin was so ready and game for it when we proposed the idea! But with Covid, everything was stripped down to the bare basics and it definitely dampened our spirits. On the actual day, Kelvin and KC were super on and ready throughout the day. Kelvin took the most precious photos of me with my dad that I will forever cherish and be grateful for. When we saw our photos, we were utterly speechless. They are truly beautiful and amazing that brought us to tears. From the bottom of our hearts, Thank you so much for taking these photos and being part of our big day!”","Instagram: @lightedpixelsphotography · facebook.com/Lightedpixels · +65 9755 8565 · “From the get go, I knew Lightedpixels were the ones I would go to for my wedding! Pre-Covid, our wedding was going to be an entire day of events with 1 ceremony and 2 separate parties. Kelvin was so ready and game for it when we proposed the idea! But with Covid, everything was stripped down to the bare basics and it definitely dampened our spirits. On the actual day, Kelvin and KC were super on and ready throughout the day. Kelvin took the most precious photos of me with my dad that I will forever cherish and be grateful for. When we saw our photos, we were utterly speechless. They are truly beautiful and amazing that brought us to tears. From the bottom of our hearts, Thank you so much for taking these photos and being part of our big day!”",,,,2023-09-17T13:40:56Z
recSeboNTxw5tlBrB,Bottled Groove Photography,All Vendors,Photographer & Videographer,hello@bottledgroovephoto.com,,http://www.bottledgroovephoto.com/,964,Instagram: @bottledgroovephoto · facebook.com/bottledgroovephotography · hello@bottledgroovephoto.com · “Levin is wonderful to work with! He made us feel very comfortable throughout the shoot of our wedding day and took many beautiful shots of us! Very professional and we will definitely enagage Bottled Groove again for any photoshoots we will do in the future :)”,Instagram: @bottledgroovephoto · facebook.com/bottledgroovephotography · hello@bottledgroovephoto.com · “Levin is wonderful to work with! He made us feel very comfortable throughout the shoot of our wedding day and took many beautiful shots of us! Very professional and we will definitely enagage Bottled Groove again for any photoshoots we will do in the future :)”,,,,2023-09-20T08:59:46Z
reckFqmuuDu3LJrev,Senica Productions,All Vendors,Photographer & Videographer,,+65 8875 8701,http://www.senicaproductions.com/,964,"Instagram: @senicaproductions · facebook.com/senicaproductions · +65 8875 8701 · “We’re so grateful to have had Sebas and Xin Xuan as our wedding photographer! From the very start, Sebas went above and beyond—taking the time to meet with us online beforehand just to get to know us better and understand our vision for the day. That thoughtful gesture really made us feel at ease and set the tone for what was an incredibly smooth and enjoyable wedding day. On the actual day, they were not only professional and well-prepared but also such a calming and reassuring presence. Their support and guidance throughout the day really helped everything flow seamlessly. And the photos—absolutely stunning! They captured all the emotions, candid moments, and beautiful details perfectly. We couldn’t be happier with how everything turned out. Thank you so much for being a part of our special day and for capturing memories we’ll cherish for lifetime!🥰”","Instagram: @senicaproductions · facebook.com/senicaproductions · +65 8875 8701 · “We’re so grateful to have had Sebas and Xin Xuan as our wedding photographer! From the very start, Sebas went above and beyond—taking the time to meet with us online beforehand just to get to know us better and understand our vision for the day. That thoughtful gesture really made us feel at ease and set the tone for what was an incredibly smooth and enjoyable wedding day. On the actual day, they were not only professional and well-prepared but also such a calming and reassuring presence. Their support and guidance throughout the day really helped everything flow seamlessly. And the photos—absolutely stunning! They captured all the emotions, candid moments, and beautiful details perfectly. We couldn’t be happier with how everything turned out. Thank you so much for being a part of our special day and for capturing memories we’ll cherish for lifetime!🥰”",,,,2023-09-20T08:59:47Z
recnanL5fxtdgjgSr,Love & Co. JEM,All Vendors,Rings & Jewelry,,+65 6734 8033,https://www.love-and-co.com/,964,"+65 6734 8033 · “Erich was very helpful and attentive to our queries. Staff was friendly and eventually found something for my daughter. With his help, she also found wedding bands on short nice. Superb customer service and super patient. Designs are modern and they have something for everyone. Highly recommend him and love and co! #saylove”","+65 6734 8033 · “Erich was very helpful and attentive to our queries. Staff was friendly and eventually found something for my daughter. With his help, she also found wedding bands on short nice. Superb customer service and super patient. Designs are modern and they have something for everyone. Highly recommend him and love and co! #saylove”",,,,2024-01-07T08:12:11Z
rec4cumfsz8LUdCcm,Bridal Department by Suburbs Studio,All Vendors,Makeup Artist,,+65 8818 6099,https://www.suburbs-studio.com/,963,"Instagram: @bridaldepartment · +65 8818 6099 · “I run lilypirates.com.sg and we have worked with Kat and Nic for almost two years now (it's been so so so fantastic!). Being in the fast fashion industry means the looks created need to be relevant and the Suburbs team takes a proactive approach in this creative process. Their valuable input makes them an integral part of our team, and they are really meticulous in their work. This is honestly a group of hardworking individuals who are focused on honing their craft and bringing their best game each time.”","Instagram: @bridaldepartment · +65 8818 6099 · “I run lilypirates.com.sg and we have worked with Kat and Nic for almost two years now (it's been so so so fantastic!). Being in the fast fashion industry means the looks created need to be relevant and the Suburbs team takes a proactive approach in this creative process. Their valuable input makes them an integral part of our team, and they are really meticulous in their work. This is honestly a group of hardworking individuals who are focused on honing their craft and bringing their best game each time.”",,,,2023-11-04T08:40:55Z
receDizKoFvQ0znyj,Feautte Makeup,All Vendors,Makeup Artist,,+65 8772 2234,http://feautte.com/,963,"Instagram: @feautte.makeup · +65 8772 2234 · “Fish is super professional, efficient, and will make you look awesome! She was also extremely helpful while following through during my pre-wedding shoot, making it a really smooth experience despite the slight rain. She'll be my makeup artist again on my actual wedding day and I have no doubt that it'll be great. Can't recommend her enough!”","Instagram: @feautte.makeup · +65 8772 2234 · “Fish is super professional, efficient, and will make you look awesome! She was also extremely helpful while following through during my pre-wedding shoot, making it a really smooth experience despite the slight rain. She'll be my makeup artist again on my actual wedding day and I have no doubt that it'll be great. Can't recommend her enough!”",,,,2023-11-04T08:40:55Z
rect4rDnt3e15x4u7,Love & Co. Plaza Singapura,All Vendors,Rings & Jewelry,,+65 6835 7533,http://love-and-co.com/,963,"+65 6835 7533 · “Received a pendant with chain from this shop from my husband as a gift. Chain broke after a few days. He went to the shop to get it repaired/replaced with new chain. Soon after the chain broke again. I only went back to the shop months later and was told that the chain is 10k chain that came with the pendant as free gift. The chain is too thin to be repaired and can't be exchanged. Granted that it's freebies, i should not expect high quality chain to be given. However i expect the chain to at least last more than 1 week worth of wear? Is it even too much to ask? So fragile it broke twice. My husband was not warned that this chain is fragile and will not be repairable. If customer were informed, they can make informed decision whether to purchase better quality chain. Especially if its meant to be gift. I am appaled that love and co actually asked me to buy another chain from the shop after providing such a lousy product to their customer. I honestly rarely wrote bad review on any shop but I would like to sincerely warn potential customers to avoid this shop at all cost if you are budget conscious. Seems that all the good review only applicable if you buy expensive wedding band or diamond ring. Salesperson was kind enough to ask her manager to help get replacement.”","+65 6835 7533 · “Received a pendant with chain from this shop from my husband as a gift. Chain broke after a few days. He went to the shop to get it repaired/replaced with new chain. Soon after the chain broke again. I only went back to the shop months later and was told that the chain is 10k chain that came with the pendant as free gift. The chain is too thin to be repaired and can't be exchanged. Granted that it's freebies, i should not expect high quality chain to be given. However i expect the chain to at least last more than 1 week worth of wear? Is it even too much to ask? So fragile it broke twice. My husband was not warned that this chain is fragile and will not be repairable. If customer were informed, they can make informed decision whether to purchase better quality chain. Especially if its meant to be gift. I am appaled that love and co actually asked me to buy another chain from the shop after providing such a lousy product to their customer. I honestly rarely wrote bad review on any shop but I would like to sincerely warn potential customers to avoid this shop at all cost if you are budget conscious. Seems that all the good review only applicable if you buy expensive wedding band or diamond ring. Salesperson was kind enough to ask her manager to help get replacement.”",,,,2025-01-05T06:52:04Z
rec8Ukf62ZoxQg9Vj,Freddy Wong Photography,All Vendors,Photographer & Videographer,,+65 9650 9196,http://www.freddywongphotography.com/,962,"Instagram: @freddywongphotography · facebook.com/fwphotography96 · +65 9650 9196 · “I engaged Freddy as my ""secret"" photographer for our proposal night. Having him as our photographer was one of the best decisions I have made for this magical night. Freddy has a great personality and is an experienced photographer in such events where he guided us and gave us a sense of direction during the photo taking session. On top of this awesome photo taking experience, we are also very satisfied with the final pictures and the turnover time. Highly recommended and you won't regret engaging him for your important day! The photos are really beautiful and we love it so much, thank you again!”","Instagram: @freddywongphotography · facebook.com/fwphotography96 · +65 9650 9196 · “I engaged Freddy as my ""secret"" photographer for our proposal night. Having him as our photographer was one of the best decisions I have made for this magical night. Freddy has a great personality and is an experienced photographer in such events where he guided us and gave us a sense of direction during the photo taking session. On top of this awesome photo taking experience, we are also very satisfied with the final pictures and the turnover time. Highly recommended and you won't regret engaging him for your important day! The photos are really beautiful and we love it so much, thank you again!”",,,,2023-09-20T08:59:46Z
reccDtS5xpaHtv3nj,Iki Company,All Vendors,Photographer & Videographer,,+65 9127 4777,https://www.helloikicompany.com/,962,"Instagram: @ikicompany · facebook.com/helloikicompany · +65 9127 4777 · “We are so thankful we had Felicia as our wedding photographer. The process was so efficient and Felicia was really supportive on the day, guiding us on the posing and even helped to direct our guests for the table group shoot etc... The quality of the photographs were wonderful and I love the lighting and colour of all my photos. They really captured all the moments on our special day! :)”","Instagram: @ikicompany · facebook.com/helloikicompany · +65 9127 4777 · “We are so thankful we had Felicia as our wedding photographer. The process was so efficient and Felicia was really supportive on the day, guiding us on the posing and even helped to direct our guests for the table group shoot etc... The quality of the photographs were wonderful and I love the lighting and colour of all my photos. They really captured all the moments on our special day! :)”",,,,2023-09-20T08:59:46Z
recM9GkXWCtF6D4sE,Wedding Carriages Singapore,All Vendors,Others,,+65 9171 1868,http://www.weddingcarriages.com.sg/,962,"Instagram: @weddingcarriages · facebook.com/weddingcarriages.singapore · +65 9171 1868 · “We had engaged Jeremy for our Bridal Car rental on our Wedding Day after seeing the extremely positive reviews on google and couple of wedding related websites. There were a wide selection of car makes and models to choose from which made us spoilt for choice initially. Eventually, the car we selected was just like what was shown in the photos. Closer to our Wedding, we had to request for an earlier pick-up time 1 week before the big day and Jeremy was quick to respond and accommodated to our request. Even though there was a very small hiccup during the car collection day and location, everything was resolved within 5mins due to his professionalism and clear communication. 100% Highly recommended to any couples who are looking for a Bridal Car for their big day.”","Instagram: @weddingcarriages · facebook.com/weddingcarriages.singapore · +65 9171 1868 · “We had engaged Jeremy for our Bridal Car rental on our Wedding Day after seeing the extremely positive reviews on google and couple of wedding related websites. There were a wide selection of car makes and models to choose from which made us spoilt for choice initially. Eventually, the car we selected was just like what was shown in the photos. Closer to our Wedding, we had to request for an earlier pick-up time 1 week before the big day and Jeremy was quick to respond and accommodated to our request. Even though there was a very small hiccup during the car collection day and location, everything was resolved within 5mins due to his professionalism and clear communication. 100% Highly recommended to any couples who are looking for a Bridal Car for their big day.”",,,,2023-09-24T14:35:04Z
rec8Dm2BnT4n6G0ta,Giorgia Couture,All Vendors,Gowns & Bridal Shops,,+65 8178 3366,http://www.giorgiacouture.com/,962,"+65 8178 3366 · “My wedding dress from Giorgia Couture (GC) made my wedding day an extremely awesome one. GC was the third gown place I explored. My husband and I are very difficult buyers such that we usually need days to consider before committing to any big item purchase. When I tried on my eventual wedding dress (off-the-shelf rental) the first time at GC, it was so special and beautiful! We decided on the spot and made full payment immediately on the day itself. The unconventional two-piece lace dress was also the first item we paid for among all my other wedding-related stuff, even before my venue was confirmed. The dress was really stunning and made me feel so good my entire wedding day, despite the rainy weather that I thought would dampen my mood because we needed to change all our outdoor plans to indoors. I kept receiving compliments from my guests the entire time, even from people I didin’t invite messaging me to compliment on the dress when they saw my photos online. GC is not the typical bridal shop that would push you to complete a sale. Vienna, the owner and designer of GC, really has a keen eye for dress designs. I would say this is the place to go to if you prefer simple yet elegant and special wedding gowns/dresses. Thank you Vienna for designing such a perfect wedding dress. Keep up your inspiration to help more brides to be as perfect as ever on their big day!”","+65 8178 3366 · “My wedding dress from Giorgia Couture (GC) made my wedding day an extremely awesome one. GC was the third gown place I explored. My husband and I are very difficult buyers such that we usually need days to consider before committing to any big item purchase. When I tried on my eventual wedding dress (off-the-shelf rental) the first time at GC, it was so special and beautiful! We decided on the spot and made full payment immediately on the day itself. The unconventional two-piece lace dress was also the first item we paid for among all my other wedding-related stuff, even before my venue was confirmed. The dress was really stunning and made me feel so good my entire wedding day, despite the rainy weather that I thought would dampen my mood because we needed to change all our outdoor plans to indoors. I kept receiving compliments from my guests the entire time, even from people I didin’t invite messaging me to compliment on the dress when they saw my photos online. GC is not the typical bridal shop that would push you to complete a sale. Vienna, the owner and designer of GC, really has a keen eye for dress designs. I would say this is the place to go to if you prefer simple yet elegant and special wedding gowns/dresses. Thank you Vienna for designing such a perfect wedding dress. Keep up your inspiration to help more brides to be as perfect as ever on their big day!”",,,,2024-04-14T02:58:11Z
recBHCU2vIat6Bcxc,SG Wedding DJ,All Vendors,Live Music,bookings@sgweddingdj.com,+65 9459 4471,https://sgweddingdj.com,962,"facebook.com/sgweddingdj · +65 9459 4471 · bookings@sgweddingdj.com · “Engaging A DJ for your wedding is rly important as it sets the whole mood and atmosphere and i’m glad i saw an ad on IG about Ti Eu and engaged him as my wedding DJ. Would have to say he has done an amazing job and was rly encouraging of any ideas we had. He is also very initiative so we did not have to worry so much that day. Everyone loved scanning the QR code to write down their well wishes and we also enjoyed seeing what others wrote. Basically, he is rly easy and fun to work with and we are happy to say that there were no hiccups and everything was so smooth!! No regrets~ pricing wise was also reasonable☺️ Just a small suggestion that maybe instead of playing music videos he could play our PWS on repeat with bgm :)”","facebook.com/sgweddingdj · +65 9459 4471 · bookings@sgweddingdj.com · “Engaging A DJ for your wedding is rly important as it sets the whole mood and atmosphere and i’m glad i saw an ad on IG about Ti Eu and engaged him as my wedding DJ. Would have to say he has done an amazing job and was rly encouraging of any ideas we had. He is also very initiative so we did not have to worry so much that day. Everyone loved scanning the QR code to write down their well wishes and we also enjoyed seeing what others wrote. Basically, he is rly easy and fun to work with and we are happy to say that there were no hiccups and everything was so smooth!! No regrets~ pricing wise was also reasonable☺️ Just a small suggestion that maybe instead of playing music videos he could play our PWS on repeat with bgm :)”",,,,2024-07-18T15:26:39Z
recCC6xEISiecVm7S,Odelia Bridal Studio,All Vendors,Gowns & Bridal Shops,,+65 8778 3153,https://odeliabridal.com/,961,"Instagram: @odelia_bridal · facebook.com/odeliabridal · +65 8778 3153 · “Me and my wife Jia Yu chose Odelia Bridal as our studio of choice as everything hit off really well the first time we stepped into the bridal studio. I would like to take this opportunity to thank a few people who made it an engaging, fun and stress free environment during our whole process. To Xin Ying who made us feel very comfortable and allowed Jia Yu to browse and try the gowns even before talking to us about the package offered, to Suzanne who gave us wonderful suggestions and catered to all our requests during our multiple appointments, and Wei Ting for doing a amazing job with the car deco and the few times that she engaged us in our appointments and Jovin the lady boss for being such an engaging boss, you wouldn’t even know she’s the lady boss at times and finally Rex the boss and photographer for our pre-wedding shoots for making us look good and slim in the pictures! Many compliments from the pre-wedding photos from our guests and friends and it’s all thanks to Rex and also Hong for helping us with our stuffs during the pre-wedding shoots, helping with Jia Yu’s gown when she’s moving around and cracking jokes so that we smile for the camera! Also huge thanks to Elsa for doing Jia Yu’s makeup for pre-wedding shoot and the actual day, making Jia Yu feel so comfortable during the make up process and making her the most beautiful woman in the world during the shoots and actual day! All of them had one thing in common, serving us with a smile despite their hectic appointment schedules with other couples! i highly recommend any couple who are looking for a bridal studio with very competitive rates, beautiful selections of gowns and suits and most importantly, service with a smile to step into Odelia Bridal and experience what they can offer! Thank you all once again!”","Instagram: @odelia_bridal · facebook.com/odeliabridal · +65 8778 3153 · “Me and my wife Jia Yu chose Odelia Bridal as our studio of choice as everything hit off really well the first time we stepped into the bridal studio. I would like to take this opportunity to thank a few people who made it an engaging, fun and stress free environment during our whole process. To Xin Ying who made us feel very comfortable and allowed Jia Yu to browse and try the gowns even before talking to us about the package offered, to Suzanne who gave us wonderful suggestions and catered to all our requests during our multiple appointments, and Wei Ting for doing a amazing job with the car deco and the few times that she engaged us in our appointments and Jovin the lady boss for being such an engaging boss, you wouldn’t even know she’s the lady boss at times and finally Rex the boss and photographer for our pre-wedding shoots for making us look good and slim in the pictures! Many compliments from the pre-wedding photos from our guests and friends and it’s all thanks to Rex and also Hong for helping us with our stuffs during the pre-wedding shoots, helping with Jia Yu’s gown when she’s moving around and cracking jokes so that we smile for the camera! Also huge thanks to Elsa for doing Jia Yu’s makeup for pre-wedding shoot and the actual day, making Jia Yu feel so comfortable during the make up process and making her the most beautiful woman in the world during the shoots and actual day! All of them had one thing in common, serving us with a smile despite their hectic appointment schedules with other couples! i highly recommend any couple who are looking for a bridal studio with very competitive rates, beautiful selections of gowns and suits and most importantly, service with a smile to step into Odelia Bridal and experience what they can offer! Thank you all once again!”",,,,2023-09-20T08:59:45Z
recPfitsbHDFGnlaN,Fujimori Kajita Boutique,All Vendors,Rings & Jewelry,,+65 9390 9466,http://fujimorikajita.com/engagement-wedding?utm_source=google&utm_medium=wix_google_business_profile&utm_campaign=13644147508782043840,961,+65 9390 9466 · “Annabel has a lot of patience and worked really hard to take care of my engagement ring and wedding band. Im really impressed and satisfied with the services.”,+65 9390 9466 · “Annabel has a lot of patience and worked really hard to take care of my engagement ring and wedding band. Im really impressed and satisfied with the services.”,,,,2025-01-05T05:33:47Z
recqMUf4ywO5GrI8i,Darren and Jade Photography,All Vendors,Photographer & Videographer,us@darrenandjade.com,+65 9297 0077,http://www.darrenandjade.com/,960,"Instagram: @darrenandjade · facebook.com/darrenandjade · +65 9297 0077 · us@darrenandjade.com · “We engaged Stephanie for our pre-wedding photo shoot. We wanted to have memorial pictures with “Singapore” in our background before we go back to Japan, and the final piece was just as what we wanted. Lovely and gorgeous. Totally recommend!”","Instagram: @darrenandjade · facebook.com/darrenandjade · +65 9297 0077 · us@darrenandjade.com · “We engaged Stephanie for our pre-wedding photo shoot. We wanted to have memorial pictures with “Singapore” in our background before we go back to Japan, and the final piece was just as what we wanted. Lovely and gorgeous. Totally recommend!”",,,,2023-09-20T08:59:47Z
recbgTHV6mpvHk0ia,Annabel Law Productions,All Vendors,Photographer & Videographer,info@annabellaw.com,+65 9188 3728,https://www.annabellaw.com/?utm_source=google&utm_medium=organic&utm_campaign=gbp,960,Instagram: @annabellawproductions · facebook.com/annabellawproductions · +65 9188 3728 · info@annabellaw.com · “Had a spectacular experience with Annabel Law Production and their team. We were lucky to be matched with Avril as our photographer - they helped us with everything from adjusting their services with our needs & budget. Absolute A++ professionalism and going far beyond our expectations that truly resonated to making our proposal evening most memorable. 10/10 will be contacting them for our next big event in Singapore. Thank you guys 🙇‍♂️”,Instagram: @annabellawproductions · facebook.com/annabellawproductions · +65 9188 3728 · info@annabellaw.com · “Had a spectacular experience with Annabel Law Production and their team. We were lucky to be matched with Avril as our photographer - they helped us with everything from adjusting their services with our needs & budget. Absolute A++ professionalism and going far beyond our expectations that truly resonated to making our proposal evening most memorable. 10/10 will be contacting them for our next big event in Singapore. Thank you guys 🙇‍♂️”,,,,2023-09-20T08:59:49Z
recubfba7Rz2zBM1G,Tracy Immanuel,Makeup Artists,Makeup Artist,,+65 9387 3142,http://www.tracyimmanuel.com/,959,"Instagram: @tracyimmanuelmakeup · facebook.com/TracyImmanuelMakeUp · +65 9387 3142 · “Long overdue, but finally having the calm after year-long wedding journey.. and Tracy was there almost right from the start! Having her done my mom’s and my make-up for my brother’s wedding a few years back, she was already top on my list for my AD MUA. Not only did I manage to secure one of her last few local jobs (something which came as a surprise nearing my AD), by God’s grace, she was also the collaborating MUA for the PWS I’d chosen to do with Multifolds! Tracy is always engaging, yet never overwhelming. She would let you to choose your preferred styles and, if need be, suggest how to tweak to suit you better (but never forcing it down your throat). With her expertise and multiple assignments on my face including my PWS, I was 500% open to let her work her magic for my AD. Yet, being the perfectionist she is, she would still push for the trial and also showed me different versions of the look (which she created) I wanted her to recreate☺️ She also did all my husband’s styling and he was equally trusting when it came to her. Thank you again for the wonderful times we shared, and wishing you all the best in your endeavours! Remember to always walk by faith and not by sight💖”","Instagram: @tracyimmanuelmakeup · facebook.com/TracyImmanuelMakeUp · +65 9387 3142 · “Long overdue, but finally having the calm after year-long wedding journey.. and Tracy was there almost right from the start! Having her done my mom’s and my make-up for my brother’s wedding a few years back, she was already top on my list for my AD MUA. Not only did I manage to secure one of her last few local jobs (something which came as a surprise nearing my AD), by God’s grace, she was also the collaborating MUA for the PWS I’d chosen to do with Multifolds! Tracy is always engaging, yet never overwhelming. She would let you to choose your preferred styles and, if need be, suggest how to tweak to suit you better (but never forcing it down your throat). With her expertise and multiple assignments on my face including my PWS, I was 500% open to let her work her magic for my AD. Yet, being the perfectionist she is, she would still push for the trial and also showed me different versions of the look (which she created) I wanted her to recreate☺️ She also did all my husband’s styling and he was equally trusting when it came to her. Thank you again for the wonderful times we shared, and wishing you all the best in your endeavours! Remember to always walk by faith and not by sight💖”",,,,2023-11-04T08:40:55Z
rec17lzou7JEdj8Yq,Stephy Ng Makeup And Hair,Makeup Artists,Makeup Artist,,+65 9177 2520,https://stephyngmakeup.com/,957,Instagram: @stephyngmakeup · facebook.com/muastephyng · +65 9177 2520 · “Engaged Stephy as my AD MUA. She’s very professional and would suggest the looks/styles that suit me. The trial makeup & hairdo which she included was really important as brides will then know the kind of styles & makeup that really suit them. Stephy would also accommodate to the styles & looks that I want and work her magic to make me look stunning on my AD! Thank you so much Stephy!”,Instagram: @stephyngmakeup · facebook.com/muastephyng · +65 9177 2520 · “Engaged Stephy as my AD MUA. She’s very professional and would suggest the looks/styles that suit me. The trial makeup & hairdo which she included was really important as brides will then know the kind of styles & makeup that really suit them. Stephy would also accommodate to the styles & looks that I want and work her magic to make me look stunning on my AD! Thank you so much Stephy!”,,,,2023-11-04T08:40:55Z
recBJtoOouxyskeN5,Canvas of Glory,Makeup Artists,Makeup Artist,,,https://www.instagram.com/canvasofglory,955,"Instagram: @canvasofglory · facebook.com/Canvasofglory · “One of their MUA, Heizle really made me feel very comfortable throughout the whole make up process. It was 4.30am when I had to do my bridesmaid make up. Heizle reached on time and started to do my make up. She was very cheerful and she expertly guided me resulting in a smooth and comfortable make up process. Note- I don't normally do make up so I really appreciate her guidance. Also, she was very detailed throughout the entire process, what amazes me most was that this all took place early, very early in the morning! Very professional make up artist 😌. Thank you for making me pretty on my best friend's wedding.”","Instagram: @canvasofglory · facebook.com/Canvasofglory · “One of their MUA, Heizle really made me feel very comfortable throughout the whole make up process. It was 4.30am when I had to do my bridesmaid make up. Heizle reached on time and started to do my make up. She was very cheerful and she expertly guided me resulting in a smooth and comfortable make up process. Note- I don't normally do make up so I really appreciate her guidance. Also, she was very detailed throughout the entire process, what amazes me most was that this all took place early, very early in the morning! Very professional make up artist 😌. Thank you for making me pretty on my best friend's wedding.”",,,,2023-11-04T08:40:55Z
recr2TkiA11m9OlUQ,Cocoon Makeup,Makeup Artists,Makeup Artist,,,,955,Instagram: @cocoonmakeupandhair · facebook.com/Cocoonmakeupandhair · “Hisa was very professional and did a great job with the make up trial and actual wedding day make up. She is very punctual and responsive and you’ll have nothing to worry about when you engage her.”,Instagram: @cocoonmakeupandhair · facebook.com/Cocoonmakeupandhair · “Hisa was very professional and did a great job with the make up trial and actual wedding day make up. She is very punctual and responsive and you’ll have nothing to worry about when you engage her.”,,,,2023-11-16T06:11:06Z
recxHAmRaAyCmBQAp,Carina Lee Makeup,Makeup Artists,Makeup Artist,,+65 8793 2416,https://www.instagram.com/carina_enchantemakeup?igsh=OHRrejNlNW44dHI4,954,"Instagram: @carina_powderpuffed · facebook.com/Carinaleemakeup · +65 8793 2416 · “i was very lost when i was planning and looking for a HMUA for my PWS and AD. i stumbled upon Carina’s instagram account and decided to go with her as i liked the make up style she did. from the first encounter till my AD, Carina was nothing but sweet and lovely. she’s also awesome at her job — always on time and professional! in fact, i had to always ask her about wedding questions when i was unsure about anything and she always replied me with the best advice. i felt like a princess throughout my PWS and AD because that was exactly what i told Carina i wanted and she served all the looks. i had so many compliments! 🥰 overall, i would 100/100 recommend Carina because you’re not only paying for the make up looks, but you’re paying for a quality friendship. i feel like i can talk to her about anything and everything! NO REGRETS. if i could rate 10 stars 🌟, i would! thank you Carina! 💖💖💖”","Instagram: @carina_powderpuffed · facebook.com/Carinaleemakeup · +65 8793 2416 · “i was very lost when i was planning and looking for a HMUA for my PWS and AD. i stumbled upon Carina’s instagram account and decided to go with her as i liked the make up style she did. from the first encounter till my AD, Carina was nothing but sweet and lovely. she’s also awesome at her job — always on time and professional! in fact, i had to always ask her about wedding questions when i was unsure about anything and she always replied me with the best advice. i felt like a princess throughout my PWS and AD because that was exactly what i told Carina i wanted and she served all the looks. i had so many compliments! 🥰 overall, i would 100/100 recommend Carina because you’re not only paying for the make up looks, but you’re paying for a quality friendship. i feel like i can talk to her about anything and everything! NO REGRETS. if i could rate 10 stars 🌟, i would! thank you Carina! 💖💖💖”",,,,2023-11-04T08:40:55Z
rec7tH2ZUGBKoVhMR,Clara Song Makeup,Makeup Artists,Makeup Artist,,,,948,"Instagram: @clarasongbridal · facebook.com/Clarasongmakeup · “I have engaged Clara for my wedding day. She is very professional and she came to the hotel ahead of time. She was able to create the look I was going for. I love the hair and makeup. People who joined physically and virtually praised how I looked that day. She also kindly assisted me with my gown. My hubby availed the groom styling as well. Both of us had a lovely chat with her as she is very friendly. So glad I found her on Instagram! I would highly recommend her! Thank you so much, Clara!❤”","Instagram: @clarasongbridal · facebook.com/Clarasongmakeup · “I have engaged Clara for my wedding day. She is very professional and she came to the hotel ahead of time. She was able to create the look I was going for. I love the hair and makeup. People who joined physically and virtually praised how I looked that day. She also kindly assisted me with my gown. My hubby availed the groom styling as well. Both of us had a lovely chat with her as she is very friendly. So glad I found her on Instagram! I would highly recommend her! Thank you so much, Clara!❤”",,,,2023-11-16T06:11:06Z
rec2CBiTfS8iSH9hj,Karis Chiu Makeup,Makeup Artists,Makeup Artist,,,http://www.karischiumakeup.com/enquire,946,"Instagram: @karischiumakeup · facebook.com/karischiumakeup · “Karis was very professional and understanding throughout the whole wedding! she was punctual, well prepared and i was having a runny nose in the morning but she was very understanding and said it’s ok she would just touch up accordingly! She was also able to adapt to your outfit and look that you want and adjust the make up accordingly to give you your desired look. She was flexible with hairstyles and I recall wanting something different last minute and she was able to accommodate! Thanks for being there on my big day Karis!”","Instagram: @karischiumakeup · facebook.com/karischiumakeup · “Karis was very professional and understanding throughout the whole wedding! she was punctual, well prepared and i was having a runny nose in the morning but she was very understanding and said it’s ok she would just touch up accordingly! She was also able to adapt to your outfit and look that you want and adjust the make up accordingly to give you your desired look. She was flexible with hairstyles and I recall wanting something different last minute and she was able to accommodate! Thanks for being there on my big day Karis!”",,,,2023-11-16T06:11:06Z
recD7OAfChfMXyw4o,Jennis Wong Makeup,Makeup Artists,Makeup Artist,jenniswongmakeup@gmail.com,+65 9467 4670,https://www.jenniswong.com/,942,"Instagram: @jenniswongmakeup · facebook.com/hmuajennis · +65 9467 4670 · jenniswongmakeup@gmail.com · “Thank you so much for your patience and making me feel so comfortable during the process. Make up was done in the morning, lasted us from ROM, 30 mins shoot under sun @ fort canning, 2 hours in studio, 2 hours afternoon and 4 hours night photography. Other than touching up my laughing line, the rest stayed through and my hair survived entire day! Thank you for the hairstyle recommendation and working your magic on me, suits my schedule alot!”","Instagram: @jenniswongmakeup · facebook.com/hmuajennis · +65 9467 4670 · jenniswongmakeup@gmail.com · “Thank you so much for your patience and making me feel so comfortable during the process. Make up was done in the morning, lasted us from ROM, 30 mins shoot under sun @ fort canning, 2 hours in studio, 2 hours afternoon and 4 hours night photography. Other than touching up my laughing line, the rest stayed through and my hair survived entire day! Thank you for the hairstyle recommendation and working your magic on me, suits my schedule alot!”",,,,2023-11-04T08:40:55Z
recyAQ5yJN2QAx7BM,Ladyy Claire Makeup,Makeup Artists,Makeup Artist,,+65 9727 7096,http://ladyyclairemakeup.com/,941,Instagram: @ladyyclairemakeup · facebook.com/ladyyclairemakeup · +65 9727 7096 · “Sheryll did my hair and make-up for my ROM and AD. She was professional and I loved that the make-up she did for me was not too much and looked natural (just as I requested for). She was patient with all my requests and helped me in any way that she could. Thanks LCM and Sheryll!”,Instagram: @ladyyclairemakeup · facebook.com/ladyyclairemakeup · +65 9727 7096 · “Sheryll did my hair and make-up for my ROM and AD. She was professional and I loved that the make-up she did for me was not too much and looked natural (just as I requested for). She was patient with all my requests and helped me in any way that she could. Thanks LCM and Sheryll!”,,,,2023-11-04T08:40:55Z
rec68HRkJfMap8xfx,Dazxle Makeup,Makeup Artists,Makeup Artist,dazxlemakeup@gmail.com,+65 8498 3398,https://www.dazxle-makeup.com/,940,"Instagram: @dazxle_makeup · facebook.com/dazxlemakeup · +65 8498 3398 · dazxlemakeup@gmail.com · “No regrets in engaging Joey as my AD wedding MUA! Love her super glowy makeup. She's punctual, and listens to suggestions/feedbacks and adjusts accordingly. Recommended!”","Instagram: @dazxle_makeup · facebook.com/dazxlemakeup · +65 8498 3398 · dazxlemakeup@gmail.com · “No regrets in engaging Joey as my AD wedding MUA! Love her super glowy makeup. She's punctual, and listens to suggestions/feedbacks and adjusts accordingly. Recommended!”",,,,2023-11-04T08:40:55Z
recN5xMLU5YStprYf,Canvaseety,Makeup Artists,Makeup Artist,,+65 8028 6086,http://canvaseety.com/,936,"Instagram: @canvaseety · facebook.com/canvaseety · +65 8028 6086 · “Really happy that we were able to engage ShuZhen as our MUA our my AD!! I love the natural make up and pretty hairdo that she’ve done for me especially the eyebrows! She was really friendly & it was nice chatting with her! The make up session was enjoyable & calming! Thanks for helping my hubs with his hair and face as well! The make up trial was very thoughtful as well, checking on my dress and the hairstyle i would like 🥰 Communication before the day was very smooth as well. She’s punctual and was able to gauge the time taken for the different make up/ touch up well! Will definitely recommend her services! :) Thank you ShuZhen for the enjoyable session & making me look pretty!!”","Instagram: @canvaseety · facebook.com/canvaseety · +65 8028 6086 · “Really happy that we were able to engage ShuZhen as our MUA our my AD!! I love the natural make up and pretty hairdo that she’ve done for me especially the eyebrows! She was really friendly & it was nice chatting with her! The make up session was enjoyable & calming! Thanks for helping my hubs with his hair and face as well! The make up trial was very thoughtful as well, checking on my dress and the hairstyle i would like 🥰 Communication before the day was very smooth as well. She’s punctual and was able to gauge the time taken for the different make up/ touch up well! Will definitely recommend her services! :) Thank you ShuZhen for the enjoyable session & making me look pretty!!”",,,,2023-11-04T08:40:55Z
recv6j8RMkvwbZ762,Wildroses Bridal Makeup and Hair,Makeup Artists,Makeup Artist,,+65 9169 8188,http://www.wildrosesmua.com/,935,"Instagram: @wildrosesbridalmakeupandhair · facebook.com/WildRosesBridalMakeupandHairstyling · +65 9169 8188 · “I engaged Cass's hair and makeup services for both my ROM and wedding reception. She did an excellent job, with great professionalism. Would highly recommend her!”","Instagram: @wildrosesbridalmakeupandhair · facebook.com/WildRosesBridalMakeupandHairstyling · +65 9169 8188 · “I engaged Cass's hair and makeup services for both my ROM and wedding reception. She did an excellent job, with great professionalism. Would highly recommend her!”",,,,2023-11-04T08:43:29Z
rec9tbWEUM35qrFEH,Shuzen Moy Makeup,Makeup Artists,Makeup Artist,,+65 9336 5332,https://wa.me/6593365332,929,Instagram: @shuzenmoy_makeup · facebook.com/shuzenmoy.makeup · +65 9336 5332 · “I’m lucky to have found Shuzen as my MUA and she did my makeup for both PWS and ROM. She’s so detailed and she knows what make-up suits my face and overall style almost instantly. Guests who attended my ROM complimented on my make-up and hairstyling and I have to give 💯 credit to Shuzen🤗”,Instagram: @shuzenmoy_makeup · facebook.com/shuzenmoy.makeup · +65 9336 5332 · “I’m lucky to have found Shuzen as my MUA and she did my makeup for both PWS and ROM. She’s so detailed and she knows what make-up suits my face and overall style almost instantly. Guests who attended my ROM complimented on my make-up and hairstyling and I have to give 💯 credit to Shuzen🤗”,,,,2023-11-04T08:40:55Z
rec1AuAKPRh9PCVAS,Gaby Tan Makeup,Makeup Artists,Makeup Artist,,+65 9838 8667,https://www.bygabytan.com/,929,"Instagram: @bygabytan · facebook.com/bygabytan · +65 9838 8667 · “Had engaged Gaby as my HMUA for my AD. Gaby was gentle and meticulous while doing the makeup & hairdo. During the session, it was very relaxing and chill :) she even went the extra mile to suggest what kind of earrings and veil that would suit my outfits. I really love the makeup looks and hairstyle for each outfit and have received many compliments on them. 💯 percent will recommend Gaby to all girls who wants a super chio makeup look 🤍 10/10”","Instagram: @bygabytan · facebook.com/bygabytan · +65 9838 8667 · “Had engaged Gaby as my HMUA for my AD. Gaby was gentle and meticulous while doing the makeup & hairdo. During the session, it was very relaxing and chill :) she even went the extra mile to suggest what kind of earrings and veil that would suit my outfits. I really love the makeup looks and hairstyle for each outfit and have received many compliments on them. 💯 percent will recommend Gaby to all girls who wants a super chio makeup look 🤍 10/10”",,,,2023-11-04T08:40:55Z
rec1ac9Xj45u9GW9j,ALENA Makeup,Makeup Artists,Makeup Artist,,+65 9126 6495,https://alenamakeup.com/,926,"Instagram: @alena_alenamakeup · facebook.com/alenamakeupartistry · +65 9126 6495 · “We engaged Alena for our solemnisation makeup and it was an amazing experience! Alena is very professional, friendly and gentle, she gives good advice and takes excellent photographs too! The hair and makeup was perfect, will definitely recommend Alena (:”","Instagram: @alena_alenamakeup · facebook.com/alenamakeupartistry · +65 9126 6495 · “We engaged Alena for our solemnisation makeup and it was an amazing experience! Alena is very professional, friendly and gentle, she gives good advice and takes excellent photographs too! The hair and makeup was perfect, will definitely recommend Alena (:”",,,,2023-11-04T08:40:55Z
recD2tcbdo1CXQPkp,Fiona Chin Makeup,Makeup Artists,Makeup Artist,chinchaifen@gmail.com,+65 8121 2624,https://instagram.com/fionachin_mua,923,"facebook.com/fionachinmua · +65 8121 2624 · chinchaifen@gmail.com · “Fiona was the chosen one out of many MUA for our actual day due to her extraordinary portfolio! We only briefly shared the preferred hairdos & showed Fiona the AD gowns and she did an extremely fantastic job, performing her magic for all of my wife’s 3 different looks. My guests were all in awe with 100% positive praises and compliments~ Thank you Fiona for being so on time, caring, readily available & being such a great help to us on wedding day! Absolutely the best assurance & most essential on any couple’s stressful big day. Really appreciate & thank you Fiona!!”","facebook.com/fionachinmua · +65 8121 2624 · chinchaifen@gmail.com · “Fiona was the chosen one out of many MUA for our actual day due to her extraordinary portfolio! We only briefly shared the preferred hairdos & showed Fiona the AD gowns and she did an extremely fantastic job, performing her magic for all of my wife’s 3 different looks. My guests were all in awe with 100% positive praises and compliments~ Thank you Fiona for being so on time, caring, readily available & being such a great help to us on wedding day! Absolutely the best assurance & most essential on any couple’s stressful big day. Really appreciate & thank you Fiona!!”",,,,2024-07-18T15:26:38Z
recH5E1OUp1cRpoRx,Queenie Cong Makeover,Makeup Artists,Makeup Artist,hello@congmakeover.com,8428 8853,http://www.congmakeover.com/,920,"Instagram: @queeniecong_makeover · facebook.com/queeniecongmakeover · 8428 8853 · hello@congmakeover.com · “I had Queenie Cong as my MUA after looking at other past BTB chat grps for my wedding in Dec 2023 and I highly recommend her! She is able to recommend the make up style that suits you but her expertise is doing the Thai big waves hairstyle. So for BTBs looking to have that glam hairdo, do consider her! During the make up trial, she will also do a short color analysis to see what type of colors suits you for make up e.g. cool a warm tones and you can experiment what you would like to adjust during the trial for your AD (please note that the results may not apply for clothes) She is also super detailed and did a great job at adjusting my eyes. However, I would like to share that please buffer more time (abt 30 mins) during your AD as my make up time took longer than expected. Fortunately, I built in some buffer and had a great bridal party, understanding PG and VG team in shifting the schedule around and making it work. ”","Instagram: @queeniecong_makeover · facebook.com/queeniecongmakeover · 8428 8853 · hello@congmakeover.com · “I had Queenie Cong as my MUA after looking at other past BTB chat grps for my wedding in Dec 2023 and I highly recommend her! She is able to recommend the make up style that suits you but her expertise is doing the Thai big waves hairstyle. So for BTBs looking to have that glam hairdo, do consider her! During the make up trial, she will also do a short color analysis to see what type of colors suits you for make up e.g. cool a warm tones and you can experiment what you would like to adjust during the trial for your AD (please note that the results may not apply for clothes) She is also super detailed and did a great job at adjusting my eyes. However, I would like to share that please buffer more time (abt 30 mins) during your AD as my make up time took longer than expected. Fortunately, I built in some buffer and had a great bridal party, understanding PG and VG team in shifting the schedule around and making it work. ”",,,,2023-11-16T06:11:06Z
recg7Lcu5a5zD5JLC,Makeup Doyennes,Makeup Artists,Makeup Artist,hello@makeupdoyennes.com.sg,+65 8661 8606,https://www.makeupdoyennes.com.sg/,918,"Instagram: @makeupdoyennes_brides · facebook.com/makeupdoyennes · +65 8661 8606 · hello@makeupdoyennes.com.sg · “PWS MUA + AD Mothers’ MUA: @theyueqi <- IG handle She was first introduced by Luna Bianca as my PWS MUA, and I really love working with her + her make up skills are really amazing! She also very helpful, particularly during my PWS, when she help me & my husband to do up lots of preparation (meanwhile my WC, Selin went MIA). I’m super thankful to have her around during my PWS, and she also gave me alot of skincare tips to “prepare” my face before my AD. She was also very accommodating to both my mum’s & MIL’s hairdo/makeup requests and I can tell both of them are really happy with their final outlook on my AD as well! ”","Instagram: @makeupdoyennes_brides · facebook.com/makeupdoyennes · +65 8661 8606 · hello@makeupdoyennes.com.sg · “PWS MUA + AD Mothers’ MUA: @theyueqi <- IG handle She was first introduced by Luna Bianca as my PWS MUA, and I really love working with her + her make up skills are really amazing! She also very helpful, particularly during my PWS, when she help me & my husband to do up lots of preparation (meanwhile my WC, Selin went MIA). I’m super thankful to have her around during my PWS, and she also gave me alot of skincare tips to “prepare” my face before my AD. She was also very accommodating to both my mum’s & MIL’s hairdo/makeup requests and I can tell both of them are really happy with their final outlook on my AD as well! ”",,,,2023-10-11T14:47:41Z
recOVKCU1Wlm28mzs,Sylvia Koh Hair & Makeup Artist,Makeup Artists,Makeup Artist,,+65 9363 5197,http://www.sylviakoh.com/,918,"Instagram: @sylviakohmua · +65 9363 5197 · “I had a wonderful experience with Sylvia, who did my makeup for both my pre-wedding shoot and actual wedding day! She was very patient and professional, offering great advice on the types of hairdos and makeup tailored to my features and preferences. Sylvia’s friendly and calming personality made the whole experience enjoyable. I felt completely relaxed in her care, and the entire process was seamless and stress-free. Not only did I love the makeup looks she created, but I also felt incredibly confident and beautiful. She went above and beyond by staying with me during the pre-wedding shoot to ensure my hairstyle stayed in place, as well as adjusting my necklace and gown train. The time spent together during both the pre-wedding shoot and wedding day was truly enjoyable. Overall, I am very satisfied with the makeup and hairstyles Sylvia created for me. I would highly recommend her to any brides or ladies looking for makeup for events. She will definitely help you achieve your desired look!”","Instagram: @sylviakohmua · +65 9363 5197 · “I had a wonderful experience with Sylvia, who did my makeup for both my pre-wedding shoot and actual wedding day! She was very patient and professional, offering great advice on the types of hairdos and makeup tailored to my features and preferences. Sylvia’s friendly and calming personality made the whole experience enjoyable. I felt completely relaxed in her care, and the entire process was seamless and stress-free. Not only did I love the makeup looks she created, but I also felt incredibly confident and beautiful. She went above and beyond by staying with me during the pre-wedding shoot to ensure my hairstyle stayed in place, as well as adjusting my necklace and gown train. The time spent together during both the pre-wedding shoot and wedding day was truly enjoyable. Overall, I am very satisfied with the makeup and hairstyles Sylvia created for me. I would highly recommend her to any brides or ladies looking for makeup for events. She will definitely help you achieve your desired look!”",,,,2023-11-04T08:40:55Z
recP5mkLiLFJygCpu,Elsa Yan Makeup,Makeup Artists,Makeup Artist,,+65 9109 5210,http://instagram.com/elsayan_makeup,918,"Instagram: @elsayan_makeup · facebook.com/ElsaYan84 · +65 9109 5210 · “Elsa was both my PWS and AD make-up artist, and I would strongly recommend engaging her because of her exceptional creativity and skills. I am quite a particular bride and Elsa did not disappoint! I can tell she is extra meticulous in my makeup and hairdo. On my wedding day, she proposed going for a ribbon bun up look for my second march-in, and it is a spot on! I received so many compliments from my guests. Thank you for making me feel and look like a princess, Elsa!”","Instagram: @elsayan_makeup · facebook.com/ElsaYan84 · +65 9109 5210 · “Elsa was both my PWS and AD make-up artist, and I would strongly recommend engaging her because of her exceptional creativity and skills. I am quite a particular bride and Elsa did not disappoint! I can tell she is extra meticulous in my makeup and hairdo. On my wedding day, she proposed going for a ribbon bun up look for my second march-in, and it is a spot on! I received so many compliments from my guests. Thank you for making me feel and look like a princess, Elsa!”",,,,2023-11-04T08:40:57Z
rec2r8Ok9RaqlAb2j,Tangyong Makeup and Hair,Makeup Artists,Makeup Artist,,+65 9061 7518,https://tangyongmakeup.com/,916,Instagram: @tangyongmakeup · facebook.com/tangyongmakeup · +65 9061 7518 · “It is an absolute joy to work with val. she is so skilled and professional + super friendly too. im someone with zero ideas of how i want my bridal look to be but she was able to go for styles/ looks that suits the gowns i was wearing. 😍”,Instagram: @tangyongmakeup · facebook.com/tangyongmakeup · +65 9061 7518 · “It is an absolute joy to work with val. she is so skilled and professional + super friendly too. im someone with zero ideas of how i want my bridal look to be but she was able to go for styles/ looks that suits the gowns i was wearing. 😍”,,,,2023-11-04T08:40:55Z
rec7thkppaZ5YVmo0,Shino Makeup & Hairstyling,Makeup Artists,Makeup Artist,,+65 8198 2966,http://shinobeauty.com/,914,"Instagram: @shinomakeupnhairstyling · facebook.com/shinomakeuphairstyling · +65 8198 2966 · “My husband and I relied on Shino’s expertise in make-up and hairdo for our wedding day. 😁😁 Her magical skills made me more beautiful than ever before, and I was reluctant to remove my make-up until midnight. Yes, the make-up stayed perfect on my oily skin even after 8 hours, without any touch up. Before our wedding day, she offered great suggestions after considering my preferences and gown design. During the entire process of dolling up, she arranged every step well, gave us tips and even took care of our emotions to make sure that we feel comfortable and assured. Thank you, Shino, for making us the most glorious couple on our big day. We deeply appreciate your hard work. 😁😁”","Instagram: @shinomakeupnhairstyling · facebook.com/shinomakeuphairstyling · +65 8198 2966 · “My husband and I relied on Shino’s expertise in make-up and hairdo for our wedding day. 😁😁 Her magical skills made me more beautiful than ever before, and I was reluctant to remove my make-up until midnight. Yes, the make-up stayed perfect on my oily skin even after 8 hours, without any touch up. Before our wedding day, she offered great suggestions after considering my preferences and gown design. During the entire process of dolling up, she arranged every step well, gave us tips and even took care of our emotions to make sure that we feel comfortable and assured. Thank you, Shino, for making us the most glorious couple on our big day. We deeply appreciate your hard work. 😁😁”",,,,2023-11-04T08:40:55Z
recQWVw2WPVPmzfqi,Cynderella,Makeup Artists,Makeup Artist,hello@cynderella.com.sg,+65 9738 0974,http://www.cynderella.com.sg/,910,"Instagram: @cynderellasg · facebook.com/cynderellasg · +65 9738 0974 · hello@cynderella.com.sg · “Cynthia was a great help to us! Her professionalism and expertise far exceeded our expectations. Her experience helped to ease our nerves during our PWS and on our big day. Most importantly, her works were impeccable and we couldn’t ask for a better make up artist. Highly recommended to all. You definitely wont regret! Thank you Cynthia ♥️”","Instagram: @cynderellasg · facebook.com/cynderellasg · +65 9738 0974 · hello@cynderella.com.sg · “Cynthia was a great help to us! Her professionalism and expertise far exceeded our expectations. Her experience helped to ease our nerves during our PWS and on our big day. Most importantly, her works were impeccable and we couldn’t ask for a better make up artist. Highly recommended to all. You definitely wont regret! Thank you Cynthia ♥️”",,,,2023-11-04T08:40:55Z
recZQSUUzgd1nykkk,Mrs. Fish Bridal Makeup & Hair,Makeup Artists,Makeup Artist,,+65 8763 4931,http://www.elainebeautystudio.com/,910,"Instagram: @elaine_mrsfishmakeup · facebook.com/MrsFishBridal · +65 8763 4931 · “May has helped me with my make up and hair style for my ROM, pre- wedding shorts and wedding day. I liked her skills as I looked very natural with the makeup. Hair setting was very beautiful esp the hair styling for my second march in on my wedding day. She was very easy going and friendly. I would also like to thank her that she stayed back on my actual wedding day on nov 30 to help me to wear my gown for my second march in as she was aware that no one was able to help me to tie the strings for the gown. Thanks so much for your makeup and hair style skill. Really appreciate it and I will definitely recommend you to my friends who need such services in the future 😊”","Instagram: @elaine_mrsfishmakeup · facebook.com/MrsFishBridal · +65 8763 4931 · “May has helped me with my make up and hair style for my ROM, pre- wedding shorts and wedding day. I liked her skills as I looked very natural with the makeup. Hair setting was very beautiful esp the hair styling for my second march in on my wedding day. She was very easy going and friendly. I would also like to thank her that she stayed back on my actual wedding day on nov 30 to help me to wear my gown for my second march in as she was aware that no one was able to help me to tie the strings for the gown. Thanks so much for your makeup and hair style skill. Really appreciate it and I will definitely recommend you to my friends who need such services in the future 😊”",,,,2023-11-04T08:40:55Z
recbDiLlHJxC2sQUG,Am Up Makeup Artistry,Makeup Artists,Makeup Artist,,,,904,"Instagram: @amup_makeupartistry · facebook.com/amupmakeupartistry · “Would definitely recommend Amber to my friends in the future. Amber follow me up and down, left and right throughout the wedding dinner to make sure that my makeup and hair is in good condition before the event. very thoughtful, helpful and friendly person! Execellent service!! She recommended the makeup and hairstyle for me as i have no idea what i want. Beautiful makeup and ideal hairstyle was done for me on my wedding day~~ 👍👍”","Instagram: @amup_makeupartistry · facebook.com/amupmakeupartistry · “Would definitely recommend Amber to my friends in the future. Amber follow me up and down, left and right throughout the wedding dinner to make sure that my makeup and hair is in good condition before the event. very thoughtful, helpful and friendly person! Execellent service!! She recommended the makeup and hairstyle for me as i have no idea what i want. Beautiful makeup and ideal hairstyle was done for me on my wedding day~~ 👍👍”",,,,2023-11-16T06:11:06Z
rec1pgbpCb36dOfyo,Makeup Works,Makeup Artists,Makeup Artist,,+65 9695 2876,http://www.makeupworks.sg/,901,"Instagram: @makeupworkssg · facebook.com/makeupworkssg · +65 9695 2876 · “Sophia is an absolute professional! For our wedding day, she dolled up my wife even more gorgeous than she already was, and even made me handsome (me?? hard to believe!) We are grateful for her fantastic work and expertise, her great sense of style and eye for details, and also in helping us calm down in the midst of the busy hectic day. With her expansive network, she also organised a team of other professionals to help our parents look great as well. Sophia is super experienced, and before we confirmed her, we observed/stalked her socials and noticed that she would frequently keep herself updated with the latest trends in hair, brows, etc Absolutely no regrets going with Sophia! Such a delight to work with! Many thanks!! :):)”","Instagram: @makeupworkssg · facebook.com/makeupworkssg · +65 9695 2876 · “Sophia is an absolute professional! For our wedding day, she dolled up my wife even more gorgeous than she already was, and even made me handsome (me?? hard to believe!) We are grateful for her fantastic work and expertise, her great sense of style and eye for details, and also in helping us calm down in the midst of the busy hectic day. With her expansive network, she also organised a team of other professionals to help our parents look great as well. Sophia is super experienced, and before we confirmed her, we observed/stalked her socials and noticed that she would frequently keep herself updated with the latest trends in hair, brows, etc Absolutely no regrets going with Sophia! Such a delight to work with! Many thanks!! :):)”",,,,2023-11-04T08:40:55Z
recVNwclAcYTQOf2g,Saydanar Makeup,Makeup Artists,Makeup Artist,,+65 9238 4092,http://saydanarkhin.com/,900,"Instagram: @saydanar_hmua · facebook.com/saydanarmakeupartistry · +65 9238 4092 · “The communication was very clear & timely from the start. Saydanar was very nice and friendly during the trial session, she made me feel very comfortable ☺️ and she always take my suggestions and preference in account. on the AD she arrived on time together with her assistant and done the makeup perfectly for me and my mum. Both her and her assistant are skilful and their makeup style is very natural and modern 👍 definitely recommend!”","Instagram: @saydanar_hmua · facebook.com/saydanarmakeupartistry · +65 9238 4092 · “The communication was very clear & timely from the start. Saydanar was very nice and friendly during the trial session, she made me feel very comfortable ☺️ and she always take my suggestions and preference in account. on the AD she arrived on time together with her assistant and done the makeup perfectly for me and my mum. Both her and her assistant are skilful and their makeup style is very natural and modern 👍 definitely recommend!”",,,,2023-11-16T06:11:06Z
recPeSv5QZxGWGQXd,KELLYKKL MAKEUP ARTIST,Makeup Artists,Makeup Artist,,+65 9188 1495,http://www.instagram.com/kellykkl.makeupartist,893,"Instagram: @kellykkl.makeupartist · facebook.com/kellykkl.makeupartist · +65 9188 1495 · “Engaged Kelly for my solemnisation day and pws! She was professional, friendly and the whole experience was very fuss-free. Will engage her again if I have another event.”","Instagram: @kellykkl.makeupartist · facebook.com/kellykkl.makeupartist · +65 9188 1495 · “Engaged Kelly for my solemnisation day and pws! She was professional, friendly and the whole experience was very fuss-free. Will engage her again if I have another event.”",,,,2023-11-04T08:40:55Z
rec2Qyx6gT2DQ8iDj,Jenny Chan Makeup Artist,Makeup Artists,Makeup Artist,jennychanmakeupsrtist@gmail.com,9025-1000,https://www.jennisabella.com/,893,"Instagram: @jenny__jennisabella · facebook.com/jennisabellamua · 9025-1000 · jennychanmakeupsrtist@gmail.com · “Jenny was my MUA for my actual day (both hair and make up) and I really love her works :) She's professional, punctual and has a great eye for detail. She did an amazing job in meeting my request of giving my hair more volume and not overly dramatizing my make up looks. Would like to specially mention that I loveee the eye make up that she did for my evening banquet and it won the praises of alot of my guests! Strongly recommend her services as she really made me feel at ease during the whole process!”","Instagram: @jenny__jennisabella · facebook.com/jennisabellamua · 9025-1000 · jennychanmakeupsrtist@gmail.com · “Jenny was my MUA for my actual day (both hair and make up) and I really love her works :) She's professional, punctual and has a great eye for detail. She did an amazing job in meeting my request of giving my hair more volume and not overly dramatizing my make up looks. Would like to specially mention that I loveee the eye make up that she did for my evening banquet and it won the praises of alot of my guests! Strongly recommend her services as she really made me feel at ease during the whole process!”",,,,2023-11-16T05:27:06Z
recreSQ0Ad1tjGZlp,Soleill Makeup,Makeup Artists,Makeup Artist,,+65 9784 8449,,890,"Instagram: @soleill.makeup · +65 9784 8449 · “I was so lucky to have been able to engage Celeste as my actual day makeup artist despite a short notice on my end! She was really knowledgeable about everything and even gave specific advice for me to prep my skin for the actual day following the trial session. She was also very proactive - asking about my schedule and planning for the different looks to match my gowns, and even used flowers from my bouquet for the first march in look. On top of it all, she was really cheery and fun to talk to whilst being professional and getting my hair and makeup done on time. The process felt so comfortable like it was like having a friend during my wedding day which definitely helped with the nerves. She also did my sister’s hair and makeup on a short notice and made her look good too. I would most definitely engage Celeste again in future if I’m needing hair and makeup for special events, and would most definitely recommend her to anyone looking for a hair and makeup artist!”","Instagram: @soleill.makeup · +65 9784 8449 · “I was so lucky to have been able to engage Celeste as my actual day makeup artist despite a short notice on my end! She was really knowledgeable about everything and even gave specific advice for me to prep my skin for the actual day following the trial session. She was also very proactive - asking about my schedule and planning for the different looks to match my gowns, and even used flowers from my bouquet for the first march in look. On top of it all, she was really cheery and fun to talk to whilst being professional and getting my hair and makeup done on time. The process felt so comfortable like it was like having a friend during my wedding day which definitely helped with the nerves. She also did my sister’s hair and makeup on a short notice and made her look good too. I would most definitely engage Celeste again in future if I’m needing hair and makeup for special events, and would most definitely recommend her to anyone looking for a hair and makeup artist!”",,,,2023-11-04T08:40:55Z
rec7UQLmPdb9pgJyK,Christine Tan Make Up,Makeup Artists,Makeup Artist,,+65 9621 2882,https://www.facebook.com/christinetan.makeuppage/,890,"Instagram: @christinetan.makeup · facebook.com/christinetan.makeuppage · +65 9621 2882 · “Thank you Christine for creating the best 4 looks of my life as a bride!!! ❤️ bonus considering this is without a trial session, just based off minimal interaction via mobile and zero preferences shared before my big day. She will base off ur reference image / overall vibe to suggest versatile looks and will always share and ask if its acceptable. Christine is super friendly and skilled with her make-up and hairdo. Shes open to any feedback or changes I’m considering / shared and very keen to explore trendy styles. As a bride overwhelmed with the day’s happenings, she will come to me to touchup if required without any prompt - it’s obvious she enjoys and takes pride in her work! THANK YOU”","Instagram: @christinetan.makeup · facebook.com/christinetan.makeuppage · +65 9621 2882 · “Thank you Christine for creating the best 4 looks of my life as a bride!!! ❤️ bonus considering this is without a trial session, just based off minimal interaction via mobile and zero preferences shared before my big day. She will base off ur reference image / overall vibe to suggest versatile looks and will always share and ask if its acceptable. Christine is super friendly and skilled with her make-up and hairdo. Shes open to any feedback or changes I’m considering / shared and very keen to explore trendy styles. As a bride overwhelmed with the day’s happenings, she will come to me to touchup if required without any prompt - it’s obvious she enjoys and takes pride in her work! THANK YOU”",,,,2023-11-04T08:40:57Z
recERoJLeo1ZBPME7,The Radiant People,Makeup Artists,Makeup Artist,,+65 9225 4044,https://www.theradiantpeople.co/,890,"Instagram: @theradiantpeople · +65 9225 4044 · “ONLY THE BEST & I don’t usually post reviews but because they are so underrated — I needed to!! I’ve had many experience with many different makeup artists as I’m currently working as a model. So trust me when I say, Viv knows what she’s doing. She will study your face shape, skin type, skin tone, hair type etc. She’s really knowledgeable & is a master at hiding pimples!!! I had a huge one on my big day & she really vanished it 🥹 I’m so thankful She also stuck on some jewels in my hair as per my request & I LOVED IT. It was so neat & it just added an extra ✨ to the whole look!!! Highly recommend!! Remember to book them early as their bookings can get filled pretty quickly~ (I’d suggest 6-10 months in advance)”","Instagram: @theradiantpeople · +65 9225 4044 · “ONLY THE BEST & I don’t usually post reviews but because they are so underrated — I needed to!! I’ve had many experience with many different makeup artists as I’m currently working as a model. So trust me when I say, Viv knows what she’s doing. She will study your face shape, skin type, skin tone, hair type etc. She’s really knowledgeable & is a master at hiding pimples!!! I had a huge one on my big day & she really vanished it 🥹 I’m so thankful She also stuck on some jewels in my hair as per my request & I LOVED IT. It was so neat & it just added an extra ✨ to the whole look!!! Highly recommend!! Remember to book them early as their bookings can get filled pretty quickly~ (I’d suggest 6-10 months in advance)”",,,,2023-11-04T08:40:57Z
recgGvUi6c4P5Xlj0,Ling Chia Makeup & Hairdo,Makeup Artists,Makeup Artist,,,,887,"Instagram: @lingchiamakeup.lele · facebook.com/LingChiaMakeup · “Engaged Ling for my AD morning and night. Received many compliments for the lovely makeup! I had 3 totally different style of gowns for the night, and she managed to style my hair and makeup to match all 3 gowns. Was very satisfied!! Thank you Ling. Highly recommended ❤️”","Instagram: @lingchiamakeup.lele · facebook.com/LingChiaMakeup · “Engaged Ling for my AD morning and night. Received many compliments for the lovely makeup! I had 3 totally different style of gowns for the night, and she managed to style my hair and makeup to match all 3 gowns. Was very satisfied!! Thank you Ling. Highly recommended ❤️”",,,,2023-11-16T06:11:06Z
recpwGsgHmlQ88LwO,Aoi's Makeup,Makeup Artists,Makeup Artist,hello@aoismakeup.com,+65 9384 6056,http://www.aoismakeup.com/,883,"Instagram: @aoismakeup · facebook.com/aoismakeup · +65 9384 6056 · hello@aoismakeup.com · “Thank you Aoi for the bridal makeup! Everything is on point. She put attentions to what I want, very accomodating, and also patiently cut and glued the fake eyelashes. So comfortable. The moms and groom makeup also nice!”","Instagram: @aoismakeup · facebook.com/aoismakeup · +65 9384 6056 · hello@aoismakeup.com · “Thank you Aoi for the bridal makeup! Everything is on point. She put attentions to what I want, very accomodating, and also patiently cut and glued the fake eyelashes. So comfortable. The moms and groom makeup also nice!”",,,,2023-11-04T08:40:55Z
rec6hdGkuVgo0JhXT,Candy Le Makeup Artist,Makeup Artists,Makeup Artist,,+65 9233 1284,https://instagram.com/candyle.makeup?igshid=YmMyMTA2M2Y=,879,Instagram: @candyle.makeup · facebook.com/CandyLe-Makeup-100055786723981 · +65 9233 1284 · “Really thankful I found Candy for my AD MUA! She understood what I wanted and was able to mail the natural look perfectly. I loved the hairdo so much I couldn’t bear to shower! Thank you for making me look so beautiful and would definitely go to her if I ever need professional make up services!”,Instagram: @candyle.makeup · facebook.com/CandyLe-Makeup-100055786723981 · +65 9233 1284 · “Really thankful I found Candy for my AD MUA! She understood what I wanted and was able to mail the natural look perfectly. I loved the hairdo so much I couldn’t bear to shower! Thank you for making me look so beautiful and would definitely go to her if I ever need professional make up services!”,,,,2023-11-04T08:40:55Z
recMszvbee6H1f9sT,Mu En Makeup Artist,Makeup Artists,Makeup Artist,whisperedcharm@gmail.com,+65 9648 2862,https://linktr.ee/whisperedcharm,879,"Instagram: @muenmakeup · facebook.com/muenmakeup · +65 9648 2862 · whisperedcharm@gmail.com · “I engaged Mu En for my Pre-Wedding shoot and actual Wedding Day. Mu En was such a delight! She was thorough, often asking me for my preferred styles and then advising me on what would suit me best. She made the whole process so easy and made me feel at ease when she perfected the look(s) at the trial beforehand. I was initially concerned that the makeup would look too cakey/unnatural but Mu En did an amazing job of natural looking makeup.”","Instagram: @muenmakeup · facebook.com/muenmakeup · +65 9648 2862 · whisperedcharm@gmail.com · “I engaged Mu En for my Pre-Wedding shoot and actual Wedding Day. Mu En was such a delight! She was thorough, often asking me for my preferred styles and then advising me on what would suit me best. She made the whole process so easy and made me feel at ease when she perfected the look(s) at the trial beforehand. I was initially concerned that the makeup would look too cakey/unnatural but Mu En did an amazing job of natural looking makeup.”",,,,2024-07-18T15:26:40Z
rec062cqjOlZ2jvjY,Amanda Cheong Makeup Artist,Makeup Artists,Makeup Artist,cheonglaithing510@gmail.com,+65 9879 9329,https://forms.gle/jhKBy3CCBVP7DXAF8,871,"Instagram: @amandacheong_makeupartist · facebook.com/amandacheongmakeupartist · +65 9879 9329 · cheonglaithing510@gmail.com · “Amanda’s beginner makeup and hairstyling course was one of my best decisions in 2020! Lessons take place in her studio at Ubi, which is brightly lit and cozy (and always well stocked with drinks and snacks 😂). Amanda herself was very patient when i was enquiring about the course and asked many questions; she answered them all in full and very quickly. This gave me confidence that i would be in good hands. Classes were always rigorous and demanding, but with good reason. Amanda explained and demonstrated techniques with great attention to detail, and it was these details that would make a big difference in the quality of the end product. Amanda really teaches from the heart and she genuinely wants her students to learn and master all that she has learned from her 17 years of makeup and hair experience. When we don’t understand, she will explain and demo over and over again. During class she even shows us common mistakes and teaches us how to fix them. In terms of putting together your makeup and hair tools kit, Amanda gave us detailed explanations of each product type and their functions. She has a plethora of tried and tested recommendations so that you dont waste money buying the wrong things. She has an amazing teaching assistant Charlotte, who guides us patiently on fixing any mistakes. In a class of 5-6 students, having 2 teachers was great as we all got the guidance and attention we needed. Both Amanda and Charlotte gave us their time above and beyond the slated time slots of the course. When we took long to finish our practical classwork, sometimes dragging close to midnight (when class is supposed to end at 10pm), both teachers did not compromise on the quality of our work nor rushed us to finish quickly or skip steps so that they could get home sooner. They continued to guide us patiently, even if we had to redo and redo some things, until we learned the right techniques. I believe all the students in the class appreciated this tremendously. While Amanda’s studio and class provides us with a friendly and welcoming environment to start learning, she pushes us to get out into the real world by practicing on many different types of faces, skintones, skin types, hair types and hair colours, so that we will learn to deal with many situations and crises that might occur in real life and be well prepared to handle them. This course prepares you very well for the real world and while it was extremely tiring, I am grateful for this. Amanda requires high commitments of time and effort from her students to complete the course, but she puts in an equal amount of time and effort into teaching us and grading our extra assignments and practices. She would always reply with feedback when we sent her pictures of our work. Even after the course ends, Amanda and her team offer on-the-job training experiences when they work on real brides and bridal parties. As a student, I personally felt i gained so much more out of this course than the syllabus describes. In summary, this beginner makeup and hair course was challenging but also incredibly rewarding. I feel really lucky to have stumbled upon Amanda’s course and would do this over again in a heartbeat. Thank you from the bottom of my heart to Amanda and Charlotte for building and executing this amazing course. I recommend both teachers 200% for anyone who is looking to become a makeup artist!!”","Instagram: @amandacheong_makeupartist · facebook.com/amandacheongmakeupartist · +65 9879 9329 · cheonglaithing510@gmail.com · “Amanda’s beginner makeup and hairstyling course was one of my best decisions in 2020! Lessons take place in her studio at Ubi, which is brightly lit and cozy (and always well stocked with drinks and snacks 😂). Amanda herself was very patient when i was enquiring about the course and asked many questions; she answered them all in full and very quickly. This gave me confidence that i would be in good hands. Classes were always rigorous and demanding, but with good reason. Amanda explained and demonstrated techniques with great attention to detail, and it was these details that would make a big difference in the quality of the end product. Amanda really teaches from the heart and she genuinely wants her students to learn and master all that she has learned from her 17 years of makeup and hair experience. When we don’t understand, she will explain and demo over and over again. During class she even shows us common mistakes and teaches us how to fix them. In terms of putting together your makeup and hair tools kit, Amanda gave us detailed explanations of each product type and their functions. She has a plethora of tried and tested recommendations so that you dont waste money buying the wrong things. She has an amazing teaching assistant Charlotte, who guides us patiently on fixing any mistakes. In a class of 5-6 students, having 2 teachers was great as we all got the guidance and attention we needed. Both Amanda and Charlotte gave us their time above and beyond the slated time slots of the course. When we took long to finish our practical classwork, sometimes dragging close to midnight (when class is supposed to end at 10pm), both teachers did not compromise on the quality of our work nor rushed us to finish quickly or skip steps so that they could get home sooner. They continued to guide us patiently, even if we had to redo and redo some things, until we learned the right techniques. I believe all the students in the class appreciated this tremendously. While Amanda’s studio and class provides us with a friendly and welcoming environment to start learning, she pushes us to get out into the real world by practicing on many different types of faces, skintones, skin types, hair types and hair colours, so that we will learn to deal with many situations and crises that might occur in real life and be well prepared to handle them. This course prepares you very well for the real world and while it was extremely tiring, I am grateful for this. Amanda requires high commitments of time and effort from her students to complete the course, but she puts in an equal amount of time and effort into teaching us and grading our extra assignments and practices. She would always reply with feedback when we sent her pictures of our work. Even after the course ends, Amanda and her team offer on-the-job training experiences when they work on real brides and bridal parties. As a student, I personally felt i gained so much more out of this course than the syllabus describes. In summary, this beginner makeup and hair course was challenging but also incredibly rewarding. I feel really lucky to have stumbled upon Amanda’s course and would do this over again in a heartbeat. Thank you from the bottom of my heart to Amanda and Charlotte for building and executing this amazing course. I recommend both teachers 200% for anyone who is looking to become a makeup artist!!”",,,,2023-11-04T08:43:29Z
recJuWfpoFyRQ06Sd,TiffiningBeauty Makeup and Hair,Makeup Artists,Makeup Artist,hello@tiffiningbeauty.com,+65 9665 9990,http://www.tiffiningbeauty.com/,870,"Instagram: @tiffiningbeauty · facebook.com/TiffiningBeauty · +65 9665 9990 · hello@tiffiningbeauty.com · “in short, I didn’t have a good experience with her and I wouldn’t recommend her. Wish I joined this chat before I paying the deposit. My tips before paying the deposit: - ask when you can have your trial. I had to take leave just for the trial becuz Tiffany’s trial period is only during the weekdays at certain timing. Also, she went on a long 3 month break because she got pregnant but I only found out about this through coming across her Instagram post. I thought it was really unprofessional of her not to tell me this personally because I already paid the deposit and it affected when I could have my trial make up. - ask whether she will stay with you throughout your wedding or at least be there in between your looks to help with touching up the make up. The short context was that Tiffany left for another appointment on my wedding day after doing my hair and make up for the first look. She didn’t stay to wait until I changed into my bridal gown after the tea ceremony. My sister had to loan me her lip gloss, touch up my make up, help me into my bridal dress and put on my veil for me. Most MUA will usually help you with all these but please don’t assume. - ask how long it takes for her to do the hair/makeup. The first look will take about 2 hours. The style change will need about 40mins for Tiffany. - ask whether there will be any surcharge if the waiting time in between your 1st look and 2nd look is a few hours. I had an interval of ~6 hours between my first look and second look and there wasn’t a surcharge for mine but I thought it’s a good question to ask. There was a surcharge for starting my make up at 6am though. She was late on my wedding day and I started ~30mins after my scheduled timing for make up. The make up was still pretty okay after 6 hours but then again, my whole schedule was conducted within the hotel so I was in an aircon environment throughout. Tiffany tried to convince me to have a shorter duration of waiting time between my 2 looks but I’m glad I stuck with my schedule. - make sure your MUA knows your schedule and arrives early for your 2nd look. You never know how your schedule will actually play out on the actual day. My 2nd look was scheduled to be at 2pm and she said that she will be back at exactly 2pm. But obviously your MUA cannot arrive at exactly 2pm because what if your schedule goes faster than expected? My sister therefore asked her to come at 1pm. My schedule overran a little and by the time I met her, it was around 2.15pm. She complained that she waited very long for me and basically had a little bit of a black face and it was as if she was blaming my sister for asking her to come early. - ask if your MUA provides hair accessories , Tiffany does provide some hair accessories to choose from without any additional cost Other comments on this: - she doesn’t rlly pay attention to the details IMO. I had to ask her to put more concealer over certain dark spots or tell her that the false eyelash wasn’t flushed against my lids and needed more glue. She sprayed this false hair shadow thing at my hairline and didn’t blend it out. It was only when my mum said that it looked like 2 50cent coin circle marks that she tried to blend it out. - the hair and make up for both looks turned out okay, people complimented my make up and hair but honestly, a lot of other make up artist could also produce the same looks. In fact, if I had known earlier that my bridal shop also offer make up services, I would have went for that because my 2 hairstyles wasn’t complicated (low bun and big wavy curls) and the bridal make up look is kinda the same for most MUA more or less.”","Instagram: @tiffiningbeauty · facebook.com/TiffiningBeauty · +65 9665 9990 · hello@tiffiningbeauty.com · “in short, I didn’t have a good experience with her and I wouldn’t recommend her. Wish I joined this chat before I paying the deposit. My tips before paying the deposit: - ask when you can have your trial. I had to take leave just for the trial becuz Tiffany’s trial period is only during the weekdays at certain timing. Also, she went on a long 3 month break because she got pregnant but I only found out about this through coming across her Instagram post. I thought it was really unprofessional of her not to tell me this personally because I already paid the deposit and it affected when I could have my trial make up. - ask whether she will stay with you throughout your wedding or at least be there in between your looks to help with touching up the make up. The short context was that Tiffany left for another appointment on my wedding day after doing my hair and make up for the first look. She didn’t stay to wait until I changed into my bridal gown after the tea ceremony. My sister had to loan me her lip gloss, touch up my make up, help me into my bridal dress and put on my veil for me. Most MUA will usually help you with all these but please don’t assume. - ask how long it takes for her to do the hair/makeup. The first look will take about 2 hours. The style change will need about 40mins for Tiffany. - ask whether there will be any surcharge if the waiting time in between your 1st look and 2nd look is a few hours. I had an interval of ~6 hours between my first look and second look and there wasn’t a surcharge for mine but I thought it’s a good question to ask. There was a surcharge for starting my make up at 6am though. She was late on my wedding day and I started ~30mins after my scheduled timing for make up. The make up was still pretty okay after 6 hours but then again, my whole schedule was conducted within the hotel so I was in an aircon environment throughout. Tiffany tried to convince me to have a shorter duration of waiting time between my 2 looks but I’m glad I stuck with my schedule. - make sure your MUA knows your schedule and arrives early for your 2nd look. You never know how your schedule will actually play out on the actual day. My 2nd look was scheduled to be at 2pm and she said that she will be back at exactly 2pm. But obviously your MUA cannot arrive at exactly 2pm because what if your schedule goes faster than expected? My sister therefore asked her to come at 1pm. My schedule overran a little and by the time I met her, it was around 2.15pm. She complained that she waited very long for me and basically had a little bit of a black face and it was as if she was blaming my sister for asking her to come early. - ask if your MUA provides hair accessories , Tiffany does provide some hair accessories to choose from without any additional cost Other comments on this: - she doesn’t rlly pay attention to the details IMO. I had to ask her to put more concealer over certain dark spots or tell her that the false eyelash wasn’t flushed against my lids and needed more glue. She sprayed this false hair shadow thing at my hairline and didn’t blend it out. It was only when my mum said that it looked like 2 50cent coin circle marks that she tried to blend it out. - the hair and make up for both looks turned out okay, people complimented my make up and hair but honestly, a lot of other make up artist could also produce the same looks. In fact, if I had known earlier that my bridal shop also offer make up services, I would have went for that because my 2 hairstyles wasn’t complicated (low bun and big wavy curls) and the bridal make up look is kinda the same for most MUA more or less.”",,,,2023-10-12T05:50:43Z
rec0H3rFckpvs3gU6,Zihan Ng Makeup & Hairdo,Makeup Artists,Makeup Artist,,,https://www.facebook.com/zihanngmakeup/,867,"Instagram: @zihanmakeup · facebook.com/zihanngmakeup · “One of the best choices we have made was to engage Zihan for both our ROM & Actual Day make-up. She was very genuine and friendly, and I really loved how her make-up and hair styling made my wife look super gorgeous on both days. What my wife appreciated the most was the eye make-up that Zihan managed to create a look that was not too overwhelming. We definitely recommend Zihan! Thank you for the great job done! (:”","Instagram: @zihanmakeup · facebook.com/zihanngmakeup · “One of the best choices we have made was to engage Zihan for both our ROM & Actual Day make-up. She was very genuine and friendly, and I really loved how her make-up and hair styling made my wife look super gorgeous on both days. What my wife appreciated the most was the eye make-up that Zihan managed to create a look that was not too overwhelming. We definitely recommend Zihan! Thank you for the great job done! (:”",,,,2023-11-16T06:11:06Z
recZhxpLvV8KA0N7q,Gayathri Menon Makeovers,Makeup Artists,Makeup Artist,,+65 9108 1014,https://www.gayathrimenon.com/,862,"Instagram: @Gayathri.menon · facebook.com/gayathrimakeup · +65 9108 1014 · “You are an amazing artist and have a wonderful talent. Thank you so much for making my daughter so stunnungly beautiful. You made her day so special!! And you accommodated her request and made her feel gorgeous. You were such a calming presence is so apprecitated and gave her confidence. Above all you made my daughter feel like a princess. Everyone loved the make up, hair and the overall look. We will absolutely recommend you to any bride or friends and so happy to share with others how grateful i am. I cannot thank you enough. You are commended for you professionalism. Good luck with the busy season!!!”","Instagram: @Gayathri.menon · facebook.com/gayathrimakeup · +65 9108 1014 · “You are an amazing artist and have a wonderful talent. Thank you so much for making my daughter so stunnungly beautiful. You made her day so special!! And you accommodated her request and made her feel gorgeous. You were such a calming presence is so apprecitated and gave her confidence. Above all you made my daughter feel like a princess. Everyone loved the make up, hair and the overall look. We will absolutely recommend you to any bride or friends and so happy to share with others how grateful i am. I cannot thank you enough. You are commended for you professionalism. Good luck with the busy season!!!”",,,,2023-11-04T08:40:55Z
reckYuskop1IabBEv,Angel Chua Makeup and Hair,Makeup Artists,Makeup Artist,acmua@hotmail.com,+65 9656 9231,https://www.instagram.com/angelchuamakeuphair/,858,"Instagram: @angelchuamakeuphair · facebook.com/angelchuamakeuphair · +65 9656 9231 · acmua@hotmail.com · “Angel is a professional make up artist, very passionate in her work. She is friendly to work with and always go all out to satisfy bride and groom's need on their big day :) . I am happy with Angel's make up service. Besides that Angel also good in taking ROM's photography. I would certainly recommend Angel to my friends and family. Thanks Angel.”","Instagram: @angelchuamakeuphair · facebook.com/angelchuamakeuphair · +65 9656 9231 · acmua@hotmail.com · “Angel is a professional make up artist, very passionate in her work. She is friendly to work with and always go all out to satisfy bride and groom's need on their big day :) . I am happy with Angel's make up service. Besides that Angel also good in taking ROM's photography. I would certainly recommend Angel to my friends and family. Thanks Angel.”",,,,2023-11-04T08:40:55Z
recBlMIh3bwnoCQnE,Susan Beauty Artistry,Makeup Artists,Makeup Artist,,+65 9001 7465,https://www.dreammakersmakeup.com/,857,"Instagram: @muasusan · facebook.com/MUASusan · +65 9001 7465 · “Susan's talent shone through in the natural makeup look she crafted for my pre-wedding shoot. Merging her expertise with my style, she made sure I looked effortlessly radiant. Susan's genuine approach to beauty gave me the confidence to shine authentically in every frame. For a look that feels both natural and stunning I'm glad that she is part of wedding journey! ❤️❤️”","Instagram: @muasusan · facebook.com/MUASusan · +65 9001 7465 · “Susan's talent shone through in the natural makeup look she crafted for my pre-wedding shoot. Merging her expertise with my style, she made sure I looked effortlessly radiant. Susan's genuine approach to beauty gave me the confidence to shine authentically in every frame. For a look that feels both natural and stunning I'm glad that she is part of wedding journey! ❤️❤️”",,,,2023-11-04T08:40:55Z
recwI7SVvSZ6yw6Wg,Yiqing Makeup Artist,Makeup Artists,Makeup Artist,qq@rorrimu.com,,,849,qq@rorrimu.com · “thank u so much for the 20th i felt like a princess”,qq@rorrimu.com · “thank u so much for the 20th i felt like a princess”,,,,2026-01-10T17:16:23Z
recmIGf7yQbUePc2R,Mibe Leung Makeup & Hair,Makeup Artists,Makeup Artist,mibeleungmua@gmail.com,+65 9099 6397,http://www.mibeleung.com/,845,"Instagram: @mibeleung_makeup · facebook.com/mibeleungmua · +65 9099 6397 · mibeleungmua@gmail.com · “Engaged Mibe for doing up my makeup and hair for my solemnisation and had a wonderful experience :) The makeup and hairdo was lovely I really like it. Overall, I am very satisfied 👍👍 Thanks Mibe! :)”","Instagram: @mibeleung_makeup · facebook.com/mibeleungmua · +65 9099 6397 · mibeleungmua@gmail.com · “Engaged Mibe for doing up my makeup and hair for my solemnisation and had a wonderful experience :) The makeup and hairdo was lovely I really like it. Overall, I am very satisfied 👍👍 Thanks Mibe! :)”",,,,2023-11-04T08:40:55Z
recDhhQhFRnBllXyQ,Zbeauty.sg,Makeup Artists,Makeup Artist,zbeautysg@gmail.com,+65 9820 7201,,845,"Instagram: @zbeauty.sg · facebook.com/zbeauty.sg · +65 9820 7201 · zbeautysg@gmail.com · “I was recommended by my friend to engage Zbeauty for my bridal makeup and I was totally amazed by how professional Zynn was and how the makeup turns out. When she asked me what kind of makeup that I preferred, I mentioned Korean makeup. As I have no picture to show her, she gave me a few pictures to take a look and told me what's the difference between them and give her recommendation based on the gowns I rented for the day. She also loan hair accessories that matches my gowns. She is very helpful and fun to talk to. I strongly recommend anyone finding Bridal makeup to find Zynn from Zbeauty ❤️”","Instagram: @zbeauty.sg · facebook.com/zbeauty.sg · +65 9820 7201 · zbeautysg@gmail.com · “I was recommended by my friend to engage Zbeauty for my bridal makeup and I was totally amazed by how professional Zynn was and how the makeup turns out. When she asked me what kind of makeup that I preferred, I mentioned Korean makeup. As I have no picture to show her, she gave me a few pictures to take a look and told me what's the difference between them and give her recommendation based on the gowns I rented for the day. She also loan hair accessories that matches my gowns. She is very helpful and fun to talk to. I strongly recommend anyone finding Bridal makeup to find Zynn from Zbeauty ❤️”",,,,2023-11-04T08:40:55Z
recIaodoa1n9xD82d,Monina Monisha Makeup Artist,Makeup Artists,Makeup Artist,,+65 9888 1821,https://instagram.com/moninamonisha?igshid=YmMyMTA2M2Y=,845,"Instagram: @moninamonisha · facebook.com/moninamonisha · +65 9888 1821 · “The ONLY makeup artist I’ll ever let touch my face. Engaged her services for a glam photoshoot and OMG she didn’t just deliver, she went beyond expectations. I usually hate myself with make up but Ms Monina over here made my skin look REAL, my eyes looked GLAM, my face was YASSIFIED. She’s so versatile in her looks she’s done glam make up on me and natural makeup. The day I get married, she will be my make up artist. I would fly her to whatever location I’m at, that’s how much I trust and love her work.”","Instagram: @moninamonisha · facebook.com/moninamonisha · +65 9888 1821 · “The ONLY makeup artist I’ll ever let touch my face. Engaged her services for a glam photoshoot and OMG she didn’t just deliver, she went beyond expectations. I usually hate myself with make up but Ms Monina over here made my skin look REAL, my eyes looked GLAM, my face was YASSIFIED. She’s so versatile in her looks she’s done glam make up on me and natural makeup. The day I get married, she will be my make up artist. I would fly her to whatever location I’m at, that’s how much I trust and love her work.”",,,,2023-11-04T08:40:55Z
recXWzumilYYnQkFW,Vic Hwang Makeup,Makeup Artists,Makeup Artist,,,http://www.suburbs-studio.com/,845,Instagram: @vichwangmua · “Thank you so much! You know how to make me look so beautiful 🙇🏻‍♀️❤️”,Instagram: @vichwangmua · “Thank you so much! You know how to make me look so beautiful 🙇🏻‍♀️❤️”,,,,2024-05-06T10:17:52Z
recr5LvNkSznNqcfW,WITH LOVE YUMI,Makeup Artists,"Makeup Artist, Gowns & Bridal Shops",forever@withloveyumi.com,+65 8768 4966,https://instagram.com/withloveyumi,845,"facebook.com/withloveyumibridal · +65 8768 4966 · forever@withloveyumi.com · “I first discovered With Love Yumi eight years ago through a friend's glowing recommendation, and I was immediately captivated by the stunning bridal wear. What impressed me most was Yumi's ability to harmoniously blend modern elegance with timeless traditional elements. The designs are truly breathtaking, and I knew I had to book her services for my special day. Her studio at Serangoon is absolutely spectacular. We were fortunate to have Bed, a stylist with a keen eye for style, guiding us through the process. She offered invaluable advice on what outfits worked and what didn't, and mindfully selected bridal accessories that complemented my overall stature and even facial structure. Coming prepared with screenshots of your desired outfits is recommended, as the extensive collection can be overwhelming. Having a clear vision as the bride will greatly facilitate the entire process. On the actual day, Kak Fifi, Kak Yumi, and I connected like long-time friends, making me feel at ease on my big day. Their warmth and expertise made all the difference. If I were to redo my wedding all over again, With Love Yumi would still be my first choice. Their exceptional service, stunning designs, and personalized attention make them truly exceptional.”","facebook.com/withloveyumibridal · +65 8768 4966 · forever@withloveyumi.com · “I first discovered With Love Yumi eight years ago through a friend's glowing recommendation, and I was immediately captivated by the stunning bridal wear. What impressed me most was Yumi's ability to harmoniously blend modern elegance with timeless traditional elements. The designs are truly breathtaking, and I knew I had to book her services for my special day. Her studio at Serangoon is absolutely spectacular. We were fortunate to have Bed, a stylist with a keen eye for style, guiding us through the process. She offered invaluable advice on what outfits worked and what didn't, and mindfully selected bridal accessories that complemented my overall stature and even facial structure. Coming prepared with screenshots of your desired outfits is recommended, as the extensive collection can be overwhelming. Having a clear vision as the bride will greatly facilitate the entire process. On the actual day, Kak Fifi, Kak Yumi, and I connected like long-time friends, making me feel at ease on my big day. Their warmth and expertise made all the difference. If I were to redo my wedding all over again, With Love Yumi would still be my first choice. Their exceptional service, stunning designs, and personalized attention make them truly exceptional.”",,,,2024-07-18T15:26:39Z
recg5xkOFsAAXOAJC,The Beauty Society,Makeup Artists,Makeup Artist,thebeautysociety.sg@gmail.com,97373034,https://www.instagram.com/lovebeautysociety/,839,"Instagram: @lovebeautysociety · facebook.com/lovebeautysociety · 97373034 · thebeautysociety.sg@gmail.com · “Gerra was recommended by a friend to help with my wedding make-up. I wanted the 'natural' look and Gerra was able to achieve that so well! My hair and make-up lasted the entire day and I still looked fresh at the end of the day:) The whole process of communicating with her about my preferences and finally meeting her on D-Day, was a seamless and pleasant experience. Her friendly and approachable disposition makes her someone easy to feel comfortable and at ease with. I highly recommend her if you're looking for someone to help with your big day / for any events 👍🏻”","Instagram: @lovebeautysociety · facebook.com/lovebeautysociety · 97373034 · thebeautysociety.sg@gmail.com · “Gerra was recommended by a friend to help with my wedding make-up. I wanted the 'natural' look and Gerra was able to achieve that so well! My hair and make-up lasted the entire day and I still looked fresh at the end of the day:) The whole process of communicating with her about my preferences and finally meeting her on D-Day, was a seamless and pleasant experience. Her friendly and approachable disposition makes her someone easy to feel comfortable and at ease with. I highly recommend her if you're looking for someone to help with your big day / for any events 👍🏻”",,,,2023-11-16T05:27:06Z
recnkUqukyO6ujhjb,Makeup by Paula,Makeup Artists,Makeup Artist,paulavekony@yahoo.com,9777 3220 ,,839,"Instagram: @@mua_paula_ · 9777 3220  · paulavekony@yahoo.com · “Paula helped make my magical day even more special. She really listened to what I asked for and completely exceeded my expectations! I absolutely loved how natural my make up looked, and felt so special! Very professional, and I would definitely recommend her to any bride. ❤️”","Instagram: @@mua_paula_ · 9777 3220  · paulavekony@yahoo.com · “Paula helped make my magical day even more special. She really listened to what I asked for and completely exceeded my expectations! I absolutely loved how natural my make up looked, and felt so special! Very professional, and I would definitely recommend her to any bride. ❤️”",,,,2025-10-02T03:26:53Z
rec9c6fSDEHHh7IwT,fidelistoh,Makeup Artists,Makeup Artist,,,http://www.theluckiestchickmakeup.com/,824,Instagram: @fidelistoh · facebook.com/TheLuckiestChickMakeup · “Super fortunate to have chanced upon fidelis to be my MUA! Super sweet and friendly and most importantly!! her skills were superb! Recieved so many good compliments on my make up for my wedding! Freaking love all my hairdos too! Would highly recommend!👍👍👍”,Instagram: @fidelistoh · facebook.com/TheLuckiestChickMakeup · “Super fortunate to have chanced upon fidelis to be my MUA! Super sweet and friendly and most importantly!! her skills were superb! Recieved so many good compliments on my make up for my wedding! Freaking love all my hairdos too! Would highly recommend!👍👍👍”,,,,2023-11-16T06:11:06Z
recQZumR3WvMnmLRn,Sgmakeover by Valerie Lim,Makeup Artists,Makeup Artist,,,,824,"Instagram: @valeriemakeover · facebook.com/valerielimmakeup · “AMAZING SKILLS! FLAWLESS MAKEUP! SUPERB PROFESSIONAL! Getting married in the midst of a pandemic, with heightened measures meant that I needed to wear my mask for most of the time. This meant that a lot of focus needed to be on my eye makeup. Valerie was very patient and a professional, taking the time to enhance my mono lids. She also took the effort to ask about my usual preferred makeup style, to make sure I don’t look completely recognizable (which was what I wanted). I received so many praises for my makeup look and hairstyle. The makeup also lasted through an outside venue AD solemnisation with much crying. I was so happy that she was my MUA for my AD! Definitely highly recommend!”","Instagram: @valeriemakeover · facebook.com/valerielimmakeup · “AMAZING SKILLS! FLAWLESS MAKEUP! SUPERB PROFESSIONAL! Getting married in the midst of a pandemic, with heightened measures meant that I needed to wear my mask for most of the time. This meant that a lot of focus needed to be on my eye makeup. Valerie was very patient and a professional, taking the time to enhance my mono lids. She also took the effort to ask about my usual preferred makeup style, to make sure I don’t look completely recognizable (which was what I wanted). I received so many praises for my makeup look and hairstyle. The makeup also lasted through an outside venue AD solemnisation with much crying. I was so happy that she was my MUA for my AD! Definitely highly recommend!”",,,,2023-11-16T06:11:06Z
recaklFRKevAlyjWD,Sasa de Maquillage,Makeup Artists,Makeup Artist,sasademaq@gmail.com,,,816,"facebook.com/SasaDeMaquillage · sasademaq@gmail.com · “I found Sasa from The Wedding Notebook Malaysia and like her natural make up style. Sasa is indeed very skilled, experienced and detailed in her make up. Prior to the actual day, I had a trial make up session with her and we communicated on our opinions and thoughts. She is open to accept the bride's opinions. Both morning and evening make up turned out exactly what i wanted it to be ❤️”","facebook.com/SasaDeMaquillage · sasademaq@gmail.com · “I found Sasa from The Wedding Notebook Malaysia and like her natural make up style. Sasa is indeed very skilled, experienced and detailed in her make up. Prior to the actual day, I had a trial make up session with her and we communicated on our opinions and thoughts. She is open to accept the bride's opinions. Both morning and evening make up turned out exactly what i wanted it to be ❤️”",,,,2024-07-18T15:26:40Z
rec7LbeHWw3NObKrx,Amber Weng Makeover,Makeup Artists,Makeup Artist,amberqiurongweng@gmail.com,83394331,https://amberqiurongweng.wixsite.com/amberweng-makeover-1,815,Instagram: @amber_weng · 83394331 · amberqiurongweng@gmail.com · “Thank you Amber!! Everyone thought I looked great so thank you very much for your good work and being so friendly to work with 🥺🥺”,Instagram: @amber_weng · 83394331 · amberqiurongweng@gmail.com · “Thank you Amber!! Everyone thought I looked great so thank you very much for your good work and being so friendly to work with 🥺🥺”,,,,2025-06-09T03:42:49Z
rec9aNdMhjirsB9T0,Wendy Soh Makeup Artist,Makeup Artists,Makeup Artist,,,https://wa.me/6590019306,810,"Instagram: @makeupbywendys · facebook.com/MakeupByWendySoh · “I have engaged Wendy for my pageant make-up and wedding make-up. Wendy possesses a rare gift for understanding the heart of a bride. She patiently listened to my desires, not just about colors and products, but about the emotions I wanted to convey. She offered suggestions, never dictating, and ultimately created a look that matched my personality and theme perfectly. Thank you so much!”","Instagram: @makeupbywendys · facebook.com/MakeupByWendySoh · “I have engaged Wendy for my pageant make-up and wedding make-up. Wendy possesses a rare gift for understanding the heart of a bride. She patiently listened to my desires, not just about colors and products, but about the emotions I wanted to convey. She offered suggestions, never dictating, and ultimately created a look that matched my personality and theme perfectly. Thank you so much!”",,,,2023-11-16T06:11:06Z
rechFzWKn0FAP5faT,Queen Makeup Artist,Makeup Artists,Makeup Artist,queenmua09@gmail.com,+65 8722 0356,,808,"Instagram: @queenmakeupartist.sg · facebook.com/Queen.Makeup.Artist.sg · +65 8722 0356 · queenmua09@gmail.com · “Queen did an amazing job dolling my family up for my wedding. She was polite, gentle and professional. ❤️”","Instagram: @queenmakeupartist.sg · facebook.com/Queen.Makeup.Artist.sg · +65 8722 0356 · queenmua09@gmail.com · “Queen did an amazing job dolling my family up for my wedding. She was polite, gentle and professional. ❤️”",,,,2023-11-04T08:40:55Z
recbufINT3EgX1QEC,Nikoru Nicole Makeup Artist,Makeup Artists,Makeup Artist,hello@nicolekmakeup.com,+65 8891 7519,http://www.nnmakeup.com/,806,Instagram: @nicolekmakeup · facebook.com/NicoleK.Makeup.Hair · +65 8891 7519 · hello@nicolekmakeup.com · “Nicole was great and very accommodative in my frequent change in wedding dates! Make up was really pretty and same for the hairstyle. She’s very friendly as well and puts you at ease during the whole process :)”,Instagram: @nicolekmakeup · facebook.com/NicoleK.Makeup.Hair · +65 8891 7519 · hello@nicolekmakeup.com · “Nicole was great and very accommodative in my frequent change in wedding dates! Make up was really pretty and same for the hairstyle. She’s very friendly as well and puts you at ease during the whole process :)”,,,,2023-11-16T05:27:06Z
recauz6xALwfZ6ZPX,Wedding Crew SG,Makeup Artists,Makeup Artist,judy_hmua@hotmail.com,,https://instagram.com/38jjudy_makeupartist,806,"facebook.com/weddingcrewSG · judy_hmua@hotmail.com · “Thanks Valerie Leong for such awesome make up. The trial make up experience is very enjoyable, my fiancé is very satisfy with her professional service and advise. She have various accessories available for rent, I don’t have to spend time search and buy accessories to match my gown. On AD when mask on, the make up still stay nicely when I remove it during photo taking. Overall she put in her very best to make sure I look the best. 😍😍😍”","facebook.com/weddingcrewSG · judy_hmua@hotmail.com · “Thanks Valerie Leong for such awesome make up. The trial make up experience is very enjoyable, my fiancé is very satisfy with her professional service and advise. She have various accessories available for rent, I don’t have to spend time search and buy accessories to match my gown. On AD when mask on, the make up still stay nicely when I remove it during photo taking. Overall she put in her very best to make sure I look the best. 😍😍😍”",,,,2024-07-18T15:26:39Z
recMmYxoOJ3SMjgJL,Doll Up Inc,Makeup Artists,Makeup Artist,info@dollupinc.com,8148 7282,https://www.dollupinc.com/,796,Instagram: @dollupinc.sg · facebook.com/dollupinc.sg · 8148 7282 · info@dollupinc.com · “I engaged Yvonne for my wedding day and have no regrets! She pays attention to detail and made me a much better version of myself for my wedding banquet. She is professional and even sent me reminders on what I should and should not do before the wedding day to ensure I look my best on that day. Thank you Yvonne for your hard work and I appreciate all your advices as well. Would recommend people to engage her for any bridal makeup as well!”,Instagram: @dollupinc.sg · facebook.com/dollupinc.sg · 8148 7282 · info@dollupinc.com · “I engaged Yvonne for my wedding day and have no regrets! She pays attention to detail and made me a much better version of myself for my wedding banquet. She is professional and even sent me reminders on what I should and should not do before the wedding day to ensure I look my best on that day. Thank you Yvonne for your hard work and I appreciate all your advices as well. Would recommend people to engage her for any bridal makeup as well!”,,,,2023-11-16T05:27:06Z
recirxyVZnsd7DCNH,V Makeup & Hairstyling,Makeup Artists,Makeup Artist,,+65 9010 9372,https://linktr.ee/mua_ivy_tan,785,"Instagram: @mua_ivy_tan · facebook.com/vmakeupandhairstyling · +65 9010 9372 · “Loved my wedding hair and makeup! MUA also ensured she was punctual and very friendly, professional and easy to talk to. Reasonable price rates as well, would recommend”","Instagram: @mua_ivy_tan · facebook.com/vmakeupandhairstyling · +65 9010 9372 · “Loved my wedding hair and makeup! MUA also ensured she was punctual and very friendly, professional and easy to talk to. Reasonable price rates as well, would recommend”",,,,2023-11-04T08:40:55Z
recTfVn1AWFAl4dFW,Lush Looks Hair and Makeup,Makeup Artists,Makeup Artist,,+65 8787 4027,http://www.instagram.com/lushlookshairandmakeup,785,"Instagram: @lushlookshairandmakeup · facebook.com/lushlooksmakeup · +65 8787 4027 · “Engaged Lush Looks for both my PWS & AD. I absolutely love all the looks created by XinEr! 😍 She is professional, understanding, patient, and very responsive. I almost couldn’t find a MUA for my PWS as the one I initially engaged backed out last minute. I’ll always be so so thankful that XinEr accepted my engagement request swiftly. She even gave me feedback on my AD schedule to ensure that there is sufficient time for all the looks, and micro details I’d have otherwise overlooked like changing time etc. Everything indeed went on smoothly on my AD. :) She also did groom styling for my husband and he received lots of compliments as well! I truly enjoyed the conversations and time spent with XinEr. I’ll definitely engage her when I ever require a glam up for future events or photoshoots. :) Thank you so much, XinEr 💖”","Instagram: @lushlookshairandmakeup · facebook.com/lushlooksmakeup · +65 8787 4027 · “Engaged Lush Looks for both my PWS & AD. I absolutely love all the looks created by XinEr! 😍 She is professional, understanding, patient, and very responsive. I almost couldn’t find a MUA for my PWS as the one I initially engaged backed out last minute. I’ll always be so so thankful that XinEr accepted my engagement request swiftly. She even gave me feedback on my AD schedule to ensure that there is sufficient time for all the looks, and micro details I’d have otherwise overlooked like changing time etc. Everything indeed went on smoothly on my AD. :) She also did groom styling for my husband and he received lots of compliments as well! I truly enjoyed the conversations and time spent with XinEr. I’ll definitely engage her when I ever require a glam up for future events or photoshoots. :) Thank you so much, XinEr 💖”",,,,2023-11-04T08:40:55Z
rec7nNdtsh1wQIm7Z,ALYCIA TAN,Makeup Artists,Makeup Artist,,+65 8713 3888,https://www.alyciatanmakeup.com/,772,"Instagram: @alyciatanmakeup · facebook.com/alyciatanmakeup · +65 8713 3888 · “A big shoutout to Alycia, my professional and friendly wedding MUA! She worked her magic as my go-to artist for my ROM, and let me tell you, the makeup not only looked fantastic but held up like a champ. During our trial session, Alycia and I had a smooth conversation about the style I was looking for, allowing her to decide the best look for me with her high skill and professionalism. I knew I could trust Alycia to work her makeup magic. Her friendly and funny personality made me feel incredibly comfortable throughout the session. On the actual day, Alycia not only nailed my look but also did an amazing job on my husband's and mom's styling. They were over the moon with the looks Alycia created for them. Her approachable personality helped calm my wedding nerves! Alycia, a special thank you for going the extra mile and staying behind to ensure my makeup was flawless after the morning shooting under the hot sun. Thanks for making my special day even more amazing!”","Instagram: @alyciatanmakeup · facebook.com/alyciatanmakeup · +65 8713 3888 · “A big shoutout to Alycia, my professional and friendly wedding MUA! She worked her magic as my go-to artist for my ROM, and let me tell you, the makeup not only looked fantastic but held up like a champ. During our trial session, Alycia and I had a smooth conversation about the style I was looking for, allowing her to decide the best look for me with her high skill and professionalism. I knew I could trust Alycia to work her makeup magic. Her friendly and funny personality made me feel incredibly comfortable throughout the session. On the actual day, Alycia not only nailed my look but also did an amazing job on my husband's and mom's styling. They were over the moon with the looks Alycia created for them. Her approachable personality helped calm my wedding nerves! Alycia, a special thank you for going the extra mile and staying behind to ensure my makeup was flawless after the morning shooting under the hot sun. Thanks for making my special day even more amazing!”",,,,2023-11-04T08:40:55Z
rechtyjSFHkDnuwaw,Arieltistry,Makeup Artists,Makeup Artist,,,http://www.arieltistry.com/,772,"Instagram: @arieltistry · “Engaged the team for my wedding day (for myself and the mums) and they did such a good job! Loved the day and night looks that Ariel and the team gave us— they were professional, punctual, wonderful at what they do, and a joy to chat with during the process. Our mums were also happy with their looks and we all received compliments on how natural and good the makeup was :) thankful that I could totally trust Ariel and her team with helping us look great (even giving some tips and reminders at the trial session for how to keep the look well and things to do before in the days leading up to the wedding), and that I had the chance to work with her. Highly recommend! :)”","Instagram: @arieltistry · “Engaged the team for my wedding day (for myself and the mums) and they did such a good job! Loved the day and night looks that Ariel and the team gave us— they were professional, punctual, wonderful at what they do, and a joy to chat with during the process. Our mums were also happy with their looks and we all received compliments on how natural and good the makeup was :) thankful that I could totally trust Ariel and her team with helping us look great (even giving some tips and reminders at the trial session for how to keep the look well and things to do before in the days leading up to the wedding), and that I had the chance to work with her. Highly recommend! :)”",,,,2023-11-04T08:40:55Z
rech3xs5WJ4bgRVN5,The Powder Loft; Makeup Artist,Makeup Artists,Makeup Artist,,,http://www.thepowderloft.com/,772,"Instagram: @thepowderloft · facebook.com/ThePowderLoft · “Engaged Mandy for bridal make up, and she was amazing. While planning my own wedding being beautiful was the last thing on my mind. Told Mandy i wanted simple, she was able to deliver a better job than what i requested. Loved the little flower details on my hair, and the veil stayed until the end of the ceremony. Thank you for making me look beautiful on my big day🤭~”","Instagram: @thepowderloft · facebook.com/ThePowderLoft · “Engaged Mandy for bridal make up, and she was amazing. While planning my own wedding being beautiful was the last thing on my mind. Told Mandy i wanted simple, she was able to deliver a better job than what i requested. Loved the little flower details on my hair, and the veil stayed until the end of the ceremony. Thank you for making me look beautiful on my big day🤭~”",,,,2023-11-04T08:40:55Z
recBfaelYXeIYN4AT,Mahes Makeup Artist,Makeup Artists,Makeup Artist,,,,772,"Instagram: @mahes_mua · facebook.com/theindianbride · “Mahes has been an absolute joy to work with and one of the best decisions i've made for my wedding. She was patient, calm, very focused and absolutely professional. She really listened and was receptive towards feedback which resulted in amazing looks created. Thank you Mahes!”","Instagram: @mahes_mua · facebook.com/theindianbride · “Mahes has been an absolute joy to work with and one of the best decisions i've made for my wedding. She was patient, calm, very focused and absolutely professional. She really listened and was receptive towards feedback which resulted in amazing looks created. Thank you Mahes!”",,,,2023-11-16T06:11:06Z
rec9d9ddwM2TQ3HXh,Hair Makeup by Mitra Nathan,Makeup Artists,Makeup Artist,hairmakeupbymitranathan@gmail.com,+65 9001 7184,https://hairmakeupbymitranathan.com,772,"facebook.com/MitraNathanHairMakeup · +65 9001 7184 · hairmakeupbymitranathan@gmail.com · “Mitra did exactly what I wanted for my wedding day makeup. From skin prep all the way to the finishing touch. I wanted to look sculpted but also with minimal makeup and an almost no makeup makeup look. And she pulled it off exactly like that. And what I love about Mitra is that she matches my foundation so well every single time. Her colour match was amazing, I didn’t end up looking way fairer than my actual skin tone which was exactly what I wanted. And my hair does not hold curls whatsoever, she used premium products and technique to curl my hair and they lasted throughout the day. Mitra uses really good products on face and hair and you can tell that it’s a high quality products when it’s on you. I received so many compliments on my wedding day about my makeup and hair. Especially my makeup, many people said it looked so good and with a amazing base!”","facebook.com/MitraNathanHairMakeup · +65 9001 7184 · hairmakeupbymitranathan@gmail.com · “Mitra did exactly what I wanted for my wedding day makeup. From skin prep all the way to the finishing touch. I wanted to look sculpted but also with minimal makeup and an almost no makeup makeup look. And she pulled it off exactly like that. And what I love about Mitra is that she matches my foundation so well every single time. Her colour match was amazing, I didn’t end up looking way fairer than my actual skin tone which was exactly what I wanted. And my hair does not hold curls whatsoever, she used premium products and technique to curl my hair and they lasted throughout the day. Mitra uses really good products on face and hair and you can tell that it’s a high quality products when it’s on you. I received so many compliments on my wedding day about my makeup and hair. Especially my makeup, many people said it looked so good and with a amazing base!”",,,,2024-07-18T15:26:38Z
rec8e0lpTW82JxXnr,Makeup By Sherill,Makeup Artists,Makeup Artist,,+65 8772 2945,http://www.makeupbysherill.com/,758,"Instagram: @makeupbysherill · facebook.com/makeupbysherill · +65 8772 2945 · “I had a really good experience with Sherill, who was patient and professional. Engaged her for my wedding day, and she did mine, my mum's and husband's hair and makeup. She catered to our requests for more Korean style makeup and my hair and makeup stayed intact the whole day! Highly recommended :)”","Instagram: @makeupbysherill · facebook.com/makeupbysherill · +65 8772 2945 · “I had a really good experience with Sherill, who was patient and professional. Engaged her for my wedding day, and she did mine, my mum's and husband's hair and makeup. She catered to our requests for more Korean style makeup and my hair and makeup stayed intact the whole day! Highly recommended :)”",,,,2023-11-04T08:40:55Z
recaPTWVelNJFGhGk,The Make Up Room,Makeup Artists,Makeup Artist,,+65 9231 2703,http://www.the-makeuproom.com/,758,"Instagram: @themakeuproom_sg · facebook.com/themakeuproomsg · +65 9231 2703 · “Kelly is just amazing! With many years of experience under her belt, she delivers masterful hair styling and makeup that keeps us in awe. Beyond her competency, she is very humble and kind, always lending a listening ear and offering help wherever and whenever she can. 😍 Naturally, we had her for both our pre-wedding shoot and actual day, time and time again she goes the extra mile to always make sure we look our best, constantly readjusting our hair, makeup and attire. The photos turned out amazing and the results speak for themselves. Highly recommend her services! Thank you Kelly/The Makeup Room for making us look beautiful on our wedding day! ❤️ With Love, Richard & Sandy”","Instagram: @themakeuproom_sg · facebook.com/themakeuproomsg · +65 9231 2703 · “Kelly is just amazing! With many years of experience under her belt, she delivers masterful hair styling and makeup that keeps us in awe. Beyond her competency, she is very humble and kind, always lending a listening ear and offering help wherever and whenever she can. 😍 Naturally, we had her for both our pre-wedding shoot and actual day, time and time again she goes the extra mile to always make sure we look our best, constantly readjusting our hair, makeup and attire. The photos turned out amazing and the results speak for themselves. Highly recommend her services! Thank you Kelly/The Makeup Room for making us look beautiful on our wedding day! ❤️ With Love, Richard & Sandy”",,,,2023-11-04T08:40:57Z
recJC2zTQQQLEUf7A,Yvonne How Makeup& Hairdo Service,Makeup Artists,Makeup Artist,,+65 8363 0104,https://instagram.com/yvonneyh__mua,741,"Instagram: @yvonneyh__mua · facebook.com/yvonnehow99mk · +65 8363 0104 · “Yvonne is very helpful and professional, has done excellent job in making me look pretty on the AD😍”","Instagram: @yvonneyh__mua · facebook.com/yvonnehow99mk · +65 8363 0104 · “Yvonne is very helpful and professional, has done excellent job in making me look pretty on the AD😍”",,,,2023-11-04T08:40:55Z
recVLYte2SmcPTOO9,FuwartistryMakeup,Makeup Artists,Makeup Artist,,+65 8233 0964,https://www.fuwartistrymakeup.com/,741,Instagram: @fuwartistrymakeup · facebook.com/FuwartistryMakeup · +65 8233 0964 · “Actual Day wedding make up was professionally done by Kelly! She was such a joy and brought so much energy to the wedding! My make up lasted throughout the day and didn’t need any touch up at all! Highly recommend to all brides to be as you will be in good hands! Hairstyle was so nicely done too!”,Instagram: @fuwartistrymakeup · facebook.com/FuwartistryMakeup · +65 8233 0964 · “Actual Day wedding make up was professionally done by Kelly! She was such a joy and brought so much energy to the wedding! My make up lasted throughout the day and didn’t need any touch up at all! Highly recommend to all brides to be as you will be in good hands! Hairstyle was so nicely done too!”,,,,2023-11-04T08:40:55Z
recA0VbgLZ7oWWz2s,Ethereal Tips,Makeup Artists,Makeup Artist,,+65 8825 7587,https://www.etherealtips.com/,741,"+65 8825 7587 · “Lovely experience to use Ethereal nail tips for happy holidays. *Very easy to use *Pretty design (quite difficult choose from the shop!) *strong than I expected!! coz I wore leggings for exercises I was worried to wear and take off, but no problem at all. Even scratch to wash my hair everyday no problem *comfortable to do everything Thumbs up. Want to get other designs and try on it! Looking forward!”","+65 8825 7587 · “Lovely experience to use Ethereal nail tips for happy holidays. *Very easy to use *Pretty design (quite difficult choose from the shop!) *strong than I expected!! coz I wore leggings for exercises I was worried to wear and take off, but no problem at all. Even scratch to wash my hair everyday no problem *comfortable to do everything Thumbs up. Want to get other designs and try on it! Looking forward!”",,,,2025-05-07T05:47:23Z
recehTWhKl4KXWzeV,Twentys Makeup Artistry,Makeup Artists,Makeup Artist,,+65 9853 2997,,701,"Instagram: @twentysmakeup · facebook.com/twentysmakeup · +65 9853 2997 · “I had Candise as my make up artist for my wedding day, and I was extremely satisfied with the results of her work. She always took well to my requests and also provided her most professional recommendations, but she never forced me to accept anything that I might not be comfortable with. I had a really fun day chit chatting with Candise that day, and my family and friends all remarked on how much I looked like a princess that day! Highly recommend!”","Instagram: @twentysmakeup · facebook.com/twentysmakeup · +65 9853 2997 · “I had Candise as my make up artist for my wedding day, and I was extremely satisfied with the results of her work. She always took well to my requests and also provided her most professional recommendations, but she never forced me to accept anything that I might not be comfortable with. I had a really fun day chit chatting with Candise that day, and my family and friends all remarked on how much I looked like a princess that day! Highly recommend!”",,,,2023-11-04T08:40:55Z
recMG0mp0lXsfW4k4,Bypattcia,Makeup Artists,Makeup Artist,bypattcia@gmail.com,+65 9855 6068,https://www.facebook.com/bypattcia/,701,"Instagram: @bypattcia · facebook.com/bypattcia · +65 9855 6068 · bypattcia@gmail.com · “I am thankful to have found Patricia as my MUA for my wedding. I had a trial with her last year in Oct and decided to engage her on the same day. Her make up was natural, I felt super comfortable and beautiful in it and its what made me engage her. She is also an amazing independent woman who's easy to get along and I just feel so at ease with her around! Just had my pws with her make up in the morning and I am amazed that the make up was lasting and flattered me in every angle of the photos and videos. I am looking forward to actual day with her!”","Instagram: @bypattcia · facebook.com/bypattcia · +65 9855 6068 · bypattcia@gmail.com · “I am thankful to have found Patricia as my MUA for my wedding. I had a trial with her last year in Oct and decided to engage her on the same day. Her make up was natural, I felt super comfortable and beautiful in it and its what made me engage her. She is also an amazing independent woman who's easy to get along and I just feel so at ease with her around! Just had my pws with her make up in the morning and I am amazed that the make up was lasting and flattered me in every angle of the photos and videos. I am looking forward to actual day with her!”",,,,2023-11-04T08:40:55Z
recUQaQYAboTxcoGd,Msmakeupsg,Makeup Artists,Makeup Artist,,+65 9824 7862,http://www.msmakeupsg.com/,701,"Instagram: @msmakeupsg · facebook.com/msmakeupsg · +65 9824 7862 · “Really glad to have engaged Madeline for make up services on my AD! She is punctual and responsive via texts. That really helped in providing ease of mind to the newly wed couple. Her bubbly personality has also made the entire make up process an enjoyable one. One simply just have to sit, relax and let her do the magic. Will definitely work with her again if opportunities arise. ❤️”","Instagram: @msmakeupsg · facebook.com/msmakeupsg · +65 9824 7862 · “Really glad to have engaged Madeline for make up services on my AD! She is punctual and responsive via texts. That really helped in providing ease of mind to the newly wed couple. Her bubbly personality has also made the entire make up process an enjoyable one. One simply just have to sit, relax and let her do the magic. Will definitely work with her again if opportunities arise. ❤️”",,,,2023-11-04T08:40:55Z
recFrw96vPqkFgOaV,Tracy Yap Makeup Artist,Makeup Artists,Makeup Artist,,+65 8821 6149,,701,Instagram: @tracyyap.makeupartist · facebook.com/tracyhairdomakeup · +65 8821 6149 · “I would like to express my deepest gratitude for Tracy for turning me into a princess for my wedding night. Tracy had asked for my expectations and bouquet design 3 weeks before. The whole experience was magical - she had absolutely read my mind. She literally went to her garden and picked the most beautiful fresh vines to put into my hair. How often can you say that your make-up artist tore down a garden for you? :3 Thank you Tracy for your initiative and professional work. It made all the difference. I will definitely be hiring Tracy again for future events (if she isn't wildly popular and completely booked up by then!)”,Instagram: @tracyyap.makeupartist · facebook.com/tracyhairdomakeup · +65 8821 6149 · “I would like to express my deepest gratitude for Tracy for turning me into a princess for my wedding night. Tracy had asked for my expectations and bouquet design 3 weeks before. The whole experience was magical - she had absolutely read my mind. She literally went to her garden and picked the most beautiful fresh vines to put into my hair. How often can you say that your make-up artist tore down a garden for you? :3 Thank you Tracy for your initiative and professional work. It made all the difference. I will definitely be hiring Tracy again for future events (if she isn't wildly popular and completely booked up by then!)”,,,,2023-11-04T08:40:57Z
recMu85YseYEMV5Zb,Singapore Top MUA HMUA Hair / Makeup Artist,Makeup Artists,Makeup Artist,,+65 9005 2599,https://teambridesg.com/,701,Instagram: @teambride_sg · facebook.com/teambridesg · +65 9005 2599 · “Engaged Joanna as my AD MUA. She is an awesome artist to have on my actual day. She is friendly and professional throughout the whole makeup session. My makeup and hair were on point. Thanks for dolling me up beautifully on my wedding day. 🥰”,Instagram: @teambride_sg · facebook.com/teambridesg · +65 9005 2599 · “Engaged Joanna as my AD MUA. She is an awesome artist to have on my actual day. She is friendly and professional throughout the whole makeup session. My makeup and hair were on point. Thanks for dolling me up beautifully on my wedding day. 🥰”,,,,2023-11-16T06:11:06Z
recZOxSU7Dcj7cCzo,Chuwa Makeup,Makeup Artists,Makeup Artist,chuwa.makeup@gmail.com,+65 9026 9224,,701,"facebook.com/chuwamakeup · +65 9026 9224 · chuwa.makeup@gmail.com · “Everybody was complimenting me on my makeup and hairdo on my wedding day. All thanks to Jasmine, the super talented MUA! She recommended air brush as I've very oily skin. The result was really really good! The foundation was light yet able to cover my imperfection. No oil shine even after many hours! � She's patient and kept asking if I feel ok while putting on the lashes and doing my hairdo. She made sure everything is perfect so I can 美美出场!! Engaging her as my MUA was the best decision! Thank you Jas!! �”","facebook.com/chuwamakeup · +65 9026 9224 · chuwa.makeup@gmail.com · “Everybody was complimenting me on my makeup and hairdo on my wedding day. All thanks to Jasmine, the super talented MUA! She recommended air brush as I've very oily skin. The result was really really good! The foundation was light yet able to cover my imperfection. No oil shine even after many hours! � She's patient and kept asking if I feel ok while putting on the lashes and doing my hairdo. She made sure everything is perfect so I can 美美出场!! Engaging her as my MUA was the best decision! Thank you Jas!! �”",,,,2024-07-18T15:26:38Z
recRmt8fTtuMdqUZg,Autelier Pro Singapore,Makeup Artists,Makeup Artist,,,http://www.autelierpro.com/,690,"Instagram: @autelier_pro · facebook.com/Autelier-Pro-100063497045037 · “I’m really grateful that I chose AuterilaPro for my bridal makeup and hairstyling training! The program was comprehensive, covering everything from skin prep to advanced hair styling techniques. The instructors were incredibly knowledgeable and supportive, always willing to answer questions and provide personalized feedback. I feel confident and equipped to start my career as a professional makeup artist and hairstylist thanks to this amazing program. Highly recommended!”","Instagram: @autelier_pro · facebook.com/Autelier-Pro-100063497045037 · “I’m really grateful that I chose AuterilaPro for my bridal makeup and hairstyling training! The program was comprehensive, covering everything from skin prep to advanced hair styling techniques. The instructors were incredibly knowledgeable and supportive, always willing to answer questions and provide personalized feedback. I feel confident and equipped to start my career as a professional makeup artist and hairstylist thanks to this amazing program. Highly recommended!”",,,,2023-11-04T08:40:55Z
recagbnYvZscxbdtb,Vivian Leo-Yen Makeup Artist,Makeup Artists,Makeup Artist,,+65 8350 1181,https://www.vivianleoyenmakeup.com/,676,"Instagram: @vivianleoyenmakeup · facebook.com/vivianleoyenmakeupstyling · +65 8350 1181 · “Vivian was my make up artist for my wedding dinner. Before everything even started, I have to give her credit for arriving earlier at the location, even before me. She is absolutely amazing. With a very friendly character, there was no single moment of silent awkwardness. She definitely has the ability to calm a nervous bride down. Through the make up process, she understood me more as a person and when it comes to hairdo, she suggested a daring unconventional look and asked if I was OK to try. I was like, why not?! I'm game enough to look unconventional! And indeed, the transformation is incredible. I received many praises from friends, telling me my make up and hairdo is so me (my style). My husband added on to keep saying I look like a celebrity (LOL). In a nutshell, I highly recommend Vivian and will definitely look for her again for events.”","Instagram: @vivianleoyenmakeup · facebook.com/vivianleoyenmakeupstyling · +65 8350 1181 · “Vivian was my make up artist for my wedding dinner. Before everything even started, I have to give her credit for arriving earlier at the location, even before me. She is absolutely amazing. With a very friendly character, there was no single moment of silent awkwardness. She definitely has the ability to calm a nervous bride down. Through the make up process, she understood me more as a person and when it comes to hairdo, she suggested a daring unconventional look and asked if I was OK to try. I was like, why not?! I'm game enough to look unconventional! And indeed, the transformation is incredible. I received many praises from friends, telling me my make up and hairdo is so me (my style). My husband added on to keep saying I look like a celebrity (LOL). In a nutshell, I highly recommend Vivian and will definitely look for her again for events.”",,,,2023-11-04T08:40:55Z
rechMdaygOkMPa2Im,Makeup by Ann,Makeup Artists,Makeup Artist,,+65 8101 4535,http://www.makeupbyann.net/,676,"Instagram: @ann_ladyyclairemakeup · facebook.com/Makeup-by-Ann-2123012728013008 · +65 8101 4535 · “I engaged Ann for my pre wedding photoshoot and she was such a professional MUA. Her tools are clean and she has an extensive range of good products too. Her style of make up was to my liking as it was not too heavy, but natural and still suitable for a shoot. The hairstyle she did was also gorgeous and suited my outfit as well. Thanks Ann!”","Instagram: @ann_ladyyclairemakeup · facebook.com/Makeup-by-Ann-2123012728013008 · +65 8101 4535 · “I engaged Ann for my pre wedding photoshoot and she was such a professional MUA. Her tools are clean and she has an extensive range of good products too. Her style of make up was to my liking as it was not too heavy, but natural and still suitable for a shoot. The hairstyle she did was also gorgeous and suited my outfit as well. Thanks Ann!”",,,,2023-11-04T08:40:57Z
rec3FKvLaILBFtbqz,Gin Tan Makeup,Makeup Artists,Makeup Artist,,,,676,"Instagram: @gintanmakeup · facebook.com/gintanmakeupartist · “Gin was my make up artist for both pre wedding shoot and actual day wedding. She helped both my mums with their make up and hair do and they loved it very much. Gin was also very patient, attentive, has a keen eye for detail and never failed to make me look my best both for pre wedding and actual day. I got to say, I looked photo ready from every angle! 😄 Thanks Gin!”","Instagram: @gintanmakeup · facebook.com/gintanmakeupartist · “Gin was my make up artist for both pre wedding shoot and actual day wedding. She helped both my mums with their make up and hair do and they loved it very much. Gin was also very patient, attentive, has a keen eye for detail and never failed to make me look my best both for pre wedding and actual day. I got to say, I looked photo ready from every angle! 😄 Thanks Gin!”",,,,2023-11-16T06:11:06Z
recrmQYRGB3TW8MgA,BeFound Studios,Makeup Artists,Makeup Artist,,+65 9105 5075,https://www.befoundstudios.com/,667,"Instagram: @befoundstudios · facebook.com/befoundstudios · +65 9105 5075 · “I engaged BeFound as my AD MUA. During the trial, they were very receptive to my feedback, and also respected my preferences. They managed to create the look that I wanted on my wedding day, and I received lots of compliments on how natural my makeup looked and how it suited me well.”","Instagram: @befoundstudios · facebook.com/befoundstudios · +65 9105 5075 · “I engaged BeFound as my AD MUA. During the trial, they were very receptive to my feedback, and also respected my preferences. They managed to create the look that I wanted on my wedding day, and I received lots of compliments on how natural my makeup looked and how it suited me well.”",,,,2023-11-04T08:40:57Z
rec56ioS0YoSyC16y,Waynesther Professional Makeup,Makeup Artists,Makeup Artist,,+65 9067 6745,http://www.waynesther.com/contact,646,facebook.com/WaynestherMakeup · +65 9067 6745 · “Engaged Esther for her services for my sister-in-law's wedding. I did not give her any references and left everything to her. The outcome was amazing. Make up lasted the whole night :) Will definitely engage her again in the future. Highly recommended!”,facebook.com/WaynestherMakeup · +65 9067 6745 · “Engaged Esther for her services for my sister-in-law's wedding. I did not give her any references and left everything to her. The outcome was amazing. Make up lasted the whole night :) Will definitely engage her again in the future. Highly recommended!”,,,,2023-11-04T08:40:55Z
recon7auZlQOJTbYc,Karyn Makeup & Co.,Makeup Artists,Makeup Artist,,+65 9639 8128,http://wa.me/6588811265,646,Instagram: @karynch.mua · facebook.com/karynch.mua · +65 9639 8128 · “Karyn is very good! Did a great job on my actual day hair and make up. Highly recommended.”,Instagram: @karynch.mua · facebook.com/karynch.mua · +65 9639 8128 · “Karyn is very good! Did a great job on my actual day hair and make up. Highly recommended.”,,,,2023-11-04T08:40:55Z
recMES64m2WTBr4iD,ARLY,Makeup Artists,Makeup Artist,,,https://arly.co/,646,Instagram: @arly.co · facebook.com/journeywitharly · “Arly team is amazing! Engaged them for my wedding and did a trial makeup recently. The team were super knowledgeable and were detailed about the products they used on my face. Thank yoU!”,Instagram: @arly.co · facebook.com/journeywitharly · “Arly team is amazing! Engaged them for my wedding and did a trial makeup recently. The team were super knowledgeable and were detailed about the products they used on my face. Thank yoU!”,,,,2023-11-04T08:43:29Z
recVehHktGvhwX9m9,YENARTISTRY,Makeup Artists,Makeup Artist,yenartistry@gmail.com,88337634,,646,"Instagram: @yenartistry · facebook.com/yenartistry · 88337634 · yenartistry@gmail.com · “Had Felicia for my actual day through bluebay wedding. Initially was considering to engage my own MUA as I had received mixed reviews from bluebay bridal. However, due to budget constraints, I decided to stick with it and it was the best decision ever! Felicia was meticulous, detailed, friendly, thoughtful and most importantly, I love that she had the personal touch that i had her to stay for my second march in as well. Decided to get her to do my husband's hair too and my husband love it! Thank you Felicia for making our big day a memorable one! 😍”","Instagram: @yenartistry · facebook.com/yenartistry · 88337634 · yenartistry@gmail.com · “Had Felicia for my actual day through bluebay wedding. Initially was considering to engage my own MUA as I had received mixed reviews from bluebay bridal. However, due to budget constraints, I decided to stick with it and it was the best decision ever! Felicia was meticulous, detailed, friendly, thoughtful and most importantly, I love that she had the personal touch that i had her to stay for my second march in as well. Decided to get her to do my husband's hair too and my husband love it! Thank you Felicia for making our big day a memorable one! 😍”",,,,2023-11-16T05:27:06Z
reckile79d5sqp5PY,Honour Makeup,Makeup Artists,Makeup Artist,honourmakeup@gmail.com,+65 9006 2328,https://honourmakeup.com/,610,"Instagram: @honourmakeup_ · facebook.com/honourmakeupsg · +65 9006 2328 · honourmakeup@gmail.com · “Sherlene did a wonderful job filling me up for my wedding last year. Her service was impeccable, and her craft was perfect. She was bright and cheery even at 6am in the morning, and she managed to recreate the exact look I was going for. It was an absolute pleasure working with her, and I’d definitely recommend her!”","Instagram: @honourmakeup_ · facebook.com/honourmakeupsg · +65 9006 2328 · honourmakeup@gmail.com · “Sherlene did a wonderful job filling me up for my wedding last year. Her service was impeccable, and her craft was perfect. She was bright and cheery even at 6am in the morning, and she managed to recreate the exact look I was going for. It was an absolute pleasure working with her, and I’d definitely recommend her!”",,,,2023-11-04T08:40:55Z
recxDQ7W4Mh1ZEPEI,Mavericks Weddings,Videographers,Photographer & Videographer,,+65 8790 7902,https://medmav.com/,938,"Instagram: @mavericks.weddings · facebook.com/mavericks.weddings · +65 8790 7902 · “Very professional bunch of people. They really took the time and effort to make sure we were comfortable, managed our expectations. Everything was well executed despite the last minute weather change. Truly captured the essence of the wedding. Thank you all who have been a part of this journey, eternalising this memory for us! Forever grateful and thank you once again!”","Instagram: @mavericks.weddings · facebook.com/mavericks.weddings · +65 8790 7902 · “Very professional bunch of people. They really took the time and effort to make sure we were comfortable, managed our expectations. Everything was well executed despite the last minute weather change. Truly captured the essence of the wedding. Thank you all who have been a part of this journey, eternalising this memory for us! Forever grateful and thank you once again!”",,,,2023-09-20T08:59:46Z
rec55hKKpCHeMpygp,Just Married Films,Videographers,Photographer & Videographer,,+65 9776 3321,https://www.justmarriedfilms.com/,934,"Instagram: @justmarriedfilmssg · facebook.com/justmarriedfilmssg · +65 9776 3321 · “From Xian and Dave. Had a pre wedding photoshoot with Jamie and JustMarried Films and it was a blast! crazy amount of energy and enthusiasm was placed during the photoshoot, lots of ideas to get different angles and really getting the best shot through their camera lens. Shots were varied as well and it was an eye opening experience for me. Do check their photos on their website to see more!”","Instagram: @justmarriedfilmssg · facebook.com/justmarriedfilmssg · +65 9776 3321 · “From Xian and Dave. Had a pre wedding photoshoot with Jamie and JustMarried Films and it was a blast! crazy amount of energy and enthusiasm was placed during the photoshoot, lots of ideas to get different angles and really getting the best shot through their camera lens. Shots were varied as well and it was an eye opening experience for me. Do check their photos on their website to see more!”",,,,2023-09-20T08:59:46Z
recj3ceQiYK8idput,Momentold Productions,Videographers,Photographer & Videographer,,+65 9837 1152,http://www.momentold.com/,934,"facebook.com/momentold · +65 9837 1152 · “I am thankful to the Momentold team for producing an amazing wedding video. During the actual wedding day, they (Melvin and Kok Li) were wonderful to work with and guided us patiently. They captured beautiful scenes on the day, used high quality video and audio material to create a story that is unique to my husband and I. The entire day's event was summarised effectively and the video duration was perfect in length. I have no regrets in choosing Momentold to capture my special day and highly recommend their services to others.”","facebook.com/momentold · +65 9837 1152 · “I am thankful to the Momentold team for producing an amazing wedding video. During the actual wedding day, they (Melvin and Kok Li) were wonderful to work with and guided us patiently. They captured beautiful scenes on the day, used high quality video and audio material to create a story that is unique to my husband and I. The entire day's event was summarised effectively and the video duration was perfect in length. I have no regrets in choosing Momentold to capture my special day and highly recommend their services to others.”",,,,2024-04-14T02:58:11Z
rec9twBsNjiWb0mgp,LUMA FILM,Videographers,Photographer & Videographer,,+65 8418 3100,http://www.lumafilm.sg/,931,"Instagram: @lumafilmsg · facebook.com/lumafilmsg · +65 8418 3100 · “Chanced upon Luma films on their IG and had a call with Remus and Megan. They were really pleasant to work with and Remus was really friendly and clear during the actual day shoot 😌. This allowed us to be comfortable and be fully present in our special day! We tried with different angles around our venue and Remus was very detailed with his instructions, directing us on his overall feel and vibe. He also executed it very professionally, shooting the entire day without disrupting the flow of the wedding, capturing key moments, which we are beyond thankful to see in the end product :) the team was also well prepared with the microphones to capture the audio clearly for our vows, a beautiful touch to bring a cohesive storyboard to our video. We also had a few requests before, during and after the production, of which Remus did them flawlessly without any hesitation and promptly. The final film was exceptional and really far exceeded our expectations. (P.S. we cannot help but rewatch it again and again 😍) We would definitely recommend Luma films to anyone looking for a wedding videographer ☺️”","Instagram: @lumafilmsg · facebook.com/lumafilmsg · +65 8418 3100 · “Chanced upon Luma films on their IG and had a call with Remus and Megan. They were really pleasant to work with and Remus was really friendly and clear during the actual day shoot 😌. This allowed us to be comfortable and be fully present in our special day! We tried with different angles around our venue and Remus was very detailed with his instructions, directing us on his overall feel and vibe. He also executed it very professionally, shooting the entire day without disrupting the flow of the wedding, capturing key moments, which we are beyond thankful to see in the end product :) the team was also well prepared with the microphones to capture the audio clearly for our vows, a beautiful touch to bring a cohesive storyboard to our video. We also had a few requests before, during and after the production, of which Remus did them flawlessly without any hesitation and promptly. The final film was exceptional and really far exceeded our expectations. (P.S. we cannot help but rewatch it again and again 😍) We would definitely recommend Luma films to anyone looking for a wedding videographer ☺️”",,,,2023-09-20T08:59:47Z
recAOHXN6CigdzYam,TwoGatherPictures,Videographers,Photographer & Videographer,,+65 9680 9353,http://www.twogatherpictures.com/,931,"Instagram: @twogatherpictures · facebook.com/TwoGatherPictures · +65 9680 9353 · “We engaged Wei Lun for our solemnisation and are really happy with our choice. Throughout the shoot he offered patience, guidance and even had tissues ready in case we cried (which we did). Very resourceful and funny too, and the photos turned out really nice. Thank you Wei Lun!”","Instagram: @twogatherpictures · facebook.com/TwoGatherPictures · +65 9680 9353 · “We engaged Wei Lun for our solemnisation and are really happy with our choice. Throughout the shoot he offered patience, guidance and even had tissues ready in case we cried (which we did). Very resourceful and funny too, and the photos turned out really nice. Thank you Wei Lun!”",,,,2023-09-20T08:59:49Z
recvMgGFFk08OYWdt,PixelMusica Weddings,Videographers,Photographer & Videographer,,,http://pixelmusicaweddings.com/,929,Instagram: @pixelmusicaweddings · facebook.com/pixelmusicaweddings · “We had a great experience with Pixel Musica Weddings for our pre-wedding photoshoot. Adrian went out of his way to use his contacts to help us get a choice location for our photoshoot. The photographers Jackie and Paul John were professional and made us feel very competitive during our shoot. They were also not time watchers and were focused on helping us achieved our choice shots. Thanks for the great service!”,Instagram: @pixelmusicaweddings · facebook.com/pixelmusicaweddings · “We had a great experience with Pixel Musica Weddings for our pre-wedding photoshoot. Adrian went out of his way to use his contacts to help us get a choice location for our photoshoot. The photographers Jackie and Paul John were professional and made us feel very competitive during our shoot. They were also not time watchers and were focused on helping us achieved our choice shots. Thanks for the great service!”,,,,2023-09-20T08:59:47Z
recSINmLP4tcvgooQ,Our Momento Singapore Photography,Videographers,Photographer & Videographer,contact@ourmomento.sg,+65 8020 2902,https://ourmomento.sg/,929,"Instagram: @ourmomento.sg · facebook.com/OurMomentoSG · +65 8020 2902 · contact@ourmomento.sg · “We have engaged Our Momento Singapore for our proposal photoshoot. KJ is a experienced and creative photographer and was very expressive in his ideas during the shoot. The photos were great, my fiancée and I are extremely pleased with KJ and his team for their services. Recommended!”","Instagram: @ourmomento.sg · facebook.com/OurMomentoSG · +65 8020 2902 · contact@ourmomento.sg · “We have engaged Our Momento Singapore for our proposal photoshoot. KJ is a experienced and creative photographer and was very expressive in his ideas during the shoot. The photos were great, my fiancée and I are extremely pleased with KJ and his team for their services. Recommended!”",,,,2023-09-20T08:59:47Z
recFVF4M3d4gQMu8X,Jeffery Koh Photography,Videographers,Photographer & Videographer,,+65 9438 5476,https://jefferykoh.com/,918,"Instagram: @jeffery.koh · facebook.com/jefferykohphotography · +65 9438 5476 · “We booked a pre-wedding photo and video shoot with Aloysius in June 2022, and also engaged Aloysius and Jeffery for Actual Day videography and photography respectively in March 2023. Looking for experienced, quality and communicative vendors was our priority, and partnering with Aloysius (@ourweddingstory) and Jeffery (@jeffery.koh) was one of the best decisions we made in our wedding planning. Aloysius and Jeffery's experience was evident from how they communicated and directed the shoot in the different stages - from planning, execution and into delivery. At the planning stage, they were always happy and patient to share their thoughts with us and pretty responsive to our queries over both email and WhatsApp. When we met them for the shoots, they prioritised our preferences such as location, music choice and even asking which our preferred face profiles were! They made the shoots enjoyable with their sense of humour and clear direction, and gave us enough time to warm up and to be comfortable. With our families, they were patient and friendly, and were able to capture the important moments with our families' raw emotions. Family and friends were amazed at how Aloysius and Jeffery were able to blend in with the day's programs and crowds and made everyone feel comfortable on camera. When we finally saw the end products, we knew we made the right choice engaging both Aloysius and Jeffery. The photos were well composed with great colours, and our expressions were natural and happy :) Aloysius' videos captured our stories in a clear storyline, with our preferred song choice perfectly incorporated and edited to fit the video. Our guests were impressed by the cinematic quality of both the pre-wed and same day edit videos that were played during the wedding lunch. It was also a novel experience for our guests, whom may not have been familiar with weddings being captured on video and so it was exciting for them to see themselves onscreen :) Overall, Aloysius and Jeffery's works are quality and anyone engaging them can feel rest assured that their concerns and preferences will be heard, and that their stories will be translated through their works. The photos and videos with our family and loved ones will remain a very cherished souvenir from the wedding, and we can't express enough thanks to Aloysius and Jeffery for that :)”","Instagram: @jeffery.koh · facebook.com/jefferykohphotography · +65 9438 5476 · “We booked a pre-wedding photo and video shoot with Aloysius in June 2022, and also engaged Aloysius and Jeffery for Actual Day videography and photography respectively in March 2023. Looking for experienced, quality and communicative vendors was our priority, and partnering with Aloysius (@ourweddingstory) and Jeffery (@jeffery.koh) was one of the best decisions we made in our wedding planning. Aloysius and Jeffery's experience was evident from how they communicated and directed the shoot in the different stages - from planning, execution and into delivery. At the planning stage, they were always happy and patient to share their thoughts with us and pretty responsive to our queries over both email and WhatsApp. When we met them for the shoots, they prioritised our preferences such as location, music choice and even asking which our preferred face profiles were! They made the shoots enjoyable with their sense of humour and clear direction, and gave us enough time to warm up and to be comfortable. With our families, they were patient and friendly, and were able to capture the important moments with our families' raw emotions. Family and friends were amazed at how Aloysius and Jeffery were able to blend in with the day's programs and crowds and made everyone feel comfortable on camera. When we finally saw the end products, we knew we made the right choice engaging both Aloysius and Jeffery. The photos were well composed with great colours, and our expressions were natural and happy :) Aloysius' videos captured our stories in a clear storyline, with our preferred song choice perfectly incorporated and edited to fit the video. Our guests were impressed by the cinematic quality of both the pre-wed and same day edit videos that were played during the wedding lunch. It was also a novel experience for our guests, whom may not have been familiar with weddings being captured on video and so it was exciting for them to see themselves onscreen :) Overall, Aloysius and Jeffery's works are quality and anyone engaging them can feel rest assured that their concerns and preferences will be heard, and that their stories will be translated through their works. The photos and videos with our family and loved ones will remain a very cherished souvenir from the wedding, and we can't express enough thanks to Aloysius and Jeffery for that :)”",,,,2023-09-20T08:59:49Z
rectQspkcFmYZFCko,TNC Weddings,Videographers,Photographer & Videographer,,+65 9159 9786,https://www.tncprods.co/,915,"Instagram: @tncweds · facebook.com/tncweds · +65 9159 9786 · “Dearest TNC team, we LOVE love love all of the videos- the little instagram story (SO COOL), the same-day edit (we and all the guests were totally blown away), and the edit of the wedding videos post-wedding was an awesome surprise! Eric is a kind and wonderful person, he made us feel chill and helped over and beyond ""just-a-videographer ""duties"""", even in our bus saga. In shooting, he was patient and fun to be with. Even with our awkwardness, he made it easy for us to relax. He never dismissed any of our requests, no matter how weird or difficult, we wanted a little snip like the Wes-Anderson thingy, and he delivered it and made it so original. He also made the time for us before the wedding (before we even confirmed our booking with him), and made it really a stress-free experience even though we were planning it from Germany. Also, we showed the same-day-edit also on our German wedding party- and the guests really really loved it, and it was so special that we could share what we did in Singapore with them, all thanks to you guys! (The team even offered to do a translation in German so that our guests could understand) Thank you so much, we've been so blessed by you guys and are so thankful and super blessed to have the whole team at our wedding, and also to have you guys as our videographer! With love, Sandra and Lukas”","Instagram: @tncweds · facebook.com/tncweds · +65 9159 9786 · “Dearest TNC team, we LOVE love love all of the videos- the little instagram story (SO COOL), the same-day edit (we and all the guests were totally blown away), and the edit of the wedding videos post-wedding was an awesome surprise! Eric is a kind and wonderful person, he made us feel chill and helped over and beyond ""just-a-videographer ""duties"""", even in our bus saga. In shooting, he was patient and fun to be with. Even with our awkwardness, he made it easy for us to relax. He never dismissed any of our requests, no matter how weird or difficult, we wanted a little snip like the Wes-Anderson thingy, and he delivered it and made it so original. He also made the time for us before the wedding (before we even confirmed our booking with him), and made it really a stress-free experience even though we were planning it from Germany. Also, we showed the same-day-edit also on our German wedding party- and the guests really really loved it, and it was so special that we could share what we did in Singapore with them, all thanks to you guys! (The team even offered to do a translation in German so that our guests could understand) Thank you so much, we've been so blessed by you guys and are so thankful and super blessed to have the whole team at our wedding, and also to have you guys as our videographer! With love, Sandra and Lukas”",,,,2023-09-20T08:59:47Z
rec0wEBJvAVRVkYkM,FOREVER PIXELS ARTS,Videographers,Photographer & Videographer,foreverpixelsarts@gmail.com,65 8613 9938,http://www.foreverpixelsarts.com/,913,"Instagram: @foreverpixelsarts · facebook.com/hmotions · 65 8613 9938 · foreverpixelsarts@gmail.com · “We would like to say a BIG THANK YOU to Henry and VG Vincent for being part of our wedding !! :) Mr Henry is always very kind and friendly, always going the extra mile to ensure that everything is arranged well. He is also very patient in answering all our questions and even gave advice on our AD event flow. It was amazing that Mr Vincent managed to compile our SDE while capturing a big portion of our wedding! Many of our guests were impressed by the SDE done. He is also professional and offers advice on how to capture our shots at a better angle. Would definitely recommend Forever Pixels Art to capture important life moments for everyone! :)”","Instagram: @foreverpixelsarts · facebook.com/hmotions · 65 8613 9938 · foreverpixelsarts@gmail.com · “We would like to say a BIG THANK YOU to Henry and VG Vincent for being part of our wedding !! :) Mr Henry is always very kind and friendly, always going the extra mile to ensure that everything is arranged well. He is also very patient in answering all our questions and even gave advice on our AD event flow. It was amazing that Mr Vincent managed to compile our SDE while capturing a big portion of our wedding! Many of our guests were impressed by the SDE done. He is also professional and offers advice on how to capture our shots at a better angle. Would definitely recommend Forever Pixels Art to capture important life moments for everyone! :)”",,,,2023-11-15T14:12:12Z
recb4TUOvc6psFaDN,Film192 Wedding Videography,Videographers,Photographer & Videographer,,+65 8850 1379,http://www.adaycinematics.com/,910,"Instagram: @film192wedding · facebook.com/film192 · +65 8850 1379 · “Engaging A Day Cinematics has proved to be the better than the best choice for me & my partner. Croix & Marcus are an aspiring & talented duo, extremely focused, good at their actual day roles, especially engaging with all of my guests, respectful to our situations. Croix will think out of his box individually to ensure that his end product will turn out an everlasting memories for both of us, especially we have decided not to gate crash nor AD video on the wedding day. Really want to reserve special thanks to you Croix, wish you the best of health & luck to keep continuing your role dedicatedly. Recommended and will return to look for your services in future!”","Instagram: @film192wedding · facebook.com/film192 · +65 8850 1379 · “Engaging A Day Cinematics has proved to be the better than the best choice for me & my partner. Croix & Marcus are an aspiring & talented duo, extremely focused, good at their actual day roles, especially engaging with all of my guests, respectful to our situations. Croix will think out of his box individually to ensure that his end product will turn out an everlasting memories for both of us, especially we have decided not to gate crash nor AD video on the wedding day. Really want to reserve special thanks to you Croix, wish you the best of health & luck to keep continuing your role dedicatedly. Recommended and will return to look for your services in future!”",,,,2023-09-20T08:59:48Z
rec0p7wZSfwmESWOl,Wanderlust Dream Co,Videographers,Photographer & Videographer,,+65 8668 9104,http://www.wanderlustdream.co/,904,"Instagram: @wanderlustdreamco · facebook.com/wanderlustdream.co · +65 8668 9104 · “Had a great experience with WD, whom I engaged to capture my proposal! Both my fiancée and I are camera-shy but Kenny made us feel at ease and helped us to achieve great candid and posed shots with his clear art direction. The team managed to capture the significant moment beautifully in video and photos, giving both my fiancée and I great memories to look back on.”","Instagram: @wanderlustdreamco · facebook.com/wanderlustdream.co · +65 8668 9104 · “Had a great experience with WD, whom I engaged to capture my proposal! Both my fiancée and I are camera-shy but Kenny made us feel at ease and helped us to achieve great candid and posed shots with his clear art direction. The team managed to capture the significant moment beautifully in video and photos, giving both my fiancée and I great memories to look back on.”",,,,2023-09-20T08:59:47Z
rect56W1uiseCtwkD,UnderTheStars Photography,Videographers,Photographer & Videographer,,+65 9834 5744,http://www.underthestars.sg/,899,"Instagram: @underthestarsphotography · facebook.com/underthestars.sg · +65 9834 5744 · “We’ve received our wedding pictures and they are just so beautiful and touching. We would just like to say a huge thank you to Lawrence for being our wedding photographer. The wedding pictures are simply spectacular. It makes us so happy looking through them because they allow us to relive an incredible weekend. Lawrence just felt like an old friend. When we first saw his works about 2 years ago, we loved how natural they were, how he had captured what really happened rather than posed shots or worse, faked moments! We also loved the creativity in his compositions. During our wedding weekend, he worked professionally, quickly and incredibly hard to beautifully capture everyone and every moment that he could. I don’t think he even flinched when the champagne cork flew in his direction! We received our pictures sooner than expected. It was great when we can share them with our guests while it was fresh in their memories. And I remembered seeing our pictures for the first time was quite overwhelming. It brought back so many emotions from the day – we laughed and cried all over again. I wasn’t sure how we would ever choose for our album. It’s very hard to put into words what we love about his photos… but we’ll try! We love that they are of real moments, capturing the quirks and details that make people and relationships unique. We love the raw emotion he captured, not just people smiling but pride, nerves, disbelief, triumph, love, joy and hope. We like the element of surprise in his photos from unusual angles and varied techniques. When we look through our pictures, they tell our story. Thank you again Lawrence. Our wedding was everything we hoped it would be, and you captured it so beautifully.”","Instagram: @underthestarsphotography · facebook.com/underthestars.sg · +65 9834 5744 · “We’ve received our wedding pictures and they are just so beautiful and touching. We would just like to say a huge thank you to Lawrence for being our wedding photographer. The wedding pictures are simply spectacular. It makes us so happy looking through them because they allow us to relive an incredible weekend. Lawrence just felt like an old friend. When we first saw his works about 2 years ago, we loved how natural they were, how he had captured what really happened rather than posed shots or worse, faked moments! We also loved the creativity in his compositions. During our wedding weekend, he worked professionally, quickly and incredibly hard to beautifully capture everyone and every moment that he could. I don’t think he even flinched when the champagne cork flew in his direction! We received our pictures sooner than expected. It was great when we can share them with our guests while it was fresh in their memories. And I remembered seeing our pictures for the first time was quite overwhelming. It brought back so many emotions from the day – we laughed and cried all over again. I wasn’t sure how we would ever choose for our album. It’s very hard to put into words what we love about his photos… but we’ll try! We love that they are of real moments, capturing the quirks and details that make people and relationships unique. We love the raw emotion he captured, not just people smiling but pride, nerves, disbelief, triumph, love, joy and hope. We like the element of surprise in his photos from unusual angles and varied techniques. When we look through our pictures, they tell our story. Thank you again Lawrence. Our wedding was everything we hoped it would be, and you captured it so beautifully.”",,,,2023-09-20T08:59:47Z
recFlNlUjZdmfO3I5,Yipmage Moments,Videographers,Photographer & Videographer,,+65 9654 3269,http://www.yipmagemoments.com/,899,"Instagram: @yipmage.moments · facebook.com/yipmagemoments · +65 9654 3269 · “My wife and I decided to engage Mathias’ services for our solemnisation dinner after hearing good things about him from our friends. Mathias was highly professional, engaging and made us feel comfortable throughout our shoot despite only meeting him for the first time on our solemnisation dinner day itself. We loved the concepts that he came up with during the shoot and he was able to capture our emotions in the photos. Would highly recommend Mathias!”","Instagram: @yipmage.moments · facebook.com/yipmagemoments · +65 9654 3269 · “My wife and I decided to engage Mathias’ services for our solemnisation dinner after hearing good things about him from our friends. Mathias was highly professional, engaging and made us feel comfortable throughout our shoot despite only meeting him for the first time on our solemnisation dinner day itself. We loved the concepts that he came up with during the shoot and he was able to capture our emotions in the photos. Would highly recommend Mathias!”",,,,2023-09-20T08:59:47Z
recSfawWlGtZUrX5Y,Forte Visuals Productions,Videographers,Photographer & Videographer,info@fortevisuals.biz,+65 9119 9416,http://fortevisuals.biz/,893,"Instagram: @fortevisuals · facebook.com/ForteVisuals · +65 9119 9416 · info@fortevisuals.biz · “Junior exceeded our expectations as our wedding videographer. Generally besides having good composition and proficient camera work, a good videographer is someone who is able to put the subjects at ease and give good direction to capture the all the necessary shots. Even if you feel awkward posing during the shoot, Junior is able to tap onto his experience to make you feel at ease and ensure that you and your guests look great in the final product. Besides that, Junior is also responsive, responsible and reliable. There will be a hundred things to worry about on the wedding day, but by engaging Junior, you can rest assured that videography will not be one of them. - Jeremy”","Instagram: @fortevisuals · facebook.com/ForteVisuals · +65 9119 9416 · info@fortevisuals.biz · “Junior exceeded our expectations as our wedding videographer. Generally besides having good composition and proficient camera work, a good videographer is someone who is able to put the subjects at ease and give good direction to capture the all the necessary shots. Even if you feel awkward posing during the shoot, Junior is able to tap onto his experience to make you feel at ease and ensure that you and your guests look great in the final product. Besides that, Junior is also responsive, responsible and reliable. There will be a hundred things to worry about on the wedding day, but by engaging Junior, you can rest assured that videography will not be one of them. - Jeremy”",,,,2023-09-20T08:59:48Z
recCTIQKaqFK75QGq,Pixioo Photography,Videographers,Photographer & Videographer,,+65 8784 9659,http://www.pixioo.com/,889,"Instagram: @pixioo · facebook.com/PixiooPhotography · +65 8784 9659 · “Samuel was my AD photographer. I don’t typically like posting reviews because they consume time. However, Samuel is dedicated, creative and amazing through and through. He arrived punctually, he was soooooo fun to be around throughout. Of all my vendors, I thought he was the best and I am absolutely thrilled that I put my faith in him and his team. I have only gotten the sneak photos and they are already LIFE CHANGING. His photography skills are unparalleled and unrivalled in this industry. Having used so many local photographers, i have to say he’s irrefutably the best. He’s also VERY responsive so you don’t waste time chasing vendors which is a really frustrating process! LOVE PIXIOO - recommend from the bottom of my heart.”","Instagram: @pixioo · facebook.com/PixiooPhotography · +65 8784 9659 · “Samuel was my AD photographer. I don’t typically like posting reviews because they consume time. However, Samuel is dedicated, creative and amazing through and through. He arrived punctually, he was soooooo fun to be around throughout. Of all my vendors, I thought he was the best and I am absolutely thrilled that I put my faith in him and his team. I have only gotten the sneak photos and they are already LIFE CHANGING. His photography skills are unparalleled and unrivalled in this industry. Having used so many local photographers, i have to say he’s irrefutably the best. He’s also VERY responsive so you don’t waste time chasing vendors which is a really frustrating process! LOVE PIXIOO - recommend from the bottom of my heart.”",,,,2023-09-20T08:59:45Z
recHU5yeP8tDIF8qh,Nathaniel Lim Studio,Videographers,Photographer & Videographer,,+65 9639 9882,https://nathaniellim.com/,889,"Instagram: @elegantepictures · facebook.com/elegantepictures · +65 9639 9882 · “I would like to share the experience we had with Nat for our solemnisation day photo shoot. The initial impression I had about Nat was that he seems new and young. But once the shooting commenced, we can see he knew his work well. He is affable demeanor puts us at ease immediately. The poses he requested from us were easy and very accomodating. When he finally sent us the finished product, we were awestruck by the quality and how well it was taken. Even though the entire solemnisation ceremony was held in our flat, his skills brought out the good angles of our interior, captured our expressions with great details and candidness. The video was simply dope. The accompanying tracks and sound editing was spot on and we are truly impressed. Two thumbs up!”","Instagram: @elegantepictures · facebook.com/elegantepictures · +65 9639 9882 · “I would like to share the experience we had with Nat for our solemnisation day photo shoot. The initial impression I had about Nat was that he seems new and young. But once the shooting commenced, we can see he knew his work well. He is affable demeanor puts us at ease immediately. The poses he requested from us were easy and very accomodating. When he finally sent us the finished product, we were awestruck by the quality and how well it was taken. Even though the entire solemnisation ceremony was held in our flat, his skills brought out the good angles of our interior, captured our expressions with great details and candidness. The video was simply dope. The accompanying tracks and sound editing was spot on and we are truly impressed. Two thumbs up!”",,,,2023-09-20T08:59:46Z
recUIJkbHvak5pRfV,Chris Chang Photography,Videographers,Photographer & Videographer,,+65 9017 0220,https://chrischangphotography.com/,884,"Instagram: @chrischangphotography · facebook.com/ChrisChangPhotography · +65 9017 0220 · “We took one photoshoot in Korea and one in Singapore with Chris Chang. The Korea photoshoot was 1/3 the price of Chris Chang’s photoshoot, so i highly recommend taking photos overseas! If we had booked the Korea shoot first, we wouldn’t have went for a shoot in SG cuz SG photographers are just really expensive in general! As for Chris Chang, he’s alright, he is professional and if your like his work, go for it! His specialty is those back lighting kind of look and making your gown/veil flowy. Just check out his IG to get a vibe of his style. He was able to capture our expressions nicely and he was on early for our photoshoot. He didn’t direct us on how to pose much so it’ll be good to come prepared with a few poses that you want to do. There also won’t be anyone to help you adjust your hair and clothes so you may wanna consider bringing your sister or bridesmaid along to help you QC. His edited photos didn’t really have much difference from the original photos but then again for our photos I think there wasn’t a need to really edit also! if you want him to edit something, you just have to let him know and he will try to edit it in a natural way.”","Instagram: @chrischangphotography · facebook.com/ChrisChangPhotography · +65 9017 0220 · “We took one photoshoot in Korea and one in Singapore with Chris Chang. The Korea photoshoot was 1/3 the price of Chris Chang’s photoshoot, so i highly recommend taking photos overseas! If we had booked the Korea shoot first, we wouldn’t have went for a shoot in SG cuz SG photographers are just really expensive in general! As for Chris Chang, he’s alright, he is professional and if your like his work, go for it! His specialty is those back lighting kind of look and making your gown/veil flowy. Just check out his IG to get a vibe of his style. He was able to capture our expressions nicely and he was on early for our photoshoot. He didn’t direct us on how to pose much so it’ll be good to come prepared with a few poses that you want to do. There also won’t be anyone to help you adjust your hair and clothes so you may wanna consider bringing your sister or bridesmaid along to help you QC. His edited photos didn’t really have much difference from the original photos but then again for our photos I think there wasn’t a need to really edit also! if you want him to edit something, you just have to let him know and he will try to edit it in a natural way.”",,,,2023-09-20T08:59:47Z
recctH3DOvNOo6MyG,Kint Wedding Videography & Photography Singapore,Videographers,Photographer & Videographer,,+65 9336 8853,https://kintweddings.pixieset.com/,883,"Instagram: @kintweddings · facebook.com/kintweddings · +65 9336 8853 · “Really enjoyed having Steph from Kint Wedding as our videographer! the video turned out perfect! From before the wedding, Steph was able to provide advice to us on the schedule and also take note of what we wished to be included in the video. Chose Kint Weddings because we really liked how they capture the right moments in a church wedding and we did not regret our decision. ☺️☺️”","Instagram: @kintweddings · facebook.com/kintweddings · +65 9336 8853 · “Really enjoyed having Steph from Kint Wedding as our videographer! the video turned out perfect! From before the wedding, Steph was able to provide advice to us on the schedule and also take note of what we wished to be included in the video. Chose Kint Weddings because we really liked how they capture the right moments in a church wedding and we did not regret our decision. ☺️☺️”",,,,2023-09-20T08:59:46Z
recsWet19nOxCmyC3,Before Dawn Company,Videographers,Photographer & Videographer,,+65 8952 8330,http://www.beforedawncompany.com/,883,"Instagram: @beforedawn.co · facebook.com/beforedawncompany · +65 8952 8330 · “Great team to work with! Had a really pleasant PWS with Deion and Bennett! Thank you for guiding us through the shots! AD WAS EVEN BETTER!! Love love love our SDE by Bennett! It has been 1 month since our wedding but we are still watching the SDE every weekend! Also love how Deion had paid attention to our guests at reception, capturing special moments of our guests!”","Instagram: @beforedawn.co · facebook.com/beforedawncompany · +65 8952 8330 · “Great team to work with! Had a really pleasant PWS with Deion and Bennett! Thank you for guiding us through the shots! AD WAS EVEN BETTER!! Love love love our SDE by Bennett! It has been 1 month since our wedding but we are still watching the SDE every weekend! Also love how Deion had paid attention to our guests at reception, capturing special moments of our guests!”",,,,2023-09-20T08:59:47Z
recfhUQlCPnkxzbGJ,Bespoke Photography,Videographers,Photographer & Videographer,,+65 8338 1249,https://www.bespokephotography.sg/,882,Instagram: @bespokeweddingphotography · facebook.com/bespokephotographysg · +65 8338 1249 · “Robson is very accommodating and goes above and beyond his responsibilities to make sure that everyone has a well-taken photo. Definitely recommend this to all aspiring grooms and brides.”,Instagram: @bespokeweddingphotography · facebook.com/bespokephotographysg · +65 8338 1249 · “Robson is very accommodating and goes above and beyond his responsibilities to make sure that everyone has a well-taken photo. Definitely recommend this to all aspiring grooms and brides.”,,,,2023-09-20T08:59:49Z
rechD22NaH7agnRvg,Heart to Heart Stories,Videographers,Photographer & Videographer,,+65 9159 2973,https://www.hearttoheartstories.info/,879,"Instagram: @hearttoheartstories · facebook.com/heartoheartmeow · +65 9159 2973 · “My husband and I made the absolute right choice to engage Yancong and Theingi as your wedding Videographers. Although both of us are awkward infront of the camera, the same day edit that was shown during our wedding turned out to be heartwarming and fun. 🎊🥰 We cannot wait to see our wedding video! 🤵🏻👰🏻‍♀️📹 Will definitely HIGHLY RECOMMEND Heart to Heart Stories to everyone, including our friends and relatives!! 💯”","Instagram: @hearttoheartstories · facebook.com/heartoheartmeow · +65 9159 2973 · “My husband and I made the absolute right choice to engage Yancong and Theingi as your wedding Videographers. Although both of us are awkward infront of the camera, the same day edit that was shown during our wedding turned out to be heartwarming and fun. 🎊🥰 We cannot wait to see our wedding video! 🤵🏻👰🏻‍♀️📹 Will definitely HIGHLY RECOMMEND Heart to Heart Stories to everyone, including our friends and relatives!! 💯”",,,,2023-09-20T08:59:47Z
recYuczt0hncMjM9K,Depairsg,Videographers,Photographer & Videographer,,+65 8685 6895,https://depairsg.com/,875,Instagram: @depair.sg · facebook.com/depair.sg · +65 8685 6895 · “Yong is a really nice and accommodating videographer that produce amazing works!! Thank you for the beautiful proposal video!”,Instagram: @depair.sg · facebook.com/depair.sg · +65 8685 6895 · “Yong is a really nice and accommodating videographer that produce amazing works!! Thank you for the beautiful proposal video!”,,,,2023-09-20T08:59:48Z
recmSCLFtFsisojgM,Ichiro Films Production,Videographers,Photographer & Videographer,,+65 9842 7458,https://www.ichirofilms.com/,867,"+65 9842 7458 · “Christopher and his wife were very helpful in the whole process from describing what to expect, to getting to know us better and even preparing us on what to do on the actual day itself. The same day edit and final trailer was within expectation and they managed to capture important moments of our wedding that we would want to look back in the years to come. I received positive comments on our video as well. All thanks to the team!”","+65 9842 7458 · “Christopher and his wife were very helpful in the whole process from describing what to expect, to getting to know us better and even preparing us on what to do on the actual day itself. The same day edit and final trailer was within expectation and they managed to capture important moments of our wedding that we would want to look back in the years to come. I received positive comments on our video as well. All thanks to the team!”",,,,2024-04-14T02:58:12Z
recX7TsWiDMAyBquF,Subra Govinda Photography,Videographers,Photographer & Videographer,,+65 8233 1715,http://www.subragovinda.com/,864,"Instagram: @teamsubragovinda · facebook.com/SubraGovindaPhotography · +65 8233 1715 · “It is with great pleasure that we write this review for the exceptionally talented and friendly wedding photographer, Subra. From the moment we met him, we knew we had found someone truly special to capture the most important day of our lives. Subra's wealth of experience made us feel instantly comfortable, and his attention to detail exceeded our highest expectations. Throughout the entire process, Subra proved himself to be a true professional who genuinely cares about his craft and his clients. His ability to capture the essence of each moment with such precision is truly remarkable. Whether it was the exchange of vows, the joyful laughter shared among friends and family, or the beautiful details of the venue, Subra's photographs brought everything to life in the most stunning way possible. What truly sets Subra apart, however, is his unique ability to make you feel like family. His warm and friendly nature instantly dissolved any initial nerves we had about being in front of the camera. Subra's presence was both reassuring and uplifting, allowing us to be completely ourselves throughout the entire day. Beyond his remarkable technical skills, Subra's genuine passion for his work shines through in every interaction. He took the time to get to know us, understand our vision, and personalize our experience. He made sure and in face exceeded our expectations. We not only gained an incredible photographer but also a cherished family friend. Subra's professionalism, coupled with his ability to make you feel like the most important people in the world, is an exceptional quality that we will forever be grateful for. We wholeheartedly recommend Subra to anyone seeking photography services for their special day. He is a master of his craft, a true artist who goes above and beyond to capture the most treasured moments with love and dedication. Subra's talent, combined with his friendly and approachable nature, will undoubtedly put you at ease and make your wedding day or any other significant event more memorable. We feel incredibly grateful to have had Subra document the most important day of my life, and we have no doubt that he will continue to touch the hearts of countless others with his exceptional talent and warm personality. In the vast world of wedding photography, Subra stands out as a gem, and we are forever grateful to have had him by our side. Thank you, Subra, for being not only an outstanding photographer but also a cherished family friend. Regards, Arvind & Samantha”","Instagram: @teamsubragovinda · facebook.com/SubraGovindaPhotography · +65 8233 1715 · “It is with great pleasure that we write this review for the exceptionally talented and friendly wedding photographer, Subra. From the moment we met him, we knew we had found someone truly special to capture the most important day of our lives. Subra's wealth of experience made us feel instantly comfortable, and his attention to detail exceeded our highest expectations. Throughout the entire process, Subra proved himself to be a true professional who genuinely cares about his craft and his clients. His ability to capture the essence of each moment with such precision is truly remarkable. Whether it was the exchange of vows, the joyful laughter shared among friends and family, or the beautiful details of the venue, Subra's photographs brought everything to life in the most stunning way possible. What truly sets Subra apart, however, is his unique ability to make you feel like family. His warm and friendly nature instantly dissolved any initial nerves we had about being in front of the camera. Subra's presence was both reassuring and uplifting, allowing us to be completely ourselves throughout the entire day. Beyond his remarkable technical skills, Subra's genuine passion for his work shines through in every interaction. He took the time to get to know us, understand our vision, and personalize our experience. He made sure and in face exceeded our expectations. We not only gained an incredible photographer but also a cherished family friend. Subra's professionalism, coupled with his ability to make you feel like the most important people in the world, is an exceptional quality that we will forever be grateful for. We wholeheartedly recommend Subra to anyone seeking photography services for their special day. He is a master of his craft, a true artist who goes above and beyond to capture the most treasured moments with love and dedication. Subra's talent, combined with his friendly and approachable nature, will undoubtedly put you at ease and make your wedding day or any other significant event more memorable. We feel incredibly grateful to have had Subra document the most important day of my life, and we have no doubt that he will continue to touch the hearts of countless others with his exceptional talent and warm personality. In the vast world of wedding photography, Subra stands out as a gem, and we are forever grateful to have had him by our side. Thank you, Subra, for being not only an outstanding photographer but also a cherished family friend. Regards, Arvind & Samantha”",,,,2023-09-20T08:59:47Z
recZDPVwoPQLTmieS,Dollz Cupcakes,Videographers,Photographer & Videographer,,,https://t.me/dollzcupcakes,863,"Instagram: @dollzcupcakes · facebook.com/CupcakeDollies · “Kiku personality comes thru in her photography.Sges warm,caring and very congenial, and every angle, every exposure highlights this. We are overjoyed with our choice of having her share and be part of our ROM. everyone wanted to talk to her and that's because she's such a natural..she brought more joy to the event!!we love the photographs, each one capturing the moment n yet telling a long story.”","Instagram: @dollzcupcakes · facebook.com/CupcakeDollies · “Kiku personality comes thru in her photography.Sges warm,caring and very congenial, and every angle, every exposure highlights this. We are overjoyed with our choice of having her share and be part of our ROM. everyone wanted to talk to her and that's because she's such a natural..she brought more joy to the event!!we love the photographs, each one capturing the moment n yet telling a long story.”",,,,2024-11-28T07:40:11Z
rec2QmY74ut9SPI09,Okra Films,Videographers,Photographer & Videographer,,+65 9459 8183,http://okrafilms.sg/,862,"Instagram: @okrafilms · facebook.com/OkraFilms · +65 9459 8183 · “Soon was very proactive days before our AD to get to know my husband and I, and was very helpful in suggesting places we should decorate our room for the entire photo/video-taking experience. He was on time on our AD and was transparent with us when our time exceeded and we had to add on another hour. He brought all the equipment he needed and did his thing. He was clear in his instructions - you can see he knows what he is trying to capture. We received the wedding highlights 6 weeks after our wedding, and got the entire deliverable set in a super Lux thumbdrive and green box 7.5 weeks after our wedding, which I think is very commendable judging by how popular he is! He is very accommodating and very nice to work with. We’ve not watched the entire documentary but we are already impressed and happy with the highlight and the short IG reel he made. Will definitely recommend him to BTBs!!”","Instagram: @okrafilms · facebook.com/OkraFilms · +65 9459 8183 · “Soon was very proactive days before our AD to get to know my husband and I, and was very helpful in suggesting places we should decorate our room for the entire photo/video-taking experience. He was on time on our AD and was transparent with us when our time exceeded and we had to add on another hour. He brought all the equipment he needed and did his thing. He was clear in his instructions - you can see he knows what he is trying to capture. We received the wedding highlights 6 weeks after our wedding, and got the entire deliverable set in a super Lux thumbdrive and green box 7.5 weeks after our wedding, which I think is very commendable judging by how popular he is! He is very accommodating and very nice to work with. We’ve not watched the entire documentary but we are already impressed and happy with the highlight and the short IG reel he made. Will definitely recommend him to BTBs!!”",,,,2023-09-20T08:59:46Z
recIEDNH4ltE6E10w,Back Alley Creations,Videographers,Photographer & Videographer,,+65 9623 6483,https://backalleycreations.co/,862,"Instagram: @backalleycreations.sg · facebook.com/backalle · +65 9623 6483 · “Jootz was very easy to work with. He was been a great help in bringing out the best expressions in us, and was skilled at capturing candid moments of the big day from multiple perspectives. Some were taken from fairly creative angles too. Photo edits were not too jarring and preserved the essence of the scene. The final product delivered to us was really beautifully packaged and well worth the wait. We experienced good professional service at a decent price point, and never regretted our choice.”","Instagram: @backalleycreations.sg · facebook.com/backalle · +65 9623 6483 · “Jootz was very easy to work with. He was been a great help in bringing out the best expressions in us, and was skilled at capturing candid moments of the big day from multiple perspectives. Some were taken from fairly creative angles too. Photo edits were not too jarring and preserved the essence of the scene. The final product delivered to us was really beautifully packaged and well worth the wait. We experienced good professional service at a decent price point, and never regretted our choice.”",,,,2023-09-20T08:59:47Z
recVVGHMzn6h5E0JW,Steph Lee Films,Videographers,Photographer & Videographer,,,http://stephleefilms.com/,862,"facebook.com/stephleefilms · “Best experience we’ve had! Steph and Fel are the friendliest & most wonderful team we’ve met. We’ve signed a wedding video/photo package with them during the Hitcheed event last year, loving their style and trusting their skills. & we did not regret at all! On our wedding day, they arrived on time in the morning at my house & started working on their magic. The outdoor shoot was done so smoothly & thankfully the weather treated us well that day. Steph & Fel knew what they’re doing as they promptly advised us what to pose and how to pose for photos. Needless to say, our dinner banquet went on smoothly as well. The whole day was so smooth with them accommodating to our requests. We were just being ourselves and doing our stuff while they captured our best moments throughout the day. Kudos to Steph Lee Films & team for giving us an amazing experience on our special day! 🫶🏻”","facebook.com/stephleefilms · “Best experience we’ve had! Steph and Fel are the friendliest & most wonderful team we’ve met. We’ve signed a wedding video/photo package with them during the Hitcheed event last year, loving their style and trusting their skills. & we did not regret at all! On our wedding day, they arrived on time in the morning at my house & started working on their magic. The outdoor shoot was done so smoothly & thankfully the weather treated us well that day. Steph & Fel knew what they’re doing as they promptly advised us what to pose and how to pose for photos. Needless to say, our dinner banquet went on smoothly as well. The whole day was so smooth with them accommodating to our requests. We were just being ourselves and doing our stuff while they captured our best moments throughout the day. Kudos to Steph Lee Films & team for giving us an amazing experience on our special day! 🫶🏻”",,,,2024-04-14T02:58:11Z
recKkVvUVPyphTxuI,Daniel Sim Photography,Videographers,Photographer & Videographer,,+65 9178 8450,http://danielsimphotography.com/,832,"Instagram: @danielsimphotography · facebook.com/danielsimphotography · +65 9178 8450 · “Daniel is really professional and the final product is definitely up to my expectations (capturing the best moments of my proposal and more), would recommend my friends to engage him for any videography/photography needs!”","Instagram: @danielsimphotography · facebook.com/danielsimphotography · +65 9178 8450 · “Daniel is really professional and the final product is definitely up to my expectations (capturing the best moments of my proposal and more), would recommend my friends to engage him for any videography/photography needs!”",,,,2023-09-17T13:24:42Z
recManyUSK5lnYMSy,By Hoomi Weddings,Videographers,Photographer & Videographer,,+65 9059 6321,https://www.byhoomi.com/,832,"Instagram: @byhoomi.co · facebook.com/byhoomi.co · +65 9059 6321 · “They were very professional, and they guided us really well. It wasn’t awkward or nerve wrecking at all, they let us enjoy our wedding day and they deliver such an amazing work. No regrets at all.”","Instagram: @byhoomi.co · facebook.com/byhoomi.co · +65 9059 6321 · “They were very professional, and they guided us really well. It wasn’t awkward or nerve wrecking at all, they let us enjoy our wedding day and they deliver such an amazing work. No regrets at all.”",,,,2023-09-20T08:59:46Z
recbSLlu3lX6uvBWZ,Clearlens Production,Videographers,Photographer & Videographer,,,http://www.clearlensproduction.com/,816,Instagram: @clearlensproductionsg · facebook.com/clearlensproduction · “Hakeem from Clearlens is very friendly and knows his work well. He makes us (bride and groom) feels comfortable during our wedding. The end product is very good and we are really impressed. Thank you Hakeem 🙏”,Instagram: @clearlensproductionsg · facebook.com/clearlensproduction · “Hakeem from Clearlens is very friendly and knows his work well. He makes us (bride and groom) feels comfortable during our wedding. The end product is very good and we are really impressed. Thank you Hakeem 🙏”,,,,2023-09-20T08:59:49Z
recAf718gYV4EFSRA,iSnap Photography,Videographers,Photographer & Videographer,sito@isnapphotography.sg,+65 9070 9012,http://isnapphotography.sg/,806,Instagram: @isnapphotographywedding · facebook.com/isnapphotography.sg · +65 9070 9012 · sito@isnapphotography.sg · “iSnap Photography and his videographer are very professional and friendly. Efficient and reliable. We signed up for the ROM shooting. Taking photos at Fort Canning. They know all the good spots and great guidance on poses. The photos are gorgeous.”,Instagram: @isnapphotographywedding · facebook.com/isnapphotography.sg · +65 9070 9012 · sito@isnapphotography.sg · “iSnap Photography and his videographer are very professional and friendly. Efficient and reliable. We signed up for the ROM shooting. Taking photos at Fort Canning. They know all the good spots and great guidance on poses. The photos are gorgeous.”,,,,2023-09-20T08:59:46Z
recaI4C7CrYVvuZYu,Equarius Photography,Videographers,Photographer & Videographer,,+65 9628 7856,http://www.equariusphotography.com/,806,"Instagram: @equariusphotography · facebook.com/equariusphotography · +65 9628 7856 · “As we browsed through Equarius Photography's portfolio, we fell in love with their bright and cheery vibes! So we engaged them for our PWS and AD wedding. The photographer, Chris was really fun to work with! As we wanted to take more photographs at different locations, he was accommodating to our requests and also tried to rush along with us to cover as much as possible within the hours we had together. We really appreciate how sporting and open to new ideas Chris was. In order to get a nice shot with sparkles, he even helped us to test run a few times to get the effect that we hoped for! This was one of the many memorable moments that we kept close to our hearts! As we were moving to different locations, he also took the time to chit chat with us to try to understand what are some of our likings. For AD, he was really reliable and we could trust him to take charge as communicated despite all the busyness and hectic schedule. We also felt assured that he was there as our photographer. Really thankful to have engaged Chris for our PWS and AD! Thank you Chris! :)”","Instagram: @equariusphotography · facebook.com/equariusphotography · +65 9628 7856 · “As we browsed through Equarius Photography's portfolio, we fell in love with their bright and cheery vibes! So we engaged them for our PWS and AD wedding. The photographer, Chris was really fun to work with! As we wanted to take more photographs at different locations, he was accommodating to our requests and also tried to rush along with us to cover as much as possible within the hours we had together. We really appreciate how sporting and open to new ideas Chris was. In order to get a nice shot with sparkles, he even helped us to test run a few times to get the effect that we hoped for! This was one of the many memorable moments that we kept close to our hearts! As we were moving to different locations, he also took the time to chit chat with us to try to understand what are some of our likings. For AD, he was really reliable and we could trust him to take charge as communicated despite all the busyness and hectic schedule. We also felt assured that he was there as our photographer. Really thankful to have engaged Chris for our PWS and AD! Thank you Chris! :)”",,,,2023-09-20T08:59:47Z
recj3qdYSYMgmECqW,Deion Teo Photography,Videographers,Photographer & Videographer,,+65 9455 9651,http://www.deionteo.com/,796,"Instagram: @deionteo.beforedawn · facebook.com/deionteophotography · +65 9455 9651 · “Engaged Deion in June for my proposal and he really helped to make it a dream come true! He was extremely flexible, being very supportive and accommodating despite me having to postpone the event a couple of times amidst changing COVID restrictions. During the event, he was quick to snap the little moments too which I appreciated. I also asked for a more structured photoshoot session after, which he scouted locations for and helped to direct. Given my proposal was at sunset (and this shoot was just around sunset / just after), I can't imagine this must have been easy with the poor lighting conditions. Nevertheless he provided good advice and the photos turned out well. The only thing that I could fault (and it's not even that big) may have been a few slightly overexposed backgrounds that may have needed a bit more post editing. However given the poor lighting conditions and tight timeline, I would still say Deion did an impeccable job with capturing the memories of that day. Thanks Deion!”","Instagram: @deionteo.beforedawn · facebook.com/deionteophotography · +65 9455 9651 · “Engaged Deion in June for my proposal and he really helped to make it a dream come true! He was extremely flexible, being very supportive and accommodating despite me having to postpone the event a couple of times amidst changing COVID restrictions. During the event, he was quick to snap the little moments too which I appreciated. I also asked for a more structured photoshoot session after, which he scouted locations for and helped to direct. Given my proposal was at sunset (and this shoot was just around sunset / just after), I can't imagine this must have been easy with the poor lighting conditions. Nevertheless he provided good advice and the photos turned out well. The only thing that I could fault (and it's not even that big) may have been a few slightly overexposed backgrounds that may have needed a bit more post editing. However given the poor lighting conditions and tight timeline, I would still say Deion did an impeccable job with capturing the memories of that day. Thanks Deion!”",,,,2023-09-20T08:59:47Z
rec4SnX2auggM9izq,Rolling Pie Pictures,Videographers,Photographer & Videographer,,,https://www.rollingpiepictures.com/,758,"Instagram: @rollingpiepictures · facebook.com/rollingpiepictures · “Daniel & Cheryl are so great to work with! They had been our first choice from the start and we were so happy that they were onboard to shoot for us in Jeju for our pre-wedding. Both of them are very creative and do not go for pre-decided/posey shots. What we liked was that they really took the shots like it was a visual diary, and it very well-captured the dynamics of our love! We had absolutely so much fun with them!”","Instagram: @rollingpiepictures · facebook.com/rollingpiepictures · “Daniel & Cheryl are so great to work with! They had been our first choice from the start and we were so happy that they were onboard to shoot for us in Jeju for our pre-wedding. Both of them are very creative and do not go for pre-decided/posey shots. What we liked was that they really took the shots like it was a visual diary, and it very well-captured the dynamics of our love! We had absolutely so much fun with them!”",,,,2023-09-20T08:59:49Z
recuUCN66MCX6RuId,Lightside,Videographers,Photographer & Videographer,,+65 8779 9294,http://lightside.sg/,749,"Instagram: @lightsideweddings · facebook.com/lightsideweddings · +65 8779 9294 · “My husband and I engaged Lightside Weddings for our Pre-Wedding Photography and Wedding Day Photography & Videography. We find their price packages are affordable and worth it. They were very professional in guiding and advising us throughout the process especially during the planning phase. They were very accommodating to our requests and manage last minute changes efficiently. Iman and Haikal made us feel really comfortable and help direct us on how to pose during our pre-wedding an on our wedding day. Overall, we really enjoyed our photoshoot sessions with them and love how they manage to capture all the important moments. When we first saw all our photos and video, we can’t help smiling, laughing and reminisce our special day. We even felt emotional watching our wedding video as it encapsulate all our unique moments as a couple and also with our family & friends. The photos printed on photobook and canvas are good quality. We love how vibrant and clear our photos turned out. I even requested for them to print our family portrait from the wedding photos with a wooden frame. They delivered it perfectly with a beautiful golden frame! Thank you Lightside Weddings for the awesome wedding photos and videos! Hope to see you guys again!”","Instagram: @lightsideweddings · facebook.com/lightsideweddings · +65 8779 9294 · “My husband and I engaged Lightside Weddings for our Pre-Wedding Photography and Wedding Day Photography & Videography. We find their price packages are affordable and worth it. They were very professional in guiding and advising us throughout the process especially during the planning phase. They were very accommodating to our requests and manage last minute changes efficiently. Iman and Haikal made us feel really comfortable and help direct us on how to pose during our pre-wedding an on our wedding day. Overall, we really enjoyed our photoshoot sessions with them and love how they manage to capture all the important moments. When we first saw all our photos and video, we can’t help smiling, laughing and reminisce our special day. We even felt emotional watching our wedding video as it encapsulate all our unique moments as a couple and also with our family & friends. The photos printed on photobook and canvas are good quality. We love how vibrant and clear our photos turned out. I even requested for them to print our family portrait from the wedding photos with a wooden frame. They delivered it perfectly with a beautiful golden frame! Thank you Lightside Weddings for the awesome wedding photos and videos! Hope to see you guys again!”",,,,2023-09-20T08:59:46Z
recpaSlIGcHPcNTVF,Inspireworkz Production,Videographers,Photographer & Videographer,,+65 9789 8288,http://www.inspireworkz.com/,741,facebook.com/Inspireworkzproduction · +65 9789 8288 · “We engaged Bryan for our AD. Bryan was professional and he suggested a lot of fun ideas so that our photos turn out interesting. Thanks Bryan and team!”,facebook.com/Inspireworkzproduction · +65 9789 8288 · “We engaged Bryan for our AD. Bryan was professional and he suggested a lot of fun ideas so that our photos turn out interesting. Thanks Bryan and team!”,,,,2023-09-20T08:59:49Z
recTNBFzyMzqyYxym,Wedding Authors,Videographers,Photographer & Videographer,,,https://weddingauthors.co/,722,"Instagram: @weddingauthors · facebook.com/weddingauthors · “Hired Rebecca for both my wedding day shoot and 2 years later for my son's 100 Day Celebration. I don't know about you, but I would never give the job to someone I can't trust for such an important milestone. We definitely did not regret hiring her again. Thanks Rebecca for the excellent job!”","Instagram: @weddingauthors · facebook.com/weddingauthors · “Hired Rebecca for both my wedding day shoot and 2 years later for my son's 100 Day Celebration. I don't know about you, but I would never give the job to someone I can't trust for such an important milestone. We definitely did not regret hiring her again. Thanks Rebecca for the excellent job!”",,,,2023-09-20T08:59:46Z
recP2pOpF5A7xfMRG,Faisal Wedding Images,Videographers,Photographer & Videographer,,+65 9245 8324,https://faisalweddingimages.com/,722,Instagram: @faisal.wedding.images · facebook.com/faisalweddingimages · +65 9245 8324 · “Thank you to both Faisal (Photographer) & Rais (Videographer) making us (my husband & i) feel comfortable through out our wedding event. Glad to be working with you guys & not forgetting both of us love the outcome of our videos & photos. Thank you so much to both of you for your time & effort! ☺️🙏🏻”,Instagram: @faisal.wedding.images · facebook.com/faisalweddingimages · +65 9245 8324 · “Thank you to both Faisal (Photographer) & Rais (Videographer) making us (my husband & i) feel comfortable through out our wedding event. Glad to be working with you guys & not forgetting both of us love the outcome of our videos & photos. Thank you so much to both of you for your time & effort! ☺️🙏🏻”,,,,2023-09-20T08:59:48Z
recNXuwNRJBM9uJdv,AllureWeddings,Videographers,Photographer & Videographer,,+65 8812 9926,https://www.allure.com.sg/,720,Instagram: @allure.weddings · facebook.com/AllureWeddings.Singapore · +65 8812 9926 · “We had a great time and an awesome experience working with the team from Allure Wedding! They were professional and meet expectations from the planning process to the filming on the actual day and the video editing was very well done! We would definitely recommend Allure Wedding to our close friends and everyone who is keen to hire a wedding videographer for their big day!”,Instagram: @allure.weddings · facebook.com/AllureWeddings.Singapore · +65 8812 9926 · “We had a great time and an awesome experience working with the team from Allure Wedding! They were professional and meet expectations from the planning process to the filming on the actual day and the video editing was very well done! We would definitely recommend Allure Wedding to our close friends and everyone who is keen to hire a wedding videographer for their big day!”,,,,2023-09-20T08:59:49Z
recIFj42GUHen1dcg,Moments by Bernard Teo,Videographers,Photographer & Videographer,,+65 9889 0088,http://www.bernardteo.com.sg/,701,"Instagram: @bernardteocp · facebook.com/momentsbybernardteo · +65 9889 0088 · “*Two brilliant and smooth artists at work – dependable and a great outcome. Many big thanks* Bernard and Benny executed a brilliant delivery recently at our daughter’s wedding celebration. Bernard and Benny were smooth flowing in what they did, and they carry out their work in the highest professional manner. Both the photos and the videos turned out awesome. We commend their technical and interaction skills. Bernard was fluid with his camera, and expertly guided his subjects into the scene to capture the memories of the celebration. We liked how the pictures turned out. Benny had captured the videos from the various positions to compile a pleasing and meaningful video montage. Bernard complied and delivered the videos and photos to us swiftly after our event. It was a breeze working with Bernard, our primary contact, and we were pleased with the excellent work. Thank you, Bernard and Benny, for capturing the joys of the celebration for us, which enables us to celebrate those moments time and again. You guys are gems. We highly recommend their services.”","Instagram: @bernardteocp · facebook.com/momentsbybernardteo · +65 9889 0088 · “*Two brilliant and smooth artists at work – dependable and a great outcome. Many big thanks* Bernard and Benny executed a brilliant delivery recently at our daughter’s wedding celebration. Bernard and Benny were smooth flowing in what they did, and they carry out their work in the highest professional manner. Both the photos and the videos turned out awesome. We commend their technical and interaction skills. Bernard was fluid with his camera, and expertly guided his subjects into the scene to capture the memories of the celebration. We liked how the pictures turned out. Benny had captured the videos from the various positions to compile a pleasing and meaningful video montage. Bernard complied and delivered the videos and photos to us swiftly after our event. It was a breeze working with Bernard, our primary contact, and we were pleased with the excellent work. Thank you, Bernard and Benny, for capturing the joys of the celebration for us, which enables us to celebrate those moments time and again. You guys are gems. We highly recommend their services.”",,,,2023-09-20T08:59:49Z
rec3XNuxQjV1FyJNa,Forest Productions,Videographers,Photographer & Videographer,,+65 9678 8675,http://www.forestproductions.com.sg/,676,facebook.com/ForestProductions · +65 9678 8675 · “Don & Chris were absolutely amazing! The 接新娘 video was superbly done and we can't wait to receive our wedding highlights video and photographs ^-^”,facebook.com/ForestProductions · +65 9678 8675 · “Don & Chris were absolutely amazing! The 接新娘 video was superbly done and we can't wait to receive our wedding highlights video and photographs ^-^”,,,,2024-04-14T02:58:11Z
rec14NhANLSwToRNN,Phan,Videographers,Photographer & Videographer,,+65 8192 5788,https://phan.wedding/episodes,676,"+65 8192 5788 · “We searched high and low for a AD videographer and we are glad to have engaged Phan for our wedding AD video & prewedding shoot. From the beginning, Phan was very professional and helpful with our enquiries. On top of the original and creative ideas he had during both our shoots, he also did a great job in listening to the basic directions we had in mind and built upon that. I loved how Phan captured and timed the shots of our loved ones that match with our speech perfectly. Our parents loved the end product too and we are especially happy that the AD video encapsulates all the highlights of the day :) Thank you Phan!”","+65 8192 5788 · “We searched high and low for a AD videographer and we are glad to have engaged Phan for our wedding AD video & prewedding shoot. From the beginning, Phan was very professional and helpful with our enquiries. On top of the original and creative ideas he had during both our shoots, he also did a great job in listening to the basic directions we had in mind and built upon that. I loved how Phan captured and timed the shots of our loved ones that match with our speech perfectly. Our parents loved the end product too and we are especially happy that the AD video encapsulates all the highlights of the day :) Thank you Phan!”",,,,2024-04-14T02:58:12Z
rec27KDHeqgcV0KNO,Forlover Co,Videographers,Photographer & Videographer,,+65 8501 1366,http://forloverco.com/,646,Instagram: @forloverco · +65 8501 1366 · “Engaged Mun for our pre wedding and guo da li photoshoot. It was a nice and fun experience. We were both awkward in front of camera but Mun made it a nice experience by guiding us on what to pose and all. He is very accommodating and friendly.”,Instagram: @forloverco · +65 8501 1366 · “Engaged Mun for our pre wedding and guo da li photoshoot. It was a nice and fun experience. We were both awkward in front of camera but Mun made it a nice experience by guiding us on what to pose and all. He is very accommodating and friendly.”,,,,2023-09-20T08:59:47Z
recaJFIUCZXemUni7,Weekend Stories,Videographers,Photographer & Videographer,weekendstoriesco@gmail.com,+65 8077 1230,http://wkndstories.com/,646,Instagram: @weekendstoriesco · facebook.com/weekendstoriesco · +65 8077 1230 · weekendstoriesco@gmail.com · “Weekend Stories really made our whole prewed photoshoot a remarkable experience! Weekend Stories was truly creative and had fresh ideas for photoshoots idea and always made sure we were comfortable throughout the entire way”,Instagram: @weekendstoriesco · facebook.com/weekendstoriesco · +65 8077 1230 · weekendstoriesco@gmail.com · “Weekend Stories really made our whole prewed photoshoot a remarkable experience! Weekend Stories was truly creative and had fresh ideas for photoshoots idea and always made sure we were comfortable throughout the entire way”,,,,2023-09-20T08:59:49Z
reczeLnEyA1wmIixl,Singapore Wedding Photographer,Videographers,Photographer & Videographer,,+65 8280 7567,https://singaporeweddingphotographer.com/,610,"+65 8280 7567 · “We are very glad to have Justin as our photographer during our ROM. He is very professional and experienced photographer, will definitely recommend him to couples who are looking for a photographer on their important day!”","+65 8280 7567 · “We are very glad to have Justin as our photographer during our ROM. He is very professional and experienced photographer, will definitely recommend him to couples who are looking for a photographer on their important day!”",,,,2023-09-20T08:59:45Z
rec30gVsCTXWLemkD,Heartfelt Visuals,Videographers,Photographer & Videographer,,+65 8806 6061,http://linktr.ee/heartfeltvisuals,610,"+65 8806 6061 · “It was a great pleasure working with Chun as our wedding videographer. He was professional, friendly and made us comfortable throughout our wedding day. We were also very impressed by the quality of his highlights video and how fast he edited it. Would highly recommend him as a videographer!”","+65 8806 6061 · “It was a great pleasure working with Chun as our wedding videographer. He was professional, friendly and made us comfortable throughout our wedding day. We were also very impressed by the quality of his highlights video and how fast he edited it. Would highly recommend him as a videographer!”",,,,2024-04-14T02:58:11Z
recPeOVSiZx6KwAOt,MAMBOSTEVIE PHOTOGRAPHY MO-WORKS,Videographers,Photographer & Videographer,,+65 9826 1028,http://mambostevie.org/,610,"+65 9826 1028 · “Do not hesitate to engage Stevie Mambo for their photo booth and Videography services! Stevie is very flexible and accommodating, he made sure our experience was fuss free. Photo-booth’s soft copies were provided to us as well. Pleased with videographer Vincent for knowing what to capture for our wedding. Overall 100% would engage their services again for events.”","+65 9826 1028 · “Do not hesitate to engage Stevie Mambo for their photo booth and Videography services! Stevie is very flexible and accommodating, he made sure our experience was fuss free. Photo-booth’s soft copies were provided to us as well. Pleased with videographer Vincent for knowing what to capture for our wedding. Overall 100% would engage their services again for events.”",,,,2024-04-14T02:58:11Z
recT7Sc5CNNUfkGWj,Loveinstills,Videographers,Photographer & Videographer,,+65 8797 6263,https://loveinstills.business.site/,608,"Instagram: @loveinstills · facebook.com/loveinstills · +65 8797 6263 · “Experience and Passion /ɪkˈspɪərɪəns,ɛkˈspɪərɪəns & ˈpaʃn/ The two keywords you'll see us mention frequently summarise what Sebastian radiates for our pre-wedding photoshoot. Love in Stills was the fourth photographer we've talked to during the wedding show and the only one we felt comfortable with and able to relate to. He shared his passion and experience with other couples' shoots, and it gave me and my fiancee a comfortable feeling that we are able to sync and communicate easily. This is key; communication with your photographer allows your shoot to be enjoyable! We just completed our shoot a couple of days ago in Perth, and everything went better than we imagined. Myself and my fiancee rarely take pictures, and as such, we don't pose or stand very fluidly (stiff sticks, if you ask me). Sebastian, with his experience, took time to show us, pose us, and radiate his passion to us, so we laughed and enjoyed the shoot. We were tired as heck with sores and pains, but we enjoyed every bit of it! And also, here's what we'll like to share: 1. Do not worry about what to do; let Sebastian direct you. He's a genius. Tell him the location, and let him choose the angle! He will show you his experience and passion, explaining why he did what he did! 2. Enjoy the shoot! Laugh, smile, and annoy your partner. 3. Have about 2 hours allocated per location. 4. Food and drinks; we're humans after all. 5. Always have Plan B locations for unforseen weather. 6. Read the contract to see what's included and what's not. PS: Sebastian is a foodie too! Feed him!”","Instagram: @loveinstills · facebook.com/loveinstills · +65 8797 6263 · “Experience and Passion /ɪkˈspɪərɪəns,ɛkˈspɪərɪəns & ˈpaʃn/ The two keywords you'll see us mention frequently summarise what Sebastian radiates for our pre-wedding photoshoot. Love in Stills was the fourth photographer we've talked to during the wedding show and the only one we felt comfortable with and able to relate to. He shared his passion and experience with other couples' shoots, and it gave me and my fiancee a comfortable feeling that we are able to sync and communicate easily. This is key; communication with your photographer allows your shoot to be enjoyable! We just completed our shoot a couple of days ago in Perth, and everything went better than we imagined. Myself and my fiancee rarely take pictures, and as such, we don't pose or stand very fluidly (stiff sticks, if you ask me). Sebastian, with his experience, took time to show us, pose us, and radiate his passion to us, so we laughed and enjoyed the shoot. We were tired as heck with sores and pains, but we enjoyed every bit of it! And also, here's what we'll like to share: 1. Do not worry about what to do; let Sebastian direct you. He's a genius. Tell him the location, and let him choose the angle! He will show you his experience and passion, explaining why he did what he did! 2. Enjoy the shoot! Laugh, smile, and annoy your partner. 3. Have about 2 hours allocated per location. 4. Food and drinks; we're humans after all. 5. Always have Plan B locations for unforseen weather. 6. Read the contract to see what's included and what's not. PS: Sebastian is a foodie too! Feed him!”",,,,2023-09-20T08:59:46Z
recHEmPIoMLCNgrao,Vividcine Productions,Videographers,Photographer & Videographer,,+65 9487 9006,https://www.vividcine.com/,596,"Instagram: @vividcine · facebook.com/vividcine · +65 9487 9006 · “Sathia and his team are truly amazing! They were extremely patient and kind and professional throughout our planning process for my son's wedding reception ceremony. Sathia ensured that he understood what we wanted, and delivered even more than that! The photos and videos he took, left us amazed and overwhelmed! His creative team also edited the video montage in a way that left us spellbound, so much so that we re-watched it a few times. They were also so patient with us as we took some time in selecting the final pictures and background songs, but VividCine never rushed us and always were willing to listen to our requests. We truly appreciate everything Sathia, and the team at VividCine, has done for us!! VividCine is worth every single penny, and they are truly the best! Sathia and his team are the ones you should count on for all of your wedding/ROM/reception/temple ceremony needs!”","Instagram: @vividcine · facebook.com/vividcine · +65 9487 9006 · “Sathia and his team are truly amazing! They were extremely patient and kind and professional throughout our planning process for my son's wedding reception ceremony. Sathia ensured that he understood what we wanted, and delivered even more than that! The photos and videos he took, left us amazed and overwhelmed! His creative team also edited the video montage in a way that left us spellbound, so much so that we re-watched it a few times. They were also so patient with us as we took some time in selecting the final pictures and background songs, but VividCine never rushed us and always were willing to listen to our requests. We truly appreciate everything Sathia, and the team at VividCine, has done for us!! VividCine is worth every single penny, and they are truly the best! Sathia and his team are the ones you should count on for all of your wedding/ROM/reception/temple ceremony needs!”",,,,2023-09-20T08:59:46Z
recR93FLSn2YXsZWm,Silver Studio Sg,Videographers,Photographer & Videographer,,+65 9816 0698,https://www.instagram.com/silverstudiosg/,510,"+65 9816 0698 · “Absolute fantastic work! My wife & I are thoroughly pleased with Ben's work ethic, creativity, and final product. Special mention to how well our Same Day Edit (SDE) turned out. Our wedding wasn't conventional (we had a small prank element), & yet he was able to seamlessly incorporate the humourous elements with the romantic elements, and this showed as our guests were in tears, both from laughing, as well as being touched. & all this within just a short few hours to edit! In summary, 10/10 definitely would recommend!”","+65 9816 0698 · “Absolute fantastic work! My wife & I are thoroughly pleased with Ben's work ethic, creativity, and final product. Special mention to how well our Same Day Edit (SDE) turned out. Our wedding wasn't conventional (we had a small prank element), & yet he was able to seamlessly incorporate the humourous elements with the romantic elements, and this showed as our guests were in tears, both from laughing, as well as being touched. & all this within just a short few hours to edit! In summary, 10/10 definitely would recommend!”",,,,2024-04-14T02:58:11Z
recIerdgdBNIcWMqo,Singapore Indian Wedding Photography and Videography,Videographers,Photographer & Videographer,,+65 9149 9857,https://sgindianweddingphotographyvideography.business.site/?utm_source=gmb&utm_medium=referral,438,Instagram: @sgcinematics · +65 9149 9857 · “There services are remarkable. The person understands the concept of the wedding photo shoots and as well videos. He suggests good ideas to add on or to edit in the photo shoot concept. Good & quality service I would say.👍”,Instagram: @sgcinematics · +65 9149 9857 · “There services are remarkable. The person understands the concept of the wedding photo shoots and as well videos. He suggests good ideas to add on or to edit in the photo shoot concept. Good & quality service I would say.👍”,,,,2023-09-20T08:59:45Z
reci0xaafPclsLDg1,Depth of Feel Media,Videographers,Photographer & Videographer,,+65 6232 7839,https://dof-media.com/,438,Instagram: @dof.media · facebook.com/dof.media · +65 6232 7839 · “The team had done a very good job with the live streaming of our solemnization process for our families across the country. Me and my wife enjoyed looking back at the recorded live stream. It is very meaningful for us to keep this beautiful memories and reminisce about it in the future. Thank you for the professional service! Highly recommended!”,Instagram: @dof.media · facebook.com/dof.media · +65 6232 7839 · “The team had done a very good job with the live streaming of our solemnization process for our families across the country. Me and my wife enjoyed looking back at the recorded live stream. It is very meaningful for us to keep this beautiful memories and reminisce about it in the future. Thank you for the professional service! Highly recommended!”,,,,2023-09-24T14:35:04Z
recUhvLQbFVtL70u2,The Love Folio,Videographers,Photographer & Videographer,,+65 8015 0690,http://www.thelovefolio.com/,342,"Instagram: @thelovefolio · facebook.com/102402326255645 · +65 8015 0690 · “We had a fantastic experience with The Lovefolio for our engagement shoot. The photographers were not only incredibly talented but also genuinely passionate about their work. They took the time to understand our vision and added their creative flair, resulting in stunning images. Do take note that they have two teams! One is a basic coverage team, the other is the artistic team, we paid more to work with the artistic team and we have no regrets!”","Instagram: @thelovefolio · facebook.com/102402326255645 · +65 8015 0690 · “We had a fantastic experience with The Lovefolio for our engagement shoot. The photographers were not only incredibly talented but also genuinely passionate about their work. They took the time to understand our vision and added their creative flair, resulting in stunning images. Do take note that they have two teams! One is a basic coverage team, the other is the artistic team, we paid more to work with the artistic team and we have no regrets!”",,,,2023-09-20T08:59:48Z
recQo1HMb4jfG91V8,Elevated Productions,Videographers,Photographer & Videographer,,+65 8128 1464,https://www.elevatedproductions.com.sg/,342,"Instagram: @elevatedproductions.sg · facebook.com/elevatedproductionssg · +65 8128 1464 · “I engaged Shane Chua for PG. Elevated Productions for VG. Both of them provided wonderful service and they really guided me and my husband throughout the entire day. Especially since my husband is quite awkward with posing, with their guidance, it helped a lot. Elevated productions did the SDE super quick. There was a tight timeline on that day even though mine was a dinner banquet. Got feedback from my guests that their edits were 🔥 They are super efficient as the final photos and videos were “delivered” about 1 month from my wedding. ”","Instagram: @elevatedproductions.sg · facebook.com/elevatedproductionssg · +65 8128 1464 · “I engaged Shane Chua for PG. Elevated Productions for VG. Both of them provided wonderful service and they really guided me and my husband throughout the entire day. Especially since my husband is quite awkward with posing, with their guidance, it helped a lot. Elevated productions did the SDE super quick. There was a tight timeline on that day even though mine was a dinner banquet. Got feedback from my guests that their edits were 🔥 They are super efficient as the final photos and videos were “delivered” about 1 month from my wedding. ”",,,,2023-11-10T09:09:37Z
rec5ZfO21qdMOd7vY,Winson Cinematography,Videographers,Photographer & Videographer,,,,342,"Instagram: @winsoncinematography · facebook.com/winsoncinematography · “Winson was punctual on AD and is very serious at work. Prior to the wedding, he had invited us to have a session with him to see his portfolios and also to understand our dynamic and to know us more. We can’t wait to see the wedding video 😊. 10/10”","Instagram: @winsoncinematography · facebook.com/winsoncinematography · “Winson was punctual on AD and is very serious at work. Prior to the wedding, he had invited us to have a session with him to see his portfolios and also to understand our dynamic and to know us more. We can’t wait to see the wedding video 😊. 10/10”",,,,2024-01-06T14:27:55Z
recTHwBCi6BGBtuoy,The Qing Dynasty 情朝,Videographers,Photographer & Videographer,,+65 9046 6409,http://www.qing.com.sg/,207,facebook.com/QingWedding · +65 9046 6409 · “Qing Dynasty is not only affordable but also total value for money for the wedding video works and animation they produce. No other company offers such value services in Singapore.”,facebook.com/QingWedding · +65 9046 6409 · “Qing Dynasty is not only affordable but also total value for money for the wedding video works and animation they produce. No other company offers such value services in Singapore.”,,,,2023-09-20T08:59:45Z
recdHalcBSh0H9LNK,Avenue 8 Studios,Videographers,Photographer & Videographer,hello@avenue8.com.sg,+65 9889 0088,http://www.avenue8.com.sg/,207,"Instagram: @avenue8sg · +65 9889 0088 · hello@avenue8.com.sg · “Met an amazing & talented photographer at the Halia Wedding Showcase Apr 2021. Very friendly, approachable & great photo qualities can be expected. Will always recommend your photography services to anyone in need 😀”","Instagram: @avenue8sg · +65 9889 0088 · hello@avenue8.com.sg · “Met an amazing & talented photographer at the Halia Wedding Showcase Apr 2021. Very friendly, approachable & great photo qualities can be expected. Will always recommend your photography services to anyone in need 😀”",,,,2023-09-20T08:59:46Z
recenfkaRAtB9Usga,InFrame Photography & Videography,Videographers,Photographer & Videographer,,+65 9061 4065,https://inframesg.pixieset.com/,207,Instagram: @inframeig · facebook.com/inframefb · +65 9061 4065 · “Wedding Date: 18.12.2022 Thank you to Iskandar and team for the videography and photography services! Affordable too! We had a last min cancellation from our photographer and we asked Iskandar on whether he could provide photography services and he obliged. Thank you again! 😁”,Instagram: @inframeig · facebook.com/inframefb · +65 9061 4065 · “Wedding Date: 18.12.2022 Thank you to Iskandar and team for the videography and photography services! Affordable too! We had a last min cancellation from our photographer and we asked Iskandar on whether he could provide photography services and he obliged. Thank you again! 😁”,,,,2023-09-20T08:59:47Z
recmSRtUHxYvRF5WY,Lumiere Photography,Videographers,Photographer & Videographer,,+65 9023 8794,https://www.lumierephotographysg.com/,207,"Instagram: @lumierephotographysg · facebook.com/LumierePhotographySingapore · +65 9023 8794 · “Alvin Yap’s work is amazing. Great photographer and did a stellar job shooting for my surprise proposal. Alvin’s friendly, patient and went above and beyond to document this incredible moment for me and my now fiancé!”","Instagram: @lumierephotographysg · facebook.com/LumierePhotographySingapore · +65 9023 8794 · “Alvin Yap’s work is amazing. Great photographer and did a stellar job shooting for my surprise proposal. Alvin’s friendly, patient and went above and beyond to document this incredible moment for me and my now fiancé!”",,,,2023-09-20T08:59:47Z
recId03tNK2BAVMPp,RS PHOTOGRAPHY,Videographers,Photographer & Videographer,,+65 8488 2645,http://www.rsphotographysg.com/,207,Instagram: @rsphotographysg · +65 8488 2645 · “As soon as a friend of my got engaged the first thing he did was contact Ricky to be his photographer for his wedding day. Having seen his work and hearing about wonderful experiences from other grooms there was no shopping around anymore. What a wonderful experience.. Ricky is worth every penny. Can not wait to see all the photos. Ricky and his staff could not have been nicer or more professional. Guests at the wedding said they have never seen a photographer go above and beyond as you did to get shots from every angle. Thank you so much.!”,Instagram: @rsphotographysg · +65 8488 2645 · “As soon as a friend of my got engaged the first thing he did was contact Ricky to be his photographer for his wedding day. Having seen his work and hearing about wonderful experiences from other grooms there was no shopping around anymore. What a wonderful experience.. Ricky is worth every penny. Can not wait to see all the photos. Ricky and his staff could not have been nicer or more professional. Guests at the wedding said they have never seen a photographer go above and beyond as you did to get shots from every angle. Thank you so much.!”,,,,2023-09-20T08:59:47Z
rec2y4zVTYicsOaKv,Edventure Grande,Videographers,Photographer & Videographer,,+65 9797 1995,https://edventure.sg/,207,"Instagram: @edventuregrande · +65 9797 1995 · “Got introduced to them by a good friend. Both photograhpers and videographers (Edward & Issac) were pretty friendly and professional despite their young age. Photos and videos turned out really good as we were quite comfortable with them. Overall, it was a good experience with them. PS: Still waiting for the AD photos and video.”","Instagram: @edventuregrande · +65 9797 1995 · “Got introduced to them by a good friend. Both photograhpers and videographers (Edward & Issac) were pretty friendly and professional despite their young age. Photos and videos turned out really good as we were quite comfortable with them. Overall, it was a good experience with them. PS: Still waiting for the AD photos and video.”",,,,2023-11-29T12:09:21Z
recG4b8HqWiNmFOBF,Sloth Creatives,Videographers,Photographer & Videographer,,,,207,“I chose Sloth Creatives as my videographer (I really like their work even before I got engaged) The team was hyping us up during AD and just make us feel great! They uses film and will send it to Aussie to develop it. ”,“I chose Sloth Creatives as my videographer (I really like their work even before I got engaged) The team was hyping us up during AD and just make us feel great! They uses film and will send it to Aussie to develop it. ”,,,,2024-01-20T12:49:45Z
recH3jLiE9SAfgvVg,The Loco Team,Videographers,Photographer & Videographer,,,,207,"“We engaged The Loco Team for their roving photography services. Instead of a Photobooth which people are required to go outside and queue, Ming goes around and takes photos for our guests and the photos he takes gets printed immediately. We engaged their services a year in advance and Jason helped us to prepare the frame design shortly after we engaged his services. He didn't brush us off given that our actual day was a whole year away. He was patient and understanding and gave us his best efforts. This gives us a big peace of mind as we didn't need to do any follow ups or frantic over preparing the frame closer to the actual day. In terms of fees, they were also very affordable and my guests loved that they could take away physical copies on the same day without having to queue for a photo to be taken. ”","“We engaged The Loco Team for their roving photography services. Instead of a Photobooth which people are required to go outside and queue, Ming goes around and takes photos for our guests and the photos he takes gets printed immediately. We engaged their services a year in advance and Jason helped us to prepare the frame design shortly after we engaged his services. He didn't brush us off given that our actual day was a whole year away. He was patient and understanding and gave us his best efforts. This gives us a big peace of mind as we didn't need to do any follow ups or frantic over preparing the frame closer to the actual day. In terms of fees, they were also very affordable and my guests loved that they could take away physical copies on the same day without having to queue for a photo to be taken. ”",,,,2024-11-07T02:25:15Z
recwgSEbPJgO8uopL,C J Videos Singapore,Videographers,Photographer & Videographer,,+65 9850 5509,https://www.cjvideos.com/,182,"Instagram: @cjvideossingapore · facebook.com/cjmedia.singapore · +65 9850 5509 · “Getting CJ to cover my ROM (3June23) was the best decision ever. This was the first ROM/wedding event in the family so I was clueless. I even forgot to inform them on the flow of events 😭 … I remembered when the whole event started -But they manage to capture every single precious memory of my ROM. They were so nice, came over to my place and hand me the drive with pictures and videos and it was checked and tested with me to ensure everything’s good (felt like I was involved in the experience). The pictures were so perfectly edited and bright and the video was perfectly done (trust me, no random cut offs, no shakes nothing). Having them to capture precious memories was the best decision ever. Highly recommended 💯”","Instagram: @cjvideossingapore · facebook.com/cjmedia.singapore · +65 9850 5509 · “Getting CJ to cover my ROM (3June23) was the best decision ever. This was the first ROM/wedding event in the family so I was clueless. I even forgot to inform them on the flow of events 😭 … I remembered when the whole event started -But they manage to capture every single precious memory of my ROM. They were so nice, came over to my place and hand me the drive with pictures and videos and it was checked and tested with me to ensure everything’s good (felt like I was involved in the experience). The pictures were so perfectly edited and bright and the video was perfectly done (trust me, no random cut offs, no shakes nothing). Having them to capture precious memories was the best decision ever. Highly recommended 💯”",,,,2023-09-20T08:59:46Z
recl66ct0ROJA6kWd,JD Film Production,Videographers,Photographer & Videographer,,,,10,"Instagram: @jd_filmproduction · facebook.com/JDFILMSG · “Sharing my review for JD film production, I was a bride who had my wedding on Nov 2023: It was a terrible experience, we engaged JD film production (director's package) under David as the director. (8 hours videography) David's lack of professionalism was evident throughout. Before our wedding, we only get one zoom meeting with him a week before the actual day. We scheduled a Zoom meeting before the wedding to review our timeline and address any concerns. The excel timeline clearly indicated a clear schedule and that we intended to play the morning highlights for our guests immediately after the march-in. Yet on the actual day, they were all over the place and unsure when we wanted the actual day video to be shown to the guests, and even had the audacity to ask us about it just as we were marching in. Our groomsmen told them to focus on the editing of the video and have the other videographer to shoot the night highlights, yet they decided that two videographers were needed to sit in front of the computer and do the video edit WITHOUT ANYONE TAKING THE NIGHT EVENTS. We were dismayed that they failed to capture our once-in-a-lifetime moments for our night ceremony, and their delay in delivering the morning video disrupted our entire schedule. Instead of taking responsibility, they shifted the blame onto my groomsmen. Their failure to fulfill their obligations and their careless service is utterly unacceptable. I would strongly advise against hiring them, except perhaps for my worst enemies. Putting unprofessionalism aside, David's style doesn't reflect the work he showcased on Instagram or YouTube. The highlight was very amateur, with recycled and lazy cinematography and video editing. There were very shaky shots and choppy editing. It truly reflects his behavior. With the same budget, I believe you can find someone more professional and passionate. So this is just my experience with them, others might have different experiences. You can dm me for any further information.”","Instagram: @jd_filmproduction · facebook.com/JDFILMSG · “Sharing my review for JD film production, I was a bride who had my wedding on Nov 2023: It was a terrible experience, we engaged JD film production (director's package) under David as the director. (8 hours videography) David's lack of professionalism was evident throughout. Before our wedding, we only get one zoom meeting with him a week before the actual day. We scheduled a Zoom meeting before the wedding to review our timeline and address any concerns. The excel timeline clearly indicated a clear schedule and that we intended to play the morning highlights for our guests immediately after the march-in. Yet on the actual day, they were all over the place and unsure when we wanted the actual day video to be shown to the guests, and even had the audacity to ask us about it just as we were marching in. Our groomsmen told them to focus on the editing of the video and have the other videographer to shoot the night highlights, yet they decided that two videographers were needed to sit in front of the computer and do the video edit WITHOUT ANYONE TAKING THE NIGHT EVENTS. We were dismayed that they failed to capture our once-in-a-lifetime moments for our night ceremony, and their delay in delivering the morning video disrupted our entire schedule. Instead of taking responsibility, they shifted the blame onto my groomsmen. Their failure to fulfill their obligations and their careless service is utterly unacceptable. I would strongly advise against hiring them, except perhaps for my worst enemies. Putting unprofessionalism aside, David's style doesn't reflect the work he showcased on Instagram or YouTube. The highlight was very amateur, with recycled and lazy cinematography and video editing. There were very shaky shots and choppy editing. It truly reflects his behavior. With the same budget, I believe you can find someone more professional and passionate. So this is just my experience with them, others might have different experiences. You can dm me for any further information.”",,,,2024-05-14T15:16:46Z
recOb4qhU5Iq6SXMt,OneHappyClick,Videographers,Photographer & Videographer,,,http://onehappyclick.com/,{'error': '#ERROR!'},Instagram: @onehappyclick · facebook.com/onehappyclick · Read wedding reviews for OneHappyClick,Instagram: @onehappyclick · facebook.com/onehappyclick · Read wedding reviews for OneHappyClick,,,,2023-09-20T08:59:45Z
recwxogfhxlVyx9qK,Dvault Photography,Videographers,Photographer & Videographer,,+65 8664 9720,https://www.dvaultphotography.com/,{'error': '#ERROR!'},Instagram: @dvaultphotog · +65 8664 9720 · Read wedding reviews for Dvault Photography,Instagram: @dvaultphotog · +65 8664 9720 · Read wedding reviews for Dvault Photography,,,,2023-09-20T08:59:47Z
recHY6goPXDCA3lEb,MerahInMotion,Videographers,Photographer & Videographer,,+65 9691 3427,http://www.merahinmotion.com/,{'error': '#ERROR!'},Instagram: @merahinmotion · facebook.com/MerahInMotion · +65 9691 3427 · Read wedding reviews for MerahInMotion,Instagram: @merahinmotion · facebook.com/MerahInMotion · +65 9691 3427 · Read wedding reviews for MerahInMotion,,,,2023-11-16T11:08:56Z
recwV2C6LGx5VRX2o,Couple of Moments,Videographers,Photographer & Videographer,,,https://coupleofmoments.sg/,{'error': '#ERROR!'},Read wedding reviews for Couple of Moments,Read wedding reviews for Couple of Moments,,,,2024-02-02T08:07:50Z
rec1Q8TEdS669vvXK,Wedding Montage Animation WMA Production,Videographers,Photographer & Videographer,,,https://wmaproduction.com/,{'error': '#ERROR!'},Read wedding reviews for Wedding Montage Animation WMA Production,Read wedding reviews for Wedding Montage Animation WMA Production,,,,2024-04-01T12:44:46Z
reciBop6alM7j40n6,J Production,Videographers,Photographer & Videographer,,+65 9661 7188,http://www.jstillmotion.com/,{'error': '#ERROR!'},+65 9661 7188 · Read wedding reviews for J Production,+65 9661 7188 · Read wedding reviews for J Production,,,,2024-04-14T02:58:11Z
recmwBzYEuwkD5ORh,2 of us weddings,Videographers,Photographer & Videographer,,+65 9619 0275,http://www.2ofusweddings.com.sg/,{'error': '#ERROR!'},+65 9619 0275 · Read wedding reviews for 2 of us weddings,+65 9619 0275 · Read wedding reviews for 2 of us weddings,,,,2024-04-14T02:58:11Z
recsG226vqifvSrJI,Delighted Moments Productions,Videographers,Photographer & Videographer,,+65 8753 5456,http://delightedmoments.com/,{'error': '#ERROR!'},+65 8753 5456 · Read wedding reviews for Delighted Moments Productions,+65 8753 5456 · Read wedding reviews for Delighted Moments Productions,,,,2024-04-14T02:58:11Z
recSxXgJJuxumiGiH,Wanderland Lovers,Videographers,Photographer & Videographer,,+65 8388 4248,https://wanderlandlovers.com/,{'error': '#ERROR!'},+65 8388 4248 · Read wedding reviews for Wanderland Lovers,+65 8388 4248 · Read wedding reviews for Wanderland Lovers,,,,2024-04-14T02:58:11Z
recdW9Tvva5FFoVE8,Cloud Nine Stories - Wedding Content Creators,Videographers,Photographer & Videographer,,,,{'error': '#ERROR!'},Instagram: @cloudnine.stories · Read wedding reviews for Cloud Nine Stories - Wedding Content Creators,Instagram: @cloudnine.stories · Read wedding reviews for Cloud Nine Stories - Wedding Content Creators,,,,2025-03-27T09:32:37Z
recF7S6YeSORTVzhc,百年好盒 MUSIC BOX,Emcees,,boxupmusic@gmail.com,,https://musicbox.com.sg,924,facebook.com/musicbox · boxupmusic@gmail.com · “Had a wonderful experience with MusicBox for our wedding. Everyone in attendance was very impressed by the wide range of English/Chinese/Hokkien songs Joey and Daniel were able to perform. They were also extremely accommodating to fun requests such as guests hoping to join them on stage in singing! Definitely highly recommended!”,facebook.com/musicbox · boxupmusic@gmail.com · “Had a wonderful experience with MusicBox for our wedding. Everyone in attendance was very impressed by the wide range of English/Chinese/Hokkien songs Joey and Daniel were able to perform. They were also extremely accommodating to fun requests such as guests hoping to join them on stage in singing! Definitely highly recommended!”,,,,2024-07-18T15:26:40Z
recZ9gzF5h2IbQ6H0,Emcee Jacks,Emcees,,jacks@emceejacks.com,,https://emceejacks.com,921,"facebook.com/emceejacks · jacks@emceejacks.com · “The best of the best. Calm, approachable, genuinely involve like it’s his own wedding. 10 Stars for Jacks!”","facebook.com/emceejacks · jacks@emceejacks.com · “The best of the best. Calm, approachable, genuinely involve like it’s his own wedding. 10 Stars for Jacks!”",,,,2024-07-18T15:26:39Z
reczuxcaDq60Ob3FM,Emcee Winston Wei,Emcees,,winstonngoei@yahoo.com.sg,+65 9151 1224,https://emceewinstonwei.com/,876,"Instagram: @omg.winstonwei · facebook.com/winston.em.1 · +65 9151 1224 · winstonngoei@yahoo.com.sg · “A super fun night lead by our MC Winston! We love the game he designed to help our division people to know each other in a very entertaining & engaging way, Fun & fruitful 👍👍”","Instagram: @omg.winstonwei · facebook.com/winston.em.1 · +65 9151 1224 · winstonngoei@yahoo.com.sg · “A super fun night lead by our MC Winston! We love the game he designed to help our division people to know each other in a very entertaining & engaging way, Fun & fruitful 👍👍”",,,,2025-12-10T05:57:33Z
recUvfn5VXSbRTUQy,Kevin Wedding Emcee Services,Emcees,,kevinweddingemcee@gmail.com,+65 9297 0903,https://instagram.com/KS_emcee,875,"facebook.com/KevinWeddingEmceeServices · +65 9297 0903 · kevinweddingemcee@gmail.com · “Engaged YanWei as our wedding dinner emcee. He is exactly the kind of emcee we had in mind! Full of energy, humorous & our guest were all entertained by him. Giving our wedding dinner the right atmosphere. Very satisfied with their service! THANKYOU! HUAT AHH!!”","facebook.com/KevinWeddingEmceeServices · +65 9297 0903 · kevinweddingemcee@gmail.com · “Engaged YanWei as our wedding dinner emcee. He is exactly the kind of emcee we had in mind! Full of energy, humorous & our guest were all entertained by him. Giving our wedding dinner the right atmosphere. Very satisfied with their service! THANKYOU! HUAT AHH!!”",,,,2024-07-18T15:26:40Z
recI9BJE88iisgaKA,Emcee Connie Chiwa,Emcees,,connie.jiam@gmail.com,+65 9649 0420,https://instagram.com/emceeconnie_botakkai,862,"facebook.com/emceeconniechiwa · +65 9649 0420 · connie.jiam@gmail.com · “Connie was the best choice that we have made for our wedding banquet. Since the day we spoke to her, we immediately felt confident that we will be in great care on our actual day. Our guests sang so much praises about how entertaining and engaging Connie was. At that moment, we really hoped that we were also part of the guests listening to her entertainment. Connie has a really friendly personality, always cheerful, bubbly, and spreading the positive vibes to us. She is also very patient in answering all our 1001 questions throughout the planning. We left the running of the show to her and had so much time to interact with our guests without any worry. We will definitely engage her again for future parties. If there is a fan club for her, we will certainly be the number 1 and number 2 fans to sign up. Cheers Connie! Thank you for your hard work and leaving us such memorable memories for our big day. ❤️❤️”","facebook.com/emceeconniechiwa · +65 9649 0420 · connie.jiam@gmail.com · “Connie was the best choice that we have made for our wedding banquet. Since the day we spoke to her, we immediately felt confident that we will be in great care on our actual day. Our guests sang so much praises about how entertaining and engaging Connie was. At that moment, we really hoped that we were also part of the guests listening to her entertainment. Connie has a really friendly personality, always cheerful, bubbly, and spreading the positive vibes to us. She is also very patient in answering all our 1001 questions throughout the planning. We left the running of the show to her and had so much time to interact with our guests without any worry. We will definitely engage her again for future parties. If there is a fan club for her, we will certainly be the number 1 and number 2 fans to sign up. Cheers Connie! Thank you for your hard work and leaving us such memorable memories for our big day. ❤️❤️”",,,,2024-07-18T15:26:39Z
recqcWetMqGcLs6u8,Emcee Sharlyn Lim,Emcees,,,+65 9180 7902,https://emceeservices.com/,851,"+65 9180 7902 · “What can I say!! Sharlyn did an amazing emcee for my Wedding. She entertain my guest and even suggest some ""jack pot"" games which are very entertaining. She even guides us thru out the night. Thank you Sharlyn! My wife and myself both enjoy and thank you for making our wedding beautiful!”","+65 9180 7902 · “What can I say!! Sharlyn did an amazing emcee for my Wedding. She entertain my guest and even suggest some ""jack pot"" games which are very entertaining. She even guides us thru out the night. Thank you Sharlyn! My wife and myself both enjoy and thank you for making our wedding beautiful!”",,,,2024-04-14T02:58:11Z
recVLxI8URitwHIdG,Emcee Lerene Tong,Emcees,,lerenetalks@gmail.com,,https://emceelerene.com,772,"facebook.com/lerenetalks · lerenetalks@gmail.com · “Highly recommend engaging Lerene as the emcee for your wedding! She takes lots of care in her preparation for the event (even offering her time for a pre-event orientation session and during the wedding rehearsal). The event went very well with her guidance and experience in such events, and the guests had a lot of fun with the various games. Lerene also provides very helpful suggestions on many aspects of the planning if needed (eg tea ceremony, games, music just to name a few).”","facebook.com/lerenetalks · lerenetalks@gmail.com · “Highly recommend engaging Lerene as the emcee for your wedding! She takes lots of care in her preparation for the event (even offering her time for a pre-event orientation session and during the wedding rehearsal). The event went very well with her guidance and experience in such events, and the guests had a lot of fun with the various games. Lerene also provides very helpful suggestions on many aspects of the planning if needed (eg tea ceremony, games, music just to name a few).”",,,,2024-07-18T15:26:38Z
receXnJDkACPoZKQe,Emcee Bendy,Emcees,,hello@bendyho.com,+65 8813 8803,,758,facebook.com/emceebendy · +65 8813 8803 · hello@bendyho.com · “Engaged Bendy and his AV for our Solemnization lunch. He is very professional and shared his ideas on how he will engage my guests as most of them are elderly since we invited only the relatives. He even help us with our playlists and march-in song which cater to the crowd well. We are really happy to have him at our wedding. Thank you Bendy.”,facebook.com/emceebendy · +65 8813 8803 · hello@bendyho.com · “Engaged Bendy and his AV for our Solemnization lunch. He is very professional and shared his ideas on how he will engage my guests as most of them are elderly since we invited only the relatives. He even help us with our playlists and march-in song which cater to the crowd well. We are really happy to have him at our wedding. Thank you Bendy.”,,,,2024-07-18T15:26:38Z
recTsbmNfng4QwoZe,Rakeen Emcee Gerek,Emcees,,Rakinmars@gmail.com,+65 8749 3325,,758,facebook.com/EmceeGerek · +65 8749 3325 · Rakinmars@gmail.com · “Entertaining and brought joy to our wedding reception. We requested for games/quizzes during our event for the guests and he did it well! Our guests had a lot of fun. Definitely will recommend him to other bride/groom-to-be. 🙌🙌🙌 - Zulhusni & Syafiqah (10 Dec 2023)”,facebook.com/EmceeGerek · +65 8749 3325 · Rakinmars@gmail.com · “Entertaining and brought joy to our wedding reception. We requested for games/quizzes during our event for the guests and he did it well! Our guests had a lot of fun. Definitely will recommend him to other bride/groom-to-be. 🙌🙌🙌 - Zulhusni & Syafiqah (10 Dec 2023)”,,,,2024-07-18T15:26:38Z
rec34F76eo40qVt9Q,Emcee Sean Lai,Emcees,,seansayone@gmail.com,,,722,facebook.com/seansayone · seansayone@gmail.com · “A big shoutout to Sean for making our big day a smooth and successful one. Sean is very experienced and professional and understand what we have in mind. Highly recommended!”,facebook.com/seansayone · seansayone@gmail.com · “A big shoutout to Sean for making our big day a smooth and successful one. Sean is very experienced and professional and understand what we have in mind. Highly recommended!”,,,,2024-07-18T15:26:39Z
recHovPr5zORuOjVy,Emcee Nelson,Emcees,,,+65 8118 1226,https://www.emceenelson.com.sg/,701,"facebook.com/emceenelson.com.sg · +65 8118 1226 · “We have engaged Nelson to host our wedding dinner on 23/Mar, and we are really happy with our choice. Nelson provided valuable guidance in the planning and preparation, and also made sure to tailor it to our preferences. His delivery in English and Mandarin ensured that the audience were engaged and entertained. Nelson also organised a bingo filler game and we have received many positive comments from our guests. We chose the Premium Package, which included hosting of Tea Ceremony and AV support, and it fits our needs perfectly. Nelson was a fantastic emcee and we highly recommend him.”","facebook.com/emceenelson.com.sg · +65 8118 1226 · “We have engaged Nelson to host our wedding dinner on 23/Mar, and we are really happy with our choice. Nelson provided valuable guidance in the planning and preparation, and also made sure to tailor it to our preferences. His delivery in English and Mandarin ensured that the audience were engaged and entertained. Nelson also organised a bingo filler game and we have received many positive comments from our guests. We chose the Premium Package, which included hosting of Tea Ceremony and AV support, and it fits our needs perfectly. Nelson was a fantastic emcee and we highly recommend him.”",,,,2024-04-14T02:58:12Z
recw9vmZUx4pKs45U,Leon Lim 林昱志,Emcees,,leonlimyuzhi@gmail.com,+65 8686 5222,https://leonlimyuzhi.com,676,facebook.com/leonlimyz · +65 8686 5222 · leonlimyuzhi@gmail.com · “We’ve recently engaged Leon for our wedding last week as emcee and singer and he’s nothing more than amazing! All our guests sang praises for Leon and team! Everyone had fun and enjoyed themselves! Will definitely recommend him for all events!”,facebook.com/leonlimyz · +65 8686 5222 · leonlimyuzhi@gmail.com · “We’ve recently engaged Leon for our wedding last week as emcee and singer and he’s nothing more than amazing! All our guests sang praises for Leon and team! Everyone had fun and enjoyed themselves! Will definitely recommend him for all events!”,,,,2024-07-18T15:26:38Z
recKFFfX3VnYmfSgE,Emcee Wendy Cheong,Emcees,,wencheong.525@gmail.com,,,676,"facebook.com/EmceeWendyCheong · wencheong.525@gmail.com · “Wendy was our emcee and coordinator for our wedding dinner reception. She did an amazing job ensuring that the dinner went smoothly. Prior to the reception, we had several in-person and online meetings with Wendy in which she provided valuable input on the sequence of the dinner reception, which we would not have considered or might have missed. During the dinner reception, Wendy and her assistant were closely involved in coordinating with our vendors, including the hotel, band, photographers, etc. We are grateful for their service, especially since we were busy entertaining our guests during the cocktail and dinner reception. Regarding Wendy's emcee skills, they were nothing short of impressive. Wendy had a stage presence and was able to engage our guests. Many of our guests commended her for being very professional and eloquent. We highly recommend Wendy and are very thankful to have had her for our dinner reception🙂”","facebook.com/EmceeWendyCheong · wencheong.525@gmail.com · “Wendy was our emcee and coordinator for our wedding dinner reception. She did an amazing job ensuring that the dinner went smoothly. Prior to the reception, we had several in-person and online meetings with Wendy in which she provided valuable input on the sequence of the dinner reception, which we would not have considered or might have missed. During the dinner reception, Wendy and her assistant were closely involved in coordinating with our vendors, including the hotel, band, photographers, etc. We are grateful for their service, especially since we were busy entertaining our guests during the cocktail and dinner reception. Regarding Wendy's emcee skills, they were nothing short of impressive. Wendy had a stage presence and was able to engage our guests. Many of our guests commended her for being very professional and eloquent. We highly recommend Wendy and are very thankful to have had her for our dinner reception🙂”",,,,2024-07-18T15:26:38Z
recSnJuNT4em0eNXO,Emcee Hari Prasandth,Emcees,,emcee.hpe@gmail.com,,,676,"facebook.com/EmceeHP · emcee.hpe@gmail.com · “Hari was the emcee for my sister's wedding. He was awesome, made sure the guests were engaged and ensured the event flow was smooth. Super friendly, funny. Awesome!”","facebook.com/EmceeHP · emcee.hpe@gmail.com · “Hari was the emcee for my sister's wedding. He was awesome, made sure the guests were engaged and ensured the event flow was smooth. Super friendly, funny. Awesome!”",,,,2024-07-18T15:26:38Z
reccmosg8nHTNUbDf,Emcee Yube,Emcees,,yubeofficial@gmail.com,+65 8337 8339,,676,facebook.com/yubeofficial · +65 8337 8339 · yubeofficial@gmail.com · “Yube was my emcee for the wedding! She was extremely good in her service! She interacted with the guests well and made the wedding more lively! Her voice was also loud and clear! It was thanks to her that the wedding went smoothly! I would definitely look for her again and recommend her to my friends for other events!”,facebook.com/yubeofficial · +65 8337 8339 · yubeofficial@gmail.com · “Yube was my emcee for the wedding! She was extremely good in her service! She interacted with the guests well and made the wedding more lively! Her voice was also loud and clear! It was thanks to her that the wedding went smoothly! I would definitely look for her again and recommend her to my friends for other events!”,,,,2024-07-18T15:26:39Z
recpRrLIfSGxsIyBT,Magicessential,Emcees,,enquiry@magicessential.com,+65 9028 9186,https://Www.magicessential.com,676,facebook.com/WeddingMagicianMartinGoh · +65 9028 9186 · enquiry@magicessential.com · “Thank you emcee J for his help during our wedding. Definitely entertaining and accommodating! Highly recommended!”,facebook.com/WeddingMagicianMartinGoh · +65 9028 9186 · enquiry@magicessential.com · “Thank you emcee J for his help during our wedding. Definitely entertaining and accommodating! Highly recommended!”,,,,2024-07-18T15:26:39Z
recOaTrrrtsItd0Xq,Emcee Jia Yang,Emcees,,,,,646,"Instagram: @emceejiayang · facebook.com/emceejiayang · “Before AD, he had been digging stories from us that he could share, we didnt manage to give him much cos we dont rmb them LOL. He secretly msg my hubby to made something special and it work well, also cant thanks him enough to coordinate and communicate with my AV in charge. Highly recommended :D”","Instagram: @emceejiayang · facebook.com/emceejiayang · “Before AD, he had been digging stories from us that he could share, we didnt manage to give him much cos we dont rmb them LOL. He secretly msg my hubby to made something special and it work well, also cant thanks him enough to coordinate and communicate with my AV in charge. Highly recommended :D”",,,,2024-01-20T13:13:11Z
recvFlztE4tjJJGiq,Emcee Aaron Leong,Emcees,,,,https://xxleong.weebly.com,566,facebook.com/axxleong · “Very thankful to have Aaron as our wedding emcee. He meticulously planned the whole process and recommended us things to do to make the entire event smooth. Everyone enjoyed the day as much as we do. Highly recommended!!”,facebook.com/axxleong · “Very thankful to have Aaron as our wedding emcee. He meticulously planned the whole process and recommended us things to do to make the entire event smooth. Everyone enjoyed the day as much as we do. Highly recommended!!”,,,,2024-07-18T15:26:38Z
recYhTPtLLBWebbGV,KV Golamco,Emcees,,kvgolamco@gmail.com,,https://kvgolamco.com,566,"facebook.com/kvgolamcoMC · kvgolamco@gmail.com · “YT and I glad we chose KV as our wedding host! He helped out with the planning of the program flow. Since we had guests that can’t speak Filipino, and there were many native Chinese speakers, so we were really concerned how everything will go. But overall his Chinese skills are great, the delivery and energy is superb. Super lively and was able to put everyone into mood! Everyone had soo much fun! 非常活潑、幽默又風趣、無冷場！Even after the wedding, we have heard lots of praises for KV’s hosting and delivery from our family and friends! Definitely one of our fave suppliers! 🙌”","facebook.com/kvgolamcoMC · kvgolamco@gmail.com · “YT and I glad we chose KV as our wedding host! He helped out with the planning of the program flow. Since we had guests that can’t speak Filipino, and there were many native Chinese speakers, so we were really concerned how everything will go. But overall his Chinese skills are great, the delivery and energy is superb. Super lively and was able to put everyone into mood! Everyone had soo much fun! 非常活潑、幽默又風趣、無冷場！Even after the wedding, we have heard lots of praises for KV’s hosting and delivery from our family and friends! Definitely one of our fave suppliers! 🙌”",,,,2024-07-18T15:26:38Z
reckdnnp6jhyrK8Qm,Emcee Derek Ho,Emcees,,hello@emceederekho.com,+65 9118 2769,https://emceederekho.com,510,"facebook.com/emceederekho · +65 9118 2769 · hello@emceederekho.com · “My wife & I engaged Derek for our wedding banquet on Oct 2023. He was patient and professional in guiding us on the actual event’s sequence and even suggest things we could incorporate to make our banquet memorable and eventful for our guest. During the actual event, he was a joy to the audience for being entertaining and accomodating to all our needs. He also guided us on the sequence and cue us to speak whenever needed to keep the event eventful yet well structured. It was definitely a joy to have Emcee Derek as our wedding Emcee and we will recommend him to any newly wed or couple looking for a fun & accomodating Emcee for their big day!”","facebook.com/emceederekho · +65 9118 2769 · hello@emceederekho.com · “My wife & I engaged Derek for our wedding banquet on Oct 2023. He was patient and professional in guiding us on the actual event’s sequence and even suggest things we could incorporate to make our banquet memorable and eventful for our guest. During the actual event, he was a joy to the audience for being entertaining and accomodating to all our needs. He also guided us on the sequence and cue us to speak whenever needed to keep the event eventful yet well structured. It was definitely a joy to have Emcee Derek as our wedding Emcee and we will recommend him to any newly wed or couple looking for a fun & accomodating Emcee for their big day!”",,,,2024-07-18T15:26:38Z
recB4qrCEJFix1iiA,Emcee Jeffrey Yu,Emcees,,,,,510,"“Dear Meg and Jeff, Thank you so much for saying yes to the hosting gig and for the wedding tips! EVERYBODY enjoyed last night! You, ahia Jeff, were a highlight! So many of our friends kept asking who the host is! You carried the event smoothly - para ka ng coordinator and host in one! We, the couple, were so surprised with your energy and great control of both taglish and Chinese. You were so professional and we've never been more happier! Ang galing niyo as a couple. Powerteam! Thank you so much for everything ❤️ - Chris & Cindy”","“Dear Meg and Jeff, Thank you so much for saying yes to the hosting gig and for the wedding tips! EVERYBODY enjoyed last night! You, ahia Jeff, were a highlight! So many of our friends kept asking who the host is! You carried the event smoothly - para ka ng coordinator and host in one! We, the couple, were so surprised with your energy and great control of both taglish and Chinese. You were so professional and we've never been more happier! Ang galing niyo as a couple. Powerteam! Thank you so much for everything ❤️ - Chris & Cindy”",,,,2024-07-18T15:59:26Z
reclQnTz1OKcnibdf,Emcee Laurence Wong,Emcees,,emceelaurencewong72@gmail.com,+65 9684 9846,https://emceelaurence.com,438,facebook.com/emceelaurencewong · +65 9684 9846 · emceelaurencewong72@gmail.com · “It was the best decision my wife and I made to engage Laurence as our wedding emcee! His professionalism and expertise in making sure our guests enjoy within the rules amidst the pandemic amazed us! He was extremely meticulous about pre-planning and highlighting every necessary detail allowing our event to run smoothly. We highly recommend anyone who have any upcoming events to consider Laurence who will ensure the event to be fun and memorable whilst keeping everyone safe!”,facebook.com/emceelaurencewong · +65 9684 9846 · emceelaurencewong72@gmail.com · “It was the best decision my wife and I made to engage Laurence as our wedding emcee! His professionalism and expertise in making sure our guests enjoy within the rules amidst the pandemic amazed us! He was extremely meticulous about pre-planning and highlighting every necessary detail allowing our event to run smoothly. We highly recommend anyone who have any upcoming events to consider Laurence who will ensure the event to be fun and memorable whilst keeping everyone safe!”,,,,2024-07-18T15:26:38Z
rec2RuWJbNCguU8cM,Emcee Sharlyn,Emcees,,hello@emceeservices.com,+65 9191 3367,https://emceeservices.com,342,"facebook.com/EmceeSharlyn · +65 9191 3367 · hello@emceeservices.com · “We engaged Alex and Sharlyn as our emcee during our wedding day. They were bilingual (which was great as we had a mix of both English and Mandarin speaking guest), professional, versatile, and engaging. Our guests had a lovely time, and so did our bridal party as none of them had to take on the additional stress of being the emcee. Thank you both for being a part of our wedding! 🙂❤️”","facebook.com/EmceeSharlyn · +65 9191 3367 · hello@emceeservices.com · “We engaged Alex and Sharlyn as our emcee during our wedding day. They were bilingual (which was great as we had a mix of both English and Mandarin speaking guest), professional, versatile, and engaging. Our guests had a lovely time, and so did our bridal party as none of them had to take on the additional stress of being the emcee. Thank you both for being a part of our wedding! 🙂❤️”",,,,2024-07-18T15:26:38Z
recSzLhQg7LkGqWUZ,Emcee Collin,Emcees,,,,https://emceecollin.sg/,207,"Instagram: @emceecollin · facebook.com/emceecollin · “BEST decision made in our wedding is to have Collin to be our emcee. Our wedding was filled w laughter and surprised knowledge on how in the world could Collin know so much about EACH and everyone of the guests (spoiler: he met us for almost 8 hours before our wedding to get to know more about our backstory w our guests), and WITHOUT any deposit made - all payment were only made after the wedding (what a confidence in the couples haha). Tons of our guests keep asking if Collin was a friend of ours bcos he was so friendly and interactive and made us, our family and everyone feels like home in a cozy wedding atmosphere. My guests even toast him for a drink in the end bcos he’s really THAT awesome. Don’t be mistaken by his ah beng outlook, he is really legit professional and we can’t be happier to have him host our big day. Accommodating to our overwhelming activities planned for the short 4 hours lunch and really impromptu in adapting to any situations (guests were impressed that he didn’t have any speech and can just go on and on interacting w our guests). Love it, thank you Collin 你真棒! Hope more people will engage you for their wedding bcos they deserve to have an awesome emcee like you to host their big day, super duper highly recommended <3”","Instagram: @emceecollin · facebook.com/emceecollin · “BEST decision made in our wedding is to have Collin to be our emcee. Our wedding was filled w laughter and surprised knowledge on how in the world could Collin know so much about EACH and everyone of the guests (spoiler: he met us for almost 8 hours before our wedding to get to know more about our backstory w our guests), and WITHOUT any deposit made - all payment were only made after the wedding (what a confidence in the couples haha). Tons of our guests keep asking if Collin was a friend of ours bcos he was so friendly and interactive and made us, our family and everyone feels like home in a cozy wedding atmosphere. My guests even toast him for a drink in the end bcos he’s really THAT awesome. Don’t be mistaken by his ah beng outlook, he is really legit professional and we can’t be happier to have him host our big day. Accommodating to our overwhelming activities planned for the short 4 hours lunch and really impromptu in adapting to any situations (guests were impressed that he didn’t have any speech and can just go on and on interacting w our guests). Love it, thank you Collin 你真棒! Hope more people will engage you for their wedding bcos they deserve to have an awesome emcee like you to host their big day, super duper highly recommended <3”",,,,2023-10-12T12:50:37Z
recIBQ7TaJMFCrdcM,Emcee Roxanne,Emcees,,,,,207,"Instagram: @emceerox_botakkai · “Roxanne was our emcee for the whole wedding from ROM, tea ceremony and dinner reception. She is super responsible and helpful by giving us suggestions for the wedding. We really like her hosting style and have received so many good reviews from our family and guest too 😄. She totally hyped the crowd and has engaged the audience really well. 🩵 10/10 ”","Instagram: @emceerox_botakkai · “Roxanne was our emcee for the whole wedding from ROM, tea ceremony and dinner reception. She is super responsible and helpful by giving us suggestions for the wedding. We really like her hosting style and have received so many good reviews from our family and guest too 😄. She totally hyped the crowd and has engaged the audience really well. 🩵 10/10 ”",,,,2024-01-06T14:27:09Z
recpHCCb68kl3XP62,Emcee Mireen Ng,Emcees,,,,,207,"Instagram: @mireenng_ · “Very experienced trilingual emcee! Was worried initially as mine's an interracial wedding but Mireen nailed it, everyone had nothing but praises for her. Thankful for her for making my wedding a memorable one for my foreign relatives. ”","Instagram: @mireenng_ · “Very experienced trilingual emcee! Was worried initially as mine's an interracial wedding but Mireen nailed it, everyone had nothing but praises for her. Thankful for her for making my wedding a memorable one for my foreign relatives. ”",,,,2024-01-20T13:32:22Z
recFCr5iFb0yRZkHj,Emcee Jonathan Tee,Emcees,,,,,207,"“He was a professional emcee recommended by one of my bridesmaid. He arranged a video call approximately 2 weeks prior to AD, went through the program flow in detail, get to know our love story, personalities and suggests a few games to play during the lunch banquet. Throughout the lunch banquet, knowing that our family speaks hokkien, he impressed them by speaking some sentences in dialect & he knows his ways to entertain the guests and make them laugh! All the guests praised his emcee skills 👌”","“He was a professional emcee recommended by one of my bridesmaid. He arranged a video call approximately 2 weeks prior to AD, went through the program flow in detail, get to know our love story, personalities and suggests a few games to play during the lunch banquet. Throughout the lunch banquet, knowing that our family speaks hokkien, he impressed them by speaking some sentences in dialect & he knows his ways to entertain the guests and make them laugh! All the guests praised his emcee skills 👌”",,,,2024-01-23T11:26:34Z
rec7uufrUBfkmXmS5,Sher & Khass Tanuwijaya,Emcees,,,,,207,"“I recently had the pleasure of hiring the emcee services of Jasmine for both my personal wedding and our company's D&D event, and I couldn't have been more impressed. She is truly a professional and a delight to work with. Her ability to engage the audience and keep the event flowing seamlessly is unmatched. Her energy and enthusiasm were infectious, and she added a special touch to both events. In addition, she arrived early and offered assistance with event coordination, going above and beyond to ensure everything ran smoothly. I was so impressed that I engaged her again for another event. I highly recommend her services to anyone looking for a top-notch emcee. Five stars all the way!”","“I recently had the pleasure of hiring the emcee services of Jasmine for both my personal wedding and our company's D&D event, and I couldn't have been more impressed. She is truly a professional and a delight to work with. Her ability to engage the audience and keep the event flowing seamlessly is unmatched. Her energy and enthusiasm were infectious, and she added a special touch to both events. In addition, she arrived early and offered assistance with event coordination, going above and beyond to ensure everything ran smoothly. I was so impressed that I engaged her again for another event. I highly recommend her services to anyone looking for a top-notch emcee. Five stars all the way!”",,,,2024-04-14T02:58:13Z
rec9bQOK6uqxjxgCw,Hello Chunjia,Emcees,,cj@hellochunjia.com,+65 9173 0172,,207,"Instagram: @hellochunjia · facebook.com/hellochunjia · +65 9173 0172 · cj@hellochunjia.com · “Definitely a thumbs up for CJ! and the 2 thumbs on my hand is just not enough! we engaged him in our wedding recently and i love how he handled our wedding! I received so many praises from our guests and yes! pls do engage him as yr emcee, i assure u that there will be absolutely no regrets!”","Instagram: @hellochunjia · facebook.com/hellochunjia · +65 9173 0172 · cj@hellochunjia.com · “Definitely a thumbs up for CJ! and the 2 thumbs on my hand is just not enough! we engaged him in our wedding recently and i love how he handled our wedding! I received so many praises from our guests and yes! pls do engage him as yr emcee, i assure u that there will be absolutely no regrets!”",,,,2024-07-18T15:26:38Z
recpEltgAsxfxCbRQ,Karthik Kandthey,Emcees,,emceekarthikk@gmail.com,+65 9424 5866,https://youtube.com/user/TheEmceeKarthik,207,"facebook.com/emceekarthik · +65 9424 5866 · emceekarthikk@gmail.com · “Karthik did an amazing job as an emcee at my wedding. He was entertaining and very funny. If you are Iooking for someone who is funny and able to engage a big audience, I would hugely recommend Karthik.”","facebook.com/emceekarthik · +65 9424 5866 · emceekarthikk@gmail.com · “Karthik did an amazing job as an emcee at my wedding. He was entertaining and very funny. If you are Iooking for someone who is funny and able to engage a big audience, I would hugely recommend Karthik.”",,,,2024-07-18T15:26:38Z
recMRYg0523whaLny,Emcee ZiWen,Emcees,,mcleeziwen@gmail.com,,https://youtube.com/channel/UCwAv0NnNJ4sRpjbzy05mDHg,207,"Instagram: @leeziwen · facebook.com/emceeziwen · mcleeziwen@gmail.com · “ZiWen was a wonderful choice for emceeing at our wedding. We received numerous complement from our guest. We really appreciate how she managed to keep our guest lively and enjoy throughout the night. Trust me, she is AMAZING. Highly recommended. 👍”","Instagram: @leeziwen · facebook.com/emceeziwen · mcleeziwen@gmail.com · “ZiWen was a wonderful choice for emceeing at our wedding. We received numerous complement from our guest. We really appreciate how she managed to keep our guest lively and enjoy throughout the night. Trust me, she is AMAZING. Highly recommended. 👍”",,,,2024-07-18T15:26:38Z
recSFVRyRRLQ0DHF6,Emcee Cyrus,Emcees,,cyruschung.emcee@gmail.com,,https://cyruschungtv.wordpress.com,207,"facebook.com/emceecyrus · cyruschung.emcee@gmail.com · “Cyrus is a very experienced and professional Emcee who can hold the crowd, getting them engaged and hosting in various languages such as English, Chinese & even dialects like Cantonese etc. Hit him up if you need an emcee as after my wedding which I have engaged him, my guests are all very satisfied & some of them are looking forward to having him as the emcee for their wedding! Cyrus can sings as well & speaks fluently! Your wedding will never be a boring one. P.S, he’s also handsome too!”","facebook.com/emceecyrus · cyruschung.emcee@gmail.com · “Cyrus is a very experienced and professional Emcee who can hold the crowd, getting them engaged and hosting in various languages such as English, Chinese & even dialects like Cantonese etc. Hit him up if you need an emcee as after my wedding which I have engaged him, my guests are all very satisfied & some of them are looking forward to having him as the emcee for their wedding! Cyrus can sings as well & speaks fluently! Your wedding will never be a boring one. P.S, he’s also handsome too!”",,,,2024-07-18T15:26:38Z
recAz2iAggNTrDBk9,Emcee Qing Hong,Emcees,,,,,0,“One of the best Emcee that I have came across. All guests agree that the Emcee is very entertaining and good. Not too cringe-y or too over kind. Everyone from young to old all like him!! I was a guest at the wedding and I want to engage him for my own wedding too!”,“One of the best Emcee that I have came across. All guests agree that the Emcee is very entertaining and good. Not too cringe-y or too over kind. Everyone from young to old all like him!! I was a guest at the wedding and I want to engage him for my own wedding too!”,,,,2024-07-18T15:26:39Z
recLOFhcbu900FgSl,Shili and Adi,Emcees,,,,,{'error': '#ERROR!'},Instagram: @@shiliandadi · Read wedding reviews for Shili and Adi,Instagram: @@shiliandadi · Read wedding reviews for Shili and Adi,,,,2024-02-02T08:01:52Z
reclFvgvZpykSaGrr,Petitemcee,Emcees,,,,,{'error': '#ERROR!'},Instagram: @petitemcee · Read wedding reviews for Petitemcee,Instagram: @petitemcee · Read wedding reviews for Petitemcee,,,,2024-03-15T07:09:14Z
recifIIDovVzTlFwM,Wow Magic,Emcees,,,+65 9695 5738,https://www.wowmagic.com.sg/,{'error': '#ERROR!'},+65 9695 5738 · Read wedding reviews for Wow Magic,+65 9695 5738 · Read wedding reviews for Wow Magic,,,,2024-04-14T02:58:11Z
rec0Xc2gRY985iLtE,William Lee,Emcees,,,+65 9082 0376,https://www.williamlee.com.sg/,{'error': '#ERROR!'},+65 9082 0376 · Read wedding reviews for William Lee,+65 9082 0376 · Read wedding reviews for William Lee,,,,2024-04-14T02:58:11Z
rec00kLSX1MQfbz2f,Alex Ong,Emcees,,,+65 8118 8148,http://voicecapsule.wixsite.com/voicecapsule,{'error': '#ERROR!'},+65 8118 8148 · Read wedding reviews for Alex Ong,+65 8118 8148 · Read wedding reviews for Alex Ong,,,,2024-04-14T02:58:11Z
rec6CCt69DKZOqR7e,MagicMan HongWei,Emcees,,,,,{'error': '#ERROR!'},Instagram: @creativemagicinc · Read wedding reviews for MagicMan HongWei,Instagram: @creativemagicinc · Read wedding reviews for MagicMan HongWei,,,,2024-07-30T15:34:47Z
recYbGkC4a319S4x1,Classicmantic,Emcees,,,,,{'error': '#ERROR!'},Read wedding reviews for Classicmantic,Read wedding reviews for Classicmantic,,,,2024-08-01T13:16:13Z
rec9fvX7ZFonmwfk1,The Wedding People,Wedding Planners,,,+65 9070 3348,https://www.theweddingpeople.sg/,943,"+65 9070 3348 · “We have been with TWP for about 1.5 years - despite engaging them super early, they have delivered an amazing job with their professionalism and dedication. We are grateful and impressed by Yirong and Jordan on their prompt liaising with the vendors and arrangements even with the multiple requests from our end. We would also like to thank the team (Yirong, Jordan, Francis and Claire) for being the A* team, coordinating and delivering our dream wedding! We would highly recommend The Wedding People to couples who are seeking prompt and reliable wedding planners for a worry-free experience 👍🏼”","+65 9070 3348 · “We have been with TWP for about 1.5 years - despite engaging them super early, they have delivered an amazing job with their professionalism and dedication. We are grateful and impressed by Yirong and Jordan on their prompt liaising with the vendors and arrangements even with the multiple requests from our end. We would also like to thank the team (Yirong, Jordan, Francis and Claire) for being the A* team, coordinating and delivering our dream wedding! We would highly recommend The Wedding People to couples who are seeking prompt and reliable wedding planners for a worry-free experience 👍🏼”",,,,2024-04-14T02:58:13Z
recHnLXH5KXd7aCNX,1-Host,Wedding Planners,,info@1-host.sg,+65 6773 0060,http://www.1-host.sg/,942,"facebook.com/1Host · +65 6773 0060 · info@1-host.sg · “I am thrilled to write a positive review for the incredible team who made our wedding event absolutely magical! From start to finish, they went above and beyond to ensure every detail was perfect. The coordination and communication were impeccable, leaving us stress-free and able to fully enjoy our special day. The venue was stunningly decorated, the food was delicious, and the staff were attentive and friendly. Thank you for creating unforgettable memories that we will cherish forever. We highly recommend SH team & Joanna to anyone looking for a seamless and unforgettable wedding experience.”","facebook.com/1Host · +65 6773 0060 · info@1-host.sg · “I am thrilled to write a positive review for the incredible team who made our wedding event absolutely magical! From start to finish, they went above and beyond to ensure every detail was perfect. The coordination and communication were impeccable, leaving us stress-free and able to fully enjoy our special day. The venue was stunningly decorated, the food was delicious, and the staff were attentive and friendly. Thank you for creating unforgettable memories that we will cherish forever. We highly recommend SH team & Joanna to anyone looking for a seamless and unforgettable wedding experience.”",,,,2024-04-14T02:58:12Z
rec2Pi7AHstzDPcs5,PEI 陪,Wedding Planners,,weddings@pei.sg,,https://pei.sg,939,"facebook.com/pei.weddings · weddings@pei.sg · “Peiyi and team has been an absolute godsend. Peiyi is incredibly patient and reassuring - a source of comfort in the run up to the wedding. Given that we were planning the wedding from abroad in a different time zone, Peiyi has been very accommodating with calls and messages. She is responsive, experienced and always has solutions to problems. It is clear that wedding planning is Peiyi’s passion. The PEI team knows how to run a wedding - the team reads the room well and is attentive to the couple’s and their family members’ needs. We were initially hesitant about engaging a wedding co-ordinator as we had envisaged an intimate event and boy, were we glad that we went to Peiyi! The wedding to-do list is an endless one and the last thing you want is to worry about smoothing out the bumps on the day! Peiyi’s work ethics is unparalleled and we cannot thank her and the PEI team enough for going above and beyond to ensure that we get to enjoy our special day without any worry. Our wedding has been so incredibly wonderful thanks to the PEI team - thank you ever so much for your help.”","facebook.com/pei.weddings · weddings@pei.sg · “Peiyi and team has been an absolute godsend. Peiyi is incredibly patient and reassuring - a source of comfort in the run up to the wedding. Given that we were planning the wedding from abroad in a different time zone, Peiyi has been very accommodating with calls and messages. She is responsive, experienced and always has solutions to problems. It is clear that wedding planning is Peiyi’s passion. The PEI team knows how to run a wedding - the team reads the room well and is attentive to the couple’s and their family members’ needs. We were initially hesitant about engaging a wedding co-ordinator as we had envisaged an intimate event and boy, were we glad that we went to Peiyi! The wedding to-do list is an endless one and the last thing you want is to worry about smoothing out the bumps on the day! Peiyi’s work ethics is unparalleled and we cannot thank her and the PEI team enough for going above and beyond to ensure that we get to enjoy our special day without any worry. Our wedding has been so incredibly wonderful thanks to the PEI team - thank you ever so much for your help.”",,,,2024-07-18T15:26:39Z
recNf6N4QNn1pcCLU,Vynella Events,Wedding Planners,,,+65 8383 3613,http://vynellaevents.com/,926,"+65 8383 3613 · “We engaged Vynella Events for my wedding, and I have to say that we made the right choice. They are definitely professionals in their field, and creative in providing ideas for me and my bride. We were surprised when the mock design came to life on wedding day! It was truly an amazing sight! Even when they were an instance of miscommunication, Vynella Events stepped up and came back super late at night to ensure everything was perfect. Really appreciate the extra effort they put into making my wedding day a special one indeed. Thank you once again Vynella Events, especially Ella and Azly, for everything.”","+65 8383 3613 · “We engaged Vynella Events for my wedding, and I have to say that we made the right choice. They are definitely professionals in their field, and creative in providing ideas for me and my bride. We were surprised when the mock design came to life on wedding day! It was truly an amazing sight! Even when they were an instance of miscommunication, Vynella Events stepped up and came back super late at night to ensure everything was perfect. Really appreciate the extra effort they put into making my wedding day a special one indeed. Thank you once again Vynella Events, especially Ella and Azly, for everything.”",,,,2024-03-20T13:45:14Z
recVFfMTf4zVwdRfc,Rosette Designs & Co,Wedding Planners,,,+65 8063 8340,http://rosettedesigns.com/,919,"facebook.com/Rosettedesignsco · +65 8063 8340 · “We have never engaged wedding or event planners before. Our close friends have also not engaged such services. To be frank, we were skeptical cos asking someone to coordinate all the vendors for you sounds like an easy job to me. So basically, a wedding planner does all that and MORE. Rosette has a team of supporting staff to come in and help at different stages and areas based on expertise. The main coordinator, Vivienne stayed the same throughout so that there is continuity. We gave them our ideas and they conceptualised and executed them. The venues were nicely done up to our expectations and the photographer and videographer from Movingstills.sg that they recommended us are professional and I appreciate that they give us lots of tips and advices along the way. I love the value added advice that comes with their experience in this line. So we had a very chill and relaxed wedding celebration. Rosette coordinators did the timekeeping and made sure that everything happened according to schedule. Rosette arranged Rae Lyn to be my dedicated 姐妹 for the actual day. She played the role of my best friend for that day, helping me with my gown, touch up my makeup and hair, carry my phone, take photos with my phone for me, etc. This is the true value of getting a wedding planner on your actual day. They are professional, they know how things are done. Imagine wearing the veil. So the result is we had a great celebration, gotta drink and mingle with friends a lot and our friends were even happier that all they had to do was to enjoy themselves. Thank you; Rosette.”","facebook.com/Rosettedesignsco · +65 8063 8340 · “We have never engaged wedding or event planners before. Our close friends have also not engaged such services. To be frank, we were skeptical cos asking someone to coordinate all the vendors for you sounds like an easy job to me. So basically, a wedding planner does all that and MORE. Rosette has a team of supporting staff to come in and help at different stages and areas based on expertise. The main coordinator, Vivienne stayed the same throughout so that there is continuity. We gave them our ideas and they conceptualised and executed them. The venues were nicely done up to our expectations and the photographer and videographer from Movingstills.sg that they recommended us are professional and I appreciate that they give us lots of tips and advices along the way. I love the value added advice that comes with their experience in this line. So we had a very chill and relaxed wedding celebration. Rosette coordinators did the timekeeping and made sure that everything happened according to schedule. Rosette arranged Rae Lyn to be my dedicated 姐妹 for the actual day. She played the role of my best friend for that day, helping me with my gown, touch up my makeup and hair, carry my phone, take photos with my phone for me, etc. This is the true value of getting a wedding planner on your actual day. They are professional, they know how things are done. Imagine wearing the veil. So the result is we had a great celebration, gotta drink and mingle with friends a lot and our friends were even happier that all they had to do was to enjoy themselves. Thank you; Rosette.”",,,,2024-04-14T02:58:12Z
recoDMAcJiWsmLQdQ,Manna Weddings & Events,Wedding Planners,,,+65 6853 1568,https://www.mannaweddings.com/,910,"facebook.com/mannaweddings.sg · +65 6853 1568 · “We engaged Manna Weddings as a coordinator for our wedding dinner and it was easily one of the best decisions we have made. Tricia was instrumental in calming our nerves and helping us making sure that all was in order leading up to the wedding day itself. She came up with a detailed schedule for vendors, bride, and groom, which really took a load off the wedding couple. This service also included Tricia ensuring that everything was removed from the venue in a timely order. Leading up to the wedding day, Tricia worked with all our vendors in ensuring everything was on schedule and also helped with last minute adjustments on the wedding day itself. With everything going on, having Tricia to reassure and remind us on schedule was very reassuring. If you do not want to stress about your wedding day, I highly recommend engaging with Tricia and Manna Weddings!”","facebook.com/mannaweddings.sg · +65 6853 1568 · “We engaged Manna Weddings as a coordinator for our wedding dinner and it was easily one of the best decisions we have made. Tricia was instrumental in calming our nerves and helping us making sure that all was in order leading up to the wedding day itself. She came up with a detailed schedule for vendors, bride, and groom, which really took a load off the wedding couple. This service also included Tricia ensuring that everything was removed from the venue in a timely order. Leading up to the wedding day, Tricia worked with all our vendors in ensuring everything was on schedule and also helped with last minute adjustments on the wedding day itself. With everything going on, having Tricia to reassure and remind us on schedule was very reassuring. If you do not want to stress about your wedding day, I highly recommend engaging with Tricia and Manna Weddings!”",,,,2024-04-14T02:58:12Z
recj3jrNC5DKxuHJJ,Chinta Weddings,Wedding Planners,,chintasue@gmail.com,+65 6344 3123,,901,"facebook.com/ChintaSurayaTaib · +65 6344 3123 · chintasue@gmail.com · “Thank you Chinta Weddings for the bridal outfits and the very helpful mak & pak andam (kak liana & kak shazliah). The bridal henna service that came with the package also did an awesome job for my henna. My wedding gown was tailored so perfectly and looks super amazing on me for my big and memmorable wedding day. The mak andam did a fantastic job for the makeup which compliments the dress. The change of outfits was a smooth, fast and perfect job. Once again, thank you Chinta Weddings!”","facebook.com/ChintaSurayaTaib · +65 6344 3123 · chintasue@gmail.com · “Thank you Chinta Weddings for the bridal outfits and the very helpful mak & pak andam (kak liana & kak shazliah). The bridal henna service that came with the package also did an awesome job for my henna. My wedding gown was tailored so perfectly and looks super amazing on me for my big and memmorable wedding day. The mak andam did a fantastic job for the makeup which compliments the dress. The change of outfits was a smooth, fast and perfect job. Once again, thank you Chinta Weddings!”",,,,2024-07-18T15:26:39Z
rec8HS0ic8A0K6Dq7,Glamz Gallery,Wedding Planners,,admin@glamzgallery.com,+65 9686 9989,https://glamzgallery.com,862,"facebook.com/GlamzGalleryPage · +65 9686 9989 · admin@glamzgallery.com · “We would like to thank the glamz team especially Kak Linda, Abg Rashid and Kak Halimah n partner for the well managed on our big day without any hiccup alhamdulliah all goes smoothly as it was planned to be. They always check on us whether everything is ok and they follow as per we requested for our big day. Alhamdulliah with the one stop package they provided makes it more easy for us not to worry during our big day with stress free and while they handle everything during the event to make sure everything goes smoothly while we enjoy the big day with our families and friends. InsyaAllah i hope that the Glamz team will continue to succeed with their hard work to make your dream wedding come true as you wanted it to be. Best Regards from Naqi & Dewi❤️”","facebook.com/GlamzGalleryPage · +65 9686 9989 · admin@glamzgallery.com · “We would like to thank the glamz team especially Kak Linda, Abg Rashid and Kak Halimah n partner for the well managed on our big day without any hiccup alhamdulliah all goes smoothly as it was planned to be. They always check on us whether everything is ok and they follow as per we requested for our big day. Alhamdulliah with the one stop package they provided makes it more easy for us not to worry during our big day with stress free and while they handle everything during the event to make sure everything goes smoothly while we enjoy the big day with our families and friends. InsyaAllah i hope that the Glamz team will continue to succeed with their hard work to make your dream wedding come true as you wanted it to be. Best Regards from Naqi & Dewi❤️”",,,,2024-07-18T15:26:39Z
recDBWH6dDGCskW2n,Watabe Singapore,Wedding Planners,,,+65 6336 5320,http://www.watabe-wedding.com.sg/,858,"+65 6336 5320 · “We had our destination wedding here last March and I’m writing this because we would really like to express our gratitude to our coordinator Doreen Sng. She’s really the best at her job. From the first meeting till the actual wedding day. Everything was done professionally. She has scheduled meetings for us even though we are overseas. She replies to our questions promptly and every detail is well explained. Every meeting with her was pleasant. She has been very patient and understanding with us. When we arrived in Singapore, she scheduled sound checks and even helped us rehearse our march in walks. She also helped direct our on the day coordinators from the Philippines and even met with them before our wedding day. We are very grateful to have her coordinate our wedding. We also want to thank her teammate, Paolo for assisting us on the actual day. He has been a great help even after the ceremony. I have no regrets holding my wedding here and a big factor to that is because of our coordinator Doreen. I never had to stress or worry with Chijmes because Doreen is very efficient and reliable. Thank you so so much Doreen!!”","+65 6336 5320 · “We had our destination wedding here last March and I’m writing this because we would really like to express our gratitude to our coordinator Doreen Sng. She’s really the best at her job. From the first meeting till the actual wedding day. Everything was done professionally. She has scheduled meetings for us even though we are overseas. She replies to our questions promptly and every detail is well explained. Every meeting with her was pleasant. She has been very patient and understanding with us. When we arrived in Singapore, she scheduled sound checks and even helped us rehearse our march in walks. She also helped direct our on the day coordinators from the Philippines and even met with them before our wedding day. We are very grateful to have her coordinate our wedding. We also want to thank her teammate, Paolo for assisting us on the actual day. He has been a great help even after the ceremony. I have no regrets holding my wedding here and a big factor to that is because of our coordinator Doreen. I never had to stress or worry with Chijmes because Doreen is very efficient and reliable. Thank you so so much Doreen!!”",,,,2024-04-14T02:58:12Z
recrDBhMkxHZCCDiA,Holy Moly,Wedding Planners,,,+65 9190 1720,http://holymoly.sg/,857,"+65 9190 1720 · “We had so many ups and downs during our wedding planning, from our reception venue cancelling our booking 9 days before our wedding reception, to vendors who dropped the ball, but through it all my wife and I were able to rely on Chelsea and her team to help us find ways to move forward (including securing an even better wedding reception venue only a week before it was scheduled!); all of which culminated in amazing execution and a beautiful wedding ceremony and reception. We couldn't have asked for a better wedding planner, and if you choose to go with Chelsea you'll be in great hands.”","+65 9190 1720 · “We had so many ups and downs during our wedding planning, from our reception venue cancelling our booking 9 days before our wedding reception, to vendors who dropped the ball, but through it all my wife and I were able to rely on Chelsea and her team to help us find ways to move forward (including securing an even better wedding reception venue only a week before it was scheduled!); all of which culminated in amazing execution and a beautiful wedding ceremony and reception. We couldn't have asked for a better wedding planner, and if you choose to go with Chelsea you'll be in great hands.”",,,,2024-04-14T02:58:12Z
recvynR3xEi5j116p,Te Planner,Wedding Planners,,hello@teplanner.com.sg,+65 9069 1091,https://teplanner.com.sg,839,"facebook.com/teplanner · +65 9069 1091 · hello@teplanner.com.sg · “Getting Richard and Erica as our wedding day coordinator was one of the best decisions we made for our wedding. They helped a lot during the last few weeks of the wedding. Double checking with other vendors and making sure things are in place. On the wedding day, they were early on arriving at the chapel to ensure things are ready for the ceremony. There were unforseen circumstances throughout the whole day but they were always prompt to address it and made sure they were on top of things so that we dont have to worry. They really went beyond what is expected of them. Without them, it would not have been a successful wedding. I definitely recommend them for couples who are looking for wedding planner/coordinators.”","facebook.com/teplanner · +65 9069 1091 · hello@teplanner.com.sg · “Getting Richard and Erica as our wedding day coordinator was one of the best decisions we made for our wedding. They helped a lot during the last few weeks of the wedding. Double checking with other vendors and making sure things are in place. On the wedding day, they were early on arriving at the chapel to ensure things are ready for the ceremony. There were unforseen circumstances throughout the whole day but they were always prompt to address it and made sure they were on top of things so that we dont have to worry. They really went beyond what is expected of them. Without them, it would not have been a successful wedding. I definitely recommend them for couples who are looking for wedding planner/coordinators.”",,,,2024-07-18T15:26:39Z
recM9LOUXW2R3q7kY,Everitt Weddings,Wedding Planners,,,,http://www.everittweds.com/,832,"“We engaged Jessica and her team 1 year prior to our wedding. I don't think many couples would be able to say this, but my wife and I were able to truly enjoy our wedding (including the days leading to it) and we never had to stress too much about the execution and small details as we knew that Jessica had everything covered My wife and I are clueless when it comes to event planning but we were guided every step of the way. Jessica also went the extra step beyond what was asked of her and we could see her passion when it comes to ensuring a well-executed wedding Would recommend!”","“We engaged Jessica and her team 1 year prior to our wedding. I don't think many couples would be able to say this, but my wife and I were able to truly enjoy our wedding (including the days leading to it) and we never had to stress too much about the execution and small details as we knew that Jessica had everything covered My wife and I are clueless when it comes to event planning but we were guided every step of the way. Jessica also went the extra step beyond what was asked of her and we could see her passion when it comes to ensuring a well-executed wedding Would recommend!”",,,,2024-04-14T02:58:12Z
recW9syVhwAG5sLEB,Wedding Diary,Wedding Planners,,,+65 9720 9069,http://www.weddingdiary.com.sg/,806,"+65 9720 9069 · “We hired Lily and her team to do actual day coordination for our wedding and they were a joy to work with. Lily is the most reassuring person i have met and her calmness and professionalism are some amazing qualities she exhibited. she is also experienced, helpful, and very pleasant in our encounters. we definitely would recommend her to anyone looking for a wedding planner. Thanks Lily!!!”","+65 9720 9069 · “We hired Lily and her team to do actual day coordination for our wedding and they were a joy to work with. Lily is the most reassuring person i have met and her calmness and professionalism are some amazing qualities she exhibited. she is also experienced, helpful, and very pleasant in our encounters. we definitely would recommend her to anyone looking for a wedding planner. Thanks Lily!!!”",,,,2024-04-14T02:58:12Z
recsyT71702xM27GP,Create Your Story,Wedding Planners,,,+65 9880 3896,https://www.createyourstory.sg/,804,"+65 9880 3896 · “Highly disappointed that my dear close friends J and K (I was a groomsman) had to go through the ordeal that was this experience - having looked through the previous negative reviews (particularly the Sentosa one) it seems mistakes of the past rear their head again. Including, but not limited - poor communication with vendors, unprofessional team (she promised a team but there were only 2 people for a 250++ person event) echoing previous reviews. They were also informally dressed. This was at the Clifford pier and it was also a black tie event! The sister of the groom didn’t even make it to the solemnisation as her makeup didn’t arrive at all and had to do her own. I could see the couple trying to make contact with the Daniela to no avail - the bride and grooms mother trying to reach her. The family shouldn’t have to take up such responsibilities at their own wedding. No one from create your story team was contactable From an observer’s point of view, I don’t think I’ve seen a coordinator appear this disorganised - and I have organised a conference for over 1500 people including international guests at a premium venue. As a guest, wouldn’t recommend this for planning your special day.”","+65 9880 3896 · “Highly disappointed that my dear close friends J and K (I was a groomsman) had to go through the ordeal that was this experience - having looked through the previous negative reviews (particularly the Sentosa one) it seems mistakes of the past rear their head again. Including, but not limited - poor communication with vendors, unprofessional team (she promised a team but there were only 2 people for a 250++ person event) echoing previous reviews. They were also informally dressed. This was at the Clifford pier and it was also a black tie event! The sister of the groom didn’t even make it to the solemnisation as her makeup didn’t arrive at all and had to do her own. I could see the couple trying to make contact with the Daniela to no avail - the bride and grooms mother trying to reach her. The family shouldn’t have to take up such responsibilities at their own wedding. No one from create your story team was contactable From an observer’s point of view, I don’t think I’ve seen a coordinator appear this disorganised - and I have organised a conference for over 1500 people including international guests at a premium venue. As a guest, wouldn’t recommend this for planning your special day.”",,,,2024-04-14T02:58:12Z
rec0zl4C57Pw7JR7c,The Wedding Stylist,Wedding Planners,,,+65 9128 9561,http://www.the-wedding-stylist.com/,796,"+65 9128 9561 · “We loved working with Wenxin, who went above and beyond, in the wedding planning process. She had lightning fast communication, and weighed in helpfully on all wedding matters without being intrusive. She was genuinely excited about our ideas, and did a wonderful job of making our dream wedding come true. Thanks a million Wenxin and team!!”","+65 9128 9561 · “We loved working with Wenxin, who went above and beyond, in the wedding planning process. She had lightning fast communication, and weighed in helpfully on all wedding matters without being intrusive. She was genuinely excited about our ideas, and did a wonderful job of making our dream wedding come true. Thanks a million Wenxin and team!!”",,,,2024-04-14T02:58:12Z
recHBjDR8dzScV3fj,SYNPLICIFY,Wedding Planners,,,,https://www.synplicify.com/,787,“I have nothing but compliments for Elizabeth and Eileen who were really attentive on our wedding day. They made the entire day a seamless one and we are so grateful for their help:) 10/10 would recommend.”,“I have nothing but compliments for Elizabeth and Eileen who were really attentive on our wedding day. They made the entire day a seamless one and we are so grateful for their help:) 10/10 would recommend.”,,,,2024-04-14T02:58:12Z
recXS7QXT1VJ4SuFU,Glitterpinz,Wedding Planners,,,+65 9234 6224,http://www.eventsbyglitterpinz.com/,762,"+65 9234 6224 · “We recently had the pleasure of working with Ihsan and his team for our wedding, and we couldn't be happier with the results. From the initial consultation to the big day itself, the entire experience was seamless and stress-free. Planning Process: Ihsan was a true professional from the beginning. We appreciated the clear communication and organization throughout the planning process. It was evident that Glitterpinz had a wealth of experience in the industry. Stress-Free Preparation: One of the main reasons we decided to hire a wedding planner was to alleviate the stress of preparation. They handled everything with grace and efficiency, allowing us to enjoy the lead-up to our big day without feeling overwhelmed. On the Day: The wedding day itself was flawless, thanks to the meticulous planning and coordination by Ihsan & Mas. Every detail was executed well, and we were able to fully immerse ourselves in the celebration, knowing that everything was being taken care of. From the ceremony to the reception, Mas ensured that the day ran smoothly, and we are truly grateful for their expertise. Professionalism and Flexibility: Ihsan was responsive to our needs and quick to adapt to any last-minute changes. This flexibility was a lifesaver and truly set Glitterpinz apart. Conclusion: In conclusion, we wholeheartedly recommend Glitterpinz to anyone seeking a wedding planner who not only understands the intricacies of wedding coordination but also goes above and beyond to make the entire experience enjoyable. Our wedding day was everything we dreamed of, and we owe a large part of that to the exceptional services provided by Glitterpinz. Thank you once again for making our special day truly magical! Tamim & Ziana”","+65 9234 6224 · “We recently had the pleasure of working with Ihsan and his team for our wedding, and we couldn't be happier with the results. From the initial consultation to the big day itself, the entire experience was seamless and stress-free. Planning Process: Ihsan was a true professional from the beginning. We appreciated the clear communication and organization throughout the planning process. It was evident that Glitterpinz had a wealth of experience in the industry. Stress-Free Preparation: One of the main reasons we decided to hire a wedding planner was to alleviate the stress of preparation. They handled everything with grace and efficiency, allowing us to enjoy the lead-up to our big day without feeling overwhelmed. On the Day: The wedding day itself was flawless, thanks to the meticulous planning and coordination by Ihsan & Mas. Every detail was executed well, and we were able to fully immerse ourselves in the celebration, knowing that everything was being taken care of. From the ceremony to the reception, Mas ensured that the day ran smoothly, and we are truly grateful for their expertise. Professionalism and Flexibility: Ihsan was responsive to our needs and quick to adapt to any last-minute changes. This flexibility was a lifesaver and truly set Glitterpinz apart. Conclusion: In conclusion, we wholeheartedly recommend Glitterpinz to anyone seeking a wedding planner who not only understands the intricacies of wedding coordination but also goes above and beyond to make the entire experience enjoyable. Our wedding day was everything we dreamed of, and we owe a large part of that to the exceptional services provided by Glitterpinz. Thank you once again for making our special day truly magical! Tamim & Ziana”",,,,2024-04-14T02:58:12Z
rec52TU3U13xE5OeI,The Wedding Entourage,Wedding Planners,,,+65 8126 6955,http://www.theweddingentourage.com.sg/,746,"+65 8126 6955 · “My husband and I are thankful to have engaged TWE for our wedding. Special shoutout to Caroline, Peiyen and Yong Jing! I remember when we first met and they shared the portfolio of weddings they did before, it was all so unique to each couple, and with that we decided to incorporate details from our Engagement and came up with a Swan Lake theme~ Only after engaging a wedding planner do I realise how many things there is to be done!! Blessed to have such an experienced team to guide us along the way and ensure we tick all the boxes. We had some hiccups along the way e.g. for our venue, emcee, and I can’t imagine how we would have survived without TWE. The team managed to turnaround the whole venue in 1.5hrs to give us our perfect fairytale, and is truly the expert in planning and executing big events. I have soo many guests telling me it’s the most beautiful wedding they ever attended :p I’ll also miss trying on beautiful gowns with Caroline as my cheerleader, getting me to try out different styles, assuring me I look good, and also for telling me ok it’s time to stop trying new arrivals already (because its all just so beautiful and I cant stop) hahahah <3”","+65 8126 6955 · “My husband and I are thankful to have engaged TWE for our wedding. Special shoutout to Caroline, Peiyen and Yong Jing! I remember when we first met and they shared the portfolio of weddings they did before, it was all so unique to each couple, and with that we decided to incorporate details from our Engagement and came up with a Swan Lake theme~ Only after engaging a wedding planner do I realise how many things there is to be done!! Blessed to have such an experienced team to guide us along the way and ensure we tick all the boxes. We had some hiccups along the way e.g. for our venue, emcee, and I can’t imagine how we would have survived without TWE. The team managed to turnaround the whole venue in 1.5hrs to give us our perfect fairytale, and is truly the expert in planning and executing big events. I have soo many guests telling me it’s the most beautiful wedding they ever attended :p I’ll also miss trying on beautiful gowns with Caroline as my cheerleader, getting me to try out different styles, assuring me I look good, and also for telling me ok it’s time to stop trying new arrivals already (because its all just so beautiful and I cant stop) hahahah <3”",,,,2024-04-14T02:58:12Z
rec784Oocf7bHz9nx,Moyeen's Pre-stezh Planner,Wedding Planners,,prestezhplanner@gmail.com,+65 9109 3374,https://mpp.com.sg,741,"facebook.com/MoyeensPrestezhPlanner · +65 9109 3374 · prestezhplanner@gmail.com · “When I walked into the hall, I felt so satisfied and relieved that I made the right decision of choosing Moyeen's wedding planner for my wedding. The instant smile I had,lasted throughout the whole event. And that is the most contented feeling ever! Thank you Rahman bro,Sis hajerah,bro muhyideen,bro Jinnah for being so patient, promising and giving us more than what we expected. Your beautiful service from your team for our wedding is really appreciated by me and Anwer. Also having to say,the two guys that was up on stage with us almost all the time,fadil and Vicky. Indeed having them is a real blessing!! As they always kept us in the loop ensuring we are doing fine. They really did a good job and indeed they both worked as a team. Kuddos guys! You guys were simply the best! Lastly,thank you once again for making our wedding a dream come true! ❤️❤️With all your hard works and efforts,we express our gratitude to you guys! Lots of love from both of us to all of you guys😍🥰”","facebook.com/MoyeensPrestezhPlanner · +65 9109 3374 · prestezhplanner@gmail.com · “When I walked into the hall, I felt so satisfied and relieved that I made the right decision of choosing Moyeen's wedding planner for my wedding. The instant smile I had,lasted throughout the whole event. And that is the most contented feeling ever! Thank you Rahman bro,Sis hajerah,bro muhyideen,bro Jinnah for being so patient, promising and giving us more than what we expected. Your beautiful service from your team for our wedding is really appreciated by me and Anwer. Also having to say,the two guys that was up on stage with us almost all the time,fadil and Vicky. Indeed having them is a real blessing!! As they always kept us in the loop ensuring we are doing fine. They really did a good job and indeed they both worked as a team. Kuddos guys! You guys were simply the best! Lastly,thank you once again for making our wedding a dream come true! ❤️❤️With all your hard works and efforts,we express our gratitude to you guys! Lots of love from both of us to all of you guys😍🥰”",,,,2024-07-18T15:26:38Z
recdJFc5WBGbJvqGp,Heaven's Gift,Wedding Planners,,,+65 6220 0378,http://www.heavens-gift.com/,701,"+65 6220 0378 · “Can I give 100 stars to begin with? Heavens Gift was truly the best damn decision we made to have them plan our wedding!! Honestly I didn’t have any idea or expectations from the start cos I don’t know how wedding planning is suppose to be. Boy, did Hannah and her team open up my world and gave me an experience that I can never forget. They say once you have a wedding, you don’t ever want to do such things again. I can guarantee you it’s not true if you have Hannah (haha), everyday I want to relive the moment again cos they have given my guest and us the most beautiful memory ever. The planning started with them getting to know us better from color choices, style and vibes (there’s more to it but I shall not spoil it for you!). We told them we wanted a wedding like it’s a big party. We wanted guest to roam around, engage in diff activities and just an experience that is diff from a general wedding. My most crucial criteria was I wanted to be able to decorate a lot in the venue. They bought us to a venue that we never knew about and it was perfect! It was an empty canvas with beautiful lights which I left it in Hannah’s good hands to come out a vision board for me. I just want to say, they exceeded way way wayyy beyond our expectations. From the entrance where she did a gallery to showcase our prewed photos and opened up to our mirror aisle, amazing stage and seating area. Their attention to details were insane!! From the placement of the chairs to be slightly slanted, the table settings and even down to the menu! She nailed it in all aspect from the decorations to the experiences my guest can enjoy and have. When I first walked in to the hall, I burst out with so much joy because it was a special moment for me and she transformed the place to such a vibe. Hannah knows that I love hot pink and she didn’t fail to add that touch in for me which made me so happy to see. She will make sure to add personal touches of what both me and my husband likes so it truly reflects us. Cos honestly, people came up to us and say, when they walked in, this vibe is so us. I think this is the thing you want to experience, a wedding party that reflects who you are. The whole process of this planning was honestly very little stress cos all I had to do was prepare myself to look the best I can. Heaven’s Gift did all the searching and suggestions for us whenever I have a request of what I wanted. From our food vendors, emcee, dj and my very difficult request for a pastry chef who can make me a millefoglie as our wedding cake. She managed to find someone who did it for me and did so well. Our wedding was more than perfect and I just want to keep reliving every moment of it again and again. So to anyone who wants to have a wedding where you don’t need to have decision fatigue, HG is the perfect choice. The only regret you will have is that you don’t engage Heaven’s Gift to be your planner. They are so meticulous with everything that you have no worries. Thank you Hannah and team once again for such an amazing experience. I truly look forward for another party I will have and having them on board again ❤️ Love, Iggy and Daphne”","+65 6220 0378 · “Can I give 100 stars to begin with? Heavens Gift was truly the best damn decision we made to have them plan our wedding!! Honestly I didn’t have any idea or expectations from the start cos I don’t know how wedding planning is suppose to be. Boy, did Hannah and her team open up my world and gave me an experience that I can never forget. They say once you have a wedding, you don’t ever want to do such things again. I can guarantee you it’s not true if you have Hannah (haha), everyday I want to relive the moment again cos they have given my guest and us the most beautiful memory ever. The planning started with them getting to know us better from color choices, style and vibes (there’s more to it but I shall not spoil it for you!). We told them we wanted a wedding like it’s a big party. We wanted guest to roam around, engage in diff activities and just an experience that is diff from a general wedding. My most crucial criteria was I wanted to be able to decorate a lot in the venue. They bought us to a venue that we never knew about and it was perfect! It was an empty canvas with beautiful lights which I left it in Hannah’s good hands to come out a vision board for me. I just want to say, they exceeded way way wayyy beyond our expectations. From the entrance where she did a gallery to showcase our prewed photos and opened up to our mirror aisle, amazing stage and seating area. Their attention to details were insane!! From the placement of the chairs to be slightly slanted, the table settings and even down to the menu! She nailed it in all aspect from the decorations to the experiences my guest can enjoy and have. When I first walked in to the hall, I burst out with so much joy because it was a special moment for me and she transformed the place to such a vibe. Hannah knows that I love hot pink and she didn’t fail to add that touch in for me which made me so happy to see. She will make sure to add personal touches of what both me and my husband likes so it truly reflects us. Cos honestly, people came up to us and say, when they walked in, this vibe is so us. I think this is the thing you want to experience, a wedding party that reflects who you are. The whole process of this planning was honestly very little stress cos all I had to do was prepare myself to look the best I can. Heaven’s Gift did all the searching and suggestions for us whenever I have a request of what I wanted. From our food vendors, emcee, dj and my very difficult request for a pastry chef who can make me a millefoglie as our wedding cake. She managed to find someone who did it for me and did so well. Our wedding was more than perfect and I just want to keep reliving every moment of it again and again. So to anyone who wants to have a wedding where you don’t need to have decision fatigue, HG is the perfect choice. The only regret you will have is that you don’t engage Heaven’s Gift to be your planner. They are so meticulous with everything that you have no worries. Thank you Hannah and team once again for such an amazing experience. I truly look forward for another party I will have and having them on board again ❤️ Love, Iggy and Daphne”",,,,2024-04-14T02:58:12Z
recW0IyutoK3X36o8,Chris & YJ Weddings,Wedding Planners,,,,https://www.chrisandyjweddings.com/,701,"“We couldn't have done the whole wedding planning without the help of Chris and YJ! They were very accomodating, efficient, detailed and responsive whenever we needed them! 😊 They had everything covered (even the last minute stuff), and both of us were able to enjoy our wedding to the fullest because of them. Highly recommend them to any couples who are looking to have a blast at their wedding!”","“We couldn't have done the whole wedding planning without the help of Chris and YJ! They were very accomodating, efficient, detailed and responsive whenever we needed them! 😊 They had everything covered (even the last minute stuff), and both of us were able to enjoy our wedding to the fullest because of them. Highly recommend them to any couples who are looking to have a blast at their wedding!”",,,,2024-04-14T02:58:13Z
recBOcFA8DPVLlvYh,I Do For You,Wedding Planners,,,+65 9125 0530,http://idoforyouofficial.com/,655,"facebook.com/idoforyousg · +65 9125 0530 · “Engaging IDFY as our wedding planner was definitely one of the best choices we’ve made! My wife and I truly had a pleasure working with the team. They really brought our dream wedding to life and we couldn’t be more than thrilled with the results. From the initial consultation to the send - off. Steffie and team demonstrated a great level of professionalism, creativity and attention to detail that exceeded our expectations.   The team really took their time to get to know us as a couple, understanding our personalities, style preferences, and cultural background. Because of that, they managed to bring all our dream ideas to life and so much more! Throughout the months of planning, Steffie and team was a constant source of support and guidance to us. Their communication skills were exceptional, always prompt and thorough in their responses, which really helped to reassure us and keep us on track. When it came to the wedding day itself, Steffie, Novilia, Tiffany, and Kerenza executed everything flawlessly. Their coordination with the vendors was seamless, ensuring that everything ran smoothly and according to schedule. The team handled the whole wedding with ease and professionalism, allowing us to relax and be a guest at our own wedding. Thanks to IDFY, me and my wife can confidently say that we had a stress-free wedding day, we managed to throughly enjoy ourselves without having to worry so much!   If you’re looking for a wedding planner, look no further than IDFY! We feel incredibly grateful to the team and really recommend their services to anyone planning their wedding. Thank you I Do For You!”","facebook.com/idoforyousg · +65 9125 0530 · “Engaging IDFY as our wedding planner was definitely one of the best choices we’ve made! My wife and I truly had a pleasure working with the team. They really brought our dream wedding to life and we couldn’t be more than thrilled with the results. From the initial consultation to the send - off. Steffie and team demonstrated a great level of professionalism, creativity and attention to detail that exceeded our expectations.   The team really took their time to get to know us as a couple, understanding our personalities, style preferences, and cultural background. Because of that, they managed to bring all our dream ideas to life and so much more! Throughout the months of planning, Steffie and team was a constant source of support and guidance to us. Their communication skills were exceptional, always prompt and thorough in their responses, which really helped to reassure us and keep us on track. When it came to the wedding day itself, Steffie, Novilia, Tiffany, and Kerenza executed everything flawlessly. Their coordination with the vendors was seamless, ensuring that everything ran smoothly and according to schedule. The team handled the whole wedding with ease and professionalism, allowing us to relax and be a guest at our own wedding. Thanks to IDFY, me and my wife can confidently say that we had a stress-free wedding day, we managed to throughly enjoy ourselves without having to worry so much!   If you’re looking for a wedding planner, look no further than IDFY! We feel incredibly grateful to the team and really recommend their services to anyone planning their wedding. Thank you I Do For You!”",,,,2024-04-14T02:58:12Z
recwy0FHLpTeKr9dq,Mandarin Oriental,Wedding Planners,,mosin@mohg.com,+65 6338 0066,https://mandarinoriental.com/en/singapore/marina-bay/dine/cherry-garden,616,facebook.com/MandarinOrientalSingapore · +65 6338 0066 · mosin@mohg.com · “Had our wedding on 4 Sep 2022. The food were great and the service from all the staffs were very professional since the initial engagement with the hotel. Highly recommended for all events.”,facebook.com/MandarinOrientalSingapore · +65 6338 0066 · mosin@mohg.com · “Had our wedding on 4 Sep 2022. The food were great and the service from all the staffs were very professional since the initial engagement with the hotel. Highly recommended for all events.”,,,,2024-07-18T15:26:39Z
recqgdc5KSGt47U9x,Craft3rd by JP Productions,Wedding Planners,,,+60 11-1187 0871,http://www.craft3rd.com/,610,"facebook.com/Craft3rd · +60 11-1187 0871 · “2/5 Stars - Wedding Planning Service 4/5 Stars - Wedding Coordination Service 5/5 Stars - Groove Society (Live Band) -Wedding Day: 16th December 2023- My husband and I are based in Singapore hence we do not know many vendors in Ipoh. This was why we decided on engaging a Wedding Planner to help us but felt that the team lacked resources. Messages were seen but replied at a much later hour and at times not responded. Also, only in the month leading to our wedding did the team contact us more frequently. Jefrey assisted my Tea Ceremony on my wedding day. For the night, Wedding Coordination service was almost perfect. Filicia and her asst. coordinated and controlled the night very well. However, docked 1/5 Star under coordination because they did not get the videographer & photographers on standby to film my surprise singing for the groom and all guests during 2nd March-in. No one present that night has the full video of the bride's singing but only half way. Regarding our live band, we ended up engaging Groove Society by Craft3rd. There were a few hiccups on the day of the wedding but Jefrey and the band absolutely killed it that night! Everyone was talking about how good the live band was. Joni and the team did a splendid job! They somehow managed to make changes to the playlist under short notice. Everyone was singing their lungs out and dancing their night away. Our 2 cents, Craft3rd definitely redeemed themselves that night. Kudos again to Jefrey and Filicia for keeping us sane and managing the crowd, program, and liquor for us. Couldn't have done it without the team. In conclusion, they are definitely great Wedding Coordinators!!”","facebook.com/Craft3rd · +60 11-1187 0871 · “2/5 Stars - Wedding Planning Service 4/5 Stars - Wedding Coordination Service 5/5 Stars - Groove Society (Live Band) -Wedding Day: 16th December 2023- My husband and I are based in Singapore hence we do not know many vendors in Ipoh. This was why we decided on engaging a Wedding Planner to help us but felt that the team lacked resources. Messages were seen but replied at a much later hour and at times not responded. Also, only in the month leading to our wedding did the team contact us more frequently. Jefrey assisted my Tea Ceremony on my wedding day. For the night, Wedding Coordination service was almost perfect. Filicia and her asst. coordinated and controlled the night very well. However, docked 1/5 Star under coordination because they did not get the videographer & photographers on standby to film my surprise singing for the groom and all guests during 2nd March-in. No one present that night has the full video of the bride's singing but only half way. Regarding our live band, we ended up engaging Groove Society by Craft3rd. There were a few hiccups on the day of the wedding but Jefrey and the band absolutely killed it that night! Everyone was talking about how good the live band was. Joni and the team did a splendid job! They somehow managed to make changes to the playlist under short notice. Everyone was singing their lungs out and dancing their night away. Our 2 cents, Craft3rd definitely redeemed themselves that night. Kudos again to Jefrey and Filicia for keeping us sane and managing the crowd, program, and liquor for us. Couldn't have done it without the team. In conclusion, they are definitely great Wedding Coordinators!!”",,,,2024-07-18T15:59:26Z
rec3z2mDOC89e0UBu,Tied Alliance,Wedding Planners,,,+65 9151 5535,http://www.tiedalliance.com/,545,"+65 9151 5535 · “Highly recommend Tied Alliance for their exceptional work. Rubina was very accommodating and helpful and used her expertise to advise us for our hotel wedding decoration at The St Regis. The product delivered was very beautiful, and our guests were thoroughly impressed, complimenting our event on the set-up. Thank you Rubina once again for the great work.”","+65 9151 5535 · “Highly recommend Tied Alliance for their exceptional work. Rubina was very accommodating and helpful and used her expertise to advise us for our hotel wedding decoration at The St Regis. The product delivered was very beautiful, and our guests were thoroughly impressed, complimenting our event on the set-up. Thank you Rubina once again for the great work.”",,,,2024-03-20T13:45:15Z
rec7QT2Tr1F4AtIQ9,Chinta Weddings,Wedding Planners,,,+65 8499 0145,,510,"+65 8499 0145 · “Words cannot express my gratitude for my dearest sis from Chinta Wedding Suraya and her tip top staff. It was the PERFECT wedding and it's all because of them and they worked their magic and brought it to life.The food and dessert is EXCELLENT!! The decoration and dais is SUPER BEAUTIFUL....Im as a mother of the bride really happy with their good service and patience eventho despite many obstacles..My daughter was dress up like a princess an im really satisfied with what they have given to me and my family. If you think you don't need a wedding planner, think again and if you think you can go with just any one THINK AGAIN! But i will recommend Chinta Wedding because they are the Best & Creative....😘”","+65 8499 0145 · “Words cannot express my gratitude for my dearest sis from Chinta Wedding Suraya and her tip top staff. It was the PERFECT wedding and it's all because of them and they worked their magic and brought it to life.The food and dessert is EXCELLENT!! The decoration and dais is SUPER BEAUTIFUL....Im as a mother of the bride really happy with their good service and patience eventho despite many obstacles..My daughter was dress up like a princess an im really satisfied with what they have given to me and my family. If you think you don't need a wedding planner, think again and if you think you can go with just any one THINK AGAIN! But i will recommend Chinta Wedding because they are the Best & Creative....😘”",,,,2024-04-14T02:58:12Z
recdjbzjHAgIa6wfk,I Got Hitched,Wedding Planners,,,+65 8053 4894,http://www.igothitched.sg/,510,+65 8053 4894 · “Excellent and responsible wedding coordinator. We had the pleasure of working with IGotHitched and we could not have asked for a better experience with the team. They provided insightful advice throughout the entire process and the team were incredible and stayed top of everything from start to finish. This made our wedding planning process stress free. The team was also able to come up with creative ideas to meet our wedding requirements. We had a solemnisation event before the actual wedding dinner and they were so supportive and helpful. Thank you for everything IGotHitched! Oh they take really good pictures too! Highly recommend for anyone who is planning a wedding!”,+65 8053 4894 · “Excellent and responsible wedding coordinator. We had the pleasure of working with IGotHitched and we could not have asked for a better experience with the team. They provided insightful advice throughout the entire process and the team were incredible and stayed top of everything from start to finish. This made our wedding planning process stress free. The team was also able to come up with creative ideas to meet our wedding requirements. We had a solemnisation event before the actual wedding dinner and they were so supportive and helpful. Thank you for everything IGotHitched! Oh they take really good pictures too! Highly recommend for anyone who is planning a wedding!”,,,,2024-04-14T02:58:13Z
recF4ZhRFIucOjTHj,KM Wedding Services & Deco,Wedding Planners,,,+65 6295 1624,http://www.kmwedding.com.sg/,510,+65 6295 1624 · “Very pleased with their wedding decorations. Went above and beyond what was promised! Highly recommend engaging them. All the guests highly praised their decorations.”,+65 6295 1624 · “Very pleased with their wedding decorations. Went above and beyond what was promised! Highly recommend engaging them. All the guests highly praised their decorations.”,,,,2024-04-14T02:58:13Z
rec06ucyDlHlp2cDy,The Wedding Guru Singapore,Wedding Planners,,,,,510,facebook.com/twpsingapore · “I just did my wedding with TWP and their service was awesome. They will keep you updated with anything you need. Even sourcing for external vendors were of excellent quality. I am very satisfied with their service and recommends anyone who requires wedding planner.”,facebook.com/twpsingapore · “I just did my wedding with TWP and their service was awesome. They will keep you updated with anything you need. Even sourcing for external vendors were of excellent quality. I am very satisfied with their service and recommends anyone who requires wedding planner.”,,,,2024-07-18T15:26:39Z
recVi6XWL2m3z8KtE,The Genuine Vows,Wedding Planners,,,+65 9425 6580,https://www.thegenuinevows.com/?utm_source=google&utm_medium=wix_google_business_profile&utm_campaign=5387738074797997557,438,"+65 9425 6580 · “So glad to have engaged TGV to be our AD coordinator. We totally do not have to worry about anything during our wedding and depend on Veronica and Denise to coordinate every aspect of the wedding. With that, we could just enjoy the wedding and focus on hosting our guests. They are very professional and have provided so much help down to the little details and even help to ensure my dress looks good during my march-in. Thanks to them we also have a fabulous photo gallery and photo table. 😍😍”","+65 9425 6580 · “So glad to have engaged TGV to be our AD coordinator. We totally do not have to worry about anything during our wedding and depend on Veronica and Denise to coordinate every aspect of the wedding. With that, we could just enjoy the wedding and focus on hosting our guests. They are very professional and have provided so much help down to the little details and even help to ensure my dress looks good during my march-in. Thanks to them we also have a fabulous photo gallery and photo table. 😍😍”",,,,2024-04-14T02:58:13Z
rec8Au0XtqBJ6CmUQ,Grand Hyatt Singapore,Wedding Planners,,singapore.grand@hyatt.com,+65 6738 1234,https://singapore.grand.hyatt.com/en/hotel/home.html,387,"facebook.com/GrandHyattSingapore · +65 6738 1234 · singapore.grand@hyatt.com · “Had an awesome 2D1N staycation with my husband yesterday to celebrate our advance 3rd wedding anniversary. Service was great, staffs were friendly and they even gave us an anniversary cake and card! Thank you Grand Hyatt and we will definitely be back again for our next staycation! 🥰🥰”","facebook.com/GrandHyattSingapore · +65 6738 1234 · singapore.grand@hyatt.com · “Had an awesome 2D1N staycation with my husband yesterday to celebrate our advance 3rd wedding anniversary. Service was great, staffs were friendly and they even gave us an anniversary cake and card! Thank you Grand Hyatt and we will definitely be back again for our next staycation! 🥰🥰”",,,,2024-07-18T15:26:39Z
recn0MLNdUUImBrrv,The Wedding Concepteur,Wedding Planners,,,+65 8853 0831,http://weddingconcepteur.com/,342,+65 8853 0831 · “One of the best wedding planners in Singapore. Attentive to details to clients and also vendors. Always going beyond their job scope to ensure satisfaction! Highly recommend this team!”,+65 8853 0831 · “One of the best wedding planners in Singapore. Attentive to details to clients and also vendors. Always going beyond their job scope to ensure satisfaction! Highly recommend this team!”,,,,2024-04-14T02:58:12Z
reczYtgwo8mZKPduD,The Joy Makers Co.,Wedding Planners,,hello.thejoymakers@gmail.com,,,342,"facebook.com/thejoymakers.co · hello.thejoymakers@gmail.com · “Working with Joy Makers was one of the best decision i made for my wedding. Having them, made my wedding a blissful and stress-free one! It was carefully planned around 6 months till the week before the wedding date to aid for last minute tweaks. They are someone who will listen to your ideas and ensure you not to worry by giving you a detailed plan that fits to your request. They are so thoughtful to also check in on me to see if i have ticked off some checkbox incase i forget them. Joy Makers has truly made my wedding an enjoyable memorable one! - Aisyah & AbdulRahman”","facebook.com/thejoymakers.co · hello.thejoymakers@gmail.com · “Working with Joy Makers was one of the best decision i made for my wedding. Having them, made my wedding a blissful and stress-free one! It was carefully planned around 6 months till the week before the wedding date to aid for last minute tweaks. They are someone who will listen to your ideas and ensure you not to worry by giving you a detailed plan that fits to your request. They are so thoughtful to also check in on me to see if i have ticked off some checkbox incase i forget them. Joy Makers has truly made my wedding an enjoyable memorable one! - Aisyah & AbdulRahman”",,,,2024-07-18T15:26:39Z
recwCGu30wd7spugq,Nurhikmah PAW Services,Wedding Planners,,,+65 9131 7630,,248,"+65 9131 7630 · “In normal circumstances, I usually won't leave a bad review on a small business but due to the amount of headache he has caused and ignoring follow-up after the event, I just want to share my quick review. Was a groomsmen for my friends wedding. All I can say is it was a very poor service from them. Had to work with the DJ directly, and he did not know how to even use the DJ equipment at the start. Hence, during important moments such as the bride & groom walking in, it was just quiet. He did learn how to eventually, but he was still unable to perform properly. Even the emcee was one of the visitors who volunteered to help. Seems like the company hired somebody with no experience and didn't bother to even train him. There is more such as the decorations being quite average, the kompang team not knowing what to do, and many having diarrhoea the day after. Worst is that the owner is not taking responsibility and ignoring my friend's messages. Please avoid”","+65 9131 7630 · “In normal circumstances, I usually won't leave a bad review on a small business but due to the amount of headache he has caused and ignoring follow-up after the event, I just want to share my quick review. Was a groomsmen for my friends wedding. All I can say is it was a very poor service from them. Had to work with the DJ directly, and he did not know how to even use the DJ equipment at the start. Hence, during important moments such as the bride & groom walking in, it was just quiet. He did learn how to eventually, but he was still unable to perform properly. Even the emcee was one of the visitors who volunteered to help. Seems like the company hired somebody with no experience and didn't bother to even train him. There is more such as the decorations being quite average, the kompang team not knowing what to do, and many having diarrhoea the day after. Worst is that the owner is not taking responsibility and ignoring my friend's messages. Please avoid”",,,,2024-04-14T02:58:12Z
recxemTLngT71Ach0,Rose & Revel,Wedding Planners,,,+65 8770 8791,https://www.roseandrevel.co/,246,"+65 8770 8791 · “Smooth experience working with the team for couple’s wedding in Vineyard, Singapore. Friendly ladies and will definitely recommend to those looking for Singapore wedding planners. Had a great time collaborating with them and excited about future projects together!”","+65 8770 8791 · “Smooth experience working with the team for couple’s wedding in Vineyard, Singapore. Friendly ladies and will definitely recommend to those looking for Singapore wedding planners. Had a great time collaborating with them and excited about future projects together!”",,,,2024-04-14T02:58:12Z
recs46TZ0ZijeLqix,HitchPlanner,Wedding Planners,,,,http://www.hitchplanner.com/,207,"“It's really convenient that all the vendors we need for our wedding are listed on the same platform! My favourite category is ""Beauty & Wellness"". I have not yet seen these packages on other wedding planning platforms. Love that we're able to get great deals on things like Couple Personal Training and full body pampering in preparation for our wedding.”","“It's really convenient that all the vendors we need for our wedding are listed on the same platform! My favourite category is ""Beauty & Wellness"". I have not yet seen these packages on other wedding planning platforms. Love that we're able to get great deals on things like Couple Personal Training and full body pampering in preparation for our wedding.”",,,,2024-04-14T02:58:12Z
recexv6L1EO0eLAbA,Smitten Occasions,Wedding Planners,,,+65 9780 9656,http://www.smittenoccasions.com/,207,"+65 9780 9656 · “Thank you Smitten Occasions for providing us with a peace of mind from the start of wedding planning to our wedding day! Navigating through the pandemic and adhoc changes were never easy, but with your assistance in taking note of all the pandemic measures, we are able to hold a joyous celebration safely and smoothly. Thank you for going the extra mile for your couples and ensuring their wedding day a success!”","+65 9780 9656 · “Thank you Smitten Occasions for providing us with a peace of mind from the start of wedding planning to our wedding day! Navigating through the pandemic and adhoc changes were never easy, but with your assistance in taking note of all the pandemic measures, we are able to hold a joyous celebration safely and smoothly. Thank you for going the extra mile for your couples and ensuring their wedding day a success!”",,,,2024-04-14T02:58:13Z
recre5F4iJvlX1rsR,Summer Moments,Wedding Planners,,,+65 8192 8068,https://m.facebook.com/summermoments.sg,207,+65 8192 8068 · “We engaged Summer Moments for our wedding deco last year. They were very patience with my tons of questions and provide with creative solution for my wedding backdrop and reception table. Eventually we went for their bohemian design which I and my husband love it a lot.”,+65 8192 8068 · “We engaged Summer Moments for our wedding deco last year. They were very patience with my tons of questions and provide with creative solution for my wedding backdrop and reception table. Eventually we went for their bohemian design which I and my husband love it a lot.”,,,,2024-04-14T02:58:13Z
recIxG0x1Fcg7uDm8,Mekar Weddings & Venues,Wedding Planners,,,+65 9116 4722,https://mekar.com.sg/,207,+65 9116 4722 · “Ravi and Selstina were very helpful and patient in explaining the wedding details. We enjoyed having conversation with them. The venue and decor are amazing.. we love the unblocked view of the nsrcc golf course.. Thank you Ravi and Selestina!”,+65 9116 4722 · “Ravi and Selstina were very helpful and patient in explaining the wedding details. We enjoyed having conversation with them. The venue and decor are amazing.. we love the unblocked view of the nsrcc golf course.. Thank you Ravi and Selestina!”,,,,2024-04-14T02:58:13Z
rec7DcGZw05FAybeG,Wondrous Events,Wedding Planners,,hello@wondrousevents.com,+65 9862 5198,,207,"facebook.com/wondrousevents.sg · +65 9862 5198 · hello@wondrousevents.com · “Meijun is an excellent planner! The moment i first met her, I knew my wedding was going to be in good hands, and true to her word, she delivered above and beyond. She was very precise and meticulous with all the details to ensure minimal errors and confusion on the big day. She also went beyond her duty to help with props and recommendations, and my favourite part is SHE IS SO EASY TO TALK TO. This is extremely important if you are looking for someone professional yet comfortable to work with. I cannot thank her enough for the work she put in. HIGHLY recommended!”","facebook.com/wondrousevents.sg · +65 9862 5198 · hello@wondrousevents.com · “Meijun is an excellent planner! The moment i first met her, I knew my wedding was going to be in good hands, and true to her word, she delivered above and beyond. She was very precise and meticulous with all the details to ensure minimal errors and confusion on the big day. She also went beyond her duty to help with props and recommendations, and my favourite part is SHE IS SO EASY TO TALK TO. This is extremely important if you are looking for someone professional yet comfortable to work with. I cannot thank her enough for the work she put in. HIGHLY recommended!”",,,,2024-07-18T15:26:39Z
recz4WX57NsUuCsTH,Beautiful Gatherings,Wedding Planners,,,,,207,"“Engaging Beautiful Gatherings for their Actual Day Coordination (Lite) package was, without a doubt, one of the best decisions we made for our wedding; it was money well spent. Even though we handled much of the planning ourselves, their expertise was invaluable, filling in gaps we didn't even realise existed. Months before the big day, they helped us craft a detailed, well-structured itinerary that was both comprehensive and flexible. Right up to the final moments, they remained accommodating, incorporating new ideas and extra tasks. On our wedding day, they truly allowed us to relax and be fully present. We barely touched our phones thanks to a coordinating member always being by our side. Their team liaised seamlessly with everyone involved: the venue, all our external vendors, the emcee, and our helpers. They timed key moments like the door opening, provided assistance with holding the bride's gown, and managed all AV aspects from slides to music. We were also so grateful for their help with setting up our tables (name cards and door gifts), preparing and assisting with our tea ceremony, cutting and distributing our cake, and even dabao-ing our food! Professional, meticulous, and incredibly calm, Beautiful Gatherings ensured our wedding ran smoother than any we've ever attended. We can't thank them enough for their exceptional coordination, which allowed us to enjoy every precious moment.”","“Engaging Beautiful Gatherings for their Actual Day Coordination (Lite) package was, without a doubt, one of the best decisions we made for our wedding; it was money well spent. Even though we handled much of the planning ourselves, their expertise was invaluable, filling in gaps we didn't even realise existed. Months before the big day, they helped us craft a detailed, well-structured itinerary that was both comprehensive and flexible. Right up to the final moments, they remained accommodating, incorporating new ideas and extra tasks. On our wedding day, they truly allowed us to relax and be fully present. We barely touched our phones thanks to a coordinating member always being by our side. Their team liaised seamlessly with everyone involved: the venue, all our external vendors, the emcee, and our helpers. They timed key moments like the door opening, provided assistance with holding the bride's gown, and managed all AV aspects from slides to music. We were also so grateful for their help with setting up our tables (name cards and door gifts), preparing and assisting with our tea ceremony, cutting and distributing our cake, and even dabao-ing our food! Professional, meticulous, and incredibly calm, Beautiful Gatherings ensured our wedding ran smoother than any we've ever attended. We can't thank them enough for their exceptional coordination, which allowed us to enjoy every precious moment.”",,,,2025-07-16T10:31:29Z
recIkhPCEJJ3qxCs0,Memoire Events Management,Wedding Planners,,,+65 8157 3781,http://www.facebook.com/MemoireDirect,41,"+65 8157 3781 · “0 star for the rating if I could. Booked my venue and deco under Memoire 1 year and 3 months PRIOR to the actual wedding (Dec 2023). No booking was made, nothing done at all. Only got to find out in Aug 2023 about his true colours. All this while, no communication was established, clients have to chase after him for a response. Scammed us by taking our money and make no booking at all. We’ve lost a total of $5250 and not a single cent has been returned till today. Over promised and not delivering at all! Future couples who are getting married, please be careful! He goes by the name Daanish Shah. PS he has opened another page under the name of “The Decor Hub Pte Ltd”. Please keep a look out!”","+65 8157 3781 · “0 star for the rating if I could. Booked my venue and deco under Memoire 1 year and 3 months PRIOR to the actual wedding (Dec 2023). No booking was made, nothing done at all. Only got to find out in Aug 2023 about his true colours. All this while, no communication was established, clients have to chase after him for a response. Scammed us by taking our money and make no booking at all. We’ve lost a total of $5250 and not a single cent has been returned till today. Over promised and not delivering at all! Future couples who are getting married, please be careful! He goes by the name Daanish Shah. PS he has opened another page under the name of “The Decor Hub Pte Ltd”. Please keep a look out!”",,,,2024-04-14T02:58:12Z
rec0BH7dTeOx6VRAe,Big Fat Mango Events,Wedding Planners,,,+65 9699 3097,,0,+65 9699 3097 · “No regrets at all for finally settling for this events company to managed my wedding day. From the start to the finish.. Everything was taken care and managed well by Shah and his team. Meticulous in his every effort that he had put forth. He made sure my big day with my wife turned out special. Sincerity goes a long way in whatever we do. He did it! The entire set up was as what I yearned it to be. Highly recommended for anyone who is looking for a sincere specialist in events management. Shah and team was recommended to me and I recommend him too. I told Shah and his team.. Make my wife happy. Impress us... The rest was history! The food presentation was awesome. The wedding decor was so detailed... The fresh flowers!!! Ouh my.. And then the ride that came to pick me up. On time! Clean and the driver was the coolest one you can find! And the music selections were awesome.”,+65 9699 3097 · “No regrets at all for finally settling for this events company to managed my wedding day. From the start to the finish.. Everything was taken care and managed well by Shah and his team. Meticulous in his every effort that he had put forth. He made sure my big day with my wife turned out special. Sincerity goes a long way in whatever we do. He did it! The entire set up was as what I yearned it to be. Highly recommended for anyone who is looking for a sincere specialist in events management. Shah and team was recommended to me and I recommend him too. I told Shah and his team.. Make my wife happy. Impress us... The rest was history! The food presentation was awesome. The wedding decor was so detailed... The fresh flowers!!! Ouh my.. And then the ride that came to pick me up. On time! Clean and the driver was the coolest one you can find! And the music selections were awesome.”,,,,2024-04-14T02:58:13Z
recu0GTZ0NzaMjTHg,U B Beautiful Blessing,Wedding Planners,,,+65 6736 0686,http://www.weddingplanner.com.sg/,{'error': '#ERROR!'},+65 6736 0686 · Read wedding reviews for U B Beautiful Blessing,+65 6736 0686 · Read wedding reviews for U B Beautiful Blessing,,,,2024-04-14T02:58:12Z
recBrPy7LGVaKVSm4,Love Stories Weddings,Wedding Planners,,,+65 6582 2763,http://www.lovestoriesweddings.wordpress.com/,{'error': '#ERROR!'},+65 6582 2763 · Read wedding reviews for Love Stories Weddings,+65 6582 2763 · Read wedding reviews for Love Stories Weddings,,,,2024-04-14T02:58:12Z
recCanMbdjk8RIIdl,SID Events,Wedding Planners,,,+65 9684 1791,http://www.sidevents.co/,{'error': '#ERROR!'},+65 9684 1791 · Read wedding reviews for SID Events,+65 9684 1791 · Read wedding reviews for SID Events,,,,2024-04-14T02:58:12Z
rec3YccgBr4HAGm42,The Wedding Mansion,Wedding Planners,,,+65 6733 0896,,{'error': '#ERROR!'},+65 6733 0896 · Read wedding reviews for The Wedding Mansion,+65 6733 0896 · Read wedding reviews for The Wedding Mansion,,,,2024-04-14T02:58:12Z
rec9XGuDrYYN60Ii5,Cullinan Wedding Co,Wedding Planners,,,+65 6904 6966,,{'error': '#ERROR!'},+65 6904 6966 · Read wedding reviews for Cullinan Wedding Co,+65 6904 6966 · Read wedding reviews for Cullinan Wedding Co,,,,2024-04-14T02:58:12Z
reca9auJMqwoKeT0I,Glamz Gallery,Wedding Planners,,,+65 9686 9989,http://www.glamzgallery.com/,{'error': '#ERROR!'},+65 9686 9989 · Read wedding reviews for Glamz Gallery,+65 9686 9989 · Read wedding reviews for Glamz Gallery,,,,2024-04-14T02:58:12Z
recguoMRAWbC38alz,Malay Wedding Planner Singapore,Wedding Planners,,,+65 9425 0526,,{'error': '#ERROR!'},+65 9425 0526 · Read wedding reviews for Malay Wedding Planner Singapore,+65 9425 0526 · Read wedding reviews for Malay Wedding Planner Singapore,,,,2024-04-14T02:58:12Z
rechKCDtPwY4ZljVb,Adrienne K Singapore,Wedding Planners,,,+65 9732 5322,,{'error': '#ERROR!'},+65 9732 5322 · Read wedding reviews for Adrienne K Singapore,+65 9732 5322 · Read wedding reviews for Adrienne K Singapore,,,,2024-04-14T02:58:12Z
reckLWYdSLZjAfDnT,TA Weddings,Wedding Planners,,,+65 8799 0300,http://www.tiedalliance.com/,{'error': '#ERROR!'},+65 8799 0300 · Read wedding reviews for TA Weddings,+65 8799 0300 · Read wedding reviews for TA Weddings,,,,2024-04-14T02:58:12Z
recpX4vwS2SpQZilY,The Wedding Atelier,Wedding Planners,,,+65 8869 2830,https://www.theweddingatelier.co/,{'error': '#ERROR!'},+65 8869 2830 · Read wedding reviews for The Wedding Atelier,+65 8869 2830 · Read wedding reviews for The Wedding Atelier,,,,2024-04-14T02:58:12Z
recr9CLcsNYMaM96z,Lyah's Creation,Wedding Planners,,,+65 9653 1945,,{'error': '#ERROR!'},+65 9653 1945 · Read wedding reviews for Lyah's Creation,+65 9653 1945 · Read wedding reviews for Lyah's Creation,,,,2024-04-14T02:58:12Z
recGoeDY2EYhjrEuU,Saints Wedding Services,Wedding Planners,,,+65 6337 7678,,{'error': '#ERROR!'},+65 6337 7678 · Read wedding reviews for Saints Wedding Services,+65 6337 7678 · Read wedding reviews for Saints Wedding Services,,,,2024-04-14T02:58:12Z
recuOJSiFJ5A4Lyqr,SweetzTouche Wedding Bliss,Wedding Planners,,,+65 9059 9275,,{'error': '#ERROR!'},+65 9059 9275 · Read wedding reviews for SweetzTouche Wedding Bliss,+65 9059 9275 · Read wedding reviews for SweetzTouche Wedding Bliss,,,,2024-04-14T02:58:13Z
recz05q7xSmuf6eQK,Blisspact,Wedding Planners,,,,http://www.blisspact.com.sg/,{'error': '#ERROR!'},Read wedding reviews for Blisspact,Read wedding reviews for Blisspact,,,,2024-04-14T02:58:13Z
rec6vBr8IpiXrNs5N,The Chic Wedding Singapore,Wedding Planners,,,+65 9006 0434,https://www.tcw.com.sg/,{'error': '#ERROR!'},+65 9006 0434 · Read wedding reviews for The Chic Wedding Singapore,+65 9006 0434 · Read wedding reviews for The Chic Wedding Singapore,,,,2024-04-14T02:58:13Z
recD09ebE3J6R2Z3C,The Road Of Marriage (theROM),Wedding Planners,,,+65 9388 0150,https://theroadofmarriage-sg.com/,{'error': '#ERROR!'},+65 9388 0150 · Read wedding reviews for The Road Of Marriage (theROM),+65 9388 0150 · Read wedding reviews for The Road Of Marriage (theROM),,,,2024-04-14T02:58:13Z
recE8swivQQ2wPGIL,Siva Ganesh Service (SGSPTELTD),Wedding Planners,,,+65 9819 4245,https://www.facebook.com/sivaganeshservices,{'error': '#ERROR!'},+65 9819 4245 · Read wedding reviews for Siva Ganesh Service (SGSPTELTD),+65 9819 4245 · Read wedding reviews for Siva Ganesh Service (SGSPTELTD),,,,2024-04-14T02:58:13Z
recIzrHdxx8RkNYQg,Gardenasia Weddings,Wedding Planners,,,+65 6336 5881,,{'error': '#ERROR!'},+65 6336 5881 · Read wedding reviews for Gardenasia Weddings,+65 6336 5881 · Read wedding reviews for Gardenasia Weddings,,,,2024-04-14T02:58:13Z
recLb3fCsSP6U7FZ8,Impressario Inc,Wedding Planners,,,+65 6246 8005,https://www.impressarioinc.com/,{'error': '#ERROR!'},+65 6246 8005 · Read wedding reviews for Impressario Inc,+65 6246 8005 · Read wedding reviews for Impressario Inc,,,,2024-04-14T02:58:13Z
recMhysw4QWVLN25v,J & A Wedding Planner,Wedding Planners,,,+65 8422 1282,https://jensenangelica850.wixsite.com/jawedding,{'error': '#ERROR!'},+65 8422 1282 · Read wedding reviews for J & A Wedding Planner,+65 8422 1282 · Read wedding reviews for J & A Wedding Planner,,,,2024-04-14T02:58:13Z
recN2LK7sjMvSiJX0,Eternal Emotion Wedding Planning エターナルエモーション,Wedding Planners,,,+65 6338 6773,http://www.eternal-emotion.com/,{'error': '#ERROR!'},+65 6338 6773 · Read wedding reviews for Eternal Emotion Wedding Planning エターナルエモーション,+65 6338 6773 · Read wedding reviews for Eternal Emotion Wedding Planning エターナルエモーション,,,,2024-04-14T02:58:13Z
recOrBKoKJH63ifpk,ExtraOrdinary Weddings!,Wedding Planners,,,+65 6468 7866,http://www.extraordinary.com.sg/,{'error': '#ERROR!'},+65 6468 7866 · Read wedding reviews for ExtraOrdinary Weddings!,+65 6468 7866 · Read wedding reviews for ExtraOrdinary Weddings!,,,,2024-04-14T02:58:13Z
recTnpMRQTqyTHeeL,The Wedding Bliss Singapore,Wedding Planners,,,+65 9230 8068,http://www.theweddingbliss.co/,{'error': '#ERROR!'},+65 9230 8068 · Read wedding reviews for The Wedding Bliss Singapore,+65 9230 8068 · Read wedding reviews for The Wedding Bliss Singapore,,,,2024-04-14T02:58:13Z
recuPfFqTSl5Jl6uS,Milly & Frost Wedding Planning,Wedding Planners,,,,https://www.millyandfrost.com/,{'error': '#ERROR!'},Read wedding reviews for Milly & Frost Wedding Planning,Read wedding reviews for Milly & Frost Wedding Planning,,,,2025-07-25T13:26:38Z
rec92SwOq3OGslKFT,Mr Lai Kok Heong,Justices of Peace,,laikokheong@gmail.com,+6598412821,,875,+6598412821 · laikokheong@gmail.com · “Mr Lai has been such an exceptional helping us to carry out the solemnization. He was humorous and would always take the time to answer any questions that i have. I believe he will be of great help in your big day.”,+6598412821 · laikokheong@gmail.com · “Mr Lai has been such an exceptional helping us to carry out the solemnization. He was humorous and would always take the time to answer any questions that i have. I believe he will be of great help in your big day.”,,,,2024-01-22T06:27:43Z
recB3HLgnxJanQ6Ar,Mr Leow Peter Glensong,Justices of Peace,,peter.leow@outlook.com,+6596828280,,772,"+6596828280 · peter.leow@outlook.com · “Mr Peter Leow is a wonderful person. Once he was a solemiser and he is accommodating, humorous and professional at the same time. Greatly recommended ☺️”","+6596828280 · peter.leow@outlook.com · “Mr Peter Leow is a wonderful person. Once he was a solemiser and he is accommodating, humorous and professional at the same time. Greatly recommended ☺️”",,,,2024-05-08T13:57:31Z
recf9lCB6ZqHaFy1u,Mr Yee Poh Hong,Justices of Peace,,rodneyyee@ymail.com,+6597366723,,676,"+6597366723 · rodneyyee@ymail.com · “We were so happy to have chosen Yee Poh Hong (Rodney) to officiate our wedding. From the start, his professionalism and sincerity stood out. Our pre-ROM consultation was clear and thorough, making the whole process easy to understand. He made a genuine effort to get to know our story to ensure his speech felt personal and unique to us, a touch we deeply appreciated. On the day, he was punctual and ensured the ceremony was run with grace and a lovely, smooth pace—it was the perfect balance of meaningful and concise. We also want to specially commend him for his hospitality towards our guests, particularly how warm and welcoming he was to our parents. If you are looking for a Solemniser who is professional, sincere, and makes your family feel special, we highly recommend him!”","+6597366723 · rodneyyee@ymail.com · “We were so happy to have chosen Yee Poh Hong (Rodney) to officiate our wedding. From the start, his professionalism and sincerity stood out. Our pre-ROM consultation was clear and thorough, making the whole process easy to understand. He made a genuine effort to get to know our story to ensure his speech felt personal and unique to us, a touch we deeply appreciated. On the day, he was punctual and ensured the ceremony was run with grace and a lovely, smooth pace—it was the perfect balance of meaningful and concise. We also want to specially commend him for his hospitality towards our guests, particularly how warm and welcoming he was to our parents. If you are looking for a Solemniser who is professional, sincere, and makes your family feel special, we highly recommend him!”",,,,2024-05-08T13:57:33Z
recLMjRa8CFmWZACy,Mr Tang Wing Fai,Justices of Peace,,wftang7073@gmail.com,+6596893599,,629,+6596893599 · wftang7073@gmail.com · “No regrets having Mr Tang as our JP and we are really honoured to have him for the solemnisation. 😄 He was effectively bilingual and his humour liven up the atmosphere during our solemnisation. There was no dull moment throughout the whole solemnisation and everything felt so right. 🧡 10/10 ”,+6596893599 · wftang7073@gmail.com · “No regrets having Mr Tang as our JP and we are really honoured to have him for the solemnisation. 😄 He was effectively bilingual and his humour liven up the atmosphere during our solemnisation. There was no dull moment throughout the whole solemnisation and everything felt so right. 🧡 10/10 ”,,,,2024-01-06T14:28:49Z
reckd17TrJpzNLV4P,Mr Teh Chin Huak Zenon,Justices of Peace,,tchzenon@gmail.com,+6593691566,,510,"+6593691566 · tchzenon@gmail.com · “I’ve seen JP Zenon for 2 of my friends’ wedding. Quite entertained by him. His language and dialects are good. He knows what he’s doing and can be funny at times. He even helped my friends pose for the camera shots etc. the most impressionable JP tbh, in a good way”","+6593691566 · tchzenon@gmail.com · “I’ve seen JP Zenon for 2 of my friends’ wedding. Quite entertained by him. His language and dialects are good. He knows what he’s doing and can be funny at times. He even helped my friends pose for the camera shots etc. the most impressionable JP tbh, in a good way”",,,,2024-01-20T12:46:31Z
rec4ej89wBobhSMJS,Mr Chiang Heng Liang,Justices of Peace,,hlchiang@singnet.com.sg,+6596846260,,510,"+6596846260 · hlchiang@singnet.com.sg · “Hi all! I just graduated on Friday! And would like to highly recommend JP Mr Chiang Heng Liang! He is really very very good 🥹 - he was very genuine, fatherly, reassuring and nice, before ROM he came to my hubby and me esp (cos i was nervous) and shared alot of encouraging words. He told us not to worry, he will settle all the docs and that its the most impt day to us so just enjoy. It really helped me alot. 🥹 i saw some vids others took, he smiled so big thru the ceremony, it was very cute 😂 can tell he really sincerely wish the couple well from the bottom of his heart! - he was very dignified and carried himself very well. He addressed the crowd nicely, and spoke eloquently in both eng and chinese. My guests were impressed! - he was not draggy at all. Was done in 20mins or so. Gave alot of wise advice and lighthearted comments which helped to brighten the mood. The overall vibes was very warm and heartwarming 🥰 Feel free to DM me if u want videos of how Mr Chiang led the ceremony ☺️ ”","+6596846260 · hlchiang@singnet.com.sg · “Hi all! I just graduated on Friday! And would like to highly recommend JP Mr Chiang Heng Liang! He is really very very good 🥹 - he was very genuine, fatherly, reassuring and nice, before ROM he came to my hubby and me esp (cos i was nervous) and shared alot of encouraging words. He told us not to worry, he will settle all the docs and that its the most impt day to us so just enjoy. It really helped me alot. 🥹 i saw some vids others took, he smiled so big thru the ceremony, it was very cute 😂 can tell he really sincerely wish the couple well from the bottom of his heart! - he was very dignified and carried himself very well. He addressed the crowd nicely, and spoke eloquently in both eng and chinese. My guests were impressed! - he was not draggy at all. Was done in 20mins or so. Gave alot of wise advice and lighthearted comments which helped to brighten the mood. The overall vibes was very warm and heartwarming 🥰 Feel free to DM me if u want videos of how Mr Chiang led the ceremony ☺️ ”",,,,2024-01-20T12:51:16Z
recztEf5IsQID2UnA,"Pastor Tai Zhi Hao, Leonard",Justices of Peace,,leonard.tai@cherith.org.sg,+6596619296,,438,"+6596619296 · leonard.tai@cherith.org.sg · “Even though we come from different churches and were complete strangers, he graciously agreed to solemnise our Christian wedding, replying to our email request promptly. From the very beginning, he was approachable, relaxed, and always ready with wise and practical advice. His preparation was exceptional—we met with him twice: once to walk through the ROM process (he even prepared a clear and helpful PowerPoint presentation!), and again closer to the big day to go over the ceremony in detail. His organisation and attention to detail gave us great peace of mind. On the wedding day itself, he was a calm and reassuring presence. He gently reminded us to slow down, savour the moment, and not worry about small things that might go wrong. His message during the solemnisation was heartfelt and deeply meaningful. Although we began as strangers, he quickly became like a trusted mentor—someone who spoke with warmth, wisdom, and conviction. His words will stay with us as we step into this new chapter of our married life.”","+6596619296 · leonard.tai@cherith.org.sg · “Even though we come from different churches and were complete strangers, he graciously agreed to solemnise our Christian wedding, replying to our email request promptly. From the very beginning, he was approachable, relaxed, and always ready with wise and practical advice. His preparation was exceptional—we met with him twice: once to walk through the ROM process (he even prepared a clear and helpful PowerPoint presentation!), and again closer to the big day to go over the ceremony in detail. His organisation and attention to detail gave us great peace of mind. On the wedding day itself, he was a calm and reassuring presence. He gently reminded us to slow down, savour the moment, and not worry about small things that might go wrong. His message during the solemnisation was heartfelt and deeply meaningful. Although we began as strangers, he quickly became like a trusted mentor—someone who spoke with warmth, wisdom, and conviction. His words will stay with us as we step into this new chapter of our married life.”",,,,2024-05-08T13:57:26Z
recXKlCREiFn4SgQq,Dr Low Shirley,Justices of Peace,,drlim@researchcommunication.com,+6596365477,,342,"+6596365477 · drlim@researchcommunication.com · “My husband and I did our ROM at our condo garden, total of 5 people, including witness, us and Dr Shirley Low who was our solemniser. We picked her as her name appeared as the first name on the list. Dr Shirley did a lovely session for us. She was thoughtful, kind and very sincere. Half way through the session, my aunt and Dr Shirley recognised each other as they were friends from way back when! Such a small world. Oh, not to mention, Dr Shirley rocked up to the venue in an amazing outfit!!! Prior, she was responsive via WhatsApp to arrange the session too :)”","+6596365477 · drlim@researchcommunication.com · “My husband and I did our ROM at our condo garden, total of 5 people, including witness, us and Dr Shirley Low who was our solemniser. We picked her as her name appeared as the first name on the list. Dr Shirley did a lovely session for us. She was thoughtful, kind and very sincere. Half way through the session, my aunt and Dr Shirley recognised each other as they were friends from way back when! Such a small world. Oh, not to mention, Dr Shirley rocked up to the venue in an amazing outfit!!! Prior, she was responsive via WhatsApp to arrange the session too :)”",,,,2024-01-20T12:54:41Z
rechqgo2juemQKdhL,Ms Joanna Portilla,Justices of Peace,,joanna.portilla.jp@gmail.com,+6591011935,,342,"+6591011935 · joanna.portilla.jp@gmail.com · “As a wedding photographer, I highly recommend Joanna Portilla! She’s very professional and goes beyond what is required as a Solemniser.”","+6591011935 · joanna.portilla.jp@gmail.com · “As a wedding photographer, I highly recommend Joanna Portilla! She’s very professional and goes beyond what is required as a Solemniser.”",,,,2024-01-22T06:27:43Z
rec1ir9hZZa6VGkyp,"Mr Cheong Yip Kwong, William",Justices of Peace,,williamcheong2006@gmail.com,+6597805638,,300,"+6597805638 · williamcheong2006@gmail.com · “seems like Mr William Cheong have very good reviews, but then my friend had her solemnisation on 20 Jun had very bad experience tho... My ceremony was at 6:30pm and he was late for the ceremony and was so rude to my Person-of-Contact and totally unapologetic when all my guests was already waiting for him, including my live stream. He even told me off when I marched in unmasked with my dad (my dad was masked) as he insists that the current rules doesn’t allow for it. He didn’t allowed me and my husband to take off our masks during key moments even when the current restrictions allow us to do so. Throughout the whole ceremony, it felt like he was repeating the same thing and he didn’t really know how to host the ceremony and my guests felt the same. It was a really bad experience and I hope none of you have to ever experience that because truthfully for guests to come all the way for a 30mins solemnisation and having to experience that, it is really unacceptable. ^ here is her review on the other btb chat ”","+6597805638 · williamcheong2006@gmail.com · “seems like Mr William Cheong have very good reviews, but then my friend had her solemnisation on 20 Jun had very bad experience tho... My ceremony was at 6:30pm and he was late for the ceremony and was so rude to my Person-of-Contact and totally unapologetic when all my guests was already waiting for him, including my live stream. He even told me off when I marched in unmasked with my dad (my dad was masked) as he insists that the current rules doesn’t allow for it. He didn’t allowed me and my husband to take off our masks during key moments even when the current restrictions allow us to do so. Throughout the whole ceremony, it felt like he was repeating the same thing and he didn’t really know how to host the ceremony and my guests felt the same. It was a really bad experience and I hope none of you have to ever experience that because truthfully for guests to come all the way for a 30mins solemnisation and having to experience that, it is really unacceptable. ^ here is her review on the other btb chat ”",,,,2024-01-20T13:06:17Z
recMfVXFFGwc8p2lV,Dr Phua Tan Tee,Justices of Peace,,phua.tan.tee@gmail.com,6753 1028,,279,"6753 1028 · phua.tan.tee@gmail.com · “Dr Phua is very funny, fatherly and friendly! He is very good in his words and well-versed in mandarin, english & hokkein and keep making laughters throughout the whole solemnisation. Cant thank him enough on the day as we were rushing back to back made me felt so guilty.”","6753 1028 · phua.tan.tee@gmail.com · “Dr Phua is very funny, fatherly and friendly! He is very good in his words and well-versed in mandarin, english & hokkein and keep making laughters throughout the whole solemnisation. Cant thank him enough on the day as we were rushing back to back made me felt so guilty.”",,,,2024-01-20T13:08:38Z
recl2qyKGFCioOtT2,Mr Fong Yoong Kheong,Justices of Peace,,,,,207,"“Bilingual and very patient! He went the extra mile to give us pointers on various paperwork when we submit our ROM application online, as well as giving us timely reminders on the documents required leading up to our AD. We met up w him about 3months before our AD and he asked to share several personal stories about our relationship, in which he then incorporated those significant stories we shared into a very heartwarming speech during our solemnisation. Was super touched to tears! If you would like to engage him as your JP, dm me!”","“Bilingual and very patient! He went the extra mile to give us pointers on various paperwork when we submit our ROM application online, as well as giving us timely reminders on the documents required leading up to our AD. We met up w him about 3months before our AD and he asked to share several personal stories about our relationship, in which he then incorporated those significant stories we shared into a very heartwarming speech during our solemnisation. Was super touched to tears! If you would like to engage him as your JP, dm me!”",,,,2024-01-20T12:43:23Z
recfCpluF1s5ecqqN,Mr Tan Kian Hoon,Justices of Peace,,tankianhoon@gmail.com,+6562218288,,207,"+6562218288 · tankianhoon@gmail.com · “He was my friend’s solemniser and i really liked his deep and soothing voice. The week before the wedding he sent a very detailed guide. On the day, he came early, understood my requests from MJ and family, and made our solemnisation extra special with his calm charisma and amazing voice. He also said some funny joke to us in private (i cant remember but thought it was so cute 🤣) and just said the right things to the audience that made our solemnisation stay lovely n romantic. Highly recommend and hope u guys r able to get him to solemnise your wedding as well 🥰🫶🏻”","+6562218288 · tankianhoon@gmail.com · “He was my friend’s solemniser and i really liked his deep and soothing voice. The week before the wedding he sent a very detailed guide. On the day, he came early, understood my requests from MJ and family, and made our solemnisation extra special with his calm charisma and amazing voice. He also said some funny joke to us in private (i cant remember but thought it was so cute 🤣) and just said the right things to the audience that made our solemnisation stay lovely n romantic. Highly recommend and hope u guys r able to get him to solemnise your wedding as well 🥰🫶🏻”",,,,2024-01-22T06:27:43Z
rec0pAQyR2kCv4S6H,Mr Lim Swee Ann Raphael,Justices of Peace,,raphaellimsa@me.com,+6598333121,,207,"+6598333121 · raphaellimsa@me.com · “Mr Raphael Lim solemnized our intimate ceremony with 16 guests. From the beginning, he was very responsive and helpful. A month before the wedding, he initiated a meeting on Zoom to learn more and understand our preferences. On the day, Raphael showed up early so we were able to sort everything out well before the ceremony began. Alas, the weather did not cooperate for our outdoor wedding but despite the unexpected rain, he was quick-thinking and wrapped up the ceremony in a way that still flowed naturally. After the ceremony, he stayed to take photos with us and he was very kind to donate his angbao to a charity organization. Raphael has been such a wonderful and kind solemnizer and we are very grateful that he was a part of our special day!”","+6598333121 · raphaellimsa@me.com · “Mr Raphael Lim solemnized our intimate ceremony with 16 guests. From the beginning, he was very responsive and helpful. A month before the wedding, he initiated a meeting on Zoom to learn more and understand our preferences. On the day, Raphael showed up early so we were able to sort everything out well before the ceremony began. Alas, the weather did not cooperate for our outdoor wedding but despite the unexpected rain, he was quick-thinking and wrapped up the ceremony in a way that still flowed naturally. After the ceremony, he stayed to take photos with us and he was very kind to donate his angbao to a charity organization. Raphael has been such a wonderful and kind solemnizer and we are very grateful that he was a part of our special day!”",,,,2024-05-08T13:57:31Z
recQn3PYbHyX3B1mx,Mr Ma Soon Peng,Justices of Peace,,ronniemasp@gmail.com,+6580629157,,207,"+6580629157 · ronniemasp@gmail.com · “We were so blessed to have Mr Ma Soon Peng as our solemniser. He conducted the ceremony beautifully and made the whole experience feel calm and meaningful. He guided us clearly on everything we needed to prepare and bring, he checked in with us about what we wanted and how we envisioned the ceremony. We told him our preferences, and he delivered it exactly the way we hoped — simple, smooth, and perfect for us. Thank you once again for making our special day truly memorable. We’re so grateful, and we highly recommend him to any couple looking for a warm and professional solemniser. ❤️ ”","+6580629157 · ronniemasp@gmail.com · “We were so blessed to have Mr Ma Soon Peng as our solemniser. He conducted the ceremony beautifully and made the whole experience feel calm and meaningful. He guided us clearly on everything we needed to prepare and bring, he checked in with us about what we wanted and how we envisioned the ceremony. We told him our preferences, and he delivered it exactly the way we hoped — simple, smooth, and perfect for us. Thank you once again for making our special day truly memorable. We’re so grateful, and we highly recommend him to any couple looking for a warm and professional solemniser. ❤️ ”",,,,2024-05-08T13:57:34Z
rechdJLXkeAuAfrnP,Mr Foong Tak Wai Edward,Justices of Peace,,edwardfoong@gmail.com,+6598460600,,205,+6598460600 · edwardfoong@gmail.com · “He made the atmosphere lively! He will also do a short rehearsal with you before your solemnisation. ”,+6598460600 · edwardfoong@gmail.com · “He made the atmosphere lively! He will also do a short rehearsal with you before your solemnisation. ”,,,,2024-01-20T12:47:54Z
recvyxfYyKgvC5XNP,Dr William Chung Tang Fong,Justices of Peace,,wilctf@yahoo.com.sg,+6596729312,,77,"+6596729312 · wilctf@yahoo.com.sg · “We had our wedding in March and we started emailing solemnisers in December as long as they could speak mandarin and English, the only available solemniser was Mr William Chung Tang Fong so we just went ahead with him. Wouldn’t say he made us the most comfortable, tho he did perform his job 😅 he’s very solemn while trying to inject abit of humour. Maybe if you have other choices can go with others instead hahahah”","+6596729312 · wilctf@yahoo.com.sg · “We had our wedding in March and we started emailing solemnisers in December as long as they could speak mandarin and English, the only available solemniser was Mr William Chung Tang Fong so we just went ahead with him. Wouldn’t say he made us the most comfortable, tho he did perform his job 😅 he’s very solemn while trying to inject abit of humour. Maybe if you have other choices can go with others instead hahahah”",,,,2024-01-22T06:27:43Z
recVjyjZqxX1CYM9e,Mr Lam Kuet Keng Steven John,Justices of Peace,,stevenjohnlam@yahoo.com.sg,+6597370110,,18,"+6597370110 · stevenjohnlam@yahoo.com.sg · “If I could give a zero star, I would. Attended a dear friend's wedding and was utterly disappointed by this JP. He screamed at the crowd, refused to use a mic, threatened the guests to ""keep quiet or I will ask you to leave"". The crowd was all in utter shock and how he was screaming his heads off during the ceremony. The rudest JP I have ever met, hands down. ”","+6597370110 · stevenjohnlam@yahoo.com.sg · “If I could give a zero star, I would. Attended a dear friend's wedding and was utterly disappointed by this JP. He screamed at the crowd, refused to use a mic, threatened the guests to ""keep quiet or I will ask you to leave"". The crowd was all in utter shock and how he was screaming his heads off during the ceremony. The rudest JP I have ever met, hands down. ”",,,,2024-05-08T13:57:39Z
recwKQJXEarTO1Vvj,Ms Lim Lay Choo Jennifer,Justices of Peace,,cnljennifer@hotmail.com,+6591822168,,{'error': '#ERROR!'},+6591822168 · cnljennifer@hotmail.com · Read wedding reviews for Ms Lim Lay Choo Jennifer,+6591822168 · cnljennifer@hotmail.com · Read wedding reviews for Ms Lim Lay Choo Jennifer,,,,2024-01-22T06:27:43Z
recyjItuYWmKv9Zbu,Mr Tan Peng Yam,Justices of Peace,,tpyam@yahoo.com,+6597779848,,{'error': '#ERROR!'},+6597779848 · tpyam@yahoo.com · Read wedding reviews for Mr Tan Peng Yam,+6597779848 · tpyam@yahoo.com · Read wedding reviews for Mr Tan Peng Yam,,,,2024-01-22T06:27:43Z
recy8CpFkwMSy5jmW,LTC (Ret) Leow Sunny,Justices of Peace,,leowsunny@hotmail.com,+6594501408,,{'error': '#ERROR!'},+6594501408 · leowsunny@hotmail.com · Read wedding reviews for LTC (Ret) Leow Sunny,+6594501408 · leowsunny@hotmail.com · Read wedding reviews for LTC (Ret) Leow Sunny,,,,2024-01-22T06:27:43Z
reczUTJc9RENXmhGy,Dr Jasbir Singh,Justices of Peace,,jasbir@ntu.edu.sg,+6590072747,,{'error': '#ERROR!'},+6590072747 · jasbir@ntu.edu.sg · Read wedding reviews for Dr Jasbir Singh,+6590072747 · jasbir@ntu.edu.sg · Read wedding reviews for Dr Jasbir Singh,,,,2024-01-22T06:27:43Z
recBYER8FMt2yQH4I,Mrs Chia Swee Tin,Justices of Peace,,ckldex@gmail.com,+6597351533,,{'error': '#ERROR!'},+6597351533 · ckldex@gmail.com · Read wedding reviews for Mrs Chia Swee Tin,+6597351533 · ckldex@gmail.com · Read wedding reviews for Mrs Chia Swee Tin,,,,2024-01-22T06:27:43Z
rec4SCJSWfgdqVo3V,Mr Ng Yan Huay,Justices of Peace,,yhng_steven@hotmail.com,+6562212438,,{'error': '#ERROR!'},+6562212438 · yhng_steven@hotmail.com · Read wedding reviews for Mr Ng Yan Huay,+6562212438 · yhng_steven@hotmail.com · Read wedding reviews for Mr Ng Yan Huay,,,,2024-01-22T06:27:43Z
reccOornpoUTiDObb,Dr Tan Anamah,Justices of Peace,,anntan@anntanassociates.com,+6562255822,,{'error': '#ERROR!'},+6562255822 · anntan@anntanassociates.com · Read wedding reviews for Dr Tan Anamah,+6562255822 · anntan@anntanassociates.com · Read wedding reviews for Dr Tan Anamah,,,,2024-01-22T06:27:43Z
reccRyskDC0lJyABB,Mr Khoo Seng Wee Gerald,Justices of Peace,,gerald@churcharise.net,+6562736566,,{'error': '#ERROR!'},+6562736566 · gerald@churcharise.net · Read wedding reviews for Mr Khoo Seng Wee Gerald,+6562736566 · gerald@churcharise.net · Read wedding reviews for Mr Khoo Seng Wee Gerald,,,,2024-01-22T06:27:43Z
recdpGtpaE1pwHP0O,Dr Aw Eileen,Justices of Peace,,eileenaw76@gmail.com,+6562352440,,{'error': '#ERROR!'},+6562352440 · eileenaw76@gmail.com · Read wedding reviews for Dr Aw Eileen,+6562352440 · eileenaw76@gmail.com · Read wedding reviews for Dr Aw Eileen,,,,2024-01-22T06:27:43Z
reclpHDOc3IWpZspe,Dr Kwoh Chee Keong,Justices of Peace,,asckkwoh@ntu.edu.sg,+6590371256,,{'error': '#ERROR!'},+6590371256 · asckkwoh@ntu.edu.sg · Read wedding reviews for Dr Kwoh Chee Keong,+6590371256 · asckkwoh@ntu.edu.sg · Read wedding reviews for Dr Kwoh Chee Keong,,,,2024-01-22T06:27:43Z
recnAKK7ViWN0kjaW,Mr Francis Ng Chin Fah,Justices of Peace,,francis.ncf@gmail.com,+6591000967,,{'error': '#ERROR!'},+6591000967 · francis.ncf@gmail.com · Read wedding reviews for Mr Francis Ng Chin Fah,+6591000967 · francis.ncf@gmail.com · Read wedding reviews for Mr Francis Ng Chin Fah,,,,2024-01-22T06:27:43Z
recEEPunoUenOcZb3,Mr Goh Khon Chong,Justices of Peace,,khonchong@gmail.com,+6590230930,,{'error': '#ERROR!'},+6590230930 · khonchong@gmail.com · Read wedding reviews for Mr Goh Khon Chong,+6590230930 · khonchong@gmail.com · Read wedding reviews for Mr Goh Khon Chong,,,,2024-01-22T06:27:43Z
recE69ZiURice1lk8,Mr Khoo Kim Wu Philip,Justices of Peace,,philip38@singnet.com.sg,+6598168258,,{'error': '#ERROR!'},+6598168258 · philip38@singnet.com.sg · Read wedding reviews for Mr Khoo Kim Wu Philip,+6598168258 · philip38@singnet.com.sg · Read wedding reviews for Mr Khoo Kim Wu Philip,,,,2024-01-22T06:27:43Z
recO36Jp5A2U4f0sl,Mr Leong Chong Meng,Justices of Peace,,leongchongmeng@yahoo.com.sg,+6597571282,,{'error': '#ERROR!'},+6597571282 · leongchongmeng@yahoo.com.sg · Read wedding reviews for Mr Leong Chong Meng,+6597571282 · leongchongmeng@yahoo.com.sg · Read wedding reviews for Mr Leong Chong Meng,,,,2024-01-22T06:27:43Z
recPABawIqab2cVzj,Mr Chia Ah Sah,Justices of Peace,,chiaahsah@gmail.com,+6596651614,,{'error': '#ERROR!'},+6596651614 · chiaahsah@gmail.com · Read wedding reviews for Mr Chia Ah Sah,+6596651614 · chiaahsah@gmail.com · Read wedding reviews for Mr Chia Ah Sah,,,,2024-01-22T06:27:43Z
recWaHeInALYuI6nv,Mr Wee Pang Kiat,Justices of Peace,,weepangkiat@gmail.com,+6591833618,,{'error': '#ERROR!'},+6591833618 · weepangkiat@gmail.com · Read wedding reviews for Mr Wee Pang Kiat,+6591833618 · weepangkiat@gmail.com · Read wedding reviews for Mr Wee Pang Kiat,,,,2024-01-22T06:27:43Z
recdCIm1F13UsxjeR,Mr Lim Fong Boon Lawrence,Justices of Peace,,weddings@newcreation.org.sg,+6563384565,,{'error': '#ERROR!'},+6563384565 · weddings@newcreation.org.sg · Read wedding reviews for Mr Lim Fong Boon Lawrence,+6563384565 · weddings@newcreation.org.sg · Read wedding reviews for Mr Lim Fong Boon Lawrence,,,,2024-03-23T07:12:28Z
rectMGjvZGTbhYeaO,Mr Leong Sing Wee,Justices of Peace,,leongsingwee@yahoo.com.sg,+6581182605,,{'error': '#ERROR!'},+6581182605 · leongsingwee@yahoo.com.sg · Read wedding reviews for Mr Leong Sing Wee,+6581182605 · leongsingwee@yahoo.com.sg · Read wedding reviews for Mr Leong Sing Wee,,,,2024-05-08T13:57:25Z
rectmzEERefN1Zrn4,Mr Lim Kee Thuan Steven,Justices of Peace,,stevlkt@gmail.com,+6596722983,,{'error': '#ERROR!'},+6596722983 · stevlkt@gmail.com · Read wedding reviews for Mr Lim Kee Thuan Steven,+6596722983 · stevlkt@gmail.com · Read wedding reviews for Mr Lim Kee Thuan Steven,,,,2024-05-08T13:57:25Z
rectOY7EJOJ3Txj6r,Rev Goh Yock Tuan,Justices of Peace,,wuyuzhuang@chc.org.sg,+6567376266,,{'error': '#ERROR!'},+6567376266 · wuyuzhuang@chc.org.sg · Read wedding reviews for Rev Goh Yock Tuan,+6567376266 · wuyuzhuang@chc.org.sg · Read wedding reviews for Rev Goh Yock Tuan,,,,2024-05-08T13:57:25Z
recvHEqRJsdmHqxFt,Dr William Wan Kok Tang,Justices of Peace,,william_wan@kindness.sg,+6596623253,,{'error': '#ERROR!'},+6596623253 · william_wan@kindness.sg · Read wedding reviews for Dr William Wan Kok Tang,+6596623253 · william_wan@kindness.sg · Read wedding reviews for Dr William Wan Kok Tang,,,,2024-05-08T13:57:25Z
recvx8X7hVw1MK0u3,Mr Choy Tuck Soon Edwin,Justices of Peace,,edwin@resourcefull.sg,+6591069704,,{'error': '#ERROR!'},+6591069704 · edwin@resourcefull.sg · Read wedding reviews for Mr Choy Tuck Soon Edwin,+6591069704 · edwin@resourcefull.sg · Read wedding reviews for Mr Choy Tuck Soon Edwin,,,,2024-05-08T13:57:25Z
recvVAEJLePnnDXAi,Mr Chia Ngiang Hong,Justices of Peace,,chianh@cdl.com.sg,+6596681128,,{'error': '#ERROR!'},+6596681128 · chianh@cdl.com.sg · Read wedding reviews for Mr Chia Ngiang Hong,+6596681128 · chianh@cdl.com.sg · Read wedding reviews for Mr Chia Ngiang Hong,,,,2024-05-08T13:57:25Z
recvW59tS8za8NmAe,Rev Phua Kok Yong Jason,Justices of Peace,,epjason@gmail.com,+6598632958,,{'error': '#ERROR!'},+6598632958 · epjason@gmail.com · Read wedding reviews for Rev Phua Kok Yong Jason,+6598632958 · epjason@gmail.com · Read wedding reviews for Rev Phua Kok Yong Jason,,,,2024-05-08T13:57:25Z
recwPMZQ9Q5UZt1U3,Mr Tay Bok Hock Louis,Justices of Peace,,louistaybh@gmail.com,+6596608266,,{'error': '#ERROR!'},+6596608266 · louistaybh@gmail.com · Read wedding reviews for Mr Tay Bok Hock Louis,+6596608266 · louistaybh@gmail.com · Read wedding reviews for Mr Tay Bok Hock Louis,,,,2024-05-08T13:57:25Z
recwUEQ7Hz7f9g3EF,Ms Yeo Suan Gek Molly,Justices of Peace,,toomolly@gmail.com,+6597808368,,{'error': '#ERROR!'},+6597808368 · toomolly@gmail.com · Read wedding reviews for Ms Yeo Suan Gek Molly,+6597808368 · toomolly@gmail.com · Read wedding reviews for Ms Yeo Suan Gek Molly,,,,2024-05-08T13:57:25Z
recxXdhyj8GQRE5o0,Ms Teo Cheo Tee,Justices of Peace,,eileenteo111@gmail.com,+6596221800,,{'error': '#ERROR!'},+6596221800 · eileenteo111@gmail.com · Read wedding reviews for Ms Teo Cheo Tee,+6596221800 · eileenteo111@gmail.com · Read wedding reviews for Ms Teo Cheo Tee,,,,2024-05-08T13:57:25Z
recyE9BueMMOj0hee,Mr Rajakumaran S/O Krishna Nair,Justices of Peace,,dreamvacations.dream@gmail.com,+6593831075,,{'error': '#ERROR!'},+6593831075 · dreamvacations.dream@gmail.com · Read wedding reviews for Mr Rajakumaran S/O Krishna Nair,+6593831075 · dreamvacations.dream@gmail.com · Read wedding reviews for Mr Rajakumaran S/O Krishna Nair,,,,2024-05-08T13:57:25Z
recyaYr4UkEsB4W6e,Mr Wong Cheong Fook David Cecil Vivian,Justices of Peace,,david.wong.cf@icloud.com,+6597361422,,{'error': '#ERROR!'},+6597361422 · david.wong.cf@icloud.com · Read wedding reviews for Mr Wong Cheong Fook David Cecil Vivian,+6597361422 · david.wong.cf@icloud.com · Read wedding reviews for Mr Wong Cheong Fook David Cecil Vivian,,,,2024-05-08T13:57:25Z
reczDa0dEQKkcZLZ0,Mr Sathinathan S/O M. R. Karuppiah,Justices of Peace,,sathi@lincolnslaw.com.sg,+6590660934,,{'error': '#ERROR!'},+6590660934 · sathi@lincolnslaw.com.sg · Read wedding reviews for Mr Sathinathan S/O M. R. Karuppiah,+6590660934 · sathi@lincolnslaw.com.sg · Read wedding reviews for Mr Sathinathan S/O M. R. Karuppiah,,,,2024-05-08T13:57:25Z
reczcYGeUrHlQ3sKU,Pastor Kan Mun Leong Johnny,Justices of Peace,,johnnykan@adventist.org.sg,+6565610022,,{'error': '#ERROR!'},+6565610022 · johnnykan@adventist.org.sg · Read wedding reviews for Pastor Kan Mun Leong Johnny,+6565610022 · johnnykan@adventist.org.sg · Read wedding reviews for Pastor Kan Mun Leong Johnny,,,,2024-05-08T13:57:25Z
recAuvWvRt45QghBA,Dr Simon Nagarajan S/O Nagappan,Justices of Peace,,simon@galileebpchurch.org,+6565602410,,{'error': '#ERROR!'},+6565602410 · simon@galileebpchurch.org · Read wedding reviews for Dr Simon Nagarajan S/O Nagappan,+6565602410 · simon@galileebpchurch.org · Read wedding reviews for Dr Simon Nagarajan S/O Nagappan,,,,2024-05-08T13:57:25Z
recBjzURBmYZvzep5,Rev Chan Jian Wen Glenn,Justices of Peace,,glennchanjw@anglican.org.sg,+6594237080,,{'error': '#ERROR!'},+6594237080 · glennchanjw@anglican.org.sg · Read wedding reviews for Rev Chan Jian Wen Glenn,+6594237080 · glennchanjw@anglican.org.sg · Read wedding reviews for Rev Chan Jian Wen Glenn,,,,2024-05-08T13:57:25Z
recBnUyX35YA3ymeA,"Rev Lim Chee Siang, Daniel",Justices of Peace,,daniellimcs@anglican.org.sg,+6591152029,,{'error': '#ERROR!'},"+6591152029 · daniellimcs@anglican.org.sg · Read wedding reviews for Rev Lim Chee Siang, Daniel","+6591152029 · daniellimcs@anglican.org.sg · Read wedding reviews for Rev Lim Chee Siang, Daniel",,,,2024-05-08T13:57:25Z
recBwScwPyydpubur,Rev Thomas Jacob S/O Isaac,Justices of Peace,,thomasisaac@anglican.org.sg,+6564742823,,{'error': '#ERROR!'},+6564742823 · thomasisaac@anglican.org.sg · Read wedding reviews for Rev Thomas Jacob S/O Isaac,+6564742823 · thomasisaac@anglican.org.sg · Read wedding reviews for Rev Thomas Jacob S/O Isaac,,,,2024-05-08T13:57:25Z
recCEAVHLIB7KbmH5,Rev Rodney Matthew Woo,Justices of Peace,,woo@ibcs.org,+6564664911,,{'error': '#ERROR!'},+6564664911 · woo@ibcs.org · Read wedding reviews for Rev Rodney Matthew Woo,+6564664911 · woo@ibcs.org · Read wedding reviews for Rev Rodney Matthew Woo,,,,2024-05-08T13:57:25Z
recCfOfWdu46VoA0t,Rev Quek Keng Khwang,Justices of Peace,,quekkk@lifebpc.com,+6565949382,,{'error': '#ERROR!'},+6565949382 · quekkk@lifebpc.com · Read wedding reviews for Rev Quek Keng Khwang,+6565949382 · quekkk@lifebpc.com · Read wedding reviews for Rev Quek Keng Khwang,,,,2024-05-08T13:57:25Z
recCtknw5wlIJuBOa,Rev Neo Ban It,Justices of Peace,,pneo@thop.org.sg,+6567599788,,{'error': '#ERROR!'},+6567599788 · pneo@thop.org.sg · Read wedding reviews for Rev Neo Ban It,+6567599788 · pneo@thop.org.sg · Read wedding reviews for Rev Neo Ban It,,,,2024-05-08T13:57:25Z
recCyRt6PD5DzFYMt,Ms Pang Li Yen,Justices of Peace,,diana@sunnymetal.com,+6596686038,,{'error': '#ERROR!'},+6596686038 · diana@sunnymetal.com · Read wedding reviews for Ms Pang Li Yen,+6596686038 · diana@sunnymetal.com · Read wedding reviews for Ms Pang Li Yen,,,,2024-05-08T13:57:25Z
rec4PCgMBJFpvyF6g,Rev Tan Chye Leong Gerald,Justices of Peace,,geraldtancl@gmail.com,+6562410831,,{'error': '#ERROR!'},+6562410831 · geraldtancl@gmail.com · Read wedding reviews for Rev Tan Chye Leong Gerald,+6562410831 · geraldtancl@gmail.com · Read wedding reviews for Rev Tan Chye Leong Gerald,,,,2024-05-08T13:57:25Z
rec4ToOSKqG6pMJqh,Rev Yip Swee Heng Daphne,Justices of Peace,,daphne@cscc.org.sg,+6563444733,,{'error': '#ERROR!'},+6563444733 · daphne@cscc.org.sg · Read wedding reviews for Rev Yip Swee Heng Daphne,+6563444733 · daphne@cscc.org.sg · Read wedding reviews for Rev Yip Swee Heng Daphne,,,,2024-05-08T13:57:25Z
rec4ZGp3OvqIdwmRQ,Mr Honegger Christian Hanspeter,Justices of Peace,,dawn.koh@heartofgodchurch.org,+6563326086,,{'error': '#ERROR!'},+6563326086 · dawn.koh@heartofgodchurch.org · Read wedding reviews for Mr Honegger Christian Hanspeter,+6563326086 · dawn.koh@heartofgodchurch.org · Read wedding reviews for Mr Honegger Christian Hanspeter,,,,2024-05-08T13:57:25Z
rec5APUGccW2A8ivm,Mr Yeo Choon Guan,Justices of Peace,,cgyeo927@gmail.com,+6591289821,,{'error': '#ERROR!'},+6591289821 · cgyeo927@gmail.com · Read wedding reviews for Mr Yeo Choon Guan,+6591289821 · cgyeo927@gmail.com · Read wedding reviews for Mr Yeo Choon Guan,,,,2024-05-08T13:57:25Z
rec6DL03v1NW7xFCv,Mr Tan Cheng Hye Johnny,Justices of Peace,,johnnytanch54@singnet.com.sg,+6596662840,,{'error': '#ERROR!'},+6596662840 · johnnytanch54@singnet.com.sg · Read wedding reviews for Mr Tan Cheng Hye Johnny,+6596662840 · johnnytanch54@singnet.com.sg · Read wedding reviews for Mr Tan Cheng Hye Johnny,,,,2024-05-08T13:57:25Z
rec6S0Q7RVU0kRON5,Mdm Low Suat Tin Joni,Justices of Peace,,joni.st.ong@gmail.com,+6596792998,,{'error': '#ERROR!'},+6596792998 · joni.st.ong@gmail.com · Read wedding reviews for Mdm Low Suat Tin Joni,+6596792998 · joni.st.ong@gmail.com · Read wedding reviews for Mdm Low Suat Tin Joni,,,,2024-05-08T13:57:25Z
rec7q0NiaZ7KzxxxW,Rev Wong Khan Meng Brian,Justices of Peace,,brian@mycanaan.org,+6596805936,,{'error': '#ERROR!'},+6596805936 · brian@mycanaan.org · Read wedding reviews for Rev Wong Khan Meng Brian,+6596805936 · brian@mycanaan.org · Read wedding reviews for Rev Wong Khan Meng Brian,,,,2024-05-08T13:57:25Z
rec7tqPexmd01XAo6,Pastor Low Kim Chuan Kelvin,Justices of Peace,,kelvin@bpgospel.org.sg,+6567619205,,{'error': '#ERROR!'},+6567619205 · kelvin@bpgospel.org.sg · Read wedding reviews for Pastor Low Kim Chuan Kelvin,+6567619205 · kelvin@bpgospel.org.sg · Read wedding reviews for Pastor Low Kim Chuan Kelvin,,,,2024-05-08T13:57:25Z
rec7QeVv1rSHNaLKS,Mr Lee Kar Lok Timothy,Justices of Peace,,timothy@biblechurch.sg,+6567793255,,{'error': '#ERROR!'},+6567793255 · timothy@biblechurch.sg · Read wedding reviews for Mr Lee Kar Lok Timothy,+6567793255 · timothy@biblechurch.sg · Read wedding reviews for Mr Lee Kar Lok Timothy,,,,2024-05-08T13:57:25Z
rec8NF8oB2sEXz4f2,Pastor Sim Choon Huat,Justices of Peace,,davysim@yahoo.com.sg,+6567782038,,{'error': '#ERROR!'},+6567782038 · davysim@yahoo.com.sg · Read wedding reviews for Pastor Sim Choon Huat,+6567782038 · davysim@yahoo.com.sg · Read wedding reviews for Pastor Sim Choon Huat,,,,2024-05-08T13:57:25Z
rec9sRwx9Qc4zHiGh,Rev Ng Teng Tat Henry,Justices of Peace,,henirene@msn.com,+6596266210,,{'error': '#ERROR!'},+6596266210 · henirene@msn.com · Read wedding reviews for Rev Ng Teng Tat Henry,+6596266210 · henirene@msn.com · Read wedding reviews for Rev Ng Teng Tat Henry,,,,2024-05-08T13:57:25Z
recawzeieilw4fGQj,Rev Tay Kian Yeow Eric,Justices of Peace,,kyerictay@gmail.com,+6596665917,,{'error': '#ERROR!'},+6596665917 · kyerictay@gmail.com · Read wedding reviews for Rev Tay Kian Yeow Eric,+6596665917 · kyerictay@gmail.com · Read wedding reviews for Rev Tay Kian Yeow Eric,,,,2024-05-08T13:57:25Z
recaWMjkDQRNBFezg,Mr Soon Min Yam,Justices of Peace,,soonminyam@gmail.com,+6596398680,,{'error': '#ERROR!'},+6596398680 · soonminyam@gmail.com · Read wedding reviews for Mr Soon Min Yam,+6596398680 · soonminyam@gmail.com · Read wedding reviews for Mr Soon Min Yam,,,,2024-05-08T13:57:25Z
reccB6U7hpYiF4UNg,Rev Dr Poon Chun Kong Peter,Justices of Peace,,peecube@me.com,+6594553827,,{'error': '#ERROR!'},+6594553827 · peecube@me.com · Read wedding reviews for Rev Dr Poon Chun Kong Peter,+6594553827 · peecube@me.com · Read wedding reviews for Rev Dr Poon Chun Kong Peter,,,,2024-05-08T13:57:25Z
reccQUiZYr9OpiG77,Mdm Leong Lee June Genevieve,Justices of Peace,,genleonglj@gmail.com,+6597804853,,{'error': '#ERROR!'},+6597804853 · genleonglj@gmail.com · Read wedding reviews for Mdm Leong Lee June Genevieve,+6597804853 · genleonglj@gmail.com · Read wedding reviews for Mdm Leong Lee June Genevieve,,,,2024-05-08T13:57:25Z
recc64ZLT2qwyrPwS,Ms Chandra Mallika,Justices of Peace,,chandra.mallika@db.com,+6597806088,,{'error': '#ERROR!'},+6597806088 · chandra.mallika@db.com · Read wedding reviews for Ms Chandra Mallika,+6597806088 · chandra.mallika@db.com · Read wedding reviews for Ms Chandra Mallika,,,,2024-05-08T13:57:25Z
recdhQKj6TVR1fFJE,Rev Lim Tau Wei,Justices of Peace,,limtauwei@bethelpres.org.sg,+6593676452,,{'error': '#ERROR!'},+6593676452 · limtauwei@bethelpres.org.sg · Read wedding reviews for Rev Lim Tau Wei,+6593676452 · limtauwei@bethelpres.org.sg · Read wedding reviews for Rev Lim Tau Wei,,,,2024-05-08T13:57:25Z
receEayfWJKHx8iIG,"Mr Wan Yong Quan, Irvin",Justices of Peace,,irvin@ppcoc.org,+6567788259,,{'error': '#ERROR!'},"+6567788259 · irvin@ppcoc.org · Read wedding reviews for Mr Wan Yong Quan, Irvin","+6567788259 · irvin@ppcoc.org · Read wedding reviews for Mr Wan Yong Quan, Irvin",,,,2024-05-08T13:57:25Z
receJX4PbnIP6kaMa,Mr Hon Chia Chun Noel,Justices of Peace,,noelcchon@yahoo.com.sg,+6597766838,,{'error': '#ERROR!'},+6597766838 · noelcchon@yahoo.com.sg · Read wedding reviews for Mr Hon Chia Chun Noel,+6597766838 · noelcchon@yahoo.com.sg · Read wedding reviews for Mr Hon Chia Chun Noel,,,,2024-05-08T13:57:25Z
recervjMUbOfw5RzS,LTC (Ret) Lim Huan Chiang,Justices of Peace,,limhc@a-smart.sg,+6568802666,,{'error': '#ERROR!'},+6568802666 · limhc@a-smart.sg · Read wedding reviews for LTC (Ret) Lim Huan Chiang,+6568802666 · limhc@a-smart.sg · Read wedding reviews for LTC (Ret) Lim Huan Chiang,,,,2024-05-08T13:57:25Z
recevC4ounAIzHEGV,Ms Koh Dolly,Justices of Peace,,dxujiali@gmail.com,+6592379343,,{'error': '#ERROR!'},+6592379343 · dxujiali@gmail.com · Read wedding reviews for Ms Koh Dolly,+6592379343 · dxujiali@gmail.com · Read wedding reviews for Ms Koh Dolly,,,,2024-05-08T13:57:25Z
receYD0i8rkw5UIRN,Mr Ng San Tiong,Justices of Peace,,roland@tathong.com.sg,+6569227608,,{'error': '#ERROR!'},+6569227608 · roland@tathong.com.sg · Read wedding reviews for Mr Ng San Tiong,+6569227608 · roland@tathong.com.sg · Read wedding reviews for Mr Ng San Tiong,,,,2024-05-08T13:57:25Z
recfky46bLOe2uMie,Mrs Rokiah Pillay Nee Osman,Justices of Peace,,rokiah.pillay@gmail.com,+6590113835,,{'error': '#ERROR!'},+6590113835 · rokiah.pillay@gmail.com · Read wedding reviews for Mrs Rokiah Pillay Nee Osman,+6590113835 · rokiah.pillay@gmail.com · Read wedding reviews for Mrs Rokiah Pillay Nee Osman,,,,2024-05-08T13:57:25Z
recgG5TxV1hAKZDku,Mr Pua Luck Kheng,Justices of Peace,,luckkheng@gmail.com,+6596344085,,{'error': '#ERROR!'},+6596344085 · luckkheng@gmail.com · Read wedding reviews for Mr Pua Luck Kheng,+6596344085 · luckkheng@gmail.com · Read wedding reviews for Mr Pua Luck Kheng,,,,2024-05-08T13:57:25Z
recgSMxaIAINnaiHV,Dr Karunanithy S/O Ramasamy,Justices of Peace,,drramakaru@hotmail.com,+6597289615,,{'error': '#ERROR!'},+6597289615 · drramakaru@hotmail.com · Read wedding reviews for Dr Karunanithy S/O Ramasamy,+6597289615 · drramakaru@hotmail.com · Read wedding reviews for Dr Karunanithy S/O Ramasamy,,,,2024-05-08T13:57:25Z
rechErXX8Qe6tXQEW,Rev Shoo How Beng @ Tay Song Boon,Justices of Peace,,shoohowbeng@gmail.com,+6562586857,,{'error': '#ERROR!'},+6562586857 · shoohowbeng@gmail.com · Read wedding reviews for Rev Shoo How Beng @ Tay Song Boon,+6562586857 · shoohowbeng@gmail.com · Read wedding reviews for Rev Shoo How Beng @ Tay Song Boon,,,,2024-05-08T13:57:25Z
rechVpjcpbQb0cysF,Rev Lee Kong Kheng,Justices of Peace,,kongkheng@cor.org.sg,+6562897611,,{'error': '#ERROR!'},+6562897611 · kongkheng@cor.org.sg · Read wedding reviews for Rev Lee Kong Kheng,+6562897611 · kongkheng@cor.org.sg · Read wedding reviews for Rev Lee Kong Kheng,,,,2024-05-08T13:57:25Z
reciWpn65YtHC4eP1,Mdm N Kumari Devi,Justices of Peace,,nkumarid@yahoo.com.sg,+6597431921,,{'error': '#ERROR!'},+6597431921 · nkumarid@yahoo.com.sg · Read wedding reviews for Mdm N Kumari Devi,+6597431921 · nkumarid@yahoo.com.sg · Read wedding reviews for Mdm N Kumari Devi,,,,2024-05-08T13:57:25Z
reckkDVdZWaTt7Tjx,Rev Poh Ik Woon Mark,Justices of Peace,,pastormark@emmanuel.org.sg,+6564455566,,{'error': '#ERROR!'},+6564455566 · pastormark@emmanuel.org.sg · Read wedding reviews for Rev Poh Ik Woon Mark,+6564455566 · pastormark@emmanuel.org.sg · Read wedding reviews for Rev Poh Ik Woon Mark,,,,2024-05-08T13:57:25Z
reclYZZqGAhFvUdpC,Rev Chan Chee Keng,Justices of Peace,,chancheekeng@anglican.org.sg,+6591166910,,{'error': '#ERROR!'},+6591166910 · chancheekeng@anglican.org.sg · Read wedding reviews for Rev Chan Chee Keng,+6591166910 · chancheekeng@anglican.org.sg · Read wedding reviews for Rev Chan Chee Keng,,,,2024-05-08T13:57:25Z
recoEgOVM2pEKY7W4,"Pastor Eu Kok Leong, Timothy",Justices of Peace,,timothyeu@calvaryag.com.sg,+6562410831,,{'error': '#ERROR!'},"+6562410831 · timothyeu@calvaryag.com.sg · Read wedding reviews for Pastor Eu Kok Leong, Timothy","+6562410831 · timothyeu@calvaryag.com.sg · Read wedding reviews for Pastor Eu Kok Leong, Timothy",,,,2024-05-08T13:57:25Z
recoqbzWZa6rrqKYC,Mr Kersi Framji Aspar,Justices of Peace,,kzaspar@gmail.com,+6596365822,,{'error': '#ERROR!'},+6596365822 · kzaspar@gmail.com · Read wedding reviews for Mr Kersi Framji Aspar,+6596365822 · kzaspar@gmail.com · Read wedding reviews for Mr Kersi Framji Aspar,,,,2024-05-08T13:57:25Z
recp7saGYPGaEp6E7,Rev Cheong Seng Luong Valerian,Justices of Peace,,valerian.cheong@catholic.org.sg,+6569068451,,{'error': '#ERROR!'},+6569068451 · valerian.cheong@catholic.org.sg · Read wedding reviews for Rev Cheong Seng Luong Valerian,+6569068451 · valerian.cheong@catholic.org.sg · Read wedding reviews for Rev Cheong Seng Luong Valerian,,,,2024-05-08T13:57:25Z
recqyn5AEjZRv2Ein,Mr Teo Woon Keng John,Justices of Peace,,johnteowk@gmail.com,+6598150355,,{'error': '#ERROR!'},+6598150355 · johnteowk@gmail.com · Read wedding reviews for Mr Teo Woon Keng John,+6598150355 · johnteowk@gmail.com · Read wedding reviews for Mr Teo Woon Keng John,,,,2024-05-08T13:57:25Z
recqAKpg2YfmeeJAa,Rev Fr Fernandez Johnson,Justices of Peace,,johnson.fernandez@catholic.org.sg,+6596556682,,{'error': '#ERROR!'},+6596556682 · johnson.fernandez@catholic.org.sg · Read wedding reviews for Rev Fr Fernandez Johnson,+6596556682 · johnson.fernandez@catholic.org.sg · Read wedding reviews for Rev Fr Fernandez Johnson,,,,2024-05-08T13:57:25Z
recqBzwmnHiflv7Co,Mr Chew Ghim Bok,Justices of Peace,,gbchew@skyven.com,+6596837070,,{'error': '#ERROR!'},+6596837070 · gbchew@skyven.com · Read wedding reviews for Mr Chew Ghim Bok,+6596837070 · gbchew@skyven.com · Read wedding reviews for Mr Chew Ghim Bok,,,,2024-05-08T13:57:25Z
recq27zbqIMQLpmQt,Rev Chia Beng Hock,Justices of Peace,,chiabh@bethel.org.sg,+6567412741,,{'error': '#ERROR!'},+6567412741 · chiabh@bethel.org.sg · Read wedding reviews for Rev Chia Beng Hock,+6567412741 · chiabh@bethel.org.sg · Read wedding reviews for Rev Chia Beng Hock,,,,2024-05-08T13:57:25Z
recrECTzR0nfeoAIx,Ms Han Juat Jong,Justices of Peace,,hanjuatjong23@gmail.com,+6580651478,,{'error': '#ERROR!'},+6580651478 · hanjuatjong23@gmail.com · Read wedding reviews for Ms Han Juat Jong,+6580651478 · hanjuatjong23@gmail.com · Read wedding reviews for Ms Han Juat Jong,,,,2024-05-08T13:57:25Z
recsfuHwuZ1LrMQBk,Rev Yu Chang Romeo Samson,Justices of Peace,,yuchangr17@hotmail.com,+6562711184,,{'error': '#ERROR!'},+6562711184 · yuchangr17@hotmail.com · Read wedding reviews for Rev Yu Chang Romeo Samson,+6562711184 · yuchangr17@hotmail.com · Read wedding reviews for Rev Yu Chang Romeo Samson,,,,2024-05-08T13:57:25Z
recsnb52Hxr93qNNw,Ven Sik Mun Cheng (Shi Wenjing) @ Chung Mun Cheng,Justices of Peace,,mcsik23@gmail.com,+6567424868,,{'error': '#ERROR!'},+6567424868 · mcsik23@gmail.com · Read wedding reviews for Ven Sik Mun Cheng (Shi Wenjing) @ Chung Mun Cheng,+6567424868 · mcsik23@gmail.com · Read wedding reviews for Ven Sik Mun Cheng (Shi Wenjing) @ Chung Mun Cheng,,,,2024-05-08T13:57:25Z
recsZF7Inb7aNXAXV,Rev Phun Kia Mao Samuel,Justices of Peace,,admin2@river.org.sg,+6596693021,,{'error': '#ERROR!'},+6596693021 · admin2@river.org.sg · Read wedding reviews for Rev Phun Kia Mao Samuel,+6596693021 · admin2@river.org.sg · Read wedding reviews for Rev Phun Kia Mao Samuel,,,,2024-05-08T13:57:25Z
recD3PuaxM9YA8ogS,Dr William Chang Song Chee,Justices of Peace,,william.chang@lutheran.org.sg,+6590124942,,{'error': '#ERROR!'},+6590124942 · william.chang@lutheran.org.sg · Read wedding reviews for Dr William Chang Song Chee,+6590124942 · william.chang@lutheran.org.sg · Read wedding reviews for Dr William Chang Song Chee,,,,2024-05-08T13:57:25Z
recD7oZ2RhEmtHzqh,Mdm Lim Guat Tin,Justices of Peace,,sorsusan@gmail.com,+6596874352,,{'error': '#ERROR!'},+6596874352 · sorsusan@gmail.com · Read wedding reviews for Mdm Lim Guat Tin,+6596874352 · sorsusan@gmail.com · Read wedding reviews for Mdm Lim Guat Tin,,,,2024-05-08T13:57:25Z
receyl2YDB6nD2yMK,Arcade Studio,Photobooths,Photobooth & Equipment,events@arcadestudio.sg,+65 8815 9457,http://arcadestudio.sg/,905,Instagram: @arcadestudio.sg · +65 8815 9457 · events@arcadestudio.sg · “Our guests love the photobooth! The photos were amazing and Arcade Studio is so responsive and prompt with their responses! The online photo gallery was also out in less than a week and the quality is really impressive. We will definitely recommend Arcade to anyone looking for photobooths especially during their weddings!😊”,Instagram: @arcadestudio.sg · +65 8815 9457 · events@arcadestudio.sg · “Our guests love the photobooth! The photos were amazing and Arcade Studio is so responsive and prompt with their responses! The online photo gallery was also out in less than a week and the quality is really impressive. We will definitely recommend Arcade to anyone looking for photobooths especially during their weddings!😊”,,,,2026-03-21T12:51:20Z
recaE2FqEbozTYXIP,Leave Your Message Audio Guest Book,Photobooths,Photobooth & Equipment,,+65 8509 9557,https://leaveyourmessage.sg/,796,"+65 8509 9557 · “🌟🌟🌟🌟🌟 From the moment we decided to incorporate an audio guest book at our wedding, LeaveYourMessage not only met but exceeded our expectations. Their setup, an elegant blend of technology and aesthetics, added a touch of sophistication that was both inviting and user-friendly, and it defintiely blended well at our wedding. The quality of sound in the recordings was astonishingly clear, capturing every emotion, laughter, and heartfelt message with crystal clarity. It's rare to find a service that combines technical excellence with such a warm, personal touch. Thanks to LeaveYourMessage, we now have a treasure trove of memories, not just in our hearts but in a format we can revisit and cherish forever. Your dedication to your craft is evident, and your passion for preserving memories is truly appreciated. Thank you for playing such a vital role in our special day. We highly recommend LeaveYourMessage to anyone looking to add a unique and memorable element to their event.”","+65 8509 9557 · “🌟🌟🌟🌟🌟 From the moment we decided to incorporate an audio guest book at our wedding, LeaveYourMessage not only met but exceeded our expectations. Their setup, an elegant blend of technology and aesthetics, added a touch of sophistication that was both inviting and user-friendly, and it defintiely blended well at our wedding. The quality of sound in the recordings was astonishingly clear, capturing every emotion, laughter, and heartfelt message with crystal clarity. It's rare to find a service that combines technical excellence with such a warm, personal touch. Thanks to LeaveYourMessage, we now have a treasure trove of memories, not just in our hearts but in a format we can revisit and cherish forever. Your dedication to your craft is evident, and your passion for preserving memories is truly appreciated. Thank you for playing such a vital role in our special day. We highly recommend LeaveYourMessage to anyone looking to add a unique and memorable element to their event.”",,,,2024-04-14T02:58:13Z
rec91EpVvvwdFL5xU,Selfieprint Photobooth,Photobooths,Photobooth & Equipment,hello@selfieprint.fun,+65 8180 8154,http://www.selfieprint.fun/,795,+65 8180 8154 · hello@selfieprint.fun · “Very nice photobooth and props! Thanks for making our wedding a success 💯”,+65 8180 8154 · hello@selfieprint.fun · “Very nice photobooth and props! Thanks for making our wedding a success 💯”,,,,2025-03-06T02:07:21Z
recABoy3RNbubHfhX,LiveStudios Photography,Photobooths,Photographer & Videographer,sg@livestudios.com,+65 9632 4562,http://livestudios.com/,722,"Instagram: @live.sg · facebook.com/livestudios · +65 9632 4562 · sg@livestudios.com · “I could not thank Willy and the team at LiveStudios enough. My guests were super impressed with the photos taken. Many of them have changed their social media profile pictures to those taken by Willy. This alone says a lot about how well taken the photos are. The photos were ready that very evening (mine was a lunch reception) with no need for any edits. Link was given to access the photos. Seamless. The instant print was great. I used this to replace the wedding favours as it's more practical. It's part of the event guests can bring home with them for memories and they are in the photos too. The assistants were very efficient in passing the printed photos to the guests. The live projection was great for our program. It was great entertainment for guests. Willy was professional. He set up his station early and quietly. He also brought whatever (laptop, cables) he needed to project the live images. Willy made everyone felt at ease when being photographed. There wasn't any awkward moments. He also captured very precious moments candidly. The emotions were wonderfully captured and now lived forever in our phones and hard drives. The form on the website was easy to fill in and reply from the company was prompt. Instructions were clear. The designer was very accommodating as we can be rather picky with our design of the photo card. We would recommend Willy anytime for any event. I didn't actually have to 'sell' Willy. His work speaks for him. My guests were already asking for his contact for their events. Once again, thank you Willy and LiveStudios!”","Instagram: @live.sg · facebook.com/livestudios · +65 9632 4562 · sg@livestudios.com · “I could not thank Willy and the team at LiveStudios enough. My guests were super impressed with the photos taken. Many of them have changed their social media profile pictures to those taken by Willy. This alone says a lot about how well taken the photos are. The photos were ready that very evening (mine was a lunch reception) with no need for any edits. Link was given to access the photos. Seamless. The instant print was great. I used this to replace the wedding favours as it's more practical. It's part of the event guests can bring home with them for memories and they are in the photos too. The assistants were very efficient in passing the printed photos to the guests. The live projection was great for our program. It was great entertainment for guests. Willy was professional. He set up his station early and quietly. He also brought whatever (laptop, cables) he needed to project the live images. Willy made everyone felt at ease when being photographed. There wasn't any awkward moments. He also captured very precious moments candidly. The emotions were wonderfully captured and now lived forever in our phones and hard drives. The form on the website was easy to fill in and reply from the company was prompt. Instructions were clear. The designer was very accommodating as we can be rather picky with our design of the photo card. We would recommend Willy anytime for any event. I didn't actually have to 'sell' Willy. His work speaks for him. My guests were already asking for his contact for their events. Once again, thank you Willy and LiveStudios!”",,,,2023-09-20T08:59:48Z
rec0Vx40jaj6ZkMzJ,Mojoideas,Photobooths,Photographer & Videographer,,+65 9048 0003,http://www.mojoideas.com/,676,"Instagram: @mojoideas · facebook.com/Mojoideas.sg · +65 9048 0003 · “Both photographer & videographer definitely has a passion in what they do and it exhibited in the works they produced. Top service for accommodating not only to bride & groom but also towards family members. We’ve got positive feedbacks right after our morning shoot, and they amazed us with their work yet again during our dinner banquet. Thank you guys 👍🏻”","Instagram: @mojoideas · facebook.com/Mojoideas.sg · +65 9048 0003 · “Both photographer & videographer definitely has a passion in what they do and it exhibited in the works they produced. Top service for accommodating not only to bride & groom but also towards family members. We’ve got positive feedbacks right after our morning shoot, and they amazed us with their work yet again during our dinner banquet. Thank you guys 👍🏻”",,,,2023-09-20T08:59:48Z
recjwBowPNXdyL7lL,Dial In Love: Video Guestbook,Photobooths,Photobooth & Equipment,dial.in.love.69@gmail.com,88589278,,622,Instagram: @dial_in_love · 88589278 · dial.in.love.69@gmail.com · “The on-site experience was very good. It was exactly the effect I wanted and imagined.”,Instagram: @dial_in_love · 88589278 · dial.in.love.69@gmail.com · “The on-site experience was very good. It was exactly the effect I wanted and imagined.”,,,,2026-01-25T13:52:23Z
recIhaLGdVYjfZXNs,Mirror Me,Photobooths,Photographer & Videographer,,+65 8223 0592,http://mirrormesg.com/,610,"+65 8223 0592 · “A big shout out to Mirror Me. Thanks for all the support in making our wedding a memorable one, including all the pre and post wedding correspondences, artwork and quick responses to the clarifications. The Photo Booth was a crowd favourite and our guests enjoyed playing with the props, and capturing their fun side. The Photo Booth assistant was great with the guests. Highly recommended! Thanks , and will use your service for other events. V&V 01.12.23”","+65 8223 0592 · “A big shout out to Mirror Me. Thanks for all the support in making our wedding a memorable one, including all the pre and post wedding correspondences, artwork and quick responses to the clarifications. The Photo Booth was a crowd favourite and our guests enjoyed playing with the props, and capturing their fun side. The Photo Booth assistant was great with the guests. Highly recommended! Thanks , and will use your service for other events. V&V 01.12.23”",,,,2024-04-14T02:58:11Z
rec8sZ3173ty8q4Kk,Cloud Booth,Photobooths,Photographer & Videographer,,+65 8501 5679,https://www.cloudbooth.com.sg/,590,Instagram: @thecloudbooth.sg · facebook.com/CloudBoothSG · +65 8501 5679 · “Very efficient and expeditious response resulting in a smooth engagement process. Staff is very punctual and entire set-up/tear and operation of the Photo Booth is fuss-free on event day. They are flexible and accommodating towards our last minute changes to event flow as well.”,Instagram: @thecloudbooth.sg · facebook.com/CloudBoothSG · +65 8501 5679 · “Very efficient and expeditious response resulting in a smooth engagement process. Staff is very punctual and entire set-up/tear and operation of the Photo Booth is fuss-free on event day. They are flexible and accommodating towards our last minute changes to event flow as well.”,,,,2023-09-20T08:59:48Z
recDNEaGhgt81TKWS,Instantly Singapore,Photobooths,Photographer & Videographer,,+65 9247 6520,https://www.instantly.sg/,566,"+65 9247 6520 · “Hired Instantly.sg for my wedding, great props and photographer! Happy with their service, will recommend it to my friends.”","+65 9247 6520 · “Hired Instantly.sg for my wedding, great props and photographer! Happy with their service, will recommend it to my friends.”",,,,2024-04-14T02:58:11Z
recStONsLabgZMbd6,PhotoMeister Studios,Photobooths,Photographer & Videographer,,+65 9271 2563,http://www.photomeister.sg/,556,Instagram: @photomeisterstudios · facebook.com/photomeisterstudios · +65 9271 2563 · “I engaged Photomeister for photobooth and roving prints (Nicholas & Malorie) for my wedding. They were extremely dedicated and conscientious. My guests had a great time at the photobooth and were raving about it after the wedding. The roving photographer Nicholas was very professional and he would track down guests to give them the prints. The online photos were given to me the very next day and were very well taken. I am very glad to have engaged them for my wedding and would highly recommend their services.”,Instagram: @photomeisterstudios · facebook.com/photomeisterstudios · +65 9271 2563 · “I engaged Photomeister for photobooth and roving prints (Nicholas & Malorie) for my wedding. They were extremely dedicated and conscientious. My guests had a great time at the photobooth and were raving about it after the wedding. The roving photographer Nicholas was very professional and he would track down guests to give them the prints. The online photos were given to me the very next day and were very well taken. I am very glad to have engaged them for my wedding and would highly recommend their services.”,,,,2023-09-20T08:59:45Z
recreAQkazP8MuIUC,Makors Events,Photobooths,Photographer & Videographer,,+65 9342 2768,https://www.makorsevents.com/photobooth,342,"Instagram: @makorsevents · +65 9342 2768 · “Makors Events was a last minute addition to our wedding as we wanted our luncheon and dinner to have a bit more entertainment. Despite it being last minute, they were responsive. Their price was reasonable as well. During the wedding luncheon, it started pouring and we were worried that the photobooth was not able to be situated ourdoors. However, Leonard and his team made it work, despite the rain. As expected, our guests were thoroughly pleased and made sure to take as many photos as they could in the span of 2 hours. I would recommend Makors Events, should you be looking for a photobooth for your wedding or event.”","Instagram: @makorsevents · +65 9342 2768 · “Makors Events was a last minute addition to our wedding as we wanted our luncheon and dinner to have a bit more entertainment. Despite it being last minute, they were responsive. Their price was reasonable as well. During the wedding luncheon, it started pouring and we were worried that the photobooth was not able to be situated ourdoors. However, Leonard and his team made it work, despite the rain. As expected, our guests were thoroughly pleased and made sure to take as many photos as they could in the span of 2 hours. I would recommend Makors Events, should you be looking for a photobooth for your wedding or event.”",,,,2024-04-14T02:58:11Z
recmbJImawGNSSq7p,Jollyandmiki,Photobooths,Photographer & Videographer,,+65 8797 6263,https://www.jollyandmiki.com/,207,+65 8797 6263 · “Engaged Jolly and Miki for my wedding Photo Booth. My guests had a great time! Sebastian was very friendly and made everyone comfortable in front of the camera. Highly recommend!!”,+65 8797 6263 · “Engaged Jolly and Miki for my wedding Photo Booth. My guests had a great time! Sebastian was very friendly and made everyone comfortable in front of the camera. Highly recommend!!”,,,,2024-04-14T02:58:11Z
rec6j5Rws5FJL8Yjo,Ribbons & Twines,Photobooths,Photobooth & Equipment,,,,10,"Instagram: @ribbonsandtwines · “Seen there advertisements on instagram and thought that their services were good. Enquired on the pricing and packages, which received quick response. I told Liz I felt it was too early for us to decide and she assured us that if we were to change our minds within 90 days, she would refund us the deposit. Initially, she replied very promptly, however, after we decided to not proceed with her services, her response was delayed. I had to constantly chase her through WhatsApp. Liz finally replied after one week, informing me that her entire team was down with covid that's why they were unable to reply to my messages. I was very understanding, giving her time to provide me with the addendum. From 28 May - 08 June, I had to constantly text her regarding the email of the addendum. Our addendum stated that my refund will be processed on 10 June. However, as she did not ask me to sign the addendum until 08 June, I was understanding enough to note that it would be processed three weeks from the date that the letter was signed. After three weeks, still no refund. My fiancee and I had to constantly send emails and text messages to get an update on the progress of the refund but with no response. But, finally, they did provide us with a refund. I'm glad we did not proceed with their services given their attitude after we decided not to sign with them. It would have been a nightmare if they decided not to be responsive on our big day. I definitely would not recommend.”","Instagram: @ribbonsandtwines · “Seen there advertisements on instagram and thought that their services were good. Enquired on the pricing and packages, which received quick response. I told Liz I felt it was too early for us to decide and she assured us that if we were to change our minds within 90 days, she would refund us the deposit. Initially, she replied very promptly, however, after we decided to not proceed with her services, her response was delayed. I had to constantly chase her through WhatsApp. Liz finally replied after one week, informing me that her entire team was down with covid that's why they were unable to reply to my messages. I was very understanding, giving her time to provide me with the addendum. From 28 May - 08 June, I had to constantly text her regarding the email of the addendum. Our addendum stated that my refund will be processed on 10 June. However, as she did not ask me to sign the addendum until 08 June, I was understanding enough to note that it would be processed three weeks from the date that the letter was signed. After three weeks, still no refund. My fiancee and I had to constantly send emails and text messages to get an update on the progress of the refund but with no response. But, finally, they did provide us with a refund. I'm glad we did not proceed with their services given their attitude after we decided not to sign with them. It would have been a nightmare if they decided not to be responsive on our big day. I definitely would not recommend.”",,,,2025-08-28T04:12:16Z
rec7n2jdk3G3FzMRH,Shoot Your Shot Photobooth,Photobooths,Photobooth & Equipment,,,,{'error': '#ERROR!'},Read wedding reviews for Shoot Your Shot Photobooth,Read wedding reviews for Shoot Your Shot Photobooth,,,,2026-03-16T06:48:55Z
recdRpFEAC3uE0tZC,Musical Touch,Live Music,,,+65 9888 3007,https://www.musicaltouch.sg/,924,Instagram: @musicaltouchlivemusic · facebook.com/MusicalTouchLiveMusic · +65 9888 3007 · “Liveband and professional Emcee MusicalTouch 9/10 $3500 Received a lot of compliments for the liveband and emcee. As we have many overseas guests so we wanted our emcee to be professional and she did it brilliantly! Made our wedding like a show according to our guests Liveband was amazing as well although i only manage to hear 1-2 songs Totally recommend them”,Instagram: @musicaltouchlivemusic · facebook.com/MusicalTouchLiveMusic · +65 9888 3007 · “Liveband and professional Emcee MusicalTouch 9/10 $3500 Received a lot of compliments for the liveband and emcee. As we have many overseas guests so we wanted our emcee to be professional and she did it brilliantly! Made our wedding like a show according to our guests Liveband was amazing as well although i only manage to hear 1-2 songs Totally recommend them”,,,,2023-10-11T14:23:33Z
recRBUAmLaxJgWkTB,A Little Dream Live Music,Live Music,,info@alittledream.com.sg,+65 8525 8277,https://alittledream.com.sg,893,"facebook.com/alittledreamlivemusic · +65 8525 8277 · info@alittledream.com.sg · “Thank you Huibing & Jixiang for making our wedding so successful. Our guests were impressed by Huibing’s singing. Not to forget, Chloe is such a wonderful coordinator who was very prompt in email replies. Once again, thank you A Little Dream Live Music for making our wedding such a dream come true~ 😊😊😊”","facebook.com/alittledreamlivemusic · +65 8525 8277 · info@alittledream.com.sg · “Thank you Huibing & Jixiang for making our wedding so successful. Our guests were impressed by Huibing’s singing. Not to forget, Chloe is such a wonderful coordinator who was very prompt in email replies. Once again, thank you A Little Dream Live Music for making our wedding such a dream come true~ 😊😊😊”",,,,2024-07-18T15:26:38Z
recCf927cYUGdgwwI,Vetta Quartet,Live Music,,,+65 9115 3889,http://vettaquartet.com/,701,facebook.com/VettaQuartet · +65 9115 3889 · “Brilliant performance. Hired them for our wedding and we received compliments from our guests. Was one of the memorable highlights of our evening”,facebook.com/VettaQuartet · +65 9115 3889 · “Brilliant performance. Hired them for our wedding and we received compliments from our guests. Was one of the memorable highlights of our evening”,,,,2024-04-14T02:58:11Z
recj8ZjZCexQLUD67,The Mad Trio,Live Music,,,+65 9475 6965,https://themadtriosg.com,207,"facebook.com/themadtriogroup · +65 9475 6965 · “Awesome vocals(Cheng and Khim), great teamwork, happy vibes and very professional ! Love their music selections at wedding and they always make it a point to interact with their guests. Love their sound system too, with a professional sound engineer around it makes a huge difference to the quality of music you get at an event!”","facebook.com/themadtriogroup · +65 9475 6965 · “Awesome vocals(Cheng and Khim), great teamwork, happy vibes and very professional ! Love their music selections at wedding and they always make it a point to interact with their guests. Love their sound system too, with a professional sound engineer around it makes a huge difference to the quality of music you get at an event!”",,,,2024-07-18T15:26:40Z
rec9huw1wpFsPY8rE,Sparkle Live Music,Live Music,,,,https://www.sparklelivemusic.com/,207,"“Oooh and I still find it hard to believe that dear Kewei sang for my wedding! Her voice is absolutely breathtaking, and all my friends were telling me that she’s the BEST wedding singer they’ve ever heard. Cannot agree more, and cannot be more thankful that she made special efforts to fit our wedding in her schedule If you’re looking for a wedding singer and entertainer, LOOK NO MORE!!”","“Oooh and I still find it hard to believe that dear Kewei sang for my wedding! Her voice is absolutely breathtaking, and all my friends were telling me that she’s the BEST wedding singer they’ve ever heard. Cannot agree more, and cannot be more thankful that she made special efforts to fit our wedding in her schedule If you’re looking for a wedding singer and entertainer, LOOK NO MORE!!”",,,,2025-03-21T14:30:02Z
recpeQn4j7EnXifVs,Wunder Rides,Wedding Cars,Wedding Car,,+65 9190 9061,https://www.wunderrides.com/?utm_source=google&utm_medium=wix_google_business_profile&utm_campaign=16883755321551028749,932,+65 9190 9061 · “Seamless communication and booking of car. The car was in great condition (best rental ever!) and used as our bridal car. Highly recommended to anyone looking for a ride for their wedding!”,+65 9190 9061 · “Seamless communication and booking of car. The car was in great condition (best rental ever!) and used as our bridal car. Highly recommended to anyone looking for a ride for their wedding!”,,,,2025-01-04T15:34:28Z
recipD96bH0MJ68FV,SG BRIDAL CARS,Wedding Cars,Wedding Car,,+65 8860 2398,http://www.sgbridalcars.com/,920,"+65 8860 2398 · “Seamless and hassle free - from the quick installation to the convenient dropoff options Flowers looked like real, and did not cause any damage removing them or using them. Recommended for a safe, waterproof and affordable decoration of your bridal car”","+65 8860 2398 · “Seamless and hassle free - from the quick installation to the convenient dropoff options Flowers looked like real, and did not cause any damage removing them or using them. Recommended for a safe, waterproof and affordable decoration of your bridal car”",,,,2025-01-04T15:34:28Z
rec6p1WEqFTbeeAB3,Wedding Carz & Limousine Services LLP,Wedding Cars,Wedding Car,,+65 9831 7193,https://sites.google.com/site/weddingcarzz/home,704,+65 9831 7193 · “Great services provided by Abel. Assist with all the enquiries i had for self-drive wedding car. Rented beetle for 2 days and the handling over is quite smoothly. Car is clean and presentable for my wedding day.”,+65 9831 7193 · “Great services provided by Abel. Assist with all the enquiries i had for self-drive wedding car. Rented beetle for 2 days and the handling over is quite smoothly. Car is clean and presentable for my wedding day.”,,,,2025-01-04T15:34:28Z
recD33vIzOksOdFUJ,PERFECT WEDDING CAR SG LLP,Wedding Cars,Wedding Car,,+65 9821 9037,http://www.perfectweddingcars.sg/,701,"+65 9821 9037 · “The boss of the perfect wedding cars chauffeured us around on our wedding day, and even brought the car to a 3rd party vendor of our choice to decorate the car a day before our wedding with no additional charge! Great guy and lovely driver. Definitely will recommend to our friends”","+65 9821 9037 · “The boss of the perfect wedding cars chauffeured us around on our wedding day, and even brought the car to a 3rd party vendor of our choice to decorate the car a day before our wedding with no additional charge! Great guy and lovely driver. Definitely will recommend to our friends”",,,,2025-01-04T15:34:28Z
rec6CitcTetx2menn,Ace Drive Car Rental,Wedding Cars,Wedding Car,,+65 6585 5555,https://www.acedrive.sg/,671,+65 6585 5555 · “Was very pleased with Ace Drive Car Rental. Used their company for my son’s wedding car. Very helpful staff and made the experience pleasant. Will highly recommend their services”,+65 6585 5555 · “Was very pleased with Ace Drive Car Rental. Used their company for my son’s wedding car. Very helpful staff and made the experience pleasant. Will highly recommend their services”,,,,2025-01-04T15:34:28Z
rec8rTINY2BuO04wC,OZ CAR RENTAL PTE LTD,Wedding Cars,Wedding Car,,+65 9672 3653,http://www.ozcar.sg/,566,"+65 9672 3653 · “First time booking with OZ Car Rental and booked my wedding car over the weekend. The process is smooth and hassle free, Vincent was very friendly and prompt in reply. Thank you team 👍🏼”","+65 9672 3653 · “First time booking with OZ Car Rental and booked my wedding car over the weekend. The process is smooth and hassle free, Vincent was very friendly and prompt in reply. Thank you team 👍🏼”",,,,2025-01-04T15:34:28Z
recua2MeQ0rPXFT3v,JJ GARAGE CAR RENTAL,Wedding Cars,Wedding Car,,+65 9818 8106,https://www.jjgarage.com.sg/,342,"+65 9818 8106 · “Good Service, Will come back again, Toyota Estima was in nice condition for my Wedding use.”","+65 9818 8106 · “Good Service, Will come back again, Toyota Estima was in nice condition for my Wedding use.”",,,,2025-01-04T15:34:28Z
recw8TfAYYNkq2WTi,movolimo,Wedding Cars,Wedding Car,,+65 9482 4482,https://movolimo.com/,342,+65 9482 4482 · “Able to allocate driver at a short notice. Pricing may be on the premium side but definitely worth the service provided. A good consideration to have especially for important events such as wedding photoshoot or wedding day itself!”,+65 9482 4482 · “Able to allocate driver at a short notice. Pricing may be on the premium side but definitely worth the service provided. A good consideration to have especially for important events such as wedding photoshoot or wedding day itself!”,,,,2025-01-04T15:34:28Z
recxMMiHITC5jHdvp,Tay Automobiles,Wedding Cars,Wedding Car,,+65 9006 1789,https://tayautomobiles.com/,342,+65 9006 1789 · “Rented a car from Tay Automobiles to use for my wedding. Had a very fuss-free experience for the entire process (pick-up and drop-off) as everything was explained clearly and informed before hand. Advice was also given on how to deal with certain scenarios when handling the car! Very pleasant experience and would definitely recommend them if you ever need to rent a car!”,+65 9006 1789 · “Rented a car from Tay Automobiles to use for my wedding. Had a very fuss-free experience for the entire process (pick-up and drop-off) as everything was explained clearly and informed before hand. Advice was also given on how to deal with certain scenarios when handling the car! Very pleasant experience and would definitely recommend them if you ever need to rent a car!”,,,,2025-01-04T15:34:28Z
recyDeL5IhMIa7Xm4,RentNow Leasing,Wedding Cars,Wedding Car,,+65 8144 8811,http://www.rentnowleasing.com/,342,+65 8144 8811 · “I was recommanded by my friend to rent the car from them urgently for my daughter's wedding. I whatsapp to the number i was given and got a promt reply from Ms Amber. Very helpful and gave me all the information i needed. I would recommand RentNow to all of my families and friends. Thank you Amber and Company!”,+65 8144 8811 · “I was recommanded by my friend to rent the car from them urgently for my daughter's wedding. I whatsapp to the number i was given and got a promt reply from Ms Amber. Very helpful and gave me all the information i needed. I would recommand RentNow to all of my families and friends. Thank you Amber and Company!”,,,,2025-01-04T15:34:28Z
recybBnu2NtaALkjZ,Eva Car Rental,Wedding Cars,Wedding Car,,+65 8385 6363,https://www.facebook.com/EvaCarRental,342,+65 8385 6363 · “Used this company for rental of wedding car. Definitely worth coming back for other events for rental of cars! Seller responsive and reliable 👌”,+65 8385 6363 · “Used this company for rental of wedding car. Definitely worth coming back for other events for rental of cars! Seller responsive and reliable 👌”,,,,2025-01-04T15:34:28Z
recApS4Chouo4xRZ1,myCarriage by C&C Leasing,Wedding Cars,Wedding Car,,+65 6251 8880,http://www.mycarriage.sg/,342,"+65 6251 8880 · “Dear myCarriage Team, I trust this message finds you all in the best of spirits. I am writing to convey my heartfelt compliments and profound gratitude for the exceptional service and the remarkable experience I had with my recent rental of the BMW 420i M Sport Cabriolet for my wedding from 26/10 to 27/10. The journey to our wedding day is marked by a series of memorable moments, and the choice of a vehicle to make a grand entrance is one of the most significant. It is with great pleasure that I can say that myCarriage exceeded my expectations in every regard. The BMW 420i M Sport Cabriolet, which I had the pleasure of renting, was not only a stunning and luxurious vehicle, but it also proved to be a symbol of sophistication and style. The impeccable functionality of the car, combined with its sleek design and powerful performance, added a layer of opulence to our wedding day that was truly unparalleled. What set myCarriage apart, however, was the exceptional service provided by your team. From the moment I made the reservation to the seamless pickup and drop-off, your commitment to ensuring a smooth and memorable experience was evident. Your professionalism, responsiveness, and attention to detail transformed the rental process into a joyous and stress-free affair. The pivotal role that the BMW 420i M Sport Cabriolet played in our wedding day cannot be understated, and your impeccable service only amplified the grandeur of the occasion. Your team's dedication to excellence and your commitment to delivering not just a vehicle but a truly exceptional experience have left a lasting impression. I look forward to recommending myCarriage to friends and family in search of not only a luxurious vehicle but a service that redefines standards of excellence. Your team's commitment to perfection, paired with the outstanding BMW 420i M Sport Cabriolet, sets a new benchmark in the industry. Once again, thank you for your impeccable service and for contributing to making our wedding day an extraordinary and unforgettable event”","+65 6251 8880 · “Dear myCarriage Team, I trust this message finds you all in the best of spirits. I am writing to convey my heartfelt compliments and profound gratitude for the exceptional service and the remarkable experience I had with my recent rental of the BMW 420i M Sport Cabriolet for my wedding from 26/10 to 27/10. The journey to our wedding day is marked by a series of memorable moments, and the choice of a vehicle to make a grand entrance is one of the most significant. It is with great pleasure that I can say that myCarriage exceeded my expectations in every regard. The BMW 420i M Sport Cabriolet, which I had the pleasure of renting, was not only a stunning and luxurious vehicle, but it also proved to be a symbol of sophistication and style. The impeccable functionality of the car, combined with its sleek design and powerful performance, added a layer of opulence to our wedding day that was truly unparalleled. What set myCarriage apart, however, was the exceptional service provided by your team. From the moment I made the reservation to the seamless pickup and drop-off, your commitment to ensuring a smooth and memorable experience was evident. Your professionalism, responsiveness, and attention to detail transformed the rental process into a joyous and stress-free affair. The pivotal role that the BMW 420i M Sport Cabriolet played in our wedding day cannot be understated, and your impeccable service only amplified the grandeur of the occasion. Your team's dedication to excellence and your commitment to delivering not just a vehicle but a truly exceptional experience have left a lasting impression. I look forward to recommending myCarriage to friends and family in search of not only a luxurious vehicle but a service that redefines standards of excellence. Your team's commitment to perfection, paired with the outstanding BMW 420i M Sport Cabriolet, sets a new benchmark in the industry. Once again, thank you for your impeccable service and for contributing to making our wedding day an extraordinary and unforgettable event”",,,,2025-01-04T15:34:28Z
reci3dNXOJNub5Y3x,Titanium Limousines,Wedding Cars,Wedding Car,,+65 9180 2235,http://www.titaniumlimousines.com.sg/,342,+65 9180 2235 · “Zainudin was a fantastic driver that went above and beyond to be helpful and accommodating for our wedding day. I highly recommend this limousine service for any important days or functions.”,+65 9180 2235 · “Zainudin was a fantastic driver that went above and beyond to be helpful and accommodating for our wedding day. I highly recommend this limousine service for any important days or functions.”,,,,2025-01-04T15:34:28Z
recmGN8dKVqlSpFEn,DREAM CAR LEASING PTE. LTD.,Wedding Cars,Wedding Car,,+65 6748 9747,http://www.dreamcarrental.sg/,337,"+65 6748 9747 · “Rented toyota estima for my wedding car from them. Such a pleasant experience, no deposit, clear explanation on everything. Would recommend others for sure”","+65 6748 9747 · “Rented toyota estima for my wedding car from them. Such a pleasant experience, no deposit, clear explanation on everything. Would recommend others for sure”",,,,2025-01-04T15:34:28Z
rec4V7nkRFrQTEjjD,Eurokars Leasing,Wedding Cars,Wedding Car,,+65 6908 8000,https://www.eurokarsleasing.com.sg/,207,+65 6908 8000 · “I was looking to book a car for my wedding and i came across EuroKarsLeasing on instagram! The booking was super easy on EuroKarsLeasing website! There was a lot of options on their website for the date that i am booking even though i am booking it super last minute! I managed to book a BMW 318i M Sport and it was the 2023 model! Super pumped on the collection day and was served by Azhar who was super friendly and immediately asked if i need any beverage the moment i enter the showroom! Everything went super well with the car it was super clean and smells like a beand new car! Would definitely book with them again!”,+65 6908 8000 · “I was looking to book a car for my wedding and i came across EuroKarsLeasing on instagram! The booking was super easy on EuroKarsLeasing website! There was a lot of options on their website for the date that i am booking even though i am booking it super last minute! I managed to book a BMW 318i M Sport and it was the 2023 model! Super pumped on the collection day and was served by Azhar who was super friendly and immediately asked if i need any beverage the moment i enter the showroom! Everything went super well with the car it was super clean and smells like a beand new car! Would definitely book with them again!”,,,,2025-01-04T15:34:28Z
rec6Pd3ZJbGYO5P69,Ideal Rental Cars,Wedding Cars,Wedding Car,,+65 6469 6733,https://www.carousell.sg/u/idealauto/?utm_source=share-native&utm_campaign=share-own-profile&utm_medium=sharing&_branch_referrer=H4sIAAAAAAAAA8soKSkottLXT04syi8tTs3J0UssKNDLyczL1o8KTTRyjjQsMC1JAgCbeIkZJgAAAA==&_branch_match_id=1118400763620884842,207,+65 6469 6733 · “We had very good experience with Ideal Rental. Vyn is very patient to explain everything. The price is reasonable for the very clean and new-looking car. We rented the car last minute to use as an extra car for son’s wedding; they ended up using it as the wedding car 😀”,+65 6469 6733 · “We had very good experience with Ideal Rental. Vyn is very patient to explain everything. The price is reasonable for the very clean and new-looking car. We rented the car last minute to use as an extra car for son’s wedding; they ended up using it as the wedding car 😀”,,,,2025-01-04T15:34:28Z
rec6REzfvF8GsJOpH,Limo6 Limousine Service Singapore,Wedding Cars,Wedding Car,,+65 8755 3633,https://limo6.com/limousine-service-singapore,207,+65 8755 3633 · “Advance booking 1 month ahead and prompt pickup on actual day. Friendly service and will patronize again ! Highly recommended !”,+65 8755 3633 · “Advance booking 1 month ahead and prompt pickup on actual day. Friendly service and will patronize again ! Highly recommended !”,,,,2025-01-04T15:34:28Z
recay3ADTwICjGx8e,Siang Hock Holding,Wedding Cars,Wedding Car,,+65 6256 8888,https://sianghock.com.sg/,207,"+65 6256 8888 · “Rented 7 seater for my son's wedding very nice car , nice service look for jiya”","+65 6256 8888 · “Rented 7 seater for my son's wedding very nice car , nice service look for jiya”",,,,2025-01-04T15:34:28Z
reccWDrYPtv2ka3BD,Maxi Cab Singapore,Wedding Cars,Wedding Car,,+65 8499 9714,https://www.mymaxicabsgp.com/,207,"+65 8499 9714 · “Maxi Cab Singapore, you guys helped make our wedding day the best it could have been. The Limo Bus was comfortable and our group loved the music! Also, Arif the driver was outstanding and took care of us the entire time. Great driving and knew SG like the back of his hand. We had the Limo from 12:00pm to 6:00pm. Thanks again for helping make our special day very memorable. Will definitely recommend your services! Regards, John”","+65 8499 9714 · “Maxi Cab Singapore, you guys helped make our wedding day the best it could have been. The Limo Bus was comfortable and our group loved the music! Also, Arif the driver was outstanding and took care of us the entire time. Great driving and knew SG like the back of his hand. We had the Limo from 12:00pm to 6:00pm. Thanks again for helping make our special day very memorable. Will definitely recommend your services! Regards, John”",,,,2025-01-04T15:34:28Z
recfZVnqIWaBXvwlo,Ride Now - Car Rental Singapore,Wedding Cars,Wedding Car,,+65 9138 0218,https://revu.website/141989,207,"+65 9138 0218 · “Just finish renting a car from RideNow for wedding, and I must say it is really impressive in how they carry out all the procedure from liaising to collecting & returning the car. The whole process is hassle-free and the car is clean and ready for my wedding. Really appreciated on how friendly and their “will try their best to accommodate to your needs” attitude. It makes the whole journey very enjoyable, providing peace of mind and comfort throughout. Definitely will come back to them again to rent car for any events. Thank you RideNow Team and Mr Travis.”","+65 9138 0218 · “Just finish renting a car from RideNow for wedding, and I must say it is really impressive in how they carry out all the procedure from liaising to collecting & returning the car. The whole process is hassle-free and the car is clean and ready for my wedding. Really appreciated on how friendly and their “will try their best to accommodate to your needs” attitude. It makes the whole journey very enjoyable, providing peace of mind and comfort throughout. Definitely will come back to them again to rent car for any events. Thank you RideNow Team and Mr Travis.”",,,,2025-01-04T15:34:28Z
recgSo49Bdq8Fx6sz,Hertz Singapore - Downtown,Wedding Cars,Wedding Car,,+65 1800 734 4646,https://www.hertzsingapore.com/,207,+65 1800 734 4646 · “Rented a white BM for Wedding Bridal car. Was served professionally by Abdil and Team. Even had a free upgrade due to availability. Highly recommended for the quick response and also how good and clean the condition of the car was! Thank you Hertz for the end-to-end service!”,+65 1800 734 4646 · “Rented a white BM for Wedding Bridal car. Was served professionally by Abdil and Team. Even had a free upgrade due to availability. Highly recommended for the quick response and also how good and clean the condition of the car was! Thank you Hertz for the end-to-end service!”,,,,2025-01-04T15:34:28Z
reclKuJg2lQ7MeQVq,DDT LIMOUSINES,Wedding Cars,Wedding Car,,+65 8779 0969,https://ddtlimousines.com.sg/,207,+65 8779 0969 · “Booked their services for my cousin’s wedding and I must say that I will be using them again. Thanks for the wonderful service guys. Even in this pandemic stricken times they were very accommodating with our requests”,+65 8779 0969 · “Booked their services for my cousin’s wedding and I must say that I will be using them again. Thanks for the wonderful service guys. Even in this pandemic stricken times they were very accommodating with our requests”,,,,2025-01-04T15:34:28Z
recmMLqbuYI8pjFHW,Auto Kings Motor,Wedding Cars,Wedding Car,,+65 8787 4054,http://www.autokings.sg/,207,+65 8787 4054 · “Took an Audi S5 from Auto Kings for my sister's wedding and it was such an eye turner. Ash was so helpful and accommodating as well. The taking over and handing over was smooth as butter. 100% satisfied and no regrets. Highly recommend and will definitely come back again. Thanks you Ash and everyone from Auto Kings for your services once again. 😀🙏”,+65 8787 4054 · “Took an Audi S5 from Auto Kings for my sister's wedding and it was such an eye turner. Ash was so helpful and accommodating as well. The taking over and handing over was smooth as butter. 100% satisfied and no regrets. Highly recommend and will definitely come back again. Thanks you Ash and everyone from Auto Kings for your services once again. 😀🙏”,,,,2025-01-04T15:34:28Z
recm8eFFrVyreU8Em,Limo2Go Singapore,Wedding Cars,Wedding Car,,+65 8105 1394,http://limo2go.sg/,207,"+65 8105 1394 · “Have engaged the Limo2Go team as part of my wedding entourage on my wedding day to ferry my brothers and sisters. Erman and Alfian were the assigned drivers that day. They arrived early before the stipulated timing, continuously provided updates on their locations and made everyone comfortable. Thank you team and keep up the good work!”","+65 8105 1394 · “Have engaged the Limo2Go team as part of my wedding entourage on my wedding day to ferry my brothers and sisters. Erman and Alfian were the assigned drivers that day. They arrived early before the stipulated timing, continuously provided updates on their locations and made everyone comfortable. Thank you team and keep up the good work!”",,,,2025-01-04T15:34:28Z
recpOiDdFSggGk3Nk,LyloHaus,Wedding Cars,Wedding Car,,+65 9880 5924,https://lylo.sg/,207,"+65 9880 5924 · “Rented a car for my friend's wedding. Cleanliness: 10/10 Service: 10/10 Check out process: 10/10 Vehicle performance: 10/10 Chester and team was very helpful, vehicle was amazing, all in all a very good experience for me. Will certainly be back.”","+65 9880 5924 · “Rented a car for my friend's wedding. Cleanliness: 10/10 Service: 10/10 Check out process: 10/10 Vehicle performance: 10/10 Chester and team was very helpful, vehicle was amazing, all in all a very good experience for me. Will certainly be back.”",,,,2025-01-04T15:34:28Z
recpUGXKypXxHG5Ap,Eazi Car Leasing & Marketing,Wedding Cars,Wedding Car,,+65 9111 7715,http://carousell.com/eazicarrentalleasing,207,"+65 9111 7715 · “Rented their BMW for my wedding, car was beautiful and well taken cared of. Recommended 👍👍”","+65 9111 7715 · “Rented their BMW for my wedding, car was beautiful and well taken cared of. Recommended 👍👍”",,,,2025-01-04T15:34:28Z
recGs9yzq4tSKZimp,Limousine Collective,Wedding Cars,Wedding Car,,+65 9066 2198,,207,+65 9066 2198 · “Theorell was flexible in helping us through our wedding planning during this COVID-19 pandemic. We had to make several changes but he was accommodating and understanding throughout. He also provided alternatives when he was unable to meet our last minute requests to change certain things. Really appreciate the service :)”,+65 9066 2198 · “Theorell was flexible in helping us through our wedding planning during this COVID-19 pandemic. We had to make several changes but he was accommodating and understanding throughout. He also provided alternatives when he was unable to meet our last minute requests to change certain things. Really appreciate the service :)”,,,,2025-01-04T15:34:28Z
recWnKogOipr9GCIp,VIANNA MAXICAB TRANSPORT,Wedding Cars,Wedding Car,,+65 9624 5024,http://viannamaxicab.com/,207,"+65 9624 5024 · “Capt Kughan was efficient and even though we were late for it due to overrun of the wedding, he waited for us still.”","+65 9624 5024 · “Capt Kughan was efficient and even though we were late for it due to overrun of the wedding, he waited for us still.”",,,,2025-01-04T15:34:28Z
rec0bxpL1PZBCWPW5,Avis Car Rental,Wedding Cars,Wedding Car,,+65 9187 0515,http://www.avis.com.sg/,207,+65 9187 0515 · “Huge thanks to Raja and team for going out of their way to accommodate our booking! We rented our wedding car from Avis and they really went the extra mile to help line everything up. Thanks so much!”,+65 9187 0515 · “Huge thanks to Raja and team for going out of their way to accommodate our booking! We rented our wedding car from Avis and they really went the extra mile to help line everything up. Thanks so much!”,,,,2025-01-04T15:34:28Z
rec1v4IHUhwIHZc4G,MINIBUG Vintage Floral & Wedding Car,Wedding Cars,Wedding Car,,+65 8299 3381,,207,+65 8299 3381 · “John and his team are awesome. The minibug in baby blue is so cute. Thanks for making our wedding a little special.”,+65 8299 3381 · “John and his team are awesome. The minibug in baby blue is so cute. Thanks for making our wedding a little special.”,,,,2025-01-04T15:34:29Z
rec2EncJJtykUdYRg,Motorway Car Rentals,Wedding Cars,Wedding Car,,+65 6466 2200,http://www.motorwaycarrentals.com/,10,"+65 6466 2200 · “I would like to feedback on the car condition that was given to me for my wedding which i had already informed that this was for wedding occasion at least 2 month ago. The condition of the car was really terrible. The car given to us were having scratches here and there. But when we request for a change, the lady told us that we had to make a trip down to Jurong area to swap. My question is why isn't this be checked beforehand? Today was the returning of the car by your guy to collect from my friend's location. After checking and sign off, the guy still want to insist that there were scratches made by us when the condition of the car was already in bad shaped. Photos are taken by the lady on last friday. He didnt even check with the existing condition before asking my friend to make second trip down for nothing. I am really quite disappointed with the services and the car condition.”","+65 6466 2200 · “I would like to feedback on the car condition that was given to me for my wedding which i had already informed that this was for wedding occasion at least 2 month ago. The condition of the car was really terrible. The car given to us were having scratches here and there. But when we request for a change, the lady told us that we had to make a trip down to Jurong area to swap. My question is why isn't this be checked beforehand? Today was the returning of the car by your guy to collect from my friend's location. After checking and sign off, the guy still want to insist that there were scratches made by us when the condition of the car was already in bad shaped. Photos are taken by the lady on last friday. He didnt even check with the existing condition before asking my friend to make second trip down for nothing. I am really quite disappointed with the services and the car condition.”",,,,2025-01-04T15:34:28Z
recQzszFt3FgSoQeD,1314 Wedding Carz,Wedding Cars,Wedding Car,,+65 8571 5622,https://www.1314weddingcarz.com/,0,"+65 8571 5622 · “We are so blessed to find 1314 Wedding Car service! Experience with their excellent service, Han Xiang very patient and detailed, he made us feel very comfortable and fuss free throughout the long day of full schedule without delay! Very reasonable price for couple who looking at wedding car service! Thank you so much Grace and Han Xiang once again to make my important day smoothly and peaceful ❤️”","+65 8571 5622 · “We are so blessed to find 1314 Wedding Car service! Experience with their excellent service, Han Xiang very patient and detailed, he made us feel very comfortable and fuss free throughout the long day of full schedule without delay! Very reasonable price for couple who looking at wedding car service! Thank you so much Grace and Han Xiang once again to make my important day smoothly and peaceful ❤️”",,,,2025-01-04T15:34:29Z
reccH35qOvFMdPIAD,Rose Car Rental & Leasing,Wedding Cars,Wedding Car,,+65 9450 1437,,{'error': '#ERROR!'},+65 9450 1437 · Read wedding reviews for Rose Car Rental & Leasing,+65 9450 1437 · Read wedding reviews for Rose Car Rental & Leasing,,,,2025-01-04T15:34:28Z
recK4pQNm6iX6oXmN,Favoride (Favoride Car Rental),Wedding Cars,Wedding Car,,+65 9450 1989,http://www.favoridecarrental.com/,{'error': '#ERROR!'},+65 9450 1989 · Read wedding reviews for Favoride (Favoride Car Rental),+65 9450 1989 · Read wedding reviews for Favoride (Favoride Car Rental),,,,2025-01-04T15:34:28Z
recNYWjKOmq6Ur0Lo,Charlotte Vehicle Rental,Wedding Cars,Wedding Car,,,,{'error': '#ERROR!'},Read wedding reviews for Charlotte Vehicle Rental,Read wedding reviews for Charlotte Vehicle Rental,,,,2025-01-04T15:34:28Z
recyTTbK06Gal9B6z,The Wedding Limo Co,Wedding Cars,Wedding Car,,+65 6835 4600,http://theweddinglimo.co/,{'error': '#ERROR!'},+65 6835 4600 · Read wedding reviews for The Wedding Limo Co,+65 6835 4600 · Read wedding reviews for The Wedding Limo Co,,,,2025-01-04T15:34:29Z
recA3wldYUZy8oJRC,Posh Moments,Wedding Cars,Wedding Car,,+65 9691 4078,https://www.poshmoments.biz/,{'error': '#ERROR!'},+65 9691 4078 · Read wedding reviews for Posh Moments,+65 9691 4078 · Read wedding reviews for Posh Moments,,,,2025-01-04T15:34:29Z
rec3FB2KOgu1w5A4t,Royal Rides,Wedding Cars,Wedding Car,,+65 9007 5093,http://www.royalrides.sg/,{'error': '#ERROR!'},+65 9007 5093 · Read wedding reviews for Royal Rides,+65 9007 5093 · Read wedding reviews for Royal Rides,,,,2025-01-04T15:34:29Z
recpfMpZqKiqXodlJ,White Weddings,Wedding Cars,Wedding Car,,+65 6737 8938,,{'error': '#ERROR!'},+65 6737 8938 · Read wedding reviews for White Weddings,+65 6737 8938 · Read wedding reviews for White Weddings,,,,2025-01-04T15:34:29Z
recWihHAWNQILVt3w,Dreamy Drives,Wedding Cars,Wedding Car,,+65 9238 6914,,{'error': '#ERROR!'},+65 9238 6914 · Read wedding reviews for Dreamy Drives,+65 9238 6914 · Read wedding reviews for Dreamy Drives,,,,2025-01-04T15:34:29Z
recfNA60pe2QHGl2g,LuxeDrive,Wedding Cars,Wedding Car,,+65 8895 8532,https://luxedrive.sg/,{'error': '#ERROR!'},+65 8895 8532 · Read wedding reviews for LuxeDrive,+65 8895 8532 · Read wedding reviews for LuxeDrive,,,,2025-11-14T09:22:49Z
recPiNw5ROHcnQI3W,Theory of Two Studio,Wedding Favours,Wedding Favours,,+65 8205 5042,http://www.theoryoftwostudio.com/,926,"+65 8205 5042 · “Engaged Theory of Two Studio to get my wedding cards done, and it was definitely worth it and spectacular. The process was hassle free, seller was also giving prompt replies which makes everything easier and better. The products met my requirements and really satisfying. Very happy with my purchase and highly recommended to those who’d like to engage them. All the best Theory of Two Studio and may your business keeps blooming!”","+65 8205 5042 · “Engaged Theory of Two Studio to get my wedding cards done, and it was definitely worth it and spectacular. The process was hassle free, seller was also giving prompt replies which makes everything easier and better. The products met my requirements and really satisfying. Very happy with my purchase and highly recommended to those who’d like to engage them. All the best Theory of Two Studio and may your business keeps blooming!”",,,,2025-02-26T15:07:48Z
recNm2d0NxZXhb7hf,SG Wedding Favors,Wedding Favours,Wedding Favours,,+65 6278 9069,https://www.sgweddingfavors.com/,806,+65 6278 9069 · “Highly recommend this place to get wedding favours! Vimun was so kind and helpful throughout the process and helped attend to all my enquiries promptly. The wedding favours (mini jam jars) and custom sticker printing turned out wonderful and my family and I are very happy with the product 😄 delivery was also very quick! Wedding planning can get very stressful so I am very grateful to have found SG Wedding Favors who made sure I had nothing to worry about when it came to my doorgift. Big thank you to Vimun & team! 🙏”,+65 6278 9069 · “Highly recommend this place to get wedding favours! Vimun was so kind and helpful throughout the process and helped attend to all my enquiries promptly. The wedding favours (mini jam jars) and custom sticker printing turned out wonderful and my family and I are very happy with the product 😄 delivery was also very quick! Wedding planning can get very stressful so I am very grateful to have found SG Wedding Favors who made sure I had nothing to worry about when it came to my doorgift. Big thank you to Vimun & team! 🙏”,,,,2025-02-26T15:07:48Z
recD0vaPs2cD3Wjsy,Baecare: Aromatherapy Door Gifts,Wedding Favours,Wedding Favours,baebomzsg@gmail.com,97977916,https://baecare.my.canva.site/catalog,795,"Instagram: @baecare.sg · 97977916 · baebomzsg@gmail.com · “Fast delivery, order and the nxt day received. Packaging is definitely wow! Seller is very efficient! For the price I am paying definitely worth it. Receved with freegift too! Thankyou seller.”","Instagram: @baecare.sg · 97977916 · baebomzsg@gmail.com · “Fast delivery, order and the nxt day received. Packaging is definitely wow! Seller is very efficient! For the price I am paying definitely worth it. Receved with freegift too! Thankyou seller.”",,,,2026-01-08T07:02:52Z
recgi8dfZzvleGbJ3,Sweetest Moments Singapore,Wedding Favours,Wedding Favours,,+65 6286 2553,http://www.sweetestmoments.com.sg/,776,+65 6286 2553 · “Pleasant delivery and appreciative for arrange my wedding favours. Looking forward to my next order.”,+65 6286 2553 · “Pleasant delivery and appreciative for arrange my wedding favours. Looking forward to my next order.”,,,,2025-02-26T15:07:48Z
rectiv5yGSqQvgW0J,Berkat N' Gifts,Wedding Favours,Wedding Favours,,+65 8133 3765,https://berkatngifts.com/,676,"+65 8133 3765 · “I had the pleasure of working with Dayana ftom Berkat N' Gifts for the preparation of the berkat for my son's wedding, and I couldn't be more impressed. From start to finish, she was incredibly accommodating, ensuring that the berkat were beautifully prepared, decorated, and ready to be delivered right on time. When I requested to hold onto the berkat for an additional two weeks due to ongoing renovations at my house, Dayana went above and beyond to help me out. The berkat arrived in perfect condition, and they even exceeded my expectations! Dayana’s professionalism and attention to detail really shine through in the stunning design of each berkat. I’m confident that my guests will be just as impressed as I am. Thank you, Berkat N' Gifts, for your exceptional service and the beautiful berkat—you truly made this part of the wedding planning a breeze! 👍👍”","+65 8133 3765 · “I had the pleasure of working with Dayana ftom Berkat N' Gifts for the preparation of the berkat for my son's wedding, and I couldn't be more impressed. From start to finish, she was incredibly accommodating, ensuring that the berkat were beautifully prepared, decorated, and ready to be delivered right on time. When I requested to hold onto the berkat for an additional two weeks due to ongoing renovations at my house, Dayana went above and beyond to help me out. The berkat arrived in perfect condition, and they even exceeded my expectations! Dayana’s professionalism and attention to detail really shine through in the stunning design of each berkat. I’m confident that my guests will be just as impressed as I am. Thank you, Berkat N' Gifts, for your exceptional service and the beautiful berkat—you truly made this part of the wedding planning a breeze! 👍👍”",,,,2025-02-26T15:07:48Z
rec4WAPSJMo4d1Hcx,Gifts4Events,Wedding Favours,Wedding Favours,,+65 8056 8566,http://gifts4events.com/,646,+65 8056 8566 · “Excellent service and very understanding bunch of people. Ordered my door gifts for my wedding here and items were delivered on time. Would definitely consider therm again”,+65 8056 8566 · “Excellent service and very understanding bunch of people. Ordered my door gifts for my wedding here and items were delivered on time. Would definitely consider therm again”,,,,2025-02-26T15:07:48Z
recvBG6fyrU8TwKUB,Ancientouch,Wedding Favours,Wedding Favours,,+65 8790 6911,https://ancientouch.weebly.com/,566,+65 8790 6911 · “I love her Henna artwork. Really WOW!!!! Very detail and she's very skillful. I fall in love with her artwork when I view her profile..... Did not dissapooint me at all.... Make me a very happy bride. I definitely will sponsor my husband nieces once their turns come to be a bride... Thank you so much 😊😘”,+65 8790 6911 · “I love her Henna artwork. Really WOW!!!! Very detail and she's very skillful. I fall in love with her artwork when I view her profile..... Did not dissapooint me at all.... Make me a very happy bride. I definitely will sponsor my husband nieces once their turns come to be a bride... Thank you so much 😊😘”,,,,2025-02-26T15:07:48Z
recel5vxowKa8pmsg,HoneySpree,Wedding Favours,Wedding Favours,,+65 3138 5201,https://www.honeyspree.com/,438,+65 3138 5201 · “I was researching online for meaningful and useful wedding favour and chanced upon the mini honey jars that were packed by underprivileged stay home mums. I am so pleased with the actual product and quick response to my queries. All my guests also loved the gift and were snapped up (even though i ordered extras!). Do check them out if you need to source for a good gift! :)”,+65 3138 5201 · “I was researching online for meaningful and useful wedding favour and chanced upon the mini honey jars that were packed by underprivileged stay home mums. I am so pleased with the actual product and quick response to my queries. All my guests also loved the gift and were snapped up (even though i ordered extras!). Do check them out if you need to source for a good gift! :)”,,,,2025-02-26T15:07:48Z
rectxLygdAw9SMTYe,Shuang Xi Le Wedding,Wedding Favours,Wedding Favours,,+65 9189 6462,http://www.shuangxile.com/,342,+65 9189 6462 · “Very pleasant and patient staff who took time to explain or answer our queries regarding Chinese wedding customary practices.”,+65 9189 6462 · “Very pleasant and patient staff who took time to explain or answer our queries regarding Chinese wedding customary practices.”,,,,2025-02-26T15:07:48Z
recJAoNBeE2kNL8Ga,Berkat Wedding Favors Singapore,Wedding Favours,Wedding Favours,,+65 8569 3374,https://www.berkatweddingfavors.com/,342,"+65 8569 3374 · “Thank you for your excellent service! Really appreciated the efforts put into hand packing the choccys into cute wedding gifts, my guests loved it!”","+65 8569 3374 · “Thank you for your excellent service! Really appreciated the efforts put into hand packing the choccys into cute wedding gifts, my guests loved it!”",,,,2025-02-26T15:07:48Z
rectAlmkTODAT8ESz,Simply Wedding Favors,Wedding Favours,Wedding Favours,,+65 9751 8831,http://www.simply-wedding-favors.com/?utm_source=google&utm_medium=wix_google_business_profile&utm_campaign=6620714104031338216,{'error': '#ERROR!'},+65 9751 8831 · Read wedding reviews for Simply Wedding Favors,+65 9751 8831 · Read wedding reviews for Simply Wedding Favors,,,,2025-02-26T15:07:48Z
reciVLC91k6sy26K3,Ola Lola,Wedding Favours,Wedding Favours,,,http://www.ola-lola.com/,{'error': '#ERROR!'},Read wedding reviews for Ola Lola,Read wedding reviews for Ola Lola,,,,2025-02-26T15:07:48Z
recoaNPjpvHX1Gkda,Alegant Premiums,Wedding Favours,Wedding Favours,,+65 6298 0929,http://www.alegantpremiums.com.sg/,{'error': '#ERROR!'},+65 6298 0929 · Read wedding reviews for Alegant Premiums,+65 6298 0929 · Read wedding reviews for Alegant Premiums,,,,2025-02-26T15:07:48Z
recrLtfKvxNybv6jy,Gift Matters Singapore,Wedding Favours,Wedding Favours,,+65 8044 5399,https://giftmatters.co/,{'error': '#ERROR!'},+65 8044 5399 · Read wedding reviews for Gift Matters Singapore,+65 8044 5399 · Read wedding reviews for Gift Matters Singapore,,,,2025-02-26T15:07:48Z
recQmx6fj9aUQTh7K,Auguri,Wedding Favours,Wedding Favours,,+65 8332 9834,https://www.facebook.com/AuguriSg,{'error': '#ERROR!'},+65 8332 9834 · Read wedding reviews for Auguri,+65 8332 9834 · Read wedding reviews for Auguri,,,,2025-02-26T15:07:48Z
rectQfyHozWFkYHeM,CakeInspiration,Wedding Favours,Wedding Favours,,,https://www.cake-inspiration.com/,{'error': '#ERROR!'},Read wedding reviews for CakeInspiration,Read wedding reviews for CakeInspiration,,,,2025-03-21T14:35:18Z
rectQOOmRaoPkE4Zy,Tea Language - Customised Wedding Favours,Wedding Favours,Wedding Favours,hello@tealanguage.com.sg,90693575,https://tealanguage.com.sg/,{'error': '#ERROR!'},Instagram: @tealanguagesg · facebook.com/tealanguagesg · 90693575 · hello@tealanguage.com.sg · Read wedding reviews for Tea Language - Customised Wedding Favours,Instagram: @tealanguagesg · facebook.com/tealanguagesg · 90693575 · hello@tealanguage.com.sg · Read wedding reviews for Tea Language - Customised Wedding Favours,,,,2025-06-03T03:17:55Z
receAm4VLQuSoF1xg,En Presse,Wedding Favours,Wedding Favours,hello.enpresse@gmail.com,+6596172737,,{'error': '#ERROR!'},Instagram: @en.presse · +6596172737 · hello.enpresse@gmail.com · Read wedding reviews for En Presse,Instagram: @en.presse · +6596172737 · hello.enpresse@gmail.com · Read wedding reviews for En Presse,,,,2025-10-05T05:00:28Z
recdhgEFKvIGOEJRG,Lovesignia,Engagement Rings,Rings & Jewelry,,+65 9797 1062,https://www.instagram.com/lovesignia/,960,"+65 9797 1062 · “absolutely love the experience here!! Rachel was super patient and nice throughout the whole process, as a very indecisive couple, Rachel was very kind to provide her opinions and give us suggestions which make the customisation process smoother. I personally think that they have wide variety of options to choose from and whats best is that it is fully customisable!! From choosing the colours to the amount of diamonds you want on your rings! Not only that, i was able to choose what i want to engrave on the rings. All of this was done in an affordable price and super fuss-free! All in all, I am glad to come across Lovesignia and would highly recommend to couples who are looking for wedding bands :D”","+65 9797 1062 · “absolutely love the experience here!! Rachel was super patient and nice throughout the whole process, as a very indecisive couple, Rachel was very kind to provide her opinions and give us suggestions which make the customisation process smoother. I personally think that they have wide variety of options to choose from and whats best is that it is fully customisable!! From choosing the colours to the amount of diamonds you want on your rings! Not only that, i was able to choose what i want to engrave on the rings. All of this was done in an affordable price and super fuss-free! All in all, I am glad to come across Lovesignia and would highly recommend to couples who are looking for wedding bands :D”",,,,2025-01-05T05:33:50Z
recjOcFUjM5RKZrxm,KOBO Jewellery,Engagement Rings,Rings & Jewelry,,+65 8890 8552,http://kobojewellery.com/,959,"+65 8890 8552 · “It was a fun experience, adding memory & meaning on our wedding band🪐”","+65 8890 8552 · “It was a fun experience, adding memory & meaning on our wedding band🪐”",,,,2025-01-05T05:33:49Z
recayIKYXSh7wlitR,Les Precieux,Engagement Rings,Rings & Jewelry,,+65 9647 2673,https://www.lesprecieux.com/,954,"+65 9647 2673 · “Great service from Janice! She is friendly and highly patience, even suggested us plenty of designs for our customization. Great place to check out for engagement and wedding ring.”","+65 9647 2673 · “Great service from Janice! She is friendly and highly patience, even suggested us plenty of designs for our customization. Great place to check out for engagement and wedding ring.”",,,,2025-01-05T05:33:49Z
recuhr0fu09s4JLku,Diamond Ateliers,Engagement Rings,Rings & Jewelry,,+65 9788 4081,https://diamondateliers.com/,946,"+65 9788 4081 · “My partner and I had the pleasure of working with Patrina at Diamond Atelier to create an engagement ring and two highly customized wedding bands. The final pieces were exactly as we envisioned—beautifully crafted and of exceptional quality. After extensive research on lab-grown diamonds in Singapore, we found Diamond Atelier to be the most affordable option without compromising on quality or service. Patrina was an excellent communicator throughout the process, helping us understand each step and advising us on the practicality of our designs. Her expertise and guidance made the entire experience smooth and enjoyable. We are extremely satisfied with the outcome and are even considering returning to customize other accessories in the future. Highly recommend!”","+65 9788 4081 · “My partner and I had the pleasure of working with Patrina at Diamond Atelier to create an engagement ring and two highly customized wedding bands. The final pieces were exactly as we envisioned—beautifully crafted and of exceptional quality. After extensive research on lab-grown diamonds in Singapore, we found Diamond Atelier to be the most affordable option without compromising on quality or service. Patrina was an excellent communicator throughout the process, helping us understand each step and advising us on the practicality of our designs. Her expertise and guidance made the entire experience smooth and enjoyable. We are extremely satisfied with the outcome and are even considering returning to customize other accessories in the future. Highly recommend!”",,,,2025-01-05T05:33:45Z
recAWxq4oFZPiRmCB,CARRIE K.,Engagement Rings,Rings & Jewelry,,+65 9061 2880,http://www.carriekrocks.com/,943,"+65 9061 2880 · “– Came across a Carrie K ring at the wedding of GY & V. With an ethos to create meaningful fine jewellery that celebrates love and life, Carrie K pieces definitely stand out amongst the many options out there when it comes to wedding bands and rings. This subtle natural stone piece was perfect on bride V who wore an effortlessly chic jumpsuit at her wedding lunch.”","+65 9061 2880 · “– Came across a Carrie K ring at the wedding of GY & V. With an ethos to create meaningful fine jewellery that celebrates love and life, Carrie K pieces definitely stand out amongst the many options out there when it comes to wedding bands and rings. This subtle natural stone piece was perfect on bride V who wore an effortlessly chic jumpsuit at her wedding lunch.”",,,,2025-01-05T05:33:45Z
rechn2thJt53Dq5XG,Vivo Diamonds,Engagement Rings,Rings & Jewelry,,+65 6836 3789,http://www.vivodiamonds.com/,934,"+65 6836 3789 · “We continue to enjoy excellent service with the Vivo team. They have been our trusted partner for 4+ years. Consistently great service for the creation of my engagement ring, wedding rings and restoration work.”","+65 6836 3789 · “We continue to enjoy excellent service with the Vivo team. They have been our trusted partner for 4+ years. Consistently great service for the creation of my engagement ring, wedding rings and restoration work.”",,,,2025-01-05T05:33:53Z
recQMnf7oAq7jW80H,ALUXE Tampines1,Engagement Rings,Rings & Jewelry,,+65 8111 4893,https://www.aluxe.com/sg-en,930,"+65 8111 4893 · “We had an incredible experience ordering our wedding bands from Aluxe! From start to finish, the service was impeccable. Shirley went above and beyond to help us find the perfect bands. She was knowledgeable, patient, and truly cared about making our experience special. If you’re looking for high-quality jewellery and exceptional service, I highly recommend Aluxe. Be sure to ask for Shirley—she’ll make your experience unforgettable!”","+65 8111 4893 · “We had an incredible experience ordering our wedding bands from Aluxe! From start to finish, the service was impeccable. Shirley went above and beyond to help us find the perfect bands. She was knowledgeable, patient, and truly cared about making our experience special. If you’re looking for high-quality jewellery and exceptional service, I highly recommend Aluxe. Be sure to ask for Shirley—she’ll make your experience unforgettable!”",,,,2025-01-05T05:33:42Z
recVFMKqBf7ixalHJ,ith singapore,Engagement Rings,Rings & Jewelry,,+65 8522 5397,https://ith-rings.sg/singapore?utm_source=mybusiness&utm_medium=organic&utm_campaign=singapore,927,"+65 8522 5397 · “We couldn’t be happier with our experience at ith. Claire, our amazing concierge, went above and beyond for us, spending over 10 hours in total to make sure every detail was perfect. Each session felt so personalised and she walked us through every aspect of the process with care and patience. We purchased both our engagement ring and wedding bands here, and this was the very first step in our wedding and marriage preparations. Claire made the entire experience so enjoyable and memorable, setting the tone for such a special chapter in our lives. We were absolutely thrilled with the final outcome. It exceeded all our expectations. We wholeheartedly recommend ith to any couple looking for a truly exceptional and personal experience. Thank you so much Claire, for making this milestone even more meaningful! 🤍”","+65 8522 5397 · “We couldn’t be happier with our experience at ith. Claire, our amazing concierge, went above and beyond for us, spending over 10 hours in total to make sure every detail was perfect. Each session felt so personalised and she walked us through every aspect of the process with care and patience. We purchased both our engagement ring and wedding bands here, and this was the very first step in our wedding and marriage preparations. Claire made the entire experience so enjoyable and memorable, setting the tone for such a special chapter in our lives. We were absolutely thrilled with the final outcome. It exceeded all our expectations. We wholeheartedly recommend ith to any couple looking for a truly exceptional and personal experience. Thank you so much Claire, for making this milestone even more meaningful! 🤍”",,,,2025-01-05T05:33:48Z
recdtV3VGCoLCLf9p,Jumbo Gold & Diamonds,Engagement Rings,Rings & Jewelry,,+65 9188 4320,http://www.diamondtrader.com.sg/,924,"+65 9188 4320 · “I'm from Thailand. Bought the wedding ring for my soon to be wife here the quality is excellent. Very happy with the price, service, and quality.”","+65 9188 4320 · “I'm from Thailand. Bought the wedding ring for my soon to be wife here the quality is excellent. Very happy with the price, service, and quality.”",,,,2025-01-05T05:33:48Z
rec93SmIGLiUDt88Q,Gen. K Jewelry,Engagement Rings,Rings & Jewelry,,+65 8683 8488,https://www.genkjewelry.com/,923,+65 8683 8488 · “Iris was rly helpful & patient helping us decide which wedding band to choose. Also explained the processes very clearly. Would definitely be back again for a bespoke jade ring!”,+65 8683 8488 · “Iris was rly helpful & patient helping us decide which wedding band to choose. Also explained the processes very clearly. Would definitely be back again for a bespoke jade ring!”,,,,2025-01-05T05:33:47Z
recg5OEV4ipw775wN,Fat Anvil Studios,Engagement Rings,Rings & Jewelry,,,https://www.fatanvilstudios.com/,921,"“We did a wedding band workshop and it was such a pleasant experience from start to finish! Big thanks to rach and azri for helping distill our random and messy ideas into a true work of art. The crafting sessions were filled with good humour and music, we had zero experience going in and ended up producing something that surpassed our imagination, entirely thanks to their patient and structured guidance. Huge plus for letting our dog hang around too! Really good people.”","“We did a wedding band workshop and it was such a pleasant experience from start to finish! Big thanks to rach and azri for helping distill our random and messy ideas into a true work of art. The crafting sessions were filled with good humour and music, we had zero experience going in and ended up producing something that surpassed our imagination, entirely thanks to their patient and structured guidance. Huge plus for letting our dog hang around too! Really good people.”",,,,2025-01-05T05:33:46Z
recjCwIQoseUJiCr1,M&B Private Jewelers,Engagement Rings,Rings & Jewelry,,+65 8228 6018,https://www.m-and-b.com/,914,"+65 8228 6018 · “Before working with M&B to create my engagement ring and our wedding bands, my partner and I went to several other private and big-name jewelers, but none of them were as professional, knowledgeable, and proactive as Sharon and Mori. From the first time we walked in, we were treated with the utmost respect. We had a lot of questions, and all of them were answered, no matter how small or insignificant. To be frank, we didn't have very good experiences elsewhere—sales associates were often quite snobby—so M&B stood out because of their impeccable service from day one. I knew from the get-go that I didn't want a conventional round diamond—I was torn between an emerald or a pear cut. However, I couldn't actually visualize what would look better on my hand before going to M&B, as most other jewelers did not have stones within my desired carat range. M&B is home to Singapore's largest collection of fancy-cut natural diamonds, so I was able to try on and look at every single shape I could think of, from 3 carats all the way to a staggering 10. My partner and I did a lot of research about natural diamonds prior to our visit, so we weren't the easiest of clients. We were picky and looked beyond the 4Cs. The stone's dimensions, symmetry, polish, fluorescence, and lack of a bow-tie effect were important to us too. My partner even created an Excel sheet to keep track of every diamond that was sourced. I must applaud Sharon for her patience and dedication during that entire process, and Mori for still looking for other options even after we had shortlisted our diamond. The engagement ring design process was also intensive, with many changes due to indecisiveness on my part. The devil is in the details for me, and even when I had issues with how the prongs looked, Sharon understood and helped rectify it with no judgment. For my partner's wedding band, Mori made sure to source the best diamond—D, IF, excellent symmetry, excellent polish, and no fluorescence—at an incredible price. Once again, Sharon facilitated the entire process brilliantly. We’re currently in the process of designing my eternity wedding band (our third piece from M&B), and I can safely say that our experience has been consistently top-notch. If you are looking for a private jeweler who can make your sparkly dreams come true, choose M&B.”","+65 8228 6018 · “Before working with M&B to create my engagement ring and our wedding bands, my partner and I went to several other private and big-name jewelers, but none of them were as professional, knowledgeable, and proactive as Sharon and Mori. From the first time we walked in, we were treated with the utmost respect. We had a lot of questions, and all of them were answered, no matter how small or insignificant. To be frank, we didn't have very good experiences elsewhere—sales associates were often quite snobby—so M&B stood out because of their impeccable service from day one. I knew from the get-go that I didn't want a conventional round diamond—I was torn between an emerald or a pear cut. However, I couldn't actually visualize what would look better on my hand before going to M&B, as most other jewelers did not have stones within my desired carat range. M&B is home to Singapore's largest collection of fancy-cut natural diamonds, so I was able to try on and look at every single shape I could think of, from 3 carats all the way to a staggering 10. My partner and I did a lot of research about natural diamonds prior to our visit, so we weren't the easiest of clients. We were picky and looked beyond the 4Cs. The stone's dimensions, symmetry, polish, fluorescence, and lack of a bow-tie effect were important to us too. My partner even created an Excel sheet to keep track of every diamond that was sourced. I must applaud Sharon for her patience and dedication during that entire process, and Mori for still looking for other options even after we had shortlisted our diamond. The engagement ring design process was also intensive, with many changes due to indecisiveness on my part. The devil is in the details for me, and even when I had issues with how the prongs looked, Sharon understood and helped rectify it with no judgment. For my partner's wedding band, Mori made sure to source the best diamond—D, IF, excellent symmetry, excellent polish, and no fluorescence—at an incredible price. Once again, Sharon facilitated the entire process brilliantly. We’re currently in the process of designing my eternity wedding band (our third piece from M&B), and I can safely say that our experience has been consistently top-notch. If you are looking for a private jeweler who can make your sparkly dreams come true, choose M&B.”",,,,2025-01-05T05:33:50Z
recuB76u3mayGNxGk,Authica Jewellery,Engagement Rings,Rings & Jewelry,,+65 8807 9960,https://authica-j.com/,912,"+65 8807 9960 · “From the initial discussion with Iris, everything was smooth, and they really did their best to adhere to our needs, even in terms of design! We were able to go down to the detail of showing them different images, and pointed out what part we wanted :) The result - We got a 3D image of our wedding band, and it turned out how we wanted to! So thank you so much to the Authica team, definitely will recommend friends!”","+65 8807 9960 · “From the initial discussion with Iris, everything was smooth, and they really did their best to adhere to our needs, even in terms of design! We were able to go down to the detail of showing them different images, and pointed out what part we wanted :) The result - We got a 3D image of our wedding band, and it turned out how we wanted to! So thank you so much to the Authica team, definitely will recommend friends!”",,,,2025-01-05T05:33:42Z
reckFTBsLUm0lD44M,L'Excellence Diamond,Engagement Rings,Rings & Jewelry,,+65 6589 8738,http://www.lexcellencediamond.com/,906,+65 6589 8738 · “L'Excellence delivered our custom wedding rings on short notice. The quality of the rings exceeded our expectations. Thank you to Sylvie for your professionalism and answering our questions.”,+65 6589 8738 · “L'Excellence delivered our custom wedding rings on short notice. The quality of the rings exceeded our expectations. Thank you to Sylvie for your professionalism and answering our questions.”,,,,2025-01-05T05:33:49Z
recIcvArPJxmVo4YI,LeCaine Gems – Millenia Walk,Engagement Rings,Rings & Jewelry,,+65 8020 0353,https://lecaine.com/,898,"+65 8020 0353 · “Made my engagement ring and now wedding band with LeCaine, the whole process from the very beginning has been exceptional. I appreciate the staffs attentiveness and patience with my requests, taking time to understand my needs and sharing their knowledge to help make inform decisions. I had a particular gem stone colour that I was looking for when making the engagement ring to propose to my Fiancé. It took a couple rounds of sourcing before finding the right colour and I am glad the team was able to source it which helped to make the proposal a successful and memorable one. Each time I step into the store the customer service has been excellent, I never felt rush which is something I greatly appreciate. Shoutout to Yao Wei and Ashley for making us feel comfortable and taking time to answer our questions!”","+65 8020 0353 · “Made my engagement ring and now wedding band with LeCaine, the whole process from the very beginning has been exceptional. I appreciate the staffs attentiveness and patience with my requests, taking time to understand my needs and sharing their knowledge to help make inform decisions. I had a particular gem stone colour that I was looking for when making the engagement ring to propose to my Fiancé. It took a couple rounds of sourcing before finding the right colour and I am glad the team was able to source it which helped to make the proposal a successful and memorable one. Each time I step into the store the customer service has been excellent, I never felt rush which is something I greatly appreciate. Shoutout to Yao Wei and Ashley for making us feel comfortable and taking time to answer our questions!”",,,,2025-01-05T05:33:49Z
recJqViCp4sR71Zx8,On Cheong Jewellery,Engagement Rings,Rings & Jewelry,,+65 6223 4788,https://oncheong.com/,897,"+65 6223 4788 · “I came to On Cheong to restore my engagement ring which was sentimental to me. Ms Hui Ting who served me was very pleasant, polite and patience when helping me with it. Although the ring was not from there, they still did an excellent job with the restoration making it look like as it was 15 yrs ago. I will surely recommend this place and will come back again for sure. Thank you Hui Ting!”","+65 6223 4788 · “I came to On Cheong to restore my engagement ring which was sentimental to me. Ms Hui Ting who served me was very pleasant, polite and patience when helping me with it. Although the ring was not from there, they still did an excellent job with the restoration making it look like as it was 15 yrs ago. I will surely recommend this place and will come back again for sure. Thank you Hui Ting!”",,,,2025-01-05T05:33:51Z
recjYMVFREn6xKYz7,MADLY Bespoke Jeweller,Engagement Rings,Rings & Jewelry,,+65 6650 1544,http://www.madly.com/,895,"+65 6650 1544 · “Madly deserves 6/5 stars 🌟! Their service, understanding of your design ask, knowledge of gems/settings and craftsmanship is unparalleled. It was truly a breeze to work with them to create my wedding band and engagement ring and I’m still in awe of it every time I look at it. Some attributes that stood out/ helped me in my jewellery creation experience - - Accommodating an external stone (A yellow diamond) - Recognising structural integrity and balance of the setting style (prongs, basket, pave type) with the Center stone. - The design team’s understanding of your design ask. Shoutout to Erica - who got what I wanted and sketched out the design in less than 5 mins from sharing my idea (see photo attached) - Madly’s prompt follow-ups via WhatsApp message/ calls for further refinement of the design. Giving us technical visuals soon after and showcasing the alternations of the design/new variations. - Quick turn around time of custom ring creation from sketch to delivery - around 4 weeks. - Providing a one time free size alteration and GST refund help. - High resolution images/videos of the ring after and insurance options for the ring. I’m beyond happy with the ring and get complimented on it all the time :)”","+65 6650 1544 · “Madly deserves 6/5 stars 🌟! Their service, understanding of your design ask, knowledge of gems/settings and craftsmanship is unparalleled. It was truly a breeze to work with them to create my wedding band and engagement ring and I’m still in awe of it every time I look at it. Some attributes that stood out/ helped me in my jewellery creation experience - - Accommodating an external stone (A yellow diamond) - Recognising structural integrity and balance of the setting style (prongs, basket, pave type) with the Center stone. - The design team’s understanding of your design ask. Shoutout to Erica - who got what I wanted and sketched out the design in less than 5 mins from sharing my idea (see photo attached) - Madly’s prompt follow-ups via WhatsApp message/ calls for further refinement of the design. Giving us technical visuals soon after and showcasing the alternations of the design/new variations. - Quick turn around time of custom ring creation from sketch to delivery - around 4 weeks. - Providing a one time free size alteration and GST refund help. - High resolution images/videos of the ring after and insurance options for the ring. I’m beyond happy with the ring and get complimented on it all the time :)”",,,,2025-01-05T05:33:50Z
recJq17zpp8E15nDW,Rachel P Jewels,Engagement Rings,Rings & Jewelry,,+65 6262 0428,https://rachelpjewels.com.sg/,882,"+65 6262 0428 · “Rachel was an absolute delight to work with. She was able to talk us through the entire process and gave us so many good ideas. The craftsmanship on our engagement ring was exceptional and she was able to match our energy. Replies were so prompt and she managed expectations and the timeline superbly. When our bespoke ring came out, we were blown away by its beauty. It was everything we wanted! Thank you, Rachel.”","+65 6262 0428 · “Rachel was an absolute delight to work with. She was able to talk us through the entire process and gave us so many good ideas. The craftsmanship on our engagement ring was exceptional and she was able to match our energy. Replies were so prompt and she managed expectations and the timeline superbly. When our bespoke ring came out, we were blown away by its beauty. It was everything we wanted! Thank you, Rachel.”",,,,2025-01-05T05:33:51Z
recRK92nZ69gLiuRg,Carat 55,Engagement Rings,Rings & Jewelry,,+65 8223 5855,http://www.carat55.com/,879,"+65 8223 5855 · “We got our wedding bands and si dian jin from Carat55, where we found a really good range of designs and great service from the team. Zoie was very thoughtful and meticulous in helping us select the designs, and was intentional in understanding our considerations and preferences before recommending suitable pieces. Carat55 offers modern and really pretty designs that can be worn for weddings, special occasions, and to elevate your everyday look.”","+65 8223 5855 · “We got our wedding bands and si dian jin from Carat55, where we found a really good range of designs and great service from the team. Zoie was very thoughtful and meticulous in helping us select the designs, and was intentional in understanding our considerations and preferences before recommending suitable pieces. Carat55 offers modern and really pretty designs that can be worn for weddings, special occasions, and to elevate your everyday look.”",,,,2025-01-05T05:33:45Z
recQeSD0IkBhkocSr,Ciel Jewels,Engagement Rings,Rings & Jewelry,,+65 8823 9768,http://www.cieljewels.com/,867,"+65 8823 9768 · “After visiting several vendors in my search for the perfect wedding ring, I’m thrilled to say that I finally found the right place with Ciel. The experience was nothing short of exceptional from start to finish. Charlene displayed a remarkable level of professionalism and expertise. She took the time to understand my preferences and offered insightful recommendations that made the selection process smooth and enjoyable. The range of options available was impressive, and her guidance helped me find a ring that perfectly matched my vision. She was transparent about all details, from the quality of materials to the customization options, and her commitment to excellence was evident in every interaction. The final result exceeded all my expectations. The craftsmanship is exquisite, and the ring is a true reflection of her dedication to quality. I couldn’t be happier with my choice and the overall experience. If you’re looking for a vendor who combines professionalism with a personal touch and truly understands the importance of finding the perfect ring, I highly recommend Ciel. She made what could have been a stressful process a delightful journey, and I am grateful for her exceptional service.”","+65 8823 9768 · “After visiting several vendors in my search for the perfect wedding ring, I’m thrilled to say that I finally found the right place with Ciel. The experience was nothing short of exceptional from start to finish. Charlene displayed a remarkable level of professionalism and expertise. She took the time to understand my preferences and offered insightful recommendations that made the selection process smooth and enjoyable. The range of options available was impressive, and her guidance helped me find a ring that perfectly matched my vision. She was transparent about all details, from the quality of materials to the customization options, and her commitment to excellence was evident in every interaction. The final result exceeded all my expectations. The craftsmanship is exquisite, and the ring is a true reflection of her dedication to quality. I couldn’t be happier with my choice and the overall experience. If you’re looking for a vendor who combines professionalism with a personal touch and truly understands the importance of finding the perfect ring, I highly recommend Ciel. She made what could have been a stressful process a delightful journey, and I am grateful for her exceptional service.”",,,,2025-01-05T05:33:45Z
recA3sfEt0udy9GHj,Temple & Grace Jewellery,Engagement Rings,Rings & Jewelry,,+65 3106 4614,http://www.templeandgrace.sg/,863,"+65 3106 4614 · “We bought our wedding rings from Janice. She was great, very responsive on emails. This was very important as we had very little time between choosing our wedding rings and the wedding date itself”","+65 3106 4614 · “We bought our wedding rings from Janice. She was great, very responsive on emails. This was very important as we had very little time between choosing our wedding rings and the wedding date itself”",,,,2025-01-05T05:33:53Z
recCIkW1uaZpsioxr,The Better Diamond,Engagement Rings,Rings & Jewelry,,+65 8861 4491,http://www.thebetterdiamond.com/,857,+65 8861 4491 · “Thank you Adeline & team for helping us create our proposal ring and wedding bands of our dreams! The entire design experience was seamless and tailored exactly to our needs. We also appreciated that the team also acceded to our request of resizing my wedding band after losing weight 😅 Happy to refer friends and family to The Better Diamond!”,+65 8861 4491 · “Thank you Adeline & team for helping us create our proposal ring and wedding bands of our dreams! The entire design experience was seamless and tailored exactly to our needs. We also appreciated that the team also acceded to our request of resizing my wedding band after losing weight 😅 Happy to refer friends and family to The Better Diamond!”,,,,2025-01-05T05:33:53Z
recv1f2B3kCC7Z87m,Benny's Gems Creations,Engagement Rings,Rings & Jewelry,,+65 6336 6833,https://bennysgems.com/,853,"+65 6336 6833 · “We came here to customize my wedding ring and we were very satisfied. I love the ring so much, very high quality. The staff here are very friendly and professional. We had a very great experience. Thanks Benny ! Special shoutout to Isabella!!”","+65 6336 6833 · “We came here to customize my wedding ring and we were very satisfied. I love the ring so much, very high quality. The staff here are very friendly and professional. We had a very great experience. Thanks Benny ! Special shoutout to Isabella!!”",,,,2025-01-05T05:33:43Z
recN9wqJPTDXG9Mve,eClarity,Engagement Rings,Rings & Jewelry,,+65 9833 1220,https://www.eclarity.com.sg/,849,+65 9833 1220 · “We had a great experience with eClarity! I bought both proposal and wedding bands with them and had all the support from Amanda and Lucas from the very beginning. The communication with them is always very smooth and effective. They will do their best to help you find the piece you are looking for.”,+65 9833 1220 · “We had a great experience with eClarity! I bought both proposal and wedding bands with them and had all the support from Amanda and Lucas from the very beginning. The communication with them is always very smooth and effective. They will do their best to help you find the piece you are looking for.”,,,,2025-01-05T05:33:46Z
recmyeztSWfMVpW1m,Artisan Jewellery,Engagement Rings,Rings & Jewelry,,+65 9863 2838,https://www.instagram.com/artisanjewel?igsh=MTU0cDVsb216Y2R2OQ==,839,"+65 9863 2838 · “Ric was very attentive to detail, especially since we had a unique wedding band design. His service was nothing short of impressive, and was surprisngly responsive when engaging over text. The wedding band turned out even better than we had envisioned, thanks to Ric's professional advice.”","+65 9863 2838 · “Ric was very attentive to detail, especially since we had a unique wedding band design. His service was nothing short of impressive, and was surprisngly responsive when engaging over text. The wedding band turned out even better than we had envisioned, thanks to Ric's professional advice.”",,,,2025-01-05T05:33:42Z
rec0eueIBdnsCvKxm,28MM Studios,Engagement Rings,Rings & Jewelry,,+65 8884 8821,https://28-mm.com/pages/workshop,839,"+65 8884 8821 · “Had a great time learning to make our own rings! The instructors were very knowledgeable, kind and guided us throughout our whole process. Had some fun chat about our pet cats too. The whole workshop had a great ambience, neat and tidy. And of course, our rings came out amazing! 100% recommended if you’re looking to do something unique for a special day!”","+65 8884 8821 · “Had a great time learning to make our own rings! The instructors were very knowledgeable, kind and guided us throughout our whole process. Had some fun chat about our pet cats too. The whole workshop had a great ambience, neat and tidy. And of course, our rings came out amazing! 100% recommended if you’re looking to do something unique for a special day!”",,,,2025-01-05T05:33:42Z
recN27z8XH370fsEG,MarkGabriel Fine Jewellers,Engagement Rings,Rings & Jewelry,,+65 9188 4320,http://www.markgabrielfine.com/,839,+65 9188 4320 · “Amazing experience purchasing engagement and wedding rings with help from Gabriel. He was very knowledgeable and attentive to detail. The quality of the rings are exceptional. Thank you so much Gab!”,+65 9188 4320 · “Amazing experience purchasing engagement and wedding rings with help from Gabriel. He was very knowledgeable and attentive to detail. The quality of the rings are exceptional. Thank you so much Gab!”,,,,2025-01-05T05:33:50Z
recDVoPKdFMtmkVm1,Diamondlite,Engagement Rings,Rings & Jewelry,,+65 6338 5702,https://www.diamondliteintl.com/,832,"+65 6338 5702 · “My husband and I visited Diamondlite in May'24, decided our ring designs, and collected them in a month's time (granted our designs weren't too complicated - mine was an 18K rose gold half eternity ring and my husband got an 18K white gold ring). Winston was very patient and passionate in showcasing and explaining the different gemstones, natural vs lab grown diamonds that he had and the designs we could go for. Very genuine guy who has been in this industry for over 40 years! Would recommend to anyone who is looking for a proposal / wedding ring :)”","+65 6338 5702 · “My husband and I visited Diamondlite in May'24, decided our ring designs, and collected them in a month's time (granted our designs weren't too complicated - mine was an 18K rose gold half eternity ring and my husband got an 18K white gold ring). Winston was very patient and passionate in showcasing and explaining the different gemstones, natural vs lab grown diamonds that he had and the designs we could go for. Very genuine guy who has been in this industry for over 40 years! Would recommend to anyone who is looking for a proposal / wedding ring :)”",,,,2025-01-05T05:33:45Z
recIuo3dwRiTAk3DX,GJS Jewellery,Engagement Rings,Rings & Jewelry,,+65 6734 5089,,832,+65 6734 5089 · “My mom had several pieces made for my recent wedding! They were absolutely beautiful and made the event even more special.”,+65 6734 5089 · “My mom had several pieces made for my recent wedding! They were absolutely beautiful and made the event even more special.”,,,,2025-01-05T05:33:47Z
recL0EufB9FSkqdGs,ALUXE JEM,Engagement Rings,Rings & Jewelry,,+65 8111 5690,https://www.aluxe.com/sg-en,806,+65 8111 5690 · “Went for wedding fair and Melody helped to guide us throughout the ring selection. We found our wedding bands eventually and is excited for the final products. Thank you so much!”,+65 8111 5690 · “Went for wedding fair and Melody helped to guide us throughout the ring selection. We found our wedding bands eventually and is excited for the final products. Thank you so much!”,,,,2025-01-05T05:33:42Z
recSF8nEkVSOdMZ4y,Gems Origin,Engagement Rings,Rings & Jewelry,,+65 8883 1830,http://www.gemsorigin.com/,806,+65 8883 1830 · “My husband got me a custom ring from Venessa for our wedding anniversary- and I absolutely love it! Truly appreciate the lengths she went thru to make sure that every detail is captured in my ring!”,+65 8883 1830 · “My husband got me a custom ring from Venessa for our wedding anniversary- and I absolutely love it! Truly appreciate the lengths she went thru to make sure that every detail is captured in my ring!”,,,,2025-01-05T05:33:47Z
recD7XgO4DIh68yoo,ORRO,Engagement Rings,Rings & Jewelry,,+65 6341 6500,https://www.orro.com/,806,"+65 6341 6500 · “Bought for our 13th year Wedding Anniversary for my wife a diamond ring, as she was in love n most wanted that from ur shop... Good price. Thanks for ur good service (a Chinese guy) who serve Us thru the purchased! 👍👍”","+65 6341 6500 · “Bought for our 13th year Wedding Anniversary for my wife a diamond ring, as she was in love n most wanted that from ur shop... Good price. Thanks for ur good service (a Chinese guy) who serve Us thru the purchased! 👍👍”",,,,2025-01-05T05:33:51Z
recU2AUdowJWsgZ0x,Han Xiang Jewellery,Engagement Rings,Rings & Jewelry,,+65 9114 1753,http://hanxiangjewellery.com/,785,"+65 9114 1753 · “We had a very pleasant experience getting our wedding bands customised by Alan. Appreciate the patience in going through different iterations of designing, as well as giving honest advice on what works best for us. Will definitely recommend to anyone!”","+65 9114 1753 · “We had a very pleasant experience getting our wedding bands customised by Alan. Appreciate the patience in going through different iterations of designing, as well as giving honest advice on what works best for us. Will definitely recommend to anyone!”",,,,2025-01-05T05:33:48Z
rec9mRbrwrHcHNvfb,More than Diamonds,Engagement Rings,Rings & Jewelry,,+65 8181 3649,http://www.morethandiamonds.com.sg/,785,"+65 8181 3649 · “I recently sought to recustomize our wedding and engagement rings and discovered MoreThanDiamonds. From the very first encounter, Sara and Chris impressed me with their warmth, professionalism, and expertise. Their attentive approach made me confident in entrusting them with my cherished rings. When the final designs were completed, they turned out even better than we had imagined—we truly love them! The entire experience was seamless and personal, and I highly recommend MoreThanDiamonds for anyone looking for exceptional craftsmanship and service.”","+65 8181 3649 · “I recently sought to recustomize our wedding and engagement rings and discovered MoreThanDiamonds. From the very first encounter, Sara and Chris impressed me with their warmth, professionalism, and expertise. Their attentive approach made me confident in entrusting them with my cherished rings. When the final designs were completed, they turned out even better than we had imagined—we truly love them! The entire experience was seamless and personal, and I highly recommend MoreThanDiamonds for anyone looking for exceptional craftsmanship and service.”",,,,2025-01-05T05:33:51Z
recIiXWvFmxIqiQqi,Facets Singapore,Engagement Rings,Rings & Jewelry,,+65 6235 1724,https://facetsingapore.com/,772,"+65 6235 1724 · “My first time buying any form of jewellery. I visited them in February 2024 and had my proposal ring made by them. My fiancé loved it. We are definitely get our wedding bands from Facets.Very thankful to Suresh and Nashley. They patiently guided me, made everything simple and fuss-free. Learnt a lot about Diamonds and rings design.”","+65 6235 1724 · “My first time buying any form of jewellery. I visited them in February 2024 and had my proposal ring made by them. My fiancé loved it. We are definitely get our wedding bands from Facets.Very thankful to Suresh and Nashley. They patiently guided me, made everything simple and fuss-free. Learnt a lot about Diamonds and rings design.”",,,,2025-01-05T05:33:46Z
recR6N8UIUnuNaHnQ,LeCaine Gems – Online,Engagement Rings,Rings & Jewelry,,+65 8020 0353,https://lecaine.com/,772,"+65 8020 0353 · “Got to know about LeCaine Gems through a friend and decided to give them a try. I had no knowledge about gems prior and had wanted an engagement ring, Ashley walked me through for knowledge and recommendations as well as the full customisation of my ring patiently, step by step. Very appreciative of the help rendered to me. My proposal was a success! and even my fiancée said lets go back to LeCaine Gems for our wedding band! Thats how pretty and unique my ring was! Thumbs up to Ashley and Hubby!! Highly recommended!”","+65 8020 0353 · “Got to know about LeCaine Gems through a friend and decided to give them a try. I had no knowledge about gems prior and had wanted an engagement ring, Ashley walked me through for knowledge and recommendations as well as the full customisation of my ring patiently, step by step. Very appreciative of the help rendered to me. My proposal was a success! and even my fiancée said lets go back to LeCaine Gems for our wedding band! Thats how pretty and unique my ring was! Thumbs up to Ashley and Hubby!! Highly recommended!”",,,,2025-01-05T05:33:49Z
recaG6eFJD9FlYrz9,Alex Wong Jewellery,Engagement Rings,Rings & Jewelry,,+65 9111 6163,https://www.alexwong.com.sg/,758,+65 9111 6163 · “I read about Alex Wong in Vogue and knew I wanted to find his shop in Singapore for my 10th wedding anniversary ring. The whole experience did not disappoint! The selection of jewellery is amazing and his shop is just stunning. I absolutely love my ring and would definitely recommend this store! Thank you!”,+65 9111 6163 · “I read about Alex Wong in Vogue and knew I wanted to find his shop in Singapore for my 10th wedding anniversary ring. The whole experience did not disappoint! The selection of jewellery is amazing and his shop is just stunning. I absolutely love my ring and would definitely recommend this store! Thank you!”,,,,2025-01-05T05:33:42Z
recvBN0Lr8OVbdUj7,ORRO (SingPost Centre Showroom),Engagement Rings,Rings & Jewelry,,+65 6747 9932,https://www.orro.com/,741,+65 6747 9932 · “Thank u orro and give us a nice right and suitable for our engagement”,+65 6747 9932 · “Thank u orro and give us a nice right and suitable for our engagement”,,,,2025-01-05T05:33:51Z
rec4jRpPReWoT132x,Stone Aurate,Engagement Rings,Rings & Jewelry,,,http://www.stoneaurate.com/,741,"“My fiancee and I were looking to get something non conventional and Daphne was more than happy to help us make our ring possible. We appreciate that she was so accommodating to us and brought our vision to life. The whole process was fun for us and she was also thoughtful, giving good advices and inputs throughout the process. Stone Aurate is a place that lets you be as creative as you want, the selection of gems/stones were amazing. Daphne is knowledgeable in the field and was such a great help! We look forward to designing our wedding bands with her in the future :)”","“My fiancee and I were looking to get something non conventional and Daphne was more than happy to help us make our ring possible. We appreciate that she was so accommodating to us and brought our vision to life. The whole process was fun for us and she was also thoughtful, giving good advices and inputs throughout the process. Stone Aurate is a place that lets you be as creative as you want, the selection of gems/stones were amazing. Daphne is knowledgeable in the field and was such a great help! We look forward to designing our wedding bands with her in the future :)”",,,,2025-01-05T05:33:53Z
recVMH68TqZiy7AUu,Vault Fine Jewellery,Engagement Rings,Rings & Jewelry,,+65 9691 2136,http://www.vaultfinejewellery.com/,741,"+65 9691 2136 · “Vault Fine is amazing! Jocelyn has been a pleasure to work with to create my engagement ring 💍 I found the gem stone that stood out most to me from her beautiful collection of gems, and the result was just lovely. Her knowledge of the craft really made my experience of creating a bespoke ring a lot less daunting. However, I had a mishap with my ring - and again, Jocelyn was able to save my ring and gave it a bezel. In the end, the final look of my ring was even better than the original! 😍 Thank you so much! Highly recommend 👍🏻”","+65 9691 2136 · “Vault Fine is amazing! Jocelyn has been a pleasure to work with to create my engagement ring 💍 I found the gem stone that stood out most to me from her beautiful collection of gems, and the result was just lovely. Her knowledge of the craft really made my experience of creating a bespoke ring a lot less daunting. However, I had a mishap with my ring - and again, Jocelyn was able to save my ring and gave it a bezel. In the end, the final look of my ring was even better than the original! 😍 Thank you so much! Highly recommend 👍🏻”",,,,2025-01-05T05:33:53Z
rec4TkMs8oFRIzl8i,Eclat by Oui,Engagement Rings,Rings & Jewelry,,,https://www.eclatbyoui.com/,733,"“I bought Cluster Marquise Ear Studs and it’s such a gorgeous and timeless piece! I love it so much! You can wear this for any occasions, I wear this daily for work and sometimes even to party! Quality is great and really sparkly too, many colleagues asked where I got my earrings from~ Im looking forward to purchase Stephanie earrings and Cluster Marquise Tennis Bracelet for my wedding day too, pretty please Eclat, would you kindly sponsor me? Hehehe🥰 Additionally, I went to the store at 313 to try on the bracelet to find out the size that best fits me and the lady was 100% helpful and lovely! I actually spent a good 20 mins chatting with her. 😂”","“I bought Cluster Marquise Ear Studs and it’s such a gorgeous and timeless piece! I love it so much! You can wear this for any occasions, I wear this daily for work and sometimes even to party! Quality is great and really sparkly too, many colleagues asked where I got my earrings from~ Im looking forward to purchase Stephanie earrings and Cluster Marquise Tennis Bracelet for my wedding day too, pretty please Eclat, would you kindly sponsor me? Hehehe🥰 Additionally, I went to the store at 313 to try on the bracelet to find out the size that best fits me and the lady was 100% helpful and lovely! I actually spent a good 20 mins chatting with her. 😂”",,,,2025-01-05T05:33:46Z
recywADqXinLtCA6Q,Fujimori Kajita Takashimaya Department Store,Engagement Rings,Rings & Jewelry,,+65 8926 3858,https://www.fujimorikajita.com/,733,+65 8926 3858 · “The staff at the Takashimaya outlet were very friendly and kept ensuring with me that the design of the wedding band is what I had in mind. Loved how the rings turned out!”,+65 8926 3858 · “The staff at the Takashimaya outlet were very friendly and kept ensuring with me that the design of the wedding band is what I had in mind. Loved how the rings turned out!”,,,,2025-01-05T05:33:47Z
recQnD5fAOCSyPYYu,Gem By Gems,Engagement Rings,Rings & Jewelry,,+65 9853 3174,http://gembygems.live/,722,+65 9853 3174 · “Very satisfied with our wedding rings purchased. High quality customised rings. Can even refurbish old rings and made better than original condition.”,+65 9853 3174 · “Very satisfied with our wedding rings purchased. High quality customised rings. Can even refurbish old rings and made better than original condition.”,,,,2025-01-05T05:33:47Z
recjnvw0r8YSaxZFu,Abiraame Popular Jewellers,Engagement Rings,Rings & Jewelry,,+65 6291 8291,http://www.apjsingapore.com/,701,"+65 6291 8291 · “Purchased wedding jewellery here. Fair prices and transparent explanations, good shopping spot for gold!”","+65 6291 8291 · “Purchased wedding jewellery here. Fair prices and transparent explanations, good shopping spot for gold!”",,,,2025-01-05T05:33:42Z
recxCAgilctateqk4,Infiniti Jewels,Engagement Rings,Rings & Jewelry,,+65 6224 0011,http://www.infinitijewels.com.sg/,701,"+65 6224 0011 · “A heartfelt appreciation to everyone at Infiniti Jewels, with special gratitude to Saagar. Thanks to him, I discovered a beautiful piece of jewelry at an excellent price. Their impeccable service ensured that I received the perfect ring I was looking for in a remarkably short time, just in time for my wedding day!”","+65 6224 0011 · “A heartfelt appreciation to everyone at Infiniti Jewels, with special gratitude to Saagar. Thanks to him, I discovered a beautiful piece of jewelry at an excellent price. Their impeccable service ensured that I received the perfect ring I was looking for in a remarkably short time, just in time for my wedding day!”",,,,2025-01-05T05:33:48Z
recwQLSOPZ0uWqEOW,The Canary Diamond Co.,Engagement Rings,Rings & Jewelry,,+65 6736 3383,http://www.thecanarydiamond.com/,695,+65 6736 3383 · “Thank you Jen for helping to make our dream engagement ring and wedding bands. She has been really responsive to questions that we may have (and I had plenty of questions!). The customisation also came exactly like how I wanted it to be. They also have one of the shortest lead time for customised rings. We would 100% recommend making your rings at Canary!”,+65 6736 3383 · “Thank you Jen for helping to make our dream engagement ring and wedding bands. She has been really responsive to questions that we may have (and I had plenty of questions!). The customisation also came exactly like how I wanted it to be. They also have one of the shortest lead time for customised rings. We would 100% recommend making your rings at Canary!”,,,,2025-01-05T05:33:53Z
recKBuE4uXI5KAQS3,Dianoche Diamonds Jewelry,Engagement Rings,Rings & Jewelry,,+65 8854 3241,https://dianoche.com.sg/,686,"+65 8854 3241 · “Lengthy essay ahead. Long story short, they ended up refunding but left us with a traumatic and disappointing experience. Wasted our time (around 4 months excluding the time when we first started designing the ring back in January), our effort in a once in a life time engagement preparation 😭 We customised our engagement ring and wedding band with them after seeing so many 5 stars reviews, the diamond was ok, design simple yet ok, wedding band turned up acceptable, huge issue was on the ring setting of the engagement ring. We redo the setting not once, twice but 3 times still the issue can’t be resolved. (The diamond was a 0.70 carat F SI2 cut and polish is excellent while the symmetry is very good, GIA cert since April 2019 that cost $3600 together with ring setting it is $4380 in total). The ring is a basic 4 claws classic slightly twisted 14K white gold. There was symmetry issue with the claws, which one side is slight higher than another. It can be clearly seen with our eyes, but they can’t see it, they said it’s perfect for them. If you as a jeweller has issue about jewelry symmetry, a huge question mark on your professionalism. They said ring setting was done by subcontractors, then I would suggest you to change your partner, or ask them to improve their craftsmanship, but not expect your customer to accept that hand craft is “IMPERFECT”. I doubt that. (Do note that previously the ring band is not round as well after resizing, that have been resolved but not the symmetry issue) The male boss admitted the issue and promise to redo the setting, will “sit besides the craft man” and make sure everything is perfect for us. My concern is about the lady name Vri and another is a caucasian lady. (Pardon us for naming her in such a way as we don’t have her name we only remember the 1st person that serve us which is Gladys however she don’t seem to be there after resizing the ring) After the second adjustment on ring setting and resize, Vri did not agree the setting was off and insisted that if we asked for redo there’s nothing much can be further done. I couldn’t accept then she only called boss in to deal with us. Red flag. After the last adjustment, as we can still see the setting was odd, raising our concern, the Caucasian lady came to us and say “WHAT’S the issue now, can you explain? I believe this is the best we can do, I saw it perfectly. If you are unhappy, we can refund for you” yes this was her original line. Her tone of voice is very condescending. Instead of offering their apologies first that was their “direct reply” given to us. She said it’s her culture to speak directly and did apologise after that. Sorry I see no culture should be this rude, she can’t even let us finish our lines when we were trying to explain to them what their eyes CANNOT SEE. Using the excuse “from where I coming from is to speak directly” is clearly not acceptable in the service line. The issue we take here is their attitude and how they handle their customer in a situation that is caused by their shortfall. We truly believe one can be more tactful with theirs choice of words and attitude. They have over promise and under delivered. (something which the male boss have promise that he would ensure it would be perfect this time round) If they couldn't do they should not have promise it and wasted each other time. If they were to put themselves in the customer perspective when your wedding is up soon and your ring is not even ready how would you feel. PS: We have read your response and accepted your apologies, we wish your business all the best. We have edited Vri's name as well and offer our apologies on that as we miss her name out. PPS: There is no personal privacy of mine being protected when you have decided to use my full name 👍”","+65 8854 3241 · “Lengthy essay ahead. Long story short, they ended up refunding but left us with a traumatic and disappointing experience. Wasted our time (around 4 months excluding the time when we first started designing the ring back in January), our effort in a once in a life time engagement preparation 😭 We customised our engagement ring and wedding band with them after seeing so many 5 stars reviews, the diamond was ok, design simple yet ok, wedding band turned up acceptable, huge issue was on the ring setting of the engagement ring. We redo the setting not once, twice but 3 times still the issue can’t be resolved. (The diamond was a 0.70 carat F SI2 cut and polish is excellent while the symmetry is very good, GIA cert since April 2019 that cost $3600 together with ring setting it is $4380 in total). The ring is a basic 4 claws classic slightly twisted 14K white gold. There was symmetry issue with the claws, which one side is slight higher than another. It can be clearly seen with our eyes, but they can’t see it, they said it’s perfect for them. If you as a jeweller has issue about jewelry symmetry, a huge question mark on your professionalism. They said ring setting was done by subcontractors, then I would suggest you to change your partner, or ask them to improve their craftsmanship, but not expect your customer to accept that hand craft is “IMPERFECT”. I doubt that. (Do note that previously the ring band is not round as well after resizing, that have been resolved but not the symmetry issue) The male boss admitted the issue and promise to redo the setting, will “sit besides the craft man” and make sure everything is perfect for us. My concern is about the lady name Vri and another is a caucasian lady. (Pardon us for naming her in such a way as we don’t have her name we only remember the 1st person that serve us which is Gladys however she don’t seem to be there after resizing the ring) After the second adjustment on ring setting and resize, Vri did not agree the setting was off and insisted that if we asked for redo there’s nothing much can be further done. I couldn’t accept then she only called boss in to deal with us. Red flag. After the last adjustment, as we can still see the setting was odd, raising our concern, the Caucasian lady came to us and say “WHAT’S the issue now, can you explain? I believe this is the best we can do, I saw it perfectly. If you are unhappy, we can refund for you” yes this was her original line. Her tone of voice is very condescending. Instead of offering their apologies first that was their “direct reply” given to us. She said it’s her culture to speak directly and did apologise after that. Sorry I see no culture should be this rude, she can’t even let us finish our lines when we were trying to explain to them what their eyes CANNOT SEE. Using the excuse “from where I coming from is to speak directly” is clearly not acceptable in the service line. The issue we take here is their attitude and how they handle their customer in a situation that is caused by their shortfall. We truly believe one can be more tactful with theirs choice of words and attitude. They have over promise and under delivered. (something which the male boss have promise that he would ensure it would be perfect this time round) If they couldn't do they should not have promise it and wasted each other time. If they were to put themselves in the customer perspective when your wedding is up soon and your ring is not even ready how would you feel. PS: We have read your response and accepted your apologies, we wish your business all the best. We have edited Vri's name as well and offer our apologies on that as we miss her name out. PPS: There is no personal privacy of mine being protected when you have decided to use my full name 👍”",,,,2025-01-05T05:33:45Z
recpTEZ0UW76BCW8q,Poh Kim Jewellery,Engagement Rings,Rings & Jewelry,,+65 6271 9534,https://instagram.com/pohkimjewellery,680,"+65 6271 9534 · “Great experience here, getting my jewellery made. The staff are friendly and knowledgeable. I like it that there’s no pressure to purchase. The gem selection is impressive, I browsed through the company’s Instagram page where the gems are listed and the whole process starts with choosing the gem that I would like, then working with one of the staff, Aster, to create a design, which is then sent to a craftsman to create. Aster also communicated well on each step of the way, till the ring was ready. Lose gems can also be purchased. I purchased one of the available tsavorite, still deciding on what to do next with it. Even recommend to a friend, who brought in pieces of jade given to her, who partnered with a different person, and have them set in earrings and a necklace. Will return again to have some wedding jewellery made!”","+65 6271 9534 · “Great experience here, getting my jewellery made. The staff are friendly and knowledgeable. I like it that there’s no pressure to purchase. The gem selection is impressive, I browsed through the company’s Instagram page where the gems are listed and the whole process starts with choosing the gem that I would like, then working with one of the staff, Aster, to create a design, which is then sent to a craftsman to create. Aster also communicated well on each step of the way, till the ring was ready. Lose gems can also be purchased. I purchased one of the available tsavorite, still deciding on what to do next with it. Even recommend to a friend, who brought in pieces of jade given to her, who partnered with a different person, and have them set in earrings and a necklace. Will return again to have some wedding jewellery made!”",,,,2025-01-05T05:33:51Z
recC9RZLpTeBVaD2v,B.P. de Silva Jewellers,Engagement Rings,Rings & Jewelry,,+65 6473 8880,http://www.bpdesilvajewellers.com/,676,+65 6473 8880 · “I just want to share how very very happy I am with my 30th wedding anniversary ring! I spent a long time looking for a way to reset it without losing the essence originally designed by my husband. The whole process working with Regina was a joy. Her eye for detail and advice was invaluable as I was asking for a setting that other jewellers told me couldn’t be done. The biggest bonus was that Regina even accommodated an additional 76 pieces of diamonds to my solitaire making the ring a house of 77 diamonds - a sacred number dear to my husband and I as 7th July is our wedding anniversary. Thank you! 🥰”,+65 6473 8880 · “I just want to share how very very happy I am with my 30th wedding anniversary ring! I spent a long time looking for a way to reset it without losing the essence originally designed by my husband. The whole process working with Regina was a joy. Her eye for detail and advice was invaluable as I was asking for a setting that other jewellers told me couldn’t be done. The biggest bonus was that Regina even accommodated an additional 76 pieces of diamonds to my solitaire making the ring a house of 77 diamonds - a sacred number dear to my husband and I as 7th July is our wedding anniversary. Thank you! 🥰”,,,,2025-01-05T05:33:43Z
recjddHkWyVvrXvoU,Calla Lily Fine Jewellers,Engagement Rings,Rings & Jewelry,,+65 9772 9392,https://www.callalily.sg/,676,"+65 9772 9392 · “Impeccable service from Emily and Junny, who were very responsive, helpful and thoughtful throughout the process of customizing our wedding bands. They did a wonderful job designing and bringing our ideas to life, within our budget and during a tight timeline over the holidays. Love the studio, which is very welcoming and homey. Thank you for a great bespoke experience!!”","+65 9772 9392 · “Impeccable service from Emily and Junny, who were very responsive, helpful and thoughtful throughout the process of customizing our wedding bands. They did a wonderful job designing and bringing our ideas to life, within our budget and during a tight timeline over the holidays. Love the studio, which is very welcoming and homey. Thank you for a great bespoke experience!!”",,,,2025-01-05T05:33:43Z
rec5iOmpoRC2gMy4G,FonderDiamond Showroom,Engagement Rings,Rings & Jewelry,,+65 6991 0999,http://www.fonderdiamond.sg/,676,"+65 6991 0999 · “One of the best place to go for that customized diamond ring and ideal setting. George shared what to look out for in a diamond (specwise) while Jolene helped me choose the one based on my affordability. 1 trick is to browse their online diamond catalogue and choose the one you like according to your budget before going down to seek their opinion. For me, I saved 400sgd after Jolene managed to find another similar spec diamond during the consultation. Overall experience was impeccable and it helped make the wedding engagement process planning more bearable..”","+65 6991 0999 · “One of the best place to go for that customized diamond ring and ideal setting. George shared what to look out for in a diamond (specwise) while Jolene helped me choose the one based on my affordability. 1 trick is to browse their online diamond catalogue and choose the one you like according to your budget before going down to seek their opinion. For me, I saved 400sgd after Jolene managed to find another similar spec diamond during the consultation. Overall experience was impeccable and it helped make the wedding engagement process planning more bearable..”",,,,2025-01-05T05:33:46Z
rec7FwRYcT3dYHHJc,DEAR BEAUTY,Engagement Rings,Rings & Jewelry,,,http://www.dearbeauty.sg/,646,"“Urgently needed bridal accessories for my upcoming prewedding shoot and Dear Beauty graciously accommodated a last-minute appointment for me the following day. CY was incredibly sweet and personable, making me feel like I was chatting with a friend. She guided me through the selection process, suggesting items that she designed to match my bridal style and personality. I ended up purchasing a lovely tennis bracelet and spacer ring :) As someone with a smaller wrist, I also appreciated the custom sizing option for the bracelet which was done in just half an hour! Overall, I was impressed by the exceptional service and the beautiful array of items available.”","“Urgently needed bridal accessories for my upcoming prewedding shoot and Dear Beauty graciously accommodated a last-minute appointment for me the following day. CY was incredibly sweet and personable, making me feel like I was chatting with a friend. She guided me through the selection process, suggesting items that she designed to match my bridal style and personality. I ended up purchasing a lovely tennis bracelet and spacer ring :) As someone with a smaller wrist, I also appreciated the custom sizing option for the bracelet which was done in just half an hour! Overall, I was impressed by the exceptional service and the beautiful array of items available.”",,,,2025-01-05T05:33:45Z
reccuNzcUMYT6ZO7o,J'adorn Maison,Engagement Rings,Rings & Jewelry,,+65 8727 0411,http://www.jadornmaison.com/,646,"+65 8727 0411 · “I've already done a few pieces with Winnie, from my first ring almost a two years ago, a bangle, bracelet, and then now my engagement and wedding bands. I've been to many other shops along the way while deciding on the designs for our rings, but the service and quality of craftsmanship was sorely lacking compared to what I'm used to with what Winnie offers. Thank you Winnie, time and time again for making our vision and dreams come to life. And also being a dream to work with🥹”","+65 8727 0411 · “I've already done a few pieces with Winnie, from my first ring almost a two years ago, a bangle, bracelet, and then now my engagement and wedding bands. I've been to many other shops along the way while deciding on the designs for our rings, but the service and quality of craftsmanship was sorely lacking compared to what I'm used to with what Winnie offers. Thank you Winnie, time and time again for making our vision and dreams come to life. And also being a dream to work with🥹”",,,,2025-01-05T05:33:48Z
recDtmfBXWIWmdPhM,I-PRIMO Singapore Suntec Store,Engagement Rings,Rings & Jewelry,,+65 9017 7952,https://iprimo.sg/,646,+65 9017 7952 · “Attended to by Amber who was very patient in showing us their wide selection of rings. Would recommend getting engagement/wedding bands from here.”,+65 9017 7952 · “Attended to by Amber who was very patient in showing us their wide selection of rings. Would recommend getting engagement/wedding bands from here.”,,,,2025-01-05T05:33:48Z
recOnDi30a8QyTc0q,Meyson Jewellery - Meyson Building,Engagement Rings,Rings & Jewelry,,+65 6291 2622,https://www.meysonjewellery.com/,646,"+65 6291 2622 · “In search of our wedding ring, all the staff (Desmond, Angel, Chloe, Michelle, Chelsea) gave their professional opinion and advices and we were mainly served by Esmerelda and we loved how they impressed us with their understanding of our seperate individual tastes. Customer excellence was at a very high standard and really recommend Meyson Jewellery”","+65 6291 2622 · “In search of our wedding ring, all the staff (Desmond, Angel, Chloe, Michelle, Chelsea) gave their professional opinion and advices and we were mainly served by Esmerelda and we loved how they impressed us with their understanding of our seperate individual tastes. Customer excellence was at a very high standard and really recommend Meyson Jewellery”",,,,2025-01-05T05:33:50Z
recmbZugy6nA2G8Ab,Orient Jewellers Singapore,Engagement Rings,Rings & Jewelry,,+65 6253 3032,http://www.orientjewellers.com.sg/,646,+65 6253 3032 · “Bought our wedding gold here and we were assisted by Rebecca. Store had many designs and the service we received were incredible! Very friendly staff with great prices. Will recommend everyone to come by and check them out!”,+65 6253 3032 · “Bought our wedding gold here and we were assisted by Rebecca. Store had many designs and the service we received were incredible! Very friendly staff with great prices. Will recommend everyone to come by and check them out!”,,,,2025-01-05T05:33:51Z
recpccYfIAQdXAtdW,Sam & J Fine Jewellery,Engagement Rings,Rings & Jewelry,,,https://www.instagram.com/samandjofficial/,646,"“Amazing experience customising my wedding bands with Sam & J! Sam was incredibly responsive and very knowledgeable, with a wide variety of ideas and designs to help make the whole process seamless. High quality and gorgeous rings for a good price!”","“Amazing experience customising my wedding bands with Sam & J! Sam was incredibly responsive and very knowledgeable, with a wide variety of ideas and designs to help make the whole process seamless. High quality and gorgeous rings for a good price!”",,,,2025-01-05T05:33:51Z
recHvuFC3ppe0Z63N,Ministry Of Gemstones,Engagement Rings,Rings & Jewelry,,+65 9774 6323,https://www.ministryofgemstones.com/,646,+65 9774 6323 · “Beautiful piece from Ministry of Gemstones for our 10th Wedding Anniversary... Thank you Alex... You are Awesome....”,+65 9774 6323 · “Beautiful piece from Ministry of Gemstones for our 10th Wedding Anniversary... Thank you Alex... You are Awesome....”,,,,2025-01-05T05:33:51Z
recw8zpQxELhkrhhn,Arthesdam Jewellery,Engagement Rings,Rings & Jewelry,,+65 6299 1729,http://arthesdam.com.sg/,610,+65 6299 1729 · “Great experience in buying my wedding golds! Great service from Janice .. please look for her thr next time you guys go ! Great great service!”,+65 6299 1729 · “Great experience in buying my wedding golds! Great service from Janice .. please look for her thr next time you guys go ! Great great service!”,,,,2025-01-05T05:33:42Z
rec7meAZNYmBLyxzm,Pastel Jewels,Engagement Rings,Rings & Jewelry,,+65 9755 2039,https://instagram.com/pastel.jewels.sg?igshid=NTc4MTIwNjQ2YQ==,610,+65 9755 2039 · “I was in the midst of surveying wedding rings and was recommended by my friend to do my wedding ring here. I love the outcome of my ring as well as my wife’s ring! Yusri is a friendly person and gave some of his opinions on the design of the rings that we want for our wedding. I will recommend to my friends to customise their rings with him.”,+65 9755 2039 · “I was in the midst of surveying wedding rings and was recommended by my friend to do my wedding ring here. I love the outcome of my ring as well as my wife’s ring! Yusri is a friendly person and gave some of his opinions on the design of the rings that we want for our wedding. I will recommend to my friends to customise their rings with him.”,,,,2025-01-05T05:33:51Z
reciBWA3yJUAvEVVR,Orient Atelier Bespoke,Engagement Rings,Rings & Jewelry,,+65 8125 1338,http://www.orientatelier.com.sg/,610,"+65 8125 1338 · “Had a really pleasant experience getting my engagement ring done with Jean. She understood what I was looking for and even offered suggestions to enhance it even further. The final results is so good, the craftsmanship is also superb 👍”","+65 8125 1338 · “Had a really pleasant experience getting my engagement ring done with Jean. She understood what I was looking for and even offered suggestions to enhance it even further. The final results is so good, the craftsmanship is also superb 👍”",,,,2025-01-05T05:33:51Z
recEsOBFW0p4UpNpx,NDAG,Engagement Rings,Rings & Jewelry,,+65 9114 9023,http://ndagclub.com/,610,"+65 9114 9023 · “Contacted them at a super short notice (1 month) for my wedding present, they went above and beyond to ensure that my wife was in love with the presents. Nothing but huge appreciation for them”","+65 9114 9023 · “Contacted them at a super short notice (1 month) for my wedding present, they went above and beyond to ensure that my wife was in love with the presents. Nothing but huge appreciation for them”",,,,2025-01-05T05:33:51Z
recDxXZExzB82d2z1,Soosoomon Jewellery,Engagement Rings,Rings & Jewelry,,+65 8777 2756,https://soosoomon.com/,610,+65 8777 2756 · “Highly recommended. Got my engagement ring from here. Alex understand my requirements and shared his experience opinion. Gave me confident in my decision of what I'm getting. I will definitely come back to him for my coming wedding band.”,+65 8777 2756 · “Highly recommended. Got my engagement ring from here. Alex understand my requirements and shared his experience opinion. Gave me confident in my decision of what I'm getting. I will definitely come back to him for my coming wedding band.”,,,,2025-01-05T05:33:52Z
recIaN9SZaiap4g86,The Brilliant Array,Engagement Rings,Rings & Jewelry,,+65 8950 2537,https://thebrilliantarray.com/,610,"+65 8950 2537 · “The craftsmanship quality is perfect, and I'm so excited to purchase from TBA again for our wedding bands”","+65 8950 2537 · “The craftsmanship quality is perfect, and I'm so excited to purchase from TBA again for our wedding bands”",,,,2025-01-05T05:33:53Z
recNTfEG8myg0xfiY,Tailored Jewel,Engagement Rings,Rings & Jewelry,,+65 8360 5110,https://tailoredjewel.com.sg/,610,"+65 8360 5110 · “We had a great experience here today with the customer assistant Lo. We didn’t have an appointment but he squeezed us in before his next appointment, told us about all the pros and cons of the different kinds of metals, helped us to enquire about express delivery of the ring and even assisted to offer a loan ring if they could not get our ring on time as our wedding date is very soon. Very happy thank you!”","+65 8360 5110 · “We had a great experience here today with the customer assistant Lo. We didn’t have an appointment but he squeezed us in before his next appointment, told us about all the pros and cons of the different kinds of metals, helped us to enquire about express delivery of the ring and even assisted to offer a loan ring if they could not get our ring on time as our wedding date is very soon. Very happy thank you!”",,,,2025-01-05T05:33:53Z
recP5YVEUjgoVBz96,storïs Fine Jewellery,Engagement Rings,Rings & Jewelry,,+65 9685 8136,http://www.storisoflove.co/,610,"+65 9685 8136 · “storïs | Evelyn The reviews so far talk about her product but why you should [cross that out, must] go see her is the experience. Allow me to share. Let's start w/ mindset: Proposing isn’t easy, it's a decision for life, everything will change, there's so much to think about, & you want to make the moment perfect. O yeah, and you have to get the ring right. It's daunting. How do you balance romance w/ practicality? Tradition says we [the men] select a ring that will fit & represent our beautiful bride to be without her knowing? Talk about pressure. In modern times so many elect to take a practical approach. It's safer, I totally get it. But, Guys, go see Evelyn 1st. Before you make a decision, just talk to her. My experience, what sold me: Her process is so unique and helps draw out what's important, things you might not have thought about. Being from the US, and having never heard of storïs, I stupidly tried to just show up thinking it was like any other jeweler, just a showroom. I found it's appointment only. My Girlfriend apparently loves her designs so I reached out and made an appointment, still thinking I’d be going in and looking at pre-made rings. I’d done my research, took pictures of all her jewelry, for months had my sisters & her friends help discretely pull info out of her about what she preferred based on what she'd seen before. So when I went in for the appointment I was basically prepared to just find something that fit. Evelyn sat me down in front of her counter covered w/ samples, but instead of showing me any of these, she began by asking me about how we met. It was a conversation about us, our relationship, who WE are. This conversation went on and I found myself almost over sharing, laughing w/ Evelyn who all the while was drawing and making some notes. We talked about our first meeting, what caused us to fall in love, how and what kept that going, what it was that made me decide to propose, how I was planning to propose. It was such a natural convo. To my surprise as an introvert I was not only sharing but felt comfortable doing so. After a while Evelyn paused and said so this is what I'm thinking. She had literally been designing from scratch in front of me and had through the conversation pulled out things that were fundamental to our relationship to represent in the engagement ring. This was not just a ring, but a story of us. I was shocked, it was perfect. Previously I worried about balancing my GF’s unique style w/ our differences and how those all collide. In front of me was a ring that I knew she would cherish and would fit the moment perfectly. I didn't walk out w/ a ring, instead I pushed back my plans for a month, and I was happy to do so. Side note: I was so in awe I totally forgot to ask about pricing, she could have listed an outrageous number. It was that good. But that's not Evelyn. She has a heart for people, and this is not just her business or a job, this is her calling, one that she's so uniquely suited for. She broke it down, educated me on the gems, materials, and the cost was so reasonable I was stunned. Honestly I would have paid more going to a normal jeweler. After the proposal my now Fiancé asked how I found such a unique & beautiful ring. I told her it was storïs, the jeweler she’d followed for years [before we even meet]. Why I'm writing this now: Fast forward, we went back to Evelyn for our wedding bands, which are honestly better as she blended all 3 rings into a beautiful story that fit US personally. Recently when my now Wife's ring lost a gem on a trip we went back. We have referred multiple people to go experience her magic, and can’t say enough about her. I have to admit, we’ve stayed in contact for 2+ years now because she's just a genuine good human that has impacted our lives in so many positive ways. So I'm not just recommending storïs, I'm telling you that you're not going to regret meeting this amazing person & will walk away w/ a similar story. I believe this so much so you can message me to ask for more details if you're not convinced.”","+65 9685 8136 · “storïs | Evelyn The reviews so far talk about her product but why you should [cross that out, must] go see her is the experience. Allow me to share. Let's start w/ mindset: Proposing isn’t easy, it's a decision for life, everything will change, there's so much to think about, & you want to make the moment perfect. O yeah, and you have to get the ring right. It's daunting. How do you balance romance w/ practicality? Tradition says we [the men] select a ring that will fit & represent our beautiful bride to be without her knowing? Talk about pressure. In modern times so many elect to take a practical approach. It's safer, I totally get it. But, Guys, go see Evelyn 1st. Before you make a decision, just talk to her. My experience, what sold me: Her process is so unique and helps draw out what's important, things you might not have thought about. Being from the US, and having never heard of storïs, I stupidly tried to just show up thinking it was like any other jeweler, just a showroom. I found it's appointment only. My Girlfriend apparently loves her designs so I reached out and made an appointment, still thinking I’d be going in and looking at pre-made rings. I’d done my research, took pictures of all her jewelry, for months had my sisters & her friends help discretely pull info out of her about what she preferred based on what she'd seen before. So when I went in for the appointment I was basically prepared to just find something that fit. Evelyn sat me down in front of her counter covered w/ samples, but instead of showing me any of these, she began by asking me about how we met. It was a conversation about us, our relationship, who WE are. This conversation went on and I found myself almost over sharing, laughing w/ Evelyn who all the while was drawing and making some notes. We talked about our first meeting, what caused us to fall in love, how and what kept that going, what it was that made me decide to propose, how I was planning to propose. It was such a natural convo. To my surprise as an introvert I was not only sharing but felt comfortable doing so. After a while Evelyn paused and said so this is what I'm thinking. She had literally been designing from scratch in front of me and had through the conversation pulled out things that were fundamental to our relationship to represent in the engagement ring. This was not just a ring, but a story of us. I was shocked, it was perfect. Previously I worried about balancing my GF’s unique style w/ our differences and how those all collide. In front of me was a ring that I knew she would cherish and would fit the moment perfectly. I didn't walk out w/ a ring, instead I pushed back my plans for a month, and I was happy to do so. Side note: I was so in awe I totally forgot to ask about pricing, she could have listed an outrageous number. It was that good. But that's not Evelyn. She has a heart for people, and this is not just her business or a job, this is her calling, one that she's so uniquely suited for. She broke it down, educated me on the gems, materials, and the cost was so reasonable I was stunned. Honestly I would have paid more going to a normal jeweler. After the proposal my now Fiancé asked how I found such a unique & beautiful ring. I told her it was storïs, the jeweler she’d followed for years [before we even meet]. Why I'm writing this now: Fast forward, we went back to Evelyn for our wedding bands, which are honestly better as she blended all 3 rings into a beautiful story that fit US personally. Recently when my now Wife's ring lost a gem on a trip we went back. We have referred multiple people to go experience her magic, and can’t say enough about her. I have to admit, we’ve stayed in contact for 2+ years now because she's just a genuine good human that has impacted our lives in so many positive ways. So I'm not just recommending storïs, I'm telling you that you're not going to regret meeting this amazing person & will walk away w/ a similar story. I believe this so much so you can message me to ask for more details if you're not convinced.”",,,,2025-01-05T05:33:53Z
recb9g1dSIMGdPKEv,Artemis Rings,Engagement Rings,Rings & Jewelry,,+65 9616 4588,http://www.artemisrings.com/,590,"+65 9616 4588 · “It’s been a long enough time that I feel comfortable posting this. Just to preface this review: we had a really terrible experience here some time back but i am always weary about posting publicly because I have witnessed and heard from many others that I know, that local single business owners can’t take negative feedback and become extremely defensive and can even be vindictive especially if they can identify who you are and have your personal contact details. Therefore I usually don’t post my negative experiences but there are certain instances I do feel should be shared and this is one of them. I do not wish for a response, just to give my honest experience. Now to the review: We decided to contact Artemis rings as we had read an article about the previous jewellery business she had with her former partner and liked the designs. We were interested to create wedding rings and potentially an engagement ring. Firstly, the communication to set an appointment was a bit strange as she kept asking if another person who had made a different appointment was us. She asked on the phone a two times and again asked the same thing when we visited physically. Not sure why given the mobile number and time slot we agreed on was not the same. Secondly, when we had our appointment she kept talking about her various Tai Tai clients and how she only takes certain jobs - and how other jewellers she knows of her quality are the same. She kept trying to fish for our careers and kept talking about other clients careers (surgeons or business owners or what not), it felt really uncomfortable like we were being passive aggressively profiled to determine our wealth status. Not that it matters as we weren’t even at the stage of discussing pricing or anything. Then finally somewhere in her discussion, she said she needed us to buy a stone from her for the engagement ring in order to make a profit. Which then put us off from anything further. When we asked if we could just then make the wedding bands we initially asked the appointment for, she ignored that and continued to make remarks that she didn’t know another jeweller who could do what we were looking for in terms of design that we wouldn’t have to beg to, which was completely not humble and sounded arrogant (this is simply untrue because there are thousands of jewellers in Singapore and the very next one we randomly asked did everything we wanted swiftly and to an extremely high standard.) I believe this line of discussion came about because we had enquired about creating an engagement ring with other gems (family diamonds / others) as we have some knowledge on this and traditional jewellers do not always have the ability to get what we need. By the way, we were not constrained by any budget but since the discussion devolved down this path we let it naturally end as we already had bad feelings about the whole vibe. Overall it felt like she was trying to be a gatekeeper of the ring industry and portray that she is in such high demand that some people are not worthy of paying her to create rings. With times evolving, the jewellery industry becoming more service-oriented and the thousands of other jewellers in Singapore and beyond, this is just an experience to avoid.”","+65 9616 4588 · “It’s been a long enough time that I feel comfortable posting this. Just to preface this review: we had a really terrible experience here some time back but i am always weary about posting publicly because I have witnessed and heard from many others that I know, that local single business owners can’t take negative feedback and become extremely defensive and can even be vindictive especially if they can identify who you are and have your personal contact details. Therefore I usually don’t post my negative experiences but there are certain instances I do feel should be shared and this is one of them. I do not wish for a response, just to give my honest experience. Now to the review: We decided to contact Artemis rings as we had read an article about the previous jewellery business she had with her former partner and liked the designs. We were interested to create wedding rings and potentially an engagement ring. Firstly, the communication to set an appointment was a bit strange as she kept asking if another person who had made a different appointment was us. She asked on the phone a two times and again asked the same thing when we visited physically. Not sure why given the mobile number and time slot we agreed on was not the same. Secondly, when we had our appointment she kept talking about her various Tai Tai clients and how she only takes certain jobs - and how other jewellers she knows of her quality are the same. She kept trying to fish for our careers and kept talking about other clients careers (surgeons or business owners or what not), it felt really uncomfortable like we were being passive aggressively profiled to determine our wealth status. Not that it matters as we weren’t even at the stage of discussing pricing or anything. Then finally somewhere in her discussion, she said she needed us to buy a stone from her for the engagement ring in order to make a profit. Which then put us off from anything further. When we asked if we could just then make the wedding bands we initially asked the appointment for, she ignored that and continued to make remarks that she didn’t know another jeweller who could do what we were looking for in terms of design that we wouldn’t have to beg to, which was completely not humble and sounded arrogant (this is simply untrue because there are thousands of jewellers in Singapore and the very next one we randomly asked did everything we wanted swiftly and to an extremely high standard.) I believe this line of discussion came about because we had enquired about creating an engagement ring with other gems (family diamonds / others) as we have some knowledge on this and traditional jewellers do not always have the ability to get what we need. By the way, we were not constrained by any budget but since the discussion devolved down this path we let it naturally end as we already had bad feelings about the whole vibe. Overall it felt like she was trying to be a gatekeeper of the ring industry and portray that she is in such high demand that some people are not worthy of paying her to create rings. With times evolving, the jewellery industry becoming more service-oriented and the thousands of other jewellers in Singapore and beyond, this is just an experience to avoid.”",,,,2025-01-05T05:33:42Z
recczXjDpCqdPIdBD,A R JEWELLERS,Engagement Rings,Rings & Jewelry,,+65 9693 4829,https://www.arjewellers.com.sg/,566,"+65 9693 4829 · “2nd generation here, A R Jewellers have been our family jeweller for decades and it has always been a great experience. I have had amazing gems, diamonds and even a re-work on my wedding band and they have all turned out incredible. Zubeer is professional and ever available to deliver high quality products; and provide insightful and experienced recommendations. Would highly recommend A R Jewellers for all your jewellery needs!”","+65 9693 4829 · “2nd generation here, A R Jewellers have been our family jeweller for decades and it has always been a great experience. I have had amazing gems, diamonds and even a re-work on my wedding band and they have all turned out incredible. Zubeer is professional and ever available to deliver high quality products; and provide insightful and experienced recommendations. Would highly recommend A R Jewellers for all your jewellery needs!”",,,,2025-01-05T05:33:42Z
recgxDpdfWsvxAaiF,Anna Dora Luxe,Engagement Rings,Rings & Jewelry,,+65 8139 4882,https://www.instagram.com/annadoraluxe/,566,"+65 8139 4882 · “Audrey had designed both my engagement ring, together with our wedding bands. Since my engagement ring was a surprise, it still turned out exceptionally well and I love it to bits. When designing for our wedding bands, she provided ideas while understanding our vision, and it turned out perfect. 🥰🥰🥰”","+65 8139 4882 · “Audrey had designed both my engagement ring, together with our wedding bands. Since my engagement ring was a surprise, it still turned out exceptionally well and I love it to bits. When designing for our wedding bands, she provided ideas while understanding our vision, and it turned out perfect. 🥰🥰🥰”",,,,2025-01-05T05:33:42Z
reci7Mhv6WwBhlu9S,DeRocks Trading,Engagement Rings,Rings & Jewelry,,+65 6222 6818,http://www.derocks.com.sg/,566,"+65 6222 6818 · “Got our engagement ring designed by De Rocks and was extremely satisfied by the ring as well as the flawless service. Compared to retail jewellers, the high quality diamonds were very attractively priced and will continue with them for any needs in future as well”","+65 6222 6818 · “Got our engagement ring designed by De Rocks and was extremely satisfied by the ring as well as the flawless service. Compared to retail jewellers, the high quality diamonds were very attractively priced and will continue with them for any needs in future as well”",,,,2025-01-05T05:33:45Z
reciHW7y9CCOqgFrg,Meyson Jewellery - Bugis Junction,Engagement Rings,Rings & Jewelry,,+65 6337 6533,https://www.meysonjewellery.com/,566,"+65 6337 6533 · “Was served by Jason for proposal ring and wedding band next, he was super super friendly and approachable! Will recommend Meyson Jewellery to others for sure!”","+65 6337 6533 · “Was served by Jason for proposal ring and wedding band next, he was super super friendly and approachable! Will recommend Meyson Jewellery to others for sure!”",,,,2025-01-05T05:33:50Z
recrFPYcbjyPoxQP1,Meyson Jewellery - Joo Chiat Complex,Engagement Rings,Rings & Jewelry,,+65 6749 7749,https://www.meysonjewellery.com/,566,+65 6749 7749 · “Visited the store on a quiet Monday afternoon and was pleasantly welcomed by Lianti. She was so patient and friendly through out our session of choosing an engagement ring for my partner and I. She gave us time and plenty of options when making a decision on the rings we wanted. Extremely happy with our purchase and experience we had at Meyson as well as the customer service rendered by Lianti. We will definitely be back for our wedding rings too in the future!”,+65 6749 7749 · “Visited the store on a quiet Monday afternoon and was pleasantly welcomed by Lianti. She was so patient and friendly through out our session of choosing an engagement ring for my partner and I. She gave us time and plenty of options when making a decision on the rings we wanted. Extremely happy with our purchase and experience we had at Meyson as well as the customer service rendered by Lianti. We will definitely be back for our wedding rings too in the future!”,,,,2025-01-05T05:33:50Z
recBaxQb4XVFJum45,Mishal Jewels,Engagement Rings,Rings & Jewelry,,+65 8100 9786,http://www.mishaldiamonds.com/,566,"+65 8100 9786 · “Writing Mishal Jewels a well-deserved 5-star review for their exceptional service in crafting our wedding rings using platinum and white gold. Mr. Shahzeem graciously shared his extensive knowledge about gemstones, the qualities of precious stones, and the similarities between lab-grown and raw diamonds. This information was invaluable in helping us make an informed decision about our purchase, which included a certification for the precious stone. The craftsmanship of the customized rings is truly remarkable, as can be seen in the attached video. Would definitely recomend his services to anyone who is looking to get their customized rings or purchase of precious or semi precious stones.”","+65 8100 9786 · “Writing Mishal Jewels a well-deserved 5-star review for their exceptional service in crafting our wedding rings using platinum and white gold. Mr. Shahzeem graciously shared his extensive knowledge about gemstones, the qualities of precious stones, and the similarities between lab-grown and raw diamonds. This information was invaluable in helping us make an informed decision about our purchase, which included a certification for the precious stone. The craftsmanship of the customized rings is truly remarkable, as can be seen in the attached video. Would definitely recomend his services to anyone who is looking to get their customized rings or purchase of precious or semi precious stones.”",,,,2025-01-05T05:33:51Z
recLxR4xxK19S1Vrs,One Ounce,Engagement Rings,Rings & Jewelry,,+65 6636 3708,https://oneouncejewellery.com/,566,"+65 6636 3708 · “One Stop Shop - Got my engagement ring, wedding band, and Si Dian Jin (四点金) here at very reasonable price point. Staff was very attentive and recommended and explained different design very patiently. I returned a few years later to get other gold accessories for my newborn niece as well and also received back the same delightful experience.”","+65 6636 3708 · “One Stop Shop - Got my engagement ring, wedding band, and Si Dian Jin (四点金) here at very reasonable price point. Staff was very attentive and recommended and explained different design very patiently. I returned a few years later to get other gold accessories for my newborn niece as well and also received back the same delightful experience.”",,,,2025-01-05T05:33:51Z
recZdoRLRDaGUISQ1,Tree & Bee,Engagement Rings,Rings & Jewelry,,+65 8831 1383,http://www.treenbee.com/,566,"+65 8831 1383 · “Had a great time working with Bryan on our engagement ring. We only went to the studio once, to pick out the sapphire from more than 100 options. After that, the entire process was online including delivery. The process was very smooth with fast and thoughtful replies from Bryan. He also helped us get a certificate for the Sapphire. So happy with the end result!!”","+65 8831 1383 · “Had a great time working with Bryan on our engagement ring. We only went to the studio once, to pick out the sapphire from more than 100 options. After that, the entire process was online including delivery. The process was very smooth with fast and thoughtful replies from Bryan. He also helped us get a certificate for the Sapphire. So happy with the end result!!”",,,,2025-01-05T05:33:53Z
receHUA59tfA2j84A,Asian Artistry,Engagement Rings,Rings & Jewelry,,+65 6493 0246,http://www.asianartistry.sg/,510,+65 6493 0246 · “Got an engagement ring here 2 years back and just got my custom wedding bands here yesterday. Francis and team are dream makers who have made my soon-to-be wife and I very very happy. Highly recommend!”,+65 6493 0246 · “Got an engagement ring here 2 years back and just got my custom wedding bands here yesterday. Francis and team are dream makers who have made my soon-to-be wife and I very very happy. Highly recommend!”,,,,2025-01-05T05:33:42Z
recniUx4QocyD6oJg,Angelaurora Jewelry,Engagement Rings,Rings & Jewelry,,+65 8690 0323,https://www.angelaurora.com/,510,+65 8690 0323 · “Pleasant experience! I was finding for a wedding ring and didn’t expect to find a gem in this store! The service and knowledge are beyond words. Thank you so much! I will surely come down again for my eternity stack ring.”,+65 8690 0323 · “Pleasant experience! I was finding for a wedding ring and didn’t expect to find a gem in this store! The service and knowledge are beyond words. Thank you so much! I will surely come down again for my eternity stack ring.”,,,,2025-01-05T05:33:42Z
recyUPsaSesuZVBTi,BA.SG,Engagement Rings,Rings & Jewelry,,+65 9233 7218,http://www.ba.sg/,510,+65 9233 7218 · “The customer service and quality provided is excellent! Will be back for my wedding band!!”,+65 9233 7218 · “The customer service and quality provided is excellent! Will be back for my wedding band!!”,,,,2025-01-05T05:33:43Z
rec4C5VJsXfgRmN7M,DIAMOND2 Wisma Atria,Engagement Rings,Rings & Jewelry,,+65 8082 4063,http://www.diamond2.com/,510,+65 8082 4063 · “Had a wonderful interaction with Geraldine who helped make the experience of picking out an engagement ring a stress free one.”,+65 8082 4063 · “Had a wonderful interaction with Geraldine who helped make the experience of picking out an engagement ring a stress free one.”,,,,2025-01-05T05:33:45Z
rec8B46kG9j5yr4Pu,Carats SG,Engagement Rings,Rings & Jewelry,,+65 9188 8311,http://carats.sg/,510,"+65 9188 8311 · “I visited Carats SG to purchase an engagement ring and a set of wedding bands, and was truly satisfied with my experience. Vanessa, the salesperson, was incredibly knowledgeable, helpful, and patient throughout the process. She made the experience special by providing personalised guidance. The quality of the jewelry is outstanding, and I highly recommend this shop for their exceptional service and products!”","+65 9188 8311 · “I visited Carats SG to purchase an engagement ring and a set of wedding bands, and was truly satisfied with my experience. Vanessa, the salesperson, was incredibly knowledgeable, helpful, and patient throughout the process. She made the experience special by providing personalised guidance. The quality of the jewelry is outstanding, and I highly recommend this shop for their exceptional service and products!”",,,,2025-01-05T05:33:45Z
recLvrSoECnW95wQq,Felice Jewellery,Engagement Rings,Rings & Jewelry,,+65 6352 1569,http://www.felicejewellery.com.sg/,510,"+65 6352 1569 · “Iris and I got our wedding bands and her engagement ring from Felice Jewellery and we absolutely love it! Impeccable service from Jon, reasonable pricing and top-notch quality workmanship. Highly highly recommend them for your special one :)”","+65 6352 1569 · “Iris and I got our wedding bands and her engagement ring from Felice Jewellery and we absolutely love it! Impeccable service from Jon, reasonable pricing and top-notch quality workmanship. Highly highly recommend them for your special one :)”",,,,2025-01-05T05:33:46Z
recWTXF9EJhlssykj,Heritage Gems Fine Jewellery,Engagement Rings,Rings & Jewelry,,+65 9771 6923,http://www.heritagegemsfinejewellery.com/,510,"+65 9771 6923 · “Custom-made an engagement ring and subsequently wedding bands with Heritage Gems. Germaine’s genuineness, consultative approach and patience made the entire process a thoroughly enjoyable one. The attention to detail, craftsmanship and quality delivered was exceptional. A big thank you to Germaine and the team, we are extremely grateful! For those looking to create something unique and special, I would highly recommend Heritage Gems.”","+65 9771 6923 · “Custom-made an engagement ring and subsequently wedding bands with Heritage Gems. Germaine’s genuineness, consultative approach and patience made the entire process a thoroughly enjoyable one. The attention to detail, craftsmanship and quality delivered was exceptional. A big thank you to Germaine and the team, we are extremely grateful! For those looking to create something unique and special, I would highly recommend Heritage Gems.”",,,,2025-01-05T05:33:48Z
recKMCUaRKYcDFNa4,Mustafa Jewellery,Engagement Rings,Rings & Jewelry,,+65 6419 0781,http://mustafajewellery.com/,510,"+65 6419 0781 · “From the moment I stepped into Mustafa jewellery shop, I was enveloped in an atmosphere of elegance and sophistication. This is not just a jewelry store—it’s a haven for those who appreciate the finer things in life. The attention to detail and dedication to customer service make it clear that mustafa jewellery shop is a cut above the rest. Exceptional Customer Service: The staff at mustafa jewellery truly made my experience unforgettable. From the outset, I was greeted with warm smiles and a genuine interest in helping me find exactly what I was looking for. The sales associates are incredibly knowledgeable and took the time to understand my needs and preferences. They didn’t just try to sell me something; they guided me through the options, offering valuable insights about different metals, gemstones, and designs. Their passion for jewelry is evident in every interaction. Dazzling Selection: The selection of jewelry at mustafa is nothing short of breathtaking. Whether you’re looking for a timeless piece or something more contemporary, they have an extensive range that caters to all tastes and occasions. I was particularly impressed by their collection of engagement rings—each one seemed to tell its own story, crafted with precision and care. The shop also offers custom designs, allowing you to create a one-of-a-kind piece that truly reflects your personality and style. Quality and Craftsmanship: Every item in the store exudes quality. The craftsmanship is impeccable, with each piece reflecting the highest standards of artistry. It’s clear that mustafa jewellery partners with skilled artisans who pour their heart and soul into their work. The jewelry not only looks stunning but is also built to last, ensuring that these treasures can be passed down through generations. A Memorable Experience: What sets mustafa apart is the overall experience. Shopping here is not just about purchasing a piece of jewelry; it’s about making memories. The ambiance of the store is luxurious yet welcoming, with elegant displays that allow the jewelry to shine in all its glory. The staff makes you feel valued, ensuring that your visit is special from start to finish. Conclusion: I can’t recommend mustafa highly enough. Whether you’re searching for the perfect gift, an engagement ring, or simply want to treat yourself, this is the place to go. The combination of exquisite jewelry, exceptional customer service, and a memorable shopping experience makes mustafa jewels truly stand out. I will definitely be returning for future purchases and can confidently say that this is my go-to jewelry shop from now on.”","+65 6419 0781 · “From the moment I stepped into Mustafa jewellery shop, I was enveloped in an atmosphere of elegance and sophistication. This is not just a jewelry store—it’s a haven for those who appreciate the finer things in life. The attention to detail and dedication to customer service make it clear that mustafa jewellery shop is a cut above the rest. Exceptional Customer Service: The staff at mustafa jewellery truly made my experience unforgettable. From the outset, I was greeted with warm smiles and a genuine interest in helping me find exactly what I was looking for. The sales associates are incredibly knowledgeable and took the time to understand my needs and preferences. They didn’t just try to sell me something; they guided me through the options, offering valuable insights about different metals, gemstones, and designs. Their passion for jewelry is evident in every interaction. Dazzling Selection: The selection of jewelry at mustafa is nothing short of breathtaking. Whether you’re looking for a timeless piece or something more contemporary, they have an extensive range that caters to all tastes and occasions. I was particularly impressed by their collection of engagement rings—each one seemed to tell its own story, crafted with precision and care. The shop also offers custom designs, allowing you to create a one-of-a-kind piece that truly reflects your personality and style. Quality and Craftsmanship: Every item in the store exudes quality. The craftsmanship is impeccable, with each piece reflecting the highest standards of artistry. It’s clear that mustafa jewellery partners with skilled artisans who pour their heart and soul into their work. The jewelry not only looks stunning but is also built to last, ensuring that these treasures can be passed down through generations. A Memorable Experience: What sets mustafa apart is the overall experience. Shopping here is not just about purchasing a piece of jewelry; it’s about making memories. The ambiance of the store is luxurious yet welcoming, with elegant displays that allow the jewelry to shine in all its glory. The staff makes you feel valued, ensuring that your visit is special from start to finish. Conclusion: I can’t recommend mustafa highly enough. Whether you’re searching for the perfect gift, an engagement ring, or simply want to treat yourself, this is the place to go. The combination of exquisite jewelry, exceptional customer service, and a memorable shopping experience makes mustafa jewels truly stand out. I will definitely be returning for future purchases and can confidently say that this is my go-to jewelry shop from now on.”",,,,2025-01-05T05:33:51Z
rec8KVypscjT6hFpY,Ming Seng (Joo Chiat) Goldsmith,Engagement Rings,Rings & Jewelry,,+65 6747 3310,http://www.mingseng.com.sg/,461,+65 6747 3310 · “Was attended by Miki and had a very Pleasant experience. I was looking for my wedding gift jewerly. Miki is patient attending to my queries and let me try out the different designs and let me see the options that’s within my budget.”,+65 6747 3310 · “Was attended by Miki and had a very Pleasant experience. I was looking for my wedding gift jewerly. Miki is patient attending to my queries and let me try out the different designs and let me see the options that’s within my budget.”,,,,2025-01-05T05:33:50Z
recEMlfHK9WnYAnud,Béjwl,Engagement Rings,Rings & Jewelry,,+65 6736 2777,http://www.bejwl.com/,438,"+65 6736 2777 · “I absolutely recommend Tiffany at Bejwl. She has made my engagement ring (stunning unique sapphire ring), wedding ring, and anniversary ring. They are truly beautiful pieces which make me smile every day. I totally recommend the level of service and attention to detail.”","+65 6736 2777 · “I absolutely recommend Tiffany at Bejwl. She has made my engagement ring (stunning unique sapphire ring), wedding ring, and anniversary ring. They are truly beautiful pieces which make me smile every day. I totally recommend the level of service and attention to detail.”",,,,2025-01-05T05:33:43Z
