venue_id,name,address,phone,email,hero_embed,video,tags,gallery_count,gallery_urls,seo_title,seo_description,seo_slug,social_title,social_description,related_venues_count,created_time
rec017wHZlngseHpA,Grand Mercure Singapore Roxy,"50 East Coast Road, Roxy Square",6563405641,Haslinda.ekoan@accor.com,,,Hotel,3,"[""https://v5.airtableusercontent.com/v3/u/46/46/1761854400000/EV5KgJqmaorNgnOHLdkP1Q/-GHEbPLecdwthAWdsmEr_aPElFA5tOe4QZa-rUEsT2NcpHUXUt0ns_4jJzYDjndwlYR8-LX37FYoIxqPteLffiYbXtUsfAlP3G4QCFy-R50FRCeljPb4EQVrLgVnzMVag7MLazXieWRoZhrNqSfYtQ/F1vKMI0UDrNPFFyNr4Towr3hgGbn9JE-UN3WtQTRA60"", ""https://v5.airtableusercontent.com/v3/u/46/46/1761854400000/eQzC2a_Mn5hIoQKqOK7qww/pFc4loJFPu0vkzPUnJF4g5zyMAoFj9l6cAhsq3hjC1evfPu_El_yfmsICICP97oHxznoD5iqpj904ZU6XrgMf_0Q82bOUE2uc4WSy0y5xsKT-hymrWGB2wrd2cRhbD9aQZI8s6lVZtK6T9ya_7bJjw/Omq2eCbpU7hrzOADT9eVq_f7_wPuwdrpvQHJxTDNkAc"", ""https://v5.airtableusercontent.com/v3/u/46/46/1761854400000/ZKJptM81m4uBlSDn5xmxyQ/z1cGrV5bBvuMJllDH8mYEg_4L5GsjwdXWP7LnN1XG1pSIQN4kCJahtjFQlJj7UQTMX9gsZ4MOghOQy9wnw9qNJNWq51knWh5cOIe5rEKcdiW1idUo7gYOWOuSOEtAVNj15y1f0pNE4qtCQWdXPZc_w/jU8FQOauQo5Aia-sRoDtO2x8pT3sIDxCpqCcO6whIHU""]",GRAND MERCURE SINGAPORE ROXY - 9 Reviews | Singapore's Only Wedding Review Site,"Rated 3.7/5 for venue, 3.8/5 for service, 3.5/5 for food from 2 couples & 7 guests: “Visited the ballroom for a wedding. The servers are polite and professional in there job. The place is also clean.”",grand-mercure-singapore-roxy,GRAND MERCURE SINGAPORE ROXY - 9 Reviews | Singapore's Only Wedding Review Site,"Rated 3.7/5 for venue, 3.8/5 for service, 3.5/5 for food from 2 couples & 7 guests: “Visited the ballroom for a wedding. The servers are polite and professional in there job. The place is also clean.”",6,2023-08-10T08:28:29Z
rec0P606jrS3N14hI,Hilltop Ballroom @ Pearl's Hill,"175A Chin Swee Rd, Singapore 169879",,,,,,0,,HILLTOP BALLROOM @ PEARL'S HILL - 1 Reviews | Singapore's Only Wedding Review Site,Rated 5/5 for venue from 1 guests,hilltop-ballroom-pearls-hill,HILLTOP BALLROOM @ PEARL'S HILL - 1 Reviews | Singapore's Only Wedding Review Site,Rated 5/5 for venue from 1 guests,0,2024-08-04T06:30:19Z
rec0eriUZrfs97qLE,Bijan,"511 Guillemard Rd, #B1-02, Singapore 399849",,,,,,3,"[""https://v5.airtableusercontent.com/v3/u/46/46/1761854400000/UUoW5yWaU7kVzLLHV9H7rA/rqC9uzckyYdNxxNE5118VBemq4-QKyAhfpAa_PWOSocR-Q60mbMIqkxnGJU6D0dqDegdwIdSnBC5zRk8mJt9iy9EFQUbwzWDQMIEEf2j13tOHnJO7gL1eQdFxhaUKAGfVKn0O3mfXrZMfV39ONWSrgYG_NclL84JrL4ptUGcCCQ/4CY645Lmg7EHEH3OpxWFXTXepMXg5kUM6is0XehOZkw"", ""https://v5.airtableusercontent.com/v3/u/46/46/1761854400000/BoXpLn7sLaYn8BwyijjQQQ/j06CdzAsBemn8OgdwLCLkYMI15gN8LtDxX2rMGW8pdAGmLcY7DINFTRTXvcZ41p4CILOQuCodZh25CPm8Bxu67bYItdpuF_6WUApGBoew8bwEgVQTTEl9h2946Y_B9eP8uf_SL8O1t_sDjjEWI_OVX3N5eNZcK0MJ2b0DJLYxrQ/YIQM7Jpu333OLGZCRH5xystvRwvHGyHxKjM4AymWFh4"", ""https://v5.airtableusercontent.com/v3/u/46/46/1761854400000/-PGkN9OJYGo7iCC6F2W5lA/Ieu2cTmq0Fjp60FroTilT7xul510iqPfgao6qBtfKcMaHXPNgSCVP4Vr10SvqK3bgtSfqMmwhjiW1ATaVFT3ZyLk9IV13bkbnTuWG288ixlF_2WeSNXSQYtr0nUsBmSC2blXS8KCkWNx-CGA3gZWMCV737mbCrntF26ru9uBIKc/Alf4lGtU01D4O7pDJLYOFRGcpOeHaKV5E5pQzcM5zL4""]",BIJAN - 32 Reviews | Singapore's Only Wedding Review Site,"Rated 4.4/5 for venue, 4.1/5 for service, 4.6/5 for food from 7 couples & 25 guests: “We had our big day in February. Bijan and team made it the most unforgettable and memorable day. We really appreciate the effort of Bijan and team for making our event a success. Thank you Ken, Sangeetha, Naleen and Aiko, to name a few, for the great planning and coordination of our wedding. Thank you Ken for your assurance, explanation and advices. Having Bijan as our wedding location was indeed a good choice. We like the all-in-one concept as most, if not all of the wedding services were provided by Bijan from card, kompang, makeup artist, emcee, hantaran decos, photographer, videographer et cetera, and even a one night stay at a local hotel, depending on the package chosen. Even though it was all in one, they have various options for us to choose from. Ken, who was the main person in touch was very assuring and explained things in detail from the start and also gave us good advices as the planning went on. Bijan’s team coordinated and carried out the majlis very smoothly. Based on the timing that we chose, they gave a rough itinerary that we can adjust to our plan we had in mind. From the day we selected the package, every few weeks they updated various information for us to make the selections we needed to make like which mak andam we choose, which kompang we want, which emcee we would like, which hantaran and wedding cake design we liked, our song list, et cetera. As the wedding day neared, we confirmed and updated them our choices. The quality of the choices were also good. We were in good hands with our mak andam, Sha De Couture – Kak Danisha (for the bride) and Abang AJ (for the groom), who are a very experienced and professional couple. The wedding venue deco was lovely and I got to know that they change the deco every few months which I think is a good move. We got a chill emcee, Kak Marlissa, who was on the ball and could connect well with our guests. One of our main concerns when choosing a wedding service provider was food. Alhamdulillah many of our guests truly enjoyed the tasteful spread of food and many shared that they enjoyed the briyani dum and kambing golek. We are grateful that we engaged Bijan as our wedding service provider. We recommend future couples to consider engaging their services. Insha Allah it will be worth it. Regards, Talha & Zubaidah”",bijan,BIJAN - 32 Reviews | Singapore's Only Wedding Review Site,"Rated 4.4/5 for venue, 4.1/5 for service, 4.6/5 for food from 7 couples & 25 guests: “We had our big day in February. Bijan and team made it the most unforgettable and memorable day. We really appreciate the effort of Bijan and team for making our event a success. Thank you Ken, Sangeetha, Naleen and Aiko, to name a few, for the great planning and coordination of our wedding. Thank you Ken for your assurance, explanation and advices. Having Bijan as our wedding location was indeed a good choice. We like the all-in-one concept as most, if not all of the wedding services were provided by Bijan from card, kompang, makeup artist, emcee, hantaran decos, photographer, videographer et cetera, and even a one night stay at a local hotel, depending on the package chosen. Even though it was all in one, they have various options for us to choose from. Ken, who was the main person in touch was very assuring and explained things in detail from the start and also gave us good advices as the planning went on. Bijan’s team coordinated and carried out the majlis very smoothly. Based on the timing that we chose, they gave a rough itinerary that we can adjust to our plan we had in mind. From the day we selected the package, every few weeks they updated various information for us to make the selections we needed to make like which mak andam we choose, which kompang we want, which emcee we would like, which hantaran and wedding cake design we liked, our song list, et cetera. As the wedding day neared, we confirmed and updated them our choices. The quality of the choices were also good. We were in good hands with our mak andam, Sha De Couture – Kak Danisha (for the bride) and Abang AJ (for the groom), who are a very experienced and professional couple. The wedding venue deco was lovely and I got to know that they change the deco every few months which I think is a good move. We got a chill emcee, Kak Marlissa, who was on the ball and could connect well with our guests. One of our main concerns when choosing a wedding service provider was food. Alhamdulillah many of our guests truly enjoyed the tasteful spread of food and many shared that they enjoyed the briyani dum and kambing golek. We are grateful that we engaged Bijan as our wedding service provider. We recommend future couples to consider engaging their services. Insha Allah it will be worth it. Regards, Talha & Zubaidah”",0,2024-08-04T06:30:18Z
rec0wXzP0QoMaYagx,Spring Court,"52-56 Upper Cross St, Singapore 058348",6564495030,reservations@springcourt.com.sg,,,Restaurant,3,"[""https://v5.airtableusercontent.com/v3/u/46/46/1761854400000/s0R2f5mwnD_TSxGVWb5PAw/X1WBTJnO5P5iGCLY1LaZmEAjlkKfQRLlydcXEjaPFz34XSP4o-xXOeGNymU4ncHf5D6yFOQdWcv5PFPDUA3IXII7L2Tq8HKBky322S-KKfuRH9moXrvjh7Iu63vBEoL8KVtfGM_GHQd6F8YuF7frURL2DzYyL-_mLZwi0aVenWg/k4zaLgRK-wuUJmTpk06_nTOLqQr8qUb0ph_EBN-T9VA"", ""https://v5.airtableusercontent.com/v3/u/46/46/1761854400000/SyTm0ks-T3PiBlL-k59VnA/6A0OZRfuW-zNKGaaDly5GO1Vu33YkPTykB3MNiS5HdJCIEbtbLvu50N-Ni4sjDfd0B-BVrvqLuRYOjmj5F_OJ0ybd07Mbbb07Vy-0aS81spl6VqTK3IGtk9HXlWJFwszJgsoLblcm9fXhSWedHmec2uic9J9QxnB6f-aKsdesvA/nls_-f3c0qiVWD6pZIwijZP-QrGEQjqNwx-eL85xmuU"", ""https://v5.airtableusercontent.com/v3/u/46/46/1761854400000/PcIveRNKI5h3eVTKXhdXVQ/rCvKFfDr-D9ph_69FFslARESFb3fQOG2hLmSftbHMhDu2KO4Y2SllCxL2vdMg833kiDvjcV87ZIitYn8K7UXgkUMt_fch-nreqEXH-iLZz5hp4pAaNVh7JBgX4BJ4jFO1ahBaoAQBMIQ2vOLNADxmZGwv0q4ZwsKB23vqbjW31Y/aG69Dxg5jhlLUtMtfsHPntWsass3iATEcXN22zMYEbU""]",SPRING COURT - 7 Reviews | Singapore's Only Wedding Review Site,"Rated 4.4/5 for venue, 4.5/5 for service, 4.8/5 for food from 5 couples & 2 guests: “Excellent service by Hilton! Well-mannered and extraordinary service, going the extra mile to make sure our lunch is comfortable. Also showed us the rooms with detailed explaination and to plan for our wedding. This place is amazing, food is delicious and the service makes me want to come back again.”",spring-court,SPRING COURT - 7 Reviews | Singapore's Only Wedding Review Site,"Rated 4.4/5 for venue, 4.5/5 for service, 4.8/5 for food from 5 couples & 2 guests: “Excellent service by Hilton! Well-mannered and extraordinary service, going the extra mile to make sure our lunch is comfortable. Also showed us the rooms with detailed explaination and to plan for our wedding. This place is amazing, food is delicious and the service makes me want to come back again.”",6,2023-08-10T08:28:29Z
rec1gQvTGBuDQHemt,Holiday Inn Singapore Atrium,317 Outram Road,6567317159,weddings.sinhi@ihg.com,,,Hotel,21,"[""https://v5.airtableusercontent.com/v3/u/46/46/1761854400000/lTPZOEXunFooHMU-bytVbQ/82hBIe6-TNWxZoCzYt2Uvo4BwqFSiMkJOQqCcMd-kCdwYImA9uYA7ngbf42KgIkT-qlwdlXlLRpcAWmzw040nwi0f2KBmIY35F1dfN4KEGAEtZPMSMrrUcgE6fsFZjttLbRxTWmW-ogKAp2MBbMf9jsqAHLNsEDzR3MZpzQYtA9UqxGRgMH64SGaKwceWYR5tSFIMf8aT7UGK8X002rBSw/q_oP3TO5iiwHs1GjykKzPpPALX6YWBbCIZP7k5aEULU"", ""https://v5.airtableusercontent.com/v3/u/46/46/1761854400000/_kuaFMH_nN1EeqOtLqY68Q/2nJTYdeK1eGUAEEerpLKSjvgCN8D4UxLe5LJkCykf0jlTV-9v2JP8j1nvh6bZrhkjZlJvGMt49StE4pfsqmIQsYO6d38e18ypUzdJE6oMWiKNy1XFZOwtFtvoQdq986nwLRkDafEn47IeuylVD230CtHSoUR2WsW67y5TBIRKvRSvVAllag3HSrPAchX7Sb6/a3Px_4-rpuRsyWQRjeK_niMCWPnQrLEK0Ur33KiJlO4"", ""https://v5.airtableusercontent.com/v3/u/46/46/1761854400000/itjtJHy5la2embCa7JFX9Q/6GQll6JY50_p1FAbU6aDaiFbryfx6YIiUhMc-NrzV1O9qq-BkwJdtcDJFttdB0W4Ww-1Nu28m39W5UnK58LmT9LFykaZfuhSjT-9jb6UchyRffN2xxZF0SPJ_zBuaQjD2BdGnqJZO1EVHhLbevViQLpQj1pIJxeWwIPls2e7uLo/A347uye0OwIurIK1yboJoOK-LD3rdT2a8ttfPpkrLy0"", ""https://v5.airtableusercontent.com/v3/u/46/46/1761854400000/rE9xRSvwgJaq495Q9GJpzA/qskNBuIqkU4rpDdktZ10qXUCNkYsqPhMnOWHzhaOZEXSI0xfZG479tcxVcUYMkc5SSgJnd61oUCEl7ALj9iyspIBYMO4xJOyk-tszroPHaSmDZEHf3-QWVqc6VrExPwqv8OPQMmaeJLPHCuERSCwoRttZIJH1iUoecBAt9riRRM/Ycykp-SUp5meboicbmIUqeuETx54dZt268gTYFtrBKs"", ""https://v5.airtableusercontent.com/v3/u/46/46/1761854400000/UQUpiMnCpenjxu_tM0Sw0Q/bavQBo7k1bMkSFBE1zwTKttgn0GFP9fpYjH7-JoXjLxpP0aepz2EIUnBk86K9FXit9I7a2B8gdmxm2O-ftUjzezqHr5dWOA7dnKCfaqtU3LxjIieJjq5Hgq8yeoyp7GMi1svDtxy5KJUrHPw-MMb7yvGXwhwmUCeAtnG6Jm9o1w/GyF7LXprzAM5quRf9pmH_-Hu00mlmOw7o0NwLhbNlso"", ""https://v5.airtableusercontent.com/v3/u/46/46/1761854400000/8Td6spKqLgK2QY2zLOr2aA/36YTWnYiSYpf-oOY7x5vn1l6mhLPOwyNtuuOrV0yfjs4uIxX19DOdCgdYnvJuxMv0Gjha-SE_53KNn-aF92lU0h-7CHAQrewOR-rEAxx6cHc8iKS9DJ2KyuXg19FMQNGcsGoSrRZE9-i4e26a7BCPLa5vsxyxgdOFA8zB-KMKa0/4CyJaedwzekOg9LrJBSpM_2N-cczBHV963K7u5_D-TY"", ""https://v5.airtableusercontent.com/v3/u/46/46/1761854400000/-VdHuWHW4jV03uc71hoNZw/At2KC0nuR-u8Lz12spyG4JDkcvwfx_ph-oMYcZ30ih0cjpIcXjafevxhQVsYY9NZ3QaRkeeWSSHwjX9aLpcdiHclpBVmWX2rNapomqFhZjy7O35piqEcek7vtzK_AvR4GFJG8OcE0QjatB-GFD_DDfAwKo1U-_LzIVr9GwyUC3M/TuU8SrgdOkmV7L5gvN3TDE_Trte0PQ7KPBW79k8hve0"", ""https://v5.airtableusercontent.com/v3/u/46/46/1761854400000/1dbEWN6ZC87SxGTnDYfRmA/Fv_NPBUIzqUfB-fZAXzgzK88w9clm3bJuEAH-OE39lFO5zeqQ7jw9izJBfw43A6Hgief5fde1eEZ4SoPLc6vo2WoUqn_sj0LdefHhMNRzhGBc8ixsl-Xqc_kfOoZbUGqTM0wefQmuVbmYhedmHoErBQsHozgRXK8f1B1g9vy9bY/lsdVe1tfhBJitiXcBaET70g12dI3L8Q8T-lfFOV2v5A"", ""https://v5.airtableusercontent.com/v3/u/46/46/1761854400000/4mjKoqDZXDutFUzrhnXR8g/HyPqt34hAxOm8xkCcK9El3K_Pj6oQcDJmeuzHEa8604EhpxggzR3_dp1Vm-fhM8DCv-XxGu-KuCFDNEDe6MO7rsSnvHV9XMA3LxLJ6jJmjy8cbouwxn0JdYlp3h_UdhzSJZcLVqx55PpT_CCQxtEMcMKTtFtQqtmNExO_6gqvFI/tP8xr87ybiaNhxlgPSUaQboxesRKJOre5BZUGRilZlE"", ""https://v5.airtableusercontent.com/v3/u/46/46/1761854400000/Q9Ab0c2oOy6mBIKp-wBRxQ/MId0cfc8AWdzdCeZh1sHFtpdIN1eMPAAYiyc79uI-LV8G3lE_f9agklBebM_4QbxInQz5mS8fBMHUuIIEPPNrfQibDxI9Z6lBi5O2kw_LO92zGZAW3Lqmwil2EWz7Htu2wi9y-dQcXxL5u2ladcUa6mm9uCHKiWCMZqEdmfPblc/qlxsvhDl3by4aO4rs9wlbcYzvJ81rX9ZubBjBUpWKeM"", ""https://v5.airtableusercontent.com/v3/u/46/46/1761854400000/CnBNta5ydaUiEjib540wVg/pc6OIsBmVJ7Ftpdr6nhnWNmZ0RQbP6ifjLqxg1ZqfDaMEoIIbFeu_-n19MyIbBhvuWZWhTm9BAHfzyqLOI6UbvaRNrYraxFEcDlFsgWJo9kF51LoiyTX0lfsm3Rb2ZdpfPwa1L7ln6m_PJ-i31QFrtlGLV8BwOGxxV8a9YVHxMc/4FveKOMhX1aN34KPQ6TLoFtDY5lAcsuI43RS31-QnVQ"", ""https://v5.airtableusercontent.com/v3/u/46/46/1761854400000/YIYwDblJuMtNKXSm2OX8uw/u0mhdI2DNnI93uA8yOQ_S-XHZvKh3N4xfuxT8BrCeOAS8i66rSk-69keHLA71b4J_LenP8poRIMOaAOvtjQDaSQILNXJ2TsbKe7OO5L7DNKqqNUuAYWOLRTfNzybLrw5u-LlzhPCblhN4fh1w5Uk_7rAApK6DpC8FyXo6buo3fU/az_tPj6JWaS_XYVcMqoznWC75o-OdVmi7HGCqYvfsus"", ""https://v5.airtableusercontent.com/v3/u/46/46/1761854400000/XQYH1WvVTkHap46X9iwYMw/khzoQnPNxuqgf5wF74Gm0PPZu6I0VOrplUTNxbpfnavlYpT775qSsBCwz90thIjv8prr0jqWHggbSK2OBzNoZ18UFD3J-Aa9kpeDaqO5aDCumEJQiamZ5UHhKVxA2Frw_FbSUew-x-Z0SCJz-eTgLh_xQbLpJ2yIGe0Fxrz9ZNBkz84dPfPH5g-WjLuU6HHe--qp_iFUDPYg7CdFIdlkSA/rw38CqRyJwJqM6bucpKaj3m-yJa6fG1OmryXTvX3GH4"", ""https://v5.airtableusercontent.com/v3/u/46/46/1761854400000/-JNX-u00-3eiJatC7jrtTw/K9e35nVcIwMZNE7vqI8xWmkUlTAEeGmR1LmJ5aMrnNlj8D2RPy2IPvb-ptyLjXCWvail8uoQBEVb3ObcT9H4nKCRg41yshBYQiw2ismZ9KYJj_G0TlGrbA-J_bY08cZDjLUnmlt3J42IzFmVMeMWp9tfHOrxmpbYWeNdEbYc1qowUBxM762T3Reg4aAoPHMgF7o1DkOLCjg3mTER794_9Q/9_Ssv3m7ERhawM3loOOXaooxnSoSWr4JN0A2rAqrBmI"", ""https://v5.airtableusercontent.com/v3/u/46/46/1761854400000/5ZUu3X30ee_jmGWzykdBtA/O9T79qz69dm1_Q2-v3OV2SFoKKuvPRmO3uzBj2o1yZq32a7vNTRsPgAGBF8_QabPiyT7QIO0PpFVW1HITPiqTBMVSDgbrtJo21-LRzIX-D4wGzru367BZlAnEIhvcDHojc2uevyb4LmgsHlAA3jyR5cQtlsDfSjhy5iUGWSV5CoBous_3QgGJpt1pu4lS4lACPH8EwfvNz8SdY17H5-kSw/o8JMc1XtgKCzpzziJsFN0bTDh0ZAJch0EcuXzGxrwQI"", ""https://v5.airtableusercontent.com/v3/u/46/46/1761854400000/QxBMM8kJk9_Hf1AFLf_tHg/dkY_lsDAcIC0fdWtqT0txCCGdI8HH4Byrjtr9w-ZRiNosLxZvXZetGKTYWHSOwV8JdT_Rn6u8-PWIBq96CZWDS81V6-cQYr5D7ge02MJDf9abYjxTrI9mOQu3ewhOA2fKHZ5Oq0o23IJTebMnKbkj0hzThsOudQ4nxsiOp7vUnWuJ7l1oLDp47n3YaAX_szh/d6wWYwcL88L1CbRTEJvfvhGrc_DhqnUZpNhlJdZ49Hw"", ""https://v5.airtableusercontent.com/v3/u/46/46/1761854400000/dSBEJ02qQph3BzrvnRN7HQ/HD8WxxQPoQ42mR-ZshP3Sr1xKXPhV1bIoe3kl5toxEL18Ng4ZZ1l3QR2v8iXzsLidKV4cySLZ8TgiE4TXEeA6k90G6nHSRSja06IEccgjk11ebR795pFwLgJtb-IG0U_GYfb-igyazG-C0SrWfP0vK_HXD5NbQeTrPieQfeur65K4-UP1lLttx8zTKHOEiWj/EWvd22g4x25-jUw-SKDQnZmjO-lN_CL2pDU-ZLuaYDU"", ""https://v5.airtableusercontent.com/v3/u/46/46/1761854400000/fAkalhb2zFAYdUnPLQGKOg/b0Vae6rMjdoblqRgH2g9cM9FDdOAaEdvvN7akFCxPuD_TVxD_yRRDnG3m6HbrAnxgi3ci66MCLFDcLRXNXbL0eUCD1-ljZXRrQEBHxmsoNkh46jzNOftCEm_YSgJLk50atdMEsq9yUNOtxysnHWhyGEHUWVyK2LQXHQ-lmENviVr2-5R91SFEAFyfloiOfP2/gUvtX9LUwk7zogP2Bq8MZRsSfMemswXjG3a3irHFcU8"", ""https://v5.airtableusercontent.com/v3/u/46/46/1761854400000/p4QvzgT1xCOwmyvPrTa2cQ/Vhgtjc5QR362SpxhyzfSPcwEPluPYPvI41Z67tr4XdIh6FLi6IZZrHo-OASHoZtAqjdvuNJk95M5f-qbsJUc4AJ2HnNAcqh4_MYW6T_rC9qYk5h8RX8tZVjxeBEKQ3Rbfo-KVt8QLfHWabCWmQCsTeWtIdyS4GqxB5hzqWesjxz974_4J_tly3N8kNss4i8jOox_NisY2H_C1B_X8R_HGA/4hfioSGeye8WaIDBTB0nE7CRAV4Oz4ljrQnJbv6MFhc"", ""https://v5.airtableusercontent.com/v3/u/46/46/1761854400000/sgSYAtCYnrrikMzeg1B89Q/08aKlLenlNDfJCCz44a-d8ZKyQR-kMJECGq5_3M2rqIYC2MEAyxBvJ9sMQutXXbp6CJjjVu-eypFJqgs4eZgNRsgb0mPTaqix4kT30_9eorSrzgjiCgrurnUcLIlt9oJGtAUKbamJ2gtOGcPimg6v909KEmJUS6Xa9xN1Q1kWXXzPcpB_SJ0Izmh3S160z8c/1z9QCB8KJuzybbxcqPajA5cqkP1Znfl-zH1kT2_foV0"", ""https://v5.airtableusercontent.com/v3/u/46/46/1761854400000/piWwdTSOjknJjPphiemosQ/S_FJ_WpW61gwlFXdwqerBhebb2vPvk-UkBDkEzoPTffne4Awy9PjNIX1ZUA6W5txGOxt2n7bUcEXMFNhCHGxMTJPkN1W-NW_rsdUM05hufapFIlDnUks897XiqYGGdqXLCQ8yMS6xj6qnqFxJ8pITFZ5K4iWZrn3xFRxaz5tyKH6llyGywuW-npSbvS1XiOIp0awsIpLIf4Cj_NIzjeQZQ/sDbKTfzoo4Pc-5td46yif-aqShM9-QgJkU2ZStTxjtA""]",HOLIDAY INN SINGAPORE ATRIUM - 53 Reviews | Singapore's Only Wedding Review Site,"Rated 4.3/5 for venue, 4.1/5 for service, 4.2/5 for food from 21 couples & 32 guests: “Went there for a wedding and generally find the food to be tasty. The staff who was serving the food was relatively inexperience.”",holiday-inn-singapore-atrium,HOLIDAY INN SINGAPORE ATRIUM - 53 Reviews | Singapore's Only Wedding Review Site,"Rated 4.3/5 for venue, 4.1/5 for service, 4.2/5 for food from 21 couples & 32 guests: “Went there for a wedding and generally find the food to be tasty. The staff who was serving the food was relatively inexperience.”",6,2023-08-10T08:28:29Z
rec1lF8g4kswTQ0Hk,Civil Service Club @ Tessensohn,"60 Tessensohn Rd, Singapore 217664",6562948933,tcevent@csc.sg,,,Event Hall,0,,CIVIL SERVICE CLUB @ TESSENSOHN - 2 Reviews | Singapore's Only Wedding Review Site,Rated 4/5 for venue from 2 guests: “Really nice location and hall. Went for a wedding. Why only 1 lift though :/”,civil-service-club-tessensohn,CIVIL SERVICE CLUB @ TESSENSOHN - 2 Reviews | Singapore's Only Wedding Review Site,Rated 4/5 for venue from 2 guests: “Really nice location and hall. Went for a wedding. Why only 1 lift though :/”,0,2024-08-04T06:30:18Z
rec1toCaVFPovrNsB,Peony Jade @ AMARA Singapore,"165 Tg Pagar Rd, #2F AMARA Singapore, Singapore 088539",6562768327,hanrobert@quaysidedining.com,,,"Restaurant, Chinese",5,"[""https://v5.airtableusercontent.com/v3/u/46/46/1761854400000/oiVTlVfJRN6H_zfYZZloyA/ZLkWxVj4yuxEKV8WIlA7aYaOaXC5IHh-zC4NGUbgMkXlpa6XjeI9M-z7_X3K66A4EHTiVgzgawh26t8ggT37EGzKG4dTl3mRDo855ki8WdX3JigTu_i8mySn6sCfgDAPtuejZB5xpciaO1psO7RrKHUrvzFwD1ibPSy8FA0ngLk/IP0JewVGRNMH1RUTQpmeW6jVhFYKjxOWrSWJbxz7ps0"", ""https://v5.airtableusercontent.com/v3/u/46/46/1761854400000/v4mpHFQeldGwCZHTBo6KVg/_9cYCYirq7ksqwWCKMjtYN2fuSixUQHykAzfaDNeQdoLuo_3usDgimOQQX2MbZMjvaJV5g4hP37kd5l3bHZ0bkw-oQGRGeaOf03HwX9Aey54iZLG0trq-4-n0NAWpeICExjb4mPUvck5OIUSS2C4FOW28UXvRDUXY2OrckEmvs69kWAS9pCrU8UNwGcryqo58pHHKlHJesa9syiKEeVYiw/Eat9pTwXa7Egb7KqBT18_BK21_PSyWKtanWtr0JsSFw"", ""https://v5.airtableusercontent.com/v3/u/46/46/1761854400000/KHPwa4ZQPAnpDyVnZYO1CA/N8RrM7rDKk5LzOHFSNdez_M-1eO1aQLuHZXMYZWaByL3PqyFJ5aJFtaSPRxMM4Scuv5tCgmqfYeOjtF9j2awwEKGUs4UsjWN1v3ZplReCV0VpSu-krGeBCv09WJySU4K9avUpEQe-A1fZVg-XmMcA6flfcmLBQ3VfJW47EungYrhzMv5q4VJ14bhE_ygYaq6y7NpsQnmn9cC-2LTXFV4Fw/g6XNZAouL7Ad-mb7NqmS4wJYytiM0sl6992RoK09gBM"", ""https://v5.airtableusercontent.com/v3/u/46/46/1761854400000/P4f5Ctj4vdw5_47M_bkDRw/YuNiXpecnrkQmEf5MOBEi3L7iHecedl9ociWmOLjddmluPbKQNfpO3SDFJ_EQsCh2lfk8wPYxgAi-IZJHby3KWjBI0qlr6uu_UadKg4BUOqfxgloF4wqm5JREodZ7_4HBcwDlm6x8FcfLgiuncd1g3yJV20Xmm93JnpuAmuBtok/hYg8lRD5x_CyOS44TYYwEz-9zpGorW2BNCCa8NTBqaI"", ""https://v5.airtableusercontent.com/v3/u/46/46/1761854400000/A0Hml_wA40hEg0NzXyxSvg/N-TQwDsmPzU9oSlzFzsN3jg5VNw1b2Ym3V6beR2BRJpVjxK0OZ1acfQaEqE0-re5BReAR27MnCUK4IRUoa5qxN8vmC21ZK60mhzWcIqhaE8vqpIgdNoDaydYIgr4C2oyE2VjSn6Rm0VNYrihxi8zAnQr9H6UNo6JToYOyiC74ZY/UN5N42M1Eg0pKBYOpw9utvtyM4_TpFNgKKUUVw-0Ha4""]",PEONY JADE @ AMARA SINGAPORE - 15 Reviews | Singapore's Only Wedding Review Site,"Rated 3.5/5 for venue, 3.5/5 for service, 3.6/5 for food from 2 couples & 13 guests: “Went here to attend a wedding. Personally I think everything is sub standard, from the old decor and at best average food to the little things like door gifts and parking coupons are lacking/insufficient. Some utensils were dirty but were replaced upon request. For the price paid i would have recommended other places to hold a wedding banquet.”",peony-jade-amara-singapore,PEONY JADE @ AMARA SINGAPORE - 15 Reviews | Singapore's Only Wedding Review Site,"Rated 3.5/5 for venue, 3.5/5 for service, 3.6/5 for food from 2 couples & 13 guests: “Went here to attend a wedding. Personally I think everything is sub standard, from the old decor and at best average food to the little things like door gifts and parking coupons are lacking/insufficient. Some utensils were dirty but were replaced upon request. For the price paid i would have recommended other places to hold a wedding banquet.”",6,2023-08-10T08:28:29Z
rec2JkFNKsorfUaNN,Amara Singapore,165 Tanjong Pagar Road,6568792588,weddings@amarahotels.com,,,Hotel,9,"[""https://v5.airtableusercontent.com/v3/u/46/46/1761854400000/Ta6JgpACZz8cSSmi2Rb5ww/JVOAPXY8seD3xM4PjSuVYKZ7XzbrOcSlGgIlKGvBDbLn47G_4j1qI1jxjTpEe9lluMDfXV8cW4oxT_ptH0-QRrvhcfK2gPx_P51ezFjHYe-F-tlOKH6S-jIpTC0hjbn5KZvZ8Fj3i1xei_LYwFOZ_mGpVtoT82jGr5d7AwdIyyI/rS10MRdfmKc1_wWuFS0fR-rJSyZuGoypGsbX_pe32AA"", ""https://v5.airtableusercontent.com/v3/u/46/46/1761854400000/SUOjCV99A1sikn7wPI9PsQ/AYh7x3RlShEBhL9GvX_6K_Lb2m0_xtaK76fHNN523VIwBdyhKu_VuY_pvYi9dz1SinkhiHZs6lLS1whsQYsVAHiwrxwHZFPcBRHllbGf3JNOyZzLw-qAWy35q2tXP2Y0oNgqdcML9AtnlxQFDB_5TKKGsgG7auIKtYPL1cdm-_8/QwQ_Zuxpx5z8Knc3wY9cstJe8XhgMbO8ZZtp9Ae891w"", ""https://v5.airtableusercontent.com/v3/u/46/46/1761854400000/tvw97vKO4Ez19a11qrwkuQ/sAWz5ytK57jrDBPxoSeQ_Q79zVz5WG-Cs7mbfY8eZA5n8yyWK9JxSHjbWTMh4LuiZ_gPJYqXtr4DxB-Ght7YMCkVzjjZHX2Eueyccf-_BZ_cx5LED8feYeCJSRwkwWhPnvDh_LsGba_EgJsiSjaqjnRUs-jZYSDflmjZT6PWyCY/qmYPV-hdwMNXUUddxpd9UU0jB-lJislQmhXSrrLAJZ0"", ""https://v5.airtableusercontent.com/v3/u/46/46/1761854400000/kl6mZ_9B5hSm_IkFIqsZnA/o21zi_VYR-MipPQcbD084uKOhl1RHT0AY0A4tSSO6kUm7CTTpfqKAyrwBB8SWq8bNjQRlp7D40r-QVP2FoUVOsKF8YikUyICdu8k4aJY3nlItUU1klaHi1OlmDa6_Pse_yxyz_ylGrnmgQ_7NWotRn3ciGaccbqoCklQX7BEdNE/aZu74Aaj9XMZP5U5wQ5-GnEQKxBzSC0_TX80pxaaTkM"", ""https://v5.airtableusercontent.com/v3/u/46/46/1761854400000/lHIY5xLwKKigD8uGSdoMBg/oGCMFGFrZ6nawenGZulFZARWGhMn6VYO0MBSTSAuOfetEu0_EY0GRvRbRunn2_BQ5WbdLKQMwkPdaRPFfUp21erqKb9x26hYk8X1sfjjfOiHwMvadYtHnpQpQ6i96lBVHJt2S0nqhm0u9hXzKFjZ7rZD_GZWQyqI439uV3O_V5Q/3J_rfs562ZRBw9rNyQvfUJw4RyjfPLf2B_CG5GHNw6E"", ""https://v5.airtableusercontent.com/v3/u/46/46/1761854400000/BDABu9tYvpx6PlvLTVdojQ/PmjIg58W8QUPGudffjB_BXuwc1LSrUCyEB876BuKiFCC-iiJoYKYUmhnJWeIYm1Ijw5p3C38srZzwwY25YMLCYDw8XPwgk9RHkWWm3ACBY6_LPCXXR9ZewgcYY0tY3b3GBh5VzzuOb067cXVpJJKendA4UUkwz6nZSkM99SmPyc/M-muTbqjpbQFaZFRevEijtmSiva1OWgLNVwIKp6p0wI"", ""https://v5.airtableusercontent.com/v3/u/46/46/1761854400000/oI98ihuhVysFrXznw30Blw/KrqcOXgD5SR3dmO9U9POiv_Wu1cX3XIJ_9u3OIii_eEPsvvh59bNne3Dqw6EjkCPSvTkiiH_NmEShBsH88ISfXodtKKE3W5MXqa6Imai6tKK_g6d4ASgTuCbLzCapR35ULj6DPMYdKu7H8b0emA2yPlmp_TgSm9EI_b-3zPbN2Y/ctuvmmnhajJUdQIKGcbaRU_5Dh2WIcj1gbSgpSLLisw"", ""https://v5.airtableusercontent.com/v3/u/46/46/1761854400000/ys4nqgX0qlW59DsWx_KhZw/z4s7k3iSSVnscigvNY43VxlGOMs8f0MVCM63Yk6rTKGWcv7D1DtQ0KfpHW58zES3XNc8DYhB1qSc7cIWhJw-7O5MPPbI1ewdZOmpzGXfVZp1jbNsbrafPeORpS7rCmGlcgL3TMuW5GtU8XQ7XV6ldyujBKJSwxn41LUkdCystf8/W6J7u_j1f-Q-GvSYxkGbjsWUn8perR1ryxmhjrVA3UQ"", ""https://v5.airtableusercontent.com/v3/u/46/46/1761854400000/9nhX1GiVc8S3TJ9kreFv2A/iVNhARPnyCAsMeJsRbqm2bsHF4ma-0x3ejMrAwOn1A8HGRg5EG0mtfwaWZneXFOzDgBDi_55w3a1g-UwZ1BvpDYAsIv44fJ3UOBTxWadDRE_A_TQMvDzM89Dr1mq6ulx_WEggykfLZRyokV8nDXr5iaNWBstntyt_V1K1grFGiE/FTGoq0TNb4XE6MnN9svT2EbT_SchKR2OPNyNRbRP_XQ""]",AMARA SINGAPORE - 34 Reviews | Singapore's Only Wedding Review Site,"Rated 4.5/5 for venue, 4/5 for service, 4.1/5 for food from 6 couples & 28 guests: “Visited the amara wedding show. Everything was well planned and executed. Food was pretty good, and nicely displayed as if it was during a wedding banquet. We were constantly served drinks throughout our time there so can't find any fault with their service. All and all a very well organised event”",amara-singapore,AMARA SINGAPORE - 34 Reviews | Singapore's Only Wedding Review Site,"Rated 4.5/5 for venue, 4/5 for service, 4.1/5 for food from 6 couples & 28 guests: “Visited the amara wedding show. Everything was well planned and executed. Food was pretty good, and nicely displayed as if it was during a wedding banquet. We were constantly served drinks throughout our time there so can't find any fault with their service. All and all a very well organised event”",6,2023-08-10T08:28:29Z
rec2VYwA8INX8pqp0,ATLAS,"Ground floor, 600 North Bridge Rd, Parkview Square, Singapore 188778",6563964466,events@atlasbar.sg,,,,0,,ATLAS | Singapore's Only Wedding Review Site,"Wedding reviews for ATLAS · Ground floor, 600 North Bridge Rd, Parkview Square, Singapore 188778 · 6396 4466 · events@atlasbar.sg",atlas,ATLAS | Singapore's Only Wedding Review Site,"Wedding reviews for ATLAS · Ground floor, 600 North Bridge Rd, Parkview Square, Singapore 188778 · 6396 4466 · events@atlasbar.sg",0,2024-08-04T13:15:53Z
rec2o9vNM97x9KgzL,Min Jiang at Dempsey,"7A &, 7B Dempsey Rd,  Singapore 249684",6567740122,mjdempsey@goodwoodparkhotel.com,,,Restaurant,4,"[""https://v5.airtableusercontent.com/v3/u/46/46/1761854400000/4O914nk55f1QSJlrIY9coQ/ndGZxFihenqnWhi1icjyY8rG2SsENPdHityBscRRdt7U13TrPUcPvz1bP7sXIZpQ3lj745Lmgto9aqdiylwdyxfagdg44cttBfj12S3mjP_iG4yg6KlNmzUx4lcr38_IfctsLJEmVBZtBfvFr7GcUmSicX675Byybt2VUaqWsL2jKfIvb6Zw1T3QNwq2JMMF/_9tewuryV5GAJHFdCpm7uv2gneQ6Iu0VAuhNHQmSgsY"", ""https://v5.airtableusercontent.com/v3/u/46/46/1761854400000/kYFmqSRimEBcdywzxjZ10w/jgK8alGAsOYvtRbUN6f-VHGZtdvvIY6pyGfQA976lbU1Wes6i1IY-WXtB0_WqMsq8nrOUrxD3AAOzWr-ZLgGnLsJMRf3slFtAPCdEIXDLwuxO4znqAXBW_HSQKq2p0xip5yK2b83drA_Hbaq_LmsYoyh7xSlDzd_Sg8v0k2235pslYRedX-UE3tlm_8LhxsaOTZOQBjCGoVuYJfXRx57wQ/wzlPQuoYSBJ4O8usuJ35mqB1zKITCC5w9S4XDxk7SDY"", ""https://v5.airtableusercontent.com/v3/u/46/46/1761854400000/bxtMLNbuKugoHqqXBXUexw/oxYu262cafU0iKQs2GO52qs4RDzCc_LXkkH1AGuHqzLoylXu4pfEhkyYb9cSN3M4It0IgPyLWs6VJFN52dALWRj9h8Z0lQGxHTll4mB7vrTHYk0p_aw0NxwTxghibWmMf-gJSkkuvs1p7BgdFJqrzA8mVPc7q1SH9J6g8l0J1hOep-mfzUdaXmHIS7NNhkor/IasQyFXt4XraZGcw2jV8W2XCz8Wt6Xm8KIp_Lje-7WY"", ""https://v5.airtableusercontent.com/v3/u/46/46/1761854400000/VNqV4zxvPSY9A9aP6-S7Xw/tLuBoCwBFsV9B3bzKsjh5HZtC1ToNyt_IgbDI3bnhy7p6HTGopnzwIx6lJ68w6F5wU91DJkogw4AXmcAfELcv49RK88I0tMguMV0_dQW-QxL8sEY09drwBd6Dcza44KwDYfhR_MW4tF1Dj_zEH1g4qv8LBFLuDIOPzdoOXbmgbU/nRvx8QwjcSsf9Eb94jy_Hvof85vkijCCyjFfJouqUVM""]",MIN JIANG AT DEMPSEY - 17 Reviews | Singapore's Only Wedding Review Site,"Rated 4.2/5 for venue, 4.2/5 for service, 4.4/5 for food from 5 couples & 12 guests: “My daughter held her wedding at Min Jiang Dempsey yesterday night. I liked the idea of different table settings of 4, 5 or 6 or even 10 per table. It makes interaction so easy. Not only that, the plated food served is of a certain standard and quality. Their service staff are courteous, helpful and respond. There was a staff that even double checked that all at our table has been served the dessert and not one was missed out. I certainly will recommend this venue to couples who likes the idea of a small scale wedding meal. And I will definitely return for a meal the next time. Thanks for making her wedding memorable.”",min-jiang-at-dempsey,MIN JIANG AT DEMPSEY - 17 Reviews | Singapore's Only Wedding Review Site,"Rated 4.2/5 for venue, 4.2/5 for service, 4.4/5 for food from 5 couples & 12 guests: “My daughter held her wedding at Min Jiang Dempsey yesterday night. I liked the idea of different table settings of 4, 5 or 6 or even 10 per table. It makes interaction so easy. Not only that, the plated food served is of a certain standard and quality. Their service staff are courteous, helpful and respond. There was a staff that even double checked that all at our table has been served the dessert and not one was missed out. I certainly will recommend this venue to couples who likes the idea of a small scale wedding meal. And I will definitely return for a meal the next time. Thanks for making her wedding memorable.”",6,2023-08-10T08:28:29Z
rec2vg85fD0lXd0fY,One Farrer Hotel,1 Farrer Park Station Road,6563630101,events@onefarrer.com,,,Hotel,12,"[""https://v5.airtableusercontent.com/v3/u/46/46/1761854400000/YSRX0SKEVJl-plGjuWFYtg/Z_XqIJtTm1wMDGQi-QeqcogpWmDyt4SAoasbk6kKz9xyhn8istJ3CihUngzsniPwy7qTU_odmfvQdfyPAGcJwueWI3adGr8bAhoQ35GF-cJrLlXZn-BeHm-K6U17Iq9VmV1RuNkkKnA_EP_Aze0sddRNGaMMPiL62J0QZlekTok/aN7t2tLCIv17cKtnQ4GUsBeGg_gzIHqlGDIeBtpmFUg"", ""https://v5.airtableusercontent.com/v3/u/46/46/1761854400000/_92bqlIcdNMMw572OlvBIQ/NXqxLe3d37uzX8OjGCNcpjXexxJZwOEGmIEaW_n96mJJmv6daVkIyuq78TRRQ1p23OuivVfladhp-udvAL3H_1ro_Y2Yy3eYPK2kLFAIYDuHhNMtMdvf-ewTpjnkxRfgfsmVAGcj-2SvxKkcaMAO7aI4bap5GRElWc5f1NN-oq4/9MK1dmSwR79jiM85F8vr7GOgV-ymZ7yE6QkG3SdidkQ"", ""https://v5.airtableusercontent.com/v3/u/46/46/1761854400000/oehoi2TGHShLDppRAwwvDg/an1Gh-Rhp6BEhN-l_74pkkH9KZPg2u68ibR_4-onw563v6SRpUTM0TL0Ey0-Wm-cyEtGymbT3FscC-KaHoLx51lrq5HJ102sDLpGPU6nJmgo17w8XGyJ9sEbk9d69uao_jHR10c2VxGRk9XVNocAaxf8udT7sjtOSnLNU6nFfiU/nEI7E-p_6-SbXK4jIrQq0o0oMxDMpH44uVfJ_gYajhs"", ""https://v5.airtableusercontent.com/v3/u/46/46/1761854400000/iidi8-DXwO84WCWjFG9Irw/zuLKr6PR4uSkCUfZhAqfL3zyWcqzrLJ4CS-LOcH01HUnjFnZnCH-1sHcgYaCe5pkFh9KPLVQtPK6y7V7uJRYBUQp7RZSjBLXaiaNKcSvZ8Dqxo9-48IYLaMXopFXa8R0m_qxwh-PaFA8HduS4Bsx83FulH69IKIF9R-WI5cYLyk/ax4oJ2GRb8ApsLgrQKy6UlwOpsGjJyRbcvcoboivTJ0"", ""https://v5.airtableusercontent.com/v3/u/46/46/1761854400000/lRw8nuyboW2PtquysLbDBQ/vuxrAOBXUg64HzHj7mMvHbsuuqwGxc28xPo5GCsw8fKVN3TE9F9oF6WjKE90goNUxWcQ9O6GOtVmyoeJLHwspZti9eYZHH9adFjtoRBhLau1lavtgp3gu3ihDtbFh3Ce8jVLXAXxXBij3wthhBmVUMNXUt5ZRv7t0ucfkChZtXg/GGU8dtyiNnHxd1XRGfDONb9CLL40J-wDNqn86CgaYYo"", ""https://v5.airtableusercontent.com/v3/u/46/46/1761854400000/q13ygFdGkwC9A8rdfyX79g/s3fYFK5rgM4H0Qyoqk3iBqnYCKkUOU5FHFHRUznV_gzncgS8sVC5k5GRcqZ5qzi6F_mP8X0zV2B5FA_R5uvpDLzketPvL53PRlRx8p8laAHMfug3CMDtgDA2cV7I8FLzVMuPmJWxZ6fS9EpP0aGavymxnjCKtiJdXctofWygwHs/SJFTN22vb94LhSOsAwQJqQoI6i_kF3gzYY3k2i_GjYk"", ""https://v5.airtableusercontent.com/v3/u/46/46/1761854400000/GqvoYVMsHw76NOGd_fdlUw/LxTHiPD6gk2Ov9BjrzmXAsN8ILBFLCrjtlE4KjVabH2yKU-xu6skmklxnbliZ56Y5d4J_Qmx4gKayw3c9LZ46BXGLyO68bBJec5dBdjxGpSXjvE081on-ZUHSGqhIEknanEF-Jc8ozVIe7j897i8BiPhREZG39ZRWDfSVHXFNo8/zVawK61Q3QWuycJudZq-yvJQhJ7wW7VkbYCvHvXvX-w"", ""https://v5.airtableusercontent.com/v3/u/46/46/1761854400000/6e5yZwUhenZe1toMjOqReA/a1XDB3MkfyzCuhvC7vStQDFXAG_aTljdcrBKcSMO8fGRAdIS6rJcDu8OZXuETTO0X7HOo3Q4y7sZjFA9wpAiyybhasta_YGt_jpUme1VJTgYylp081M96bH0JwCFkjQpTnE3HdUMepBtGaENj1qRrxQhpT8B_z5vG-LtSLSRFZI/lLvGTmgiNxE5b5SnFKJEVpoO017qL987VowaVVz9rRA"", ""https://v5.airtableusercontent.com/v3/u/46/46/1761854400000/gcPD2He5A5WSuDEb5bFPbA/Dt9oQ6N4hYqgBMsp1hgb0lcPDt_qDJO9jJFrR5Ya1e2RzfKlsSblGDHOr-12IqEAizPPiXJLini6cTG28kuL4luGBGcqHJsm9nOQHfarA4hCg14eIxGcOuqT-OmvE0XG69bPnumOEuwQXztCGRzFIjzmE5BvdUGNuiQsrtGer9M/b8gCn4wvjBwAkB6X15kboKki_6hxJs0cvLHZ90b4IVk"", ""https://v5.airtableusercontent.com/v3/u/46/46/1761854400000/TSmYd5VBou8D_fSzbKasMA/wXJYDHZGqXEYL-n8QI_JoxfgOyPDY2dgGVF-jKVkLUcxTX2N0X3o5XLl3pyCHqOAXr3xDKHBkVlG9uWwtvdTvAZZtjuRb5i9nliIP2stTzYTC128pWpFcs93IL4TutOJdCY6BP-r4jcP5TqoQEgmLbPekm_4bOzuUTXyujUDjkQ/0TjJgeIJOFTyyZqSsqht1iHryg3DWapotekolHjF7uc"", ""https://v5.airtableusercontent.com/v3/u/46/46/1761854400000/b7K--fogh-qJEXtHKeuITw/EBY4_Ewp1rQ0SsZ_g6st-PtdYJqQIPm_1JEn6OprTwltyK32mt6H-dC7LsD4gCEXbrpPl3MAekr2Bw-K-rGEO4ihsWFSmXoEKHZo13rR4D475OjkjZoe4DOR4pHxMltDzcfyxQnqOYlvluZFMjrPpw7BTiaa7Liiu3H4HOijaTI/Mbgj2Pb5HVq8iW9QvfBrUc2fdzKpJHkYzcBBM8JGnWs"", ""https://v5.airtableusercontent.com/v3/u/46/46/1761854400000/8t3Jx1pc0FJ6YAiD7DejqA/F-uP8Svb6gqRnzQEwbeM2urB3cJ8w1x34qUFW0PLTnvJiKDo4LBrpTZj0X2wHU8OEIsRuWW-aB3-nYxETR3CHSbQlKsv5wRsuIxpG87GTIrI8AGqVM5bHA34CqifQfongvNDDPtZIQ6mpDg7F_a1kjESehjv7s9kwRGXi-L_eKI/rW31PEwYV2uOLX1OTtLAgU9a6EO-44c30uQMkXQrpgc""]",ONE FARRER HOTEL - 31 Reviews | Singapore's Only Wedding Review Site,"Rated 4.2/5 for venue, 3.4/5 for service, 3.3/5 for food from 3 couples & 28 guests: “We had a wedding reception on Saturday,May 14th.The food was very average and the dessert served was spoilt and tasted bitter. It resulted in severe stomach pains . I m risking eating here any more nor anyone.”",one-farrer-hotel,ONE FARRER HOTEL - 31 Reviews | Singapore's Only Wedding Review Site,"Rated 4.2/5 for venue, 3.4/5 for service, 3.3/5 for food from 3 couples & 28 guests: “We had a wedding reception on Saturday,May 14th.The food was very average and the dessert served was spoilt and tasted bitter. It resulted in severe stomach pains . I m risking eating here any more nor anyone.”",6,2023-08-10T08:28:29Z
rec3H0FDwrcslsIpA,Raffles Town Club,"1 Plymouth Ave, Singapore 297753",6563232323,,,,Hotel,5,"[""https://v5.airtableusercontent.com/v3/u/46/46/1761854400000/520y5twn-xdWo_Bjv7cauA/GzFbxF7IKmLUSMpuld7ccJaccHki7LyAvzybWTmJ1tW1zr8OExcKN5EU98KQzi0Z1HRa8jFjEM4Qr9M3rWE1wfFIW1T2HG6EXQyTPYWzNUlRmz7aQqpjtzDyTkqa_jHPkrsh8RuMi2JbDAUBZdi1h8ut4etjYi4V4YfOjyG4photvqkdZ3Grh1NlH32ncCVj2g6LKUcPw4iViCVZ9Le8XqagOh7Hys4tVdxxq2jB5oA/HSevU2fFiJEaSOVEYogloXD41d7UtUnembbd7v-thDk"", ""https://v5.airtableusercontent.com/v3/u/46/46/1761854400000/ePVrYGAgsTUYmlBpf2IsCg/WKN4BWHL9J8gsPaEynA4Mq-9qtsBUJMKqjYkpE0uAwZIiCG4IRtcpd3n2tpXPP7kyAYTa61XfcVoWxVhTxnddCzN11EJpH355TC3rOtuKn6C7LqcKUKM6k9IwPrUvs__iHt2WHTHJf7Bi4F4y69_4vz8a7M01F18bKFtZqtVzVrc7CQvBKI1M3KBkE0OBl5QmDouOmwLHmxXD8IrKVYxcD-cUHLuwpxeJ6xNU1R6aPk/z8wR1iwv_PG_egbarhBKcNeXIPwnj8vyFG5eduSOYos"", ""https://v5.airtableusercontent.com/v3/u/46/46/1761854400000/E3Nn31yUHMKtDuz0v_sKJQ/m1RJvQE7xm3h_NgRJrNVv_OlNcSChgJ6g7iBxruMFOFE2Kj4jPbsXSIuu_dYB09rvXZiK2sbOQJBTv6D9xC_F0JdVT9mLoBv77DUvMny6r2HQ2NUkB7mkLyNflte35FV9ImhW_4ACh0XplhGUJrSG33ePD9lU_VOqgWA_nvmt_VHIprSEj0EzuwebOZH0JNqvKj0R0DNlA4S9QjgvUuDcimGz8JQKFHcvM2fVWK59BE/oZQQPBEPQBdOZLGKV6fofT3JpWGRBaeEMTlCggB4-IA"", ""https://v5.airtableusercontent.com/v3/u/46/46/1761854400000/VAx2d5x2HpSbeRdhFR-qlA/rYzLKKE6g2EGxDTHvTOZREeuqjcdl-a9_JpJbGGdOU2Ym5SGDOrrdyWNlD6WGT1SQpylYZiBWG5wO-YUhIZJuU_kuXC2h4lhgrWDrCq3pB6K1R0HnBq4I1mO4WCYhbWPLzgT17Hp4EUFNOk0Qa3CGSn9a5PS0CV14GTIY9LIsrnmxEY9Sa4dhKqyESWfs7T1/Xx_WVgbUuNWQAKhktuTBWOVkIqsKGP10q-TZjRNVN0E"", ""https://v5.airtableusercontent.com/v3/u/46/46/1761854400000/h5P15eaJujQJsMCeXQF3IA/MQeLDWytTPMUcssXynWOv3PvJ_CMqUnd36g_iU_GbqOio5u5qjTF8jwZU8Py6aCSb4EWrb4t8_M9b5saTexpJMTEd2zlYv1O_sMBw5zyidiLxLlNRTv4wTTAKxC_k_9CeVoWkTDCJPThirh3oee0OiJCJj736s74zTaojxPGg5tTZaci9fKZLWzD35oHSqRmEF5D15XmnRj-e5HHsgSNzpBzxAhe67kA1La0K6dUDYU/FvQ2RAZG4Nk9wB_wHvbDcfarfsqmg3vItIQ3ZleSJBI""]",RAFFLES TOWN CLUB - 1 Reviews | Singapore's Only Wedding Review Site,"Rated 5/5 for venue, 5/5 for service, 5/5 for food from 1 couples: “WC: Valerie Personal opinion, RTC is def very under-rated, coz I couldn't even find any BTB support groups on FB/Tele! Was lucky enough to be recommended this venue and it was also available during my wedding date! Package is also very competitive, as I not only get complimentary night stay on my AD & the night after, i also got a free room stay for my helpers + complimentary breakfast & parking during my stay + $100 dining vouchers (we couldn't finish utilising the credits so we bought a bottle of red wine home 🙈) + my GDL/betrothal packages fully sponsored (saved me a good almost $1k!) Valerie was also very nice & accomodating, by allowing us to sign a package of just 100pax first (lower monetary committment) & allowed us to increase the pax count to 300 just 1 month before our AD. They also had other club facilities (such as mahjong room, bowling alley, pool/billard tables) available for us to book for our guests, which was one of the pushing factor for us to sign the venue immediately. Food was good when we went for our food tasting, and initially we mental-prep ourselves that the standard will probably drop on the AD since everything is cooked in bulk, but to our surprise, most of our guests feedbacked that the food was still good! Their bridal room is huge & very comfortable, more than enough space for the bride to move around in gowns + MUA to work around + helpers to pack/do any preps required, all in the same room + jacuzzi too 😏! Would reco this place as wedding venue if anyone asked for my review, like where do you find mahjong rooms/bowling alley at wedding venue to entertain your guests before your event starts?? 😂 Other points to note: - Location is very convenient: pretty centrally located at Stevens Road, 2mins fully-sheltered walk from Stevens MRT (only the Downtown Line was available during my AD, but now the TEL is also available). Wheelchair accessible as well. - Parking coupons available! - Toilets are also readily available around the banquet hall. - Banquet hall is pillarless with a straight march-in aisle! (PM me if you want some photos) - There is also a cafe available, where our guests who arrived early can chill at for coffee/tea (usually only open to club members, but guests can just state that they are attending our wedding event and they will be allowed to be seated)”",raffles-town-club,RAFFLES TOWN CLUB - 1 Reviews | Singapore's Only Wedding Review Site,"Rated 5/5 for venue, 5/5 for service, 5/5 for food from 1 couples: “WC: Valerie Personal opinion, RTC is def very under-rated, coz I couldn't even find any BTB support groups on FB/Tele! Was lucky enough to be recommended this venue and it was also available during my wedding date! Package is also very competitive, as I not only get complimentary night stay on my AD & the night after, i also got a free room stay for my helpers + complimentary breakfast & parking during my stay + $100 dining vouchers (we couldn't finish utilising the credits so we bought a bottle of red wine home 🙈) + my GDL/betrothal packages fully sponsored (saved me a good almost $1k!) Valerie was also very nice & accomodating, by allowing us to sign a package of just 100pax first (lower monetary committment) & allowed us to increase the pax count to 300 just 1 month before our AD. They also had other club facilities (such as mahjong room, bowling alley, pool/billard tables) available for us to book for our guests, which was one of the pushing factor for us to sign the venue immediately. Food was good when we went for our food tasting, and initially we mental-prep ourselves that the standard will probably drop on the AD since everything is cooked in bulk, but to our surprise, most of our guests feedbacked that the food was still good! Their bridal room is huge & very comfortable, more than enough space for the bride to move around in gowns + MUA to work around + helpers to pack/do any preps required, all in the same room + jacuzzi too 😏! Would reco this place as wedding venue if anyone asked for my review, like where do you find mahjong rooms/bowling alley at wedding venue to entertain your guests before your event starts?? 😂 Other points to note: - Location is very convenient: pretty centrally located at Stevens Road, 2mins fully-sheltered walk from Stevens MRT (only the Downtown Line was available during my AD, but now the TEL is also available). Wheelchair accessible as well. - Parking coupons available! - Toilets are also readily available around the banquet hall. - Banquet hall is pillarless with a straight march-in aisle! (PM me if you want some photos) - There is also a cafe available, where our guests who arrived early can chill at for coffee/tea (usually only open to club members, but guests can just state that they are attending our wedding event and they will be allowed to be seated)”",6,2023-10-11T14:38:52Z
rec3JFOEf4dERBomj,Qian Xi Hilltop Garden,91 Bukit Batok West Ave 2 Civil Service Club,6563165500,Torrance.foo@qianxi.com.sg,,,Restaurant,8,"[""https://v5.airtableusercontent.com/v3/u/46/46/1761854400000/4MiNSedun2n74UmCw_ioWw/Na-7t3rsh6fV2J33esrA8t8TMpEfZ0_voEmS9mP3_uT1VBAu1wnwExRMhk2lvgag3LhO4QIkODLHNqiJZ_D34fhTZmnqJRCETRdvr84F569BRbHt2bQDudBszK9MfwTCjug1bQ9C_BUySmlLJxCfo3kvpBIIn32V4c8S_2DK7kE/45FFHh5pzX-kdfK-V85n6KSSAyWIondCGyqGCP_6WGI"", ""https://v5.airtableusercontent.com/v3/u/46/46/1761854400000/2qjcRSpQ3V4oKL8_FP8trA/WmZpJxCamQ3CByG6TtXJ1bD81FBz3WNVhz4BVwrVT8qQ47lt9L0on8shJnlr81qwenmho1bbfmtYASJAKRuOML7zI1SYnVBWXm-Jhydzi8flMiLjhxwMQ2t4zl06lb6I_SoD0RFkCYi4hai4Bw9xNPyBRPlQ88ooUCDpjCH9snHG4dQOXNQY8VNVLZYO-OI-baJC8vyztUaX71pKeAoC2Q/f5bWVw0wZDd3nBz6hrq0qx-YAqkIlSwJbH_gA-YfLEk"", ""https://v5.airtableusercontent.com/v3/u/46/46/1761854400000/KZGt7cwjCNj0hGGTERXuRg/u71HjAkG4CKGByjK7C1IEYMIlCeZkio1h8a2pRxYA6F6EUNGB0rjd-Gw3vdTw21Q8MLHSU4CmWva-yp4Hlj0nvErIHrUElHxbY_gq0oekG_BPqcTxML_7Lruc22E5cV4L78lsgYdNukubt79S1AJso_S8Yt6Y9H9PxgOFNv0II-ApinohiOI9x3hUmBypUPTxCgjUT-8d0LL852gO73CzQ/2Jdk7ZTe4G3L6qe2gnp7ExzdOKUjHNT1OWKrerQpgeU"", ""https://v5.airtableusercontent.com/v3/u/46/46/1761854400000/WKyDtHZ1gpwN9ujIc6lc2g/DqvmJxt022ZTGCFCNnpxZKCSnCr1nq3KRzAwvLIiR8WZxYkSb9k8pFvPlxjGAdhVZuEq00nAvQvS6dNxJa34JvleD4ZU5w0Uc-rGP9uCFsbO5pDm09m6tTZimtoL1N221UiM7Uh7MB3LTZo1bmRO1tI0KbaWmZFOqsG2GrazavvTJMCBoL81WaAFBmdY-2j_agP5ij_HZN9BNn10GwDOYw/n-HYMC2gmxyDj3vanDAww6JTPUaHp8dZbgTkm_Bdk_U"", ""https://v5.airtableusercontent.com/v3/u/46/46/1761854400000/2nPxxxldQ43MKi4IwsG_Cw/ChT7cf4cF_8N9Nr3krq83rMWvkSNmFN-QyJ1_xsGVakY0dnEoWMD48bY09Da8NJcuAMC3dWjPqRS_kLFhJqLUlc-71n_9qYDwAAQ1UNemT4GWxkJGckYL_Wa_ecpeESuZ2A3yky2uIPgqojJIyyehdeoqOWij5rzkhUhbC8eVno527j1rPlA0dlJ2amQIst98urhC6lF7IO7ontVK3-t7w/Q1R8oxlLHRwLPu02KqsboNRG_DyI9LVjFIXZCNBqH6Y"", ""https://v5.airtableusercontent.com/v3/u/46/46/1761854400000/Tacuvr0ZQMppFGbo7neWqg/sOt4_vzbu7vhGtcsZDoCUb5IdQemrmnr09qvkg5opc248B83xiEMtrD0Vc_q8Hnz0qsJ1-NA50NYcztjtqqduLC4Q0d_6k5mJOZ8AI_fdclSoNKzIOoocubtzsTmoqySwICyVwTlHyqDW9Aw_KtXTAu3guVh7IzQrKCLWDAvtk3ApEqfmb9dRgU-g7FGTqU168CtoxAu9_I0hbWGjyTQGA/vNfRMWhvFB0K7Q4VetxMLgJqPMMOU7Hgh3FMpKxT62I"", ""https://v5.airtableusercontent.com/v3/u/46/46/1761854400000/YB8MtP-cx37q2qoZqPmoZw/mrSvfRfNOLW8Lr_pkU37ofpKNMPNflAfIPM6Bz0JALBxCVWKKtiOUKMOUw1tpkJ6vfm7RKd1dAUzZ_bB1RgUAcSv3BR8Y5aZewk6D8XR1_a4K862M_JWUsjcpsI16TOAfSZRdf4Ui4p0JEC_oSG79z9f0qbaKq7yobgVL2fr9UgncgTRqpJV2RlIB07XKoVjH63dAKAKnYdNQ5UTv5RgHQ/boDZ8zFVp3DKHMYIJqemBIhS5K78ngMVlx3pxpGVEk0"", ""https://v5.airtableusercontent.com/v3/u/46/46/1761854400000/lyJNMRqWnAffZ52-Gt_c6Q/CARZXleiS_rpwvX4PftJuY6bno1wzACLnw6HZQv6_kqBDupDMjTHkvciXHt9dGqV46OhqBslTkHvshr6s8sIaTDTGh2NABs0-vIXcoj2jPzNvA_xBls-EfqGwlfpMIXn2vQLsy3wSetxsf1wCdVA-ALJgynjuG8FjbJuK4Em7rSApWimXIDy0jq6WFRCKg0X0YEM8_DGNIEMZswiHkUEKw/2a0RB9rRrLYLJiXhSYP7-oK0Vjx7P3GaS-e3_GcH0XA""]",QIAN XI HILLTOP GARDEN - 11 Reviews | Singapore's Only Wedding Review Site,"Rated 3.5/5 for venue, 3/5 for service, 3.2/5 for food from 2 couples & 9 guests: “Was here for a Wedding Lunch and pleasantly surprised by the well thought out vegetarian menu they served being a non-vegetarian restaurant. They was a good variety of dishes with my favourite being the 土豆丝 (Stir-fried Shredded Potato) in this starter. There was also a giant 荷叶饭 (Lotus Leaf Wrapped Rice) towards the end of the course which everyone had a hard time finishing. The staff are nice but perhaps a little too casual and sometimes rough when serving - bumping into things and attendees. I was quite surprised when one of them just poured the leftover peanuts onto the plate I was eating from. It was also crazy cold and parents had to keep carrying their babies outside to warm up.”",qian-xi-hilltop-garden,QIAN XI HILLTOP GARDEN - 11 Reviews | Singapore's Only Wedding Review Site,"Rated 3.5/5 for venue, 3/5 for service, 3.2/5 for food from 2 couples & 9 guests: “Was here for a Wedding Lunch and pleasantly surprised by the well thought out vegetarian menu they served being a non-vegetarian restaurant. They was a good variety of dishes with my favourite being the 土豆丝 (Stir-fried Shredded Potato) in this starter. There was also a giant 荷叶饭 (Lotus Leaf Wrapped Rice) towards the end of the course which everyone had a hard time finishing. The staff are nice but perhaps a little too casual and sometimes rough when serving - bumping into things and attendees. I was quite surprised when one of them just poured the leftover peanuts onto the plate I was eating from. It was also crazy cold and parents had to keep carrying their babies outside to warm up.”",6,2023-08-10T08:28:29Z
rec3KVKs2rg6ZALvc,Burkill Hall,"1 Cluny Rd, Singapore 257683",,,,,,0,,BURKILL HALL - 1 Reviews | Singapore's Only Wedding Review Site,"Rated 5/5 for venue from 1 guests: “Nice place with alot of orchids, plants & trees, was there for a family wedding”",burkill-hall,BURKILL HALL - 1 Reviews | Singapore's Only Wedding Review Site,"Rated 5/5 for venue from 1 guests: “Nice place with alot of orchids, plants & trees, was there for a family wedding”",0,2024-08-04T06:30:19Z
rec3OBWvQi9iY5Rsz,Tiara Waterfront,"Singapore Indoor Stadium, 2 Stadium Walk, #01-05 Tiara Waterfront, Singapore 397691",,sales@tiarawaterfront.com,,,,1,"[""https://v5.airtableusercontent.com/v3/u/46/46/1761854400000/xOtiB_UenGNPKN3NKUh-1Q/W2Q_gwoMHoHYmuRm2ba21VaGxKpRO3Ikq_AVUAiBkqt43QljWWqJmMLfgFr-iTBvyotzrEeHzY091eRge6ykrbfwuAB-z_pWt-xQi4xOPMjmAa0y4yaazS69MpQHFP2FcatmZtS8Jfl5NVCqQKBjwAL6I8yEZQqlPbbpPdrJ2mY/i1wnOm0RwL56rInAy5R1MueYZ8owI4PkSExNniObCHg""]",TIARA WATERFRONT - 30 Reviews | Singapore's Only Wedding Review Site,"Rated 4.8/5 for venue, 4.9/5 for service, 4.9/5 for food from 3 couples & 27 guests: “Really love the ambience when I attended a wedding here. The lambshank is one of the best I've tried. Good place for a wedding.”",tiara-waterfront,TIARA WATERFRONT - 30 Reviews | Singapore's Only Wedding Review Site,"Rated 4.8/5 for venue, 4.9/5 for service, 4.9/5 for food from 3 couples & 27 guests: “Really love the ambience when I attended a wedding here. The lambshank is one of the best I've tried. Good place for a wedding.”",0,2024-08-04T06:30:18Z
rec3Sc4xN91kbSr5w,Fu Lin Men (National Service Resort & Country Club),10 Changi Coast Walk,,sales@flmrest.com,,,Restaurant,5,"[""https://v5.airtableusercontent.com/v3/u/46/46/1761854400000/G5VSRZVuVkNqCOHEGUqcyQ/VybzR-havEkdQ0DlaCdMr6mbGSweqhU4-tfCNsxUBJp0cCra2S_FzGbmk8M92Ax6ZGiaNV8uGwOhe2wTKx-3TfaHC9jcQhOu_KTkTV6jG6JF795qCDbo16KQMGpGpyVYkW0qDzriPMJDLzTCqGmwxS21_erYDXYK-4Zlei5yPhQ/ST62IyNT_m9UcdBTDkW9mp9DNh2zc7-Mhs0F_HcLA90"", ""https://v5.airtableusercontent.com/v3/u/46/46/1761854400000/nyB9_JHqc6_A0VbJB1Py6A/TO-d6yQN8-04RcBliGJvF1dCn52wQHBS4h2RDMVYh5NBnZlCuq2o0tfKoAJ7OEJujG_xT7_eNcAgXaRGL9DBkKnKOOG6Uf_BGnxw3cvG8TMRQNE_aqls3aVDWQScj0r_h08heV_wiBPKH2ABOV5wR2p4qyInG5-CxF-O6HvEeBQ/fRNWCoUeCgal21r-EBacb-QPzbD5LgTH_JAt9s_mrRo"", ""https://v5.airtableusercontent.com/v3/u/46/46/1761854400000/Yvq1FF32TpLHtWKCrtxRzA/hO7W3BqM7jSGC1oqzhjOUzQK-oC6uOxxlbN0TjjHTNO6QxikGuf_NxucMDfnBHqlhATbP-bH1cUyuq0u6jzydjoWyBSc_IN_6TuOZZHqIdtF4z7iRN1MLpQ049a90XIgZFs6OZ1BzaAyDyFXit2mKl1GU32MxjOidM4leRIy4Qg/oWm-04UX8KACysexGXhZDKTXifIe2XWYMd4BQeuR-l0"", ""https://v5.airtableusercontent.com/v3/u/46/46/1761854400000/agya7h-OAgHGr9IF0EDt6Q/rYdC27ev9BAy8qV09z65D5xUlNqtVvCuwIm5COnFU0HTtRlPQf2nt4TZhSjcaXKfnzYIxTVpU2cRQmeHUwKPpXBnhdcBSDXm6ifGrakHEFGOq9c-2y-vJEYark1LpZwaAPNn5FnHTzTJesYYRor_BKyD8ny-zRg9ElB81nEc1NM/LusFZC556vqt6q1NANP39XuTVUIvntA_R7eSgmt3FR0"", ""https://v5.airtableusercontent.com/v3/u/46/46/1761854400000/mq0AtMZnVzAKM6mb6VXmfw/2OjoJx5p3vM54Mjlq1XgFRbEESsDsvD0oaWCAMgSlhas09xVKM2YzeuBRwElFi_-kGeXYyQgedo_H-nRuaBbEnzhsWtHRLbWdESYxoYWseKoorGQVMxpWOF1fwhpbTn6XfaLx8O80VNomUbo5Xmuv2AirHm-8SzVyOtOs4mGSaw/Wow0jWLSHq0XqX3Mm9bNq95gwmPtTcnGjhPskV1_jw4""]",FU LIN MEN (NATIONAL SERVICE RESORT & COUNTRY CLUB) - 5 Reviews | Singapore's Only Wedding Review Site,"Rated 4.4/5 for venue, 4.2/5 for service, 4.4/5 for food from 3 couples & 2 guests: “Due to a hiccup at our original banquet venue, my wife and I were scrambling to find a new banquet venue 1.5 months before our wedding day (19 Nov 2022). A friend of ours referred us to Ruel (the manager at NSRCC Fu Lin Men) and from the first moment we spoke to him until the end, he has been nothing but flexible, professional, and helpful in our dire time of need. He was prompt in responding to our queries over WhatsApp, and expedited a lot of necessary preparations because of the short timeline. Throughout this intense period of preparation, Ruel always made sure that we were at ease and assured. On the actual day, he was on the ball in working with us and our coordinator in giving us updates to make sure everything was running on schedule. Beyond the great atmosphere, very reasonable pricing, spacious venue and delicious food, it was Ruel's professionalism and his heart to help us as best as he could that makes this 5-star review an understatement of how good a place NSRCC Fu Lin Men was to us.”",fu-lin-men-national-service-resort-country-club,FU LIN MEN (NATIONAL SERVICE RESORT & COUNTRY CLUB) - 5 Reviews | Singapore's Only Wedding Review Site,"Rated 4.4/5 for venue, 4.2/5 for service, 4.4/5 for food from 3 couples & 2 guests: “Due to a hiccup at our original banquet venue, my wife and I were scrambling to find a new banquet venue 1.5 months before our wedding day (19 Nov 2022). A friend of ours referred us to Ruel (the manager at NSRCC Fu Lin Men) and from the first moment we spoke to him until the end, he has been nothing but flexible, professional, and helpful in our dire time of need. He was prompt in responding to our queries over WhatsApp, and expedited a lot of necessary preparations because of the short timeline. Throughout this intense period of preparation, Ruel always made sure that we were at ease and assured. On the actual day, he was on the ball in working with us and our coordinator in giving us updates to make sure everything was running on schedule. Beyond the great atmosphere, very reasonable pricing, spacious venue and delicious food, it was Ruel's professionalism and his heart to help us as best as he could that makes this 5-star review an understatement of how good a place NSRCC Fu Lin Men was to us.”",6,2023-08-10T08:28:29Z
rec3bDIc93oxuFHhT,Chui Huay Lim Teochew Cuisine 醉花林品潮轩,"190 Keng Lee Rd, #01-03 Chui Huay Lim Club",6562658121,events@jumbogroup.com.sg,,,"Restaurant, Chinese",35,"[""https://v5.airtableusercontent.com/v3/u/46/46/1761854400000/MxL0pKNcctblCKV05F5nPQ/grsg0vuGNQVcAiKCSQ1Ph3coxJ_rGzCJ_S5KTkFbf4GoWQB-Z9SbPv3oXgs9XYL4w2OTB99aAzHWMpjqIZgyrymAK5oOoE90VQJ6s2UDTB2BrmBi0AgJig83MqvbjBe9WbvfBpbGyhC8ScPPQHxTpcZ0nMvofhyi2-0gEpANqd-Ha2VwLgfbl064VQDzWw7A/63LDcGoD3PXcCXOTE6LCpHrFTyZUQ_4ppZh5cmqKP24"", ""https://v5.airtableusercontent.com/v3/u/46/46/1761854400000/oza7SZ0ucr0sbLZWa2EZ1g/v6thnTOm4dhlgTPgZsFj00-S6Vjobs7hdxX7HAxPpQg1Bgw-rtxMBKRXctiuFSncO0aGGbJ4mJqWr9V-MulzaXAeS68mCJ2cyAC1-UjtwM0-gceAgjqXJ9XXi-vY1CxnSTAoKrnGBFS45iriNBQe70uoHkgxVYsE4hVwRx9x9bg24ICjE5J8NICj6HrkZ-s7/wqPwgYn2bWlYaw-VHjerZ_Z39DMUKgOI3Fp4A_vwMgw"", ""https://v5.airtableusercontent.com/v3/u/46/46/1761854400000/NELGgmYNov6-sab7GYSwJw/9FUpO3RK0nhDSu6RYBAG6YTs2JO2P6GYmmyX9hQL_xAI_xkPcZxo2ymbH7SLCO1nwvKGfGcXy5cyYiJ2CieXTqAmT11-4ZYQKEYvqk4uBqQ7P0T4yGAS5r3-JDuMtsxk8DnrIwlEx4dfwhYASAoLYQgGUjaPSbdcQFfMBLHBgDcsUhQhYZ4weRWX7XTaxdtO/RNNKnsKuWJ1WwblAmuE0A6S9HiOe5E33O4OkWp8Z1fw"", ""https://v5.airtableusercontent.com/v3/u/46/46/1761854400000/1VWKCmqOIn06h4UEQYs64g/WUaW85Wcgoo1fm9apxXzRpEtp2G5oXxnd9nhEQgr-rqnTrJL6-s3Db3wKJyASh5Wz3XYdKzALa14MDexSWlGsNKjJq1xytiOyUIXEfNyyDyuzUOdmDYRL56pfkmyE_yLa8OBdpnKJNG8IbOXObjt_ba7WEDyQnkWtowgPxaXsv-R9xb_ZPhNLnYRkqo-WckF/m0jERsvz4ymdPbfvvrOzpM7xLxbPjhS4kAeVXyDHbrc"", ""https://v5.airtableusercontent.com/v3/u/46/46/1761854400000/DHCdfrWaB26s9qhCSsNj2w/47Fq-2hntrMuyOgxoxZNKjV68Y8s0VKe7Vl6fTDR3gJLIpvmHYXyNpQI46zfZq27Ku6jipRFMfb0abRd9Ax3E8NrgzcE3UmuJfGe7VznCZ2su-YSbNs15nAASfrW2oAm_58evFnyCQ5f5iH7_UoaW331Ocl8RTO7F-UCfXSLsP8QyLyKr4w0Ut0QsfxnPKIv/F0fvkN3f_-CJcyW9F5tkNeP2PeIvY4ZyAaThEm5OIcE"", ""https://v5.airtableusercontent.com/v3/u/46/46/1761854400000/j-IE3OslcZEbaLB10H6w8A/UUb2fY2fWRNeWojyIy-suwR7BDWUV7HdksidSQoJU5AYLaMlue7Aj3wE3mniN37LCbU8dxFZd6mLlVhrE7YqCu6GVRxyXL8DUmgKMXNi3hTcQAIWJJmBKqeKQylaTob0xwnqcGk4nhP9Ip6RaTPILUc9hXTXY3hmkh0mP4PdHnmTMt1nbzYbNceI5kAvgo_6/lbkuJZr7nGfJfTqU-oIsAagHLAs-cW1lSn-PIY-3ExM"", ""https://v5.airtableusercontent.com/v3/u/46/46/1761854400000/re6A15AtuiWCrjMgJZBkaw/2BuRFLsQMYgjB7AGZD6Mu-dgMZ_FfH1XQX4vzIYoIaI63VtXcS0EwWTyGPZoUMj54M3KWouUxa_6QSua1S8fM0nysHalOZl30ipaKyY7B-HArqQmBhAfkwBGNXqSbmwIF6AVlxqVDFzyN2qYNYrLFg-eRQtRuiRrVDy2gTTd0GVgxGuDscJ9cs-_U5CuR0ej/UwAW524uLDd_l-VNmfO-mhWD26bmIbokDCiahr8U_5c"", ""https://v5.airtableusercontent.com/v3/u/46/46/1761854400000/l_IyU6Cy2rirPoh9FH8u0g/66cgN5SR6X7_4QxTFe9KgudpaXMITwUJibZC-_Bc7uu_UA5tp0FWIV1KyQnn0CHXeRPRRT4B72XiBfCWdicyhfuQo6PqRf4tEbPcDkhK2HoNAObq1jbPx13KxrD53E2D2ei8peqpxLRRvQFsdtB6bbUy9c1JcDaYDjYKBXghh6dSuUVHjVH-HhAR4rfHxKts/Gm5czI20t3b-kQJNugdx_KtVPfNSzvS4SpjLx9vEvY0"", ""https://v5.airtableusercontent.com/v3/u/46/46/1761854400000/beBKWL9FEUkppDZL0UKaGw/8-xtELgKl4PkXWgiGAKnhuC5G2fbSy9QywgoEG48EVjhOTovOJCsHn7cqA7vvJqnu4XfOv4H0IrKiC_aGMjWq9msznaZ7jiAB6uYqk44e4m3XUXlp-ANXxCfDS8dwaqScvLfOnP76Lq_Hrh96-mNCerm8-UbBhCQsXPN2oeeERsNRWOJENkJ5dtQSFzQGdHY/GHTXZQwArmw72FGIaGkf1bq5oc43WbRh2a-JUVTH-Ts"", ""https://v5.airtableusercontent.com/v3/u/46/46/1761854400000/zudWn5lOLtVc_6qHVobYeQ/skDCybM-TyG0Qos86rdL1Umbx-AFLLJX1g53pRYW6L8TGqquZ6ZZmjYNJA2_5LLrzkWkfnpmiFpuo61FnyPFwASSUqiYOVoBqKZH42-zp5uXuFrnsCjKFPHrM7kTuoDxhTg35w4V5aDPsQDNE8NZhAn0LugOMprki9TFz-qCzSVvRj7D8o8o37_EPytT6r2C/uCSNci5sqpfLxtITr2fgbiCqyQQDIeBIiTH0GGQ0Z60"", ""https://v5.airtableusercontent.com/v3/u/46/46/1761854400000/gORIcdYqoRwfZyR1X-a8Qw/Sbml_N9_D5BKi94VjR02LkFQ3PfZK0-fuXfikf7_UPsoA5VQU-zSFT3V46YqNVpR8ScPtvvy7iZpmnmoxA6Qqu_7xsSohmtgdX_Oz6m_uPvDdNNSsxpDMYAGn0VuZzzADFrir6F046bJ1aB0rdKEalGntoCyoYkjRy8rCysP4Lfyjzgh96AGeIh3khErwCrv/6YDIxhAxeiRQksSVZ3sVsJaGpLWIJr-zoLQKRnllBwA"", ""https://v5.airtableusercontent.com/v3/u/46/46/1761854400000/w3g3dnmU-y6WqHGC4c0wrg/OJWmIoWJt2ZpAHSTBoMBm8A_QfF6JNCbDqHYmxMwyQFQPv__xcu3Kd1eJoDPGotXKgsaSDt38Ex4vG9InPIx1q2_zfMVVaSszPaZXbops-Jx7EGjuO-KnixX7uNdV2oWNMIkuNgnvPkCS-OVxtBbZh585seUbqMWwQwh-vSmh5HJtfM_kdXBd250AWsRluAK/T-AUfPLtIxVnBaEj4eh3g4pTiDSuzQTbBKUfv0xpZgU"", ""https://v5.airtableusercontent.com/v3/u/46/46/1761854400000/x-JgX86WQDmP8vg-wD1HxA/LFyH2kV6X4q48ajXrbzII63lx780bRUkEhgfX6SDnNoA93y9Oa-8w4uqA001mywYD1VOzc1cBHwdAt_Y137vR792Hk135wb6r-p5bKX-kUuP6GkJFaJDG_OZD_XTeD1hqC-PsKdwb-kIubRaAXuQ-F4kqldynu5_WRBQOG7ugOa3oodXLfeAx7VA-Ugi7xMM/1DZklaQ0uZ_exURxZw3sY5PMmF828dI3K5kS2GGNeKo"", ""https://v5.airtableusercontent.com/v3/u/46/46/1761854400000/ZUvzolLpk50ihcqelUgwUQ/g5ncqJmays19I6gbcnIo26t4EKW_OJVqKUuPifUyhn_cVrJzK7VHWjskN3LI6BPRVhFe0z7_FaRgWIZ1pf5RNx4GgiUZ0IhNp3b7281PVUwVMgBm1rG0iNN5Lk77wqs2CPaGVvHC5Je3woC0DfrVV3uRN0myIy5nrIs4oHeNY3xfxWbszU4SCO6KAUyze4ps/YvGBNUxRCXJwjUzF44KGFydygtcG7JzCLYxWncU8LZE"", ""https://v5.airtableusercontent.com/v3/u/46/46/1761854400000/uxXqQLXol016kh0AXRpopw/noky4dFEf9VAq8X6zd_tDjn8tn947DzH7JNgDq0vIhXI3f6kb_AI0C-jO5L7JAQPdmaucodyEWC80RJB4thNGHYwm-KTRU5cHwQuxJwliVis_KgmS_63tpYxEt2XqCFwoSln7SJYhvSAMIfs-kPPmekeWRF6Ou5Ga6B8-BLJcfV1H7yRgcJE7ou_rvuBHuvX/GwIHGFmGSNM_AoJ4c0EI_r4rGwSG9yNeXHbh2hv9Lh4"", ""https://v5.airtableusercontent.com/v3/u/46/46/1761854400000/ndfKUxkkVI-Vo2_Dh-HeCA/KTHe_rT4Krjax_PnGdiXckapzoIogKR2Nyr9WOhkI6ToxZlA5LP1gzmoRNgDqtn8fDkRYWb-R595BKmlJyTvpH71ASMkLmi7WjZuVevaIQ-ENhrwXdRyyz_cAUnbs1FzttW73emH9PDBDXF8btMzK4lwWL1urfugl9t72arFtxNsNuyjRbY_JpG-CZI9Okei/xPKlLAbpr7G_M_X5nFPihGkYPhdff-1LCQPHLA6z1s0"", ""https://v5.airtableusercontent.com/v3/u/46/46/1761854400000/Lq7kWI8ri3siQrTVAA2Mqw/VxQtz-UD__yhLmWaz4gBUOQjhBmSou_TfyyiwcFJwuYt1qxsBTJcH_Zd0_EK6x2oTDokW9k29rO0hSlC0_Wk9o41BUQm_mGNFzkYmkmiZgJcTsC7hJegfb1yLGKqpabDOqryChnwG2La94Zj2qCt3bd0EXAxMNvzdRdC5JblQS2qvsMBfHvvOLU8pfjKjizF/bY4i98Vi_ELV7T8DBCTrm1ITk4gt2UA-sizrdUN-n20"", ""https://v5.airtableusercontent.com/v3/u/46/46/1761854400000/deBZ_aPlKW9yBrpJGwloTg/Xb_LS6uacLWyoeJA0DkO4-Gi6wabDd88JhhNMHuNC_6IPGS0rYnBaLpH80XQDpF8wnn1GORctIGWxQUpyidm_mp5VctyOmiORXu7hWyoU_Dqs3Ua3-3SvhBcfQGkovZ2VIoVnkMmqoaqfBB9JJwWnY88-w9il_JDd_4YGHih951Eq8gom3-EaCbzoeMzkJOg/PSKP529-b248Tr2XBnsKc0u6PE1vPrIgP4xi9wKxaQs"", ""https://v5.airtableusercontent.com/v3/u/46/46/1761854400000/Q29Lvyi6YrOBCJptY1mnGA/LqsSNwWCPEgr-KpKb06P0fykL1rXhHVUNoCkCo_VRBVuFehmLkKVq5MZsR10mb2dQdMOMGXNMtIJtbXmSD5P076nPlsK_zpRFhIOftwcApPxcuA99hVIH9jWPbwTLnR9wuMJynqlRGzqsqI0Ow5_-0XFsu0-hAR1viqwtG61j8iqYSSpA-dQMNgWwJ4bkkGr/-NKnzlxNWc37Ijg-Mbhw55Mo23Kd4IU_IRDYYXc1R9w"", ""https://v5.airtableusercontent.com/v3/u/46/46/1761854400000/kzjQcnR8QjABcipRt4bBlg/OXltHE6AUuY3mwN5LB0UOkh41yQgY6_ILialgcaMPvaOTwL6MmFRMTFX0UHmskaBtw5jwYlB3oxyXlohKvPduPK2m7StY44_Juor2F0Y44eP1Umu__NMwBg_G7gqhM6yEAtgwDhKHIPbwuWzQ5LdOfYE4i2jixeul5QyfDOhx-sKrdSAD4kV06hFvv0WQTlA/U27KtTQhtWKTH3HZJoQSf7-l8B0RpZveGJ91lUZpFc4"", ""https://v5.airtableusercontent.com/v3/u/46/46/1761854400000/kh5_Jo4ROB-pV_eZvlzhdw/mvPFx6gQI-2-HnPIwAlcYfcOhneKpX_tOAocplp0xu0sdVxlPIhCq-LEkJFltdOrHSaCVcTlOS5BC-2C5ubwZ99ztNlhVOjGUmhS9QnVWmMzOl9bXKA2uCgOzUDJv2IN7ph4Aprb2dZtGowYF1fZHWdpGnwUR5aMQsePZXKo-Ionjp2r-1w1z-YWl3Rfhjgu/MDgvxaJ4EV4AaM3hnM2WKVMIp1tiHIy7enPK7GjE2AI"", ""https://v5.airtableusercontent.com/v3/u/46/46/1761854400000/15TaWN9-t7VbTjZLsIoKDA/ngtY6zaH9RYwyfJPpUCaAB2vH1Ebv6yf-EsQJpX8QadJRLDNxmDcbbexp_N8FLH6OM2o-I3-B0dsruwsRGh_ArViN1qAwWokUDidf35XEur5p2oDtDzCzax6k80v22wL5nUxr4yv_embgFtQGIQq7JiPS7n21XMZoxt7T03I1wSZPIg1Kt7kazVwphpKGL-O/6STeVc_9WIi5P7Bxm2ZcN-P-mMRWoHPJttukMNUesiI"", ""https://v5.airtableusercontent.com/v3/u/46/46/1761854400000/_WEnxA-2J7-zt2St9pTskg/SPrd2y7LAY0Y0HUy9oM4fJQzAbB9GCBrSKU93fXI5oU2MHt1q1kXaPuSrIdFMdgqSV5yR5wk5gPlbsaNNK-mJ6XNrx7AzQGu3WM7Lt8VJB3wkcY4ODfYlawolb2_BtRVuzalBKXq45vBDA6svz8Rxb__rdpx2VlKH2b7plJyBhiynfyvbghVhGIH0CVS4jVn/5fe5egcx36zeUa1NUSJ7KJUU2_t39z8oTGGuL_uDdWU"", ""https://v5.airtableusercontent.com/v3/u/46/46/1761854400000/FWApszlCTfqIMHjl6_7_pA/HDX5lxkfaZO8Bb71CqVUlPpUnt1xNztcxFDrqqsrLgwT92T5zFlSc1ZRXggiazF96PY6f-TSRR69_0aQxY6w3H54oekI_kr7cFJxY0RjK-C2rmt6Yyo0ckHg-FDlaKPbrV5pch8YZZWE4D4lDnPfNzjvqOeJ7MJkiIDVTysD-ZeTsg0z7jC1SDh5-TqPcKdp/OVTJw34ZoTgjzF2vEx4w7IrWgMsUnDJnmRnZvCJTrOs"", ""https://v5.airtableusercontent.com/v3/u/46/46/1761854400000/R3imRw-XCkg-TbRkt7kmXA/KX3EnrrfVqIipaohyhz3WOg8xFiN6ik4oIBoSu3G9B6XapvijRwM3U6sP421SyzdPsES-jnFgDUolyNsiJRDqgh6o8cdL8mgpuByoLP-M-2ybGwq9o2FcYYWEjYtgxVUzPc8xPOJCByFxuZOUHrWFkXJK-yz0c5GqNGyWyM7qnDFtgFyNEKE9Xyu6wtRM-pO/ZABHdFM25O6wGY3bSFNbJLLBub0KeUHpZ-sIitw6FtE"", ""https://v5.airtableusercontent.com/v3/u/46/46/1761854400000/HkmVijAUvtlAF6XRbCxGSw/JzLan0OHbHEvYdJkAux5DCUkGn1cMyQ1FKsVNzuymUSBUoSp8hWFurliGDGPqqYUQeiNkQk_xR57AgPSeZPoxN0nmFkTaRybABQ94BtYD_-jM4yJlP0pBsG95_aLubxDwfcGqdDaUL_WlKjoyfrkjFfPu47xlqb4nMZ60No4V0UdH3FMiy4T1y0WDxIz9YOc/UTPZ5Ai2eYLeibyeTucKrlWk7TTRFgAhGTwcXFVHGQM"", ""https://v5.airtableusercontent.com/v3/u/46/46/1761854400000/aYktE_DfZO1mT3j7F1MbJQ/lv29FY7TUMVvqL7JCbpAInvq2WTprTQK6SHweCdxkF-McNoVwPhKGuvnDF_Q0pAEPhxGxApdiSQPMiAyTBG5j2fnwPrIA70rlunvCW2fggpa1LEY_g9ZdwuZtYuyOl507X4RECqN6TJ33-c_WSFofn05lWUGIUOX8s6fji3NbrCjlPKm6sakXVtv8tIkmSZU/_UcWAe-4ky6ty-8nbZvcBkKMEc_57QScbECWm_RXt6c"", ""https://v5.airtableusercontent.com/v3/u/46/46/1761854400000/81rnKsU1vAA545Qwu60M7Q/Zx-jzvbZHDJ1L4XoUY8e98J5YY0w9RJR5RgjR-Yg47kbR6QlE0I8u1edaU0Inszi4F-eP-KAsJ2xivURd_DSjCIdReglwK0RD6OaJQLsV1fSN2uVE5ahG2vWEGQOYiVoCnA-jnhn-4CSwD9vvCb2CfHshLgzoJeEyBHpSNmyVmMvFXKW8-eP-UigOb4J1u4i/peo-Gf-urckkcuKwd86ypsGJDxNoBm2YB6bXgtRu7f8"", ""https://v5.airtableusercontent.com/v3/u/46/46/1761854400000/4PIiieekQBXE7aCIdEE9dA/XGLAH5xZpn6xcqt5RKFZkPPEh_RolIGprKB5ioIwe4DICmc89k72tCt3xRQNN-MzIpKu9uI6-AnCsj8EKGEGkZX6OBBhQbGZBHEIsvOy7YifpboILjKLzAoCXEAy-HwzK1fr6fUTxbJDyy8Io8E3is4EQBvRAaqvssqfXHudFCDmSAS57qPJASONH64BMBHH/-jTM5nxle8DFbB-J8XkI37ULZATfHi3vsZNQX5bADwY"", ""https://v5.airtableusercontent.com/v3/u/46/46/1761854400000/1rlHzJFEkjgBePzS6jwgTQ/qZKsgOvRLZDbAx5Z7V07uoamBwFNwB87zJg5FXlbC6v0GJhKiwayMN7YJeyestPOJqfMyUgJGfzoSgx1hbkyXraf5mq78rqhL8LQSmj4BXhjyj3yKRN-4jX_7_raduFY6OeN9CBWi7cC4G0blfGD59Fgvx-lPtLclFR35wjtAFUcT0G_WNuCutPPk-RL96c3/lFC-JA3grpo0LebW8rRZ-UyIJFb2a_rVn-DGQtcflK4"", ""https://v5.airtableusercontent.com/v3/u/46/46/1761854400000/GAVa_vNXN3H6CJ0CxxlJ2Q/nqz_QBcpjQ3VOjTkeRsyiluYp5QIwKPqJfhh7Ygn4JFj32vFaYmdoSn_oI53_knSLPVBtsiiREMsmzi7sRW9OaBdOreGnqDUdnT0kyrWPUCy2edb8TQX7m7qK379gXbPMWGYqznxRKWxu985HXxFy5FUtpdfNeJPHqFs9Oj_cWyAJIFukdWmSuprZHguMJKM/pbSifgcRE_0QLlArcd8g-66JGy29iTcjBZuASi_tUCY"", ""https://v5.airtableusercontent.com/v3/u/46/46/1761854400000/sS_gzky4TGnGgD3oHx5rvA/FM8E8wbL8OngyP0QCiciKm8UcMWcHBhto_Xz4qDhXzH-1BAuKLgovcfIVlQm7Dv6Z35pTeSboIC2A5I4yf9ainCrzYzru9wzYJBEM5WSqOzB7t7iW5jJ-lHexionXlBmyOSTmTy06zIGFdA3quSTvI3gmO27Z9QJgyZcVsIMFYp62un39dYJqEUb28Qu0_pz/t8ScEJdY1D371EcOYXLOX9OYux_U6ZiknHQ0C1wQNMQ"", ""https://v5.airtableusercontent.com/v3/u/46/46/1761854400000/J4hzWaIuIy6t7EUmLKiqvw/WK21lqBb18F_tW4T8Yg-pao-Ky_ROsSHbpm4_srd4CVrzELeUb6EjJGaeWN9YbI1r8JpXdKZRCXdTN-o-uNRGVrGX_Wd-qM7BVKx94ZGbYicaTHxZrnLJFYQZQ7sjmLAr5ycUwHLPrQqoPtRNpigHTXNPz4tst9YpDfDRJkl7HFuMhN_7im5KV4EATHfrpmCqsSXWw4PYecYO39bZKJ6Mg/q4ZCcCDcJgPYjNlomh0yWNfEqDLyCfcgSjAiBqT4xeY"", ""https://v5.airtableusercontent.com/v3/u/46/46/1761854400000/_ypC4LjtdzLxSQuxk2ZaHg/bUOwr87cvVd4w-uF4OjiY5r0IZGsw8e_VQGJfZaQQRiCSnlqHkY6ihmAp2YMUKp9qAsBgduyuUaWCUZ4Vo5gGEDliEclTh_YIKsCxu0dQL1JWCHH25jelzqOHRV0lIBWhd5Kr4dWEBzioB0afp-u6MJfUVKRKuogMW-H3HBvoYo9QdS6J7c7RgrLY8P6jsQajZMJVmxwL9SHTK3ZUoCDzw/sJNvBze0zt9415Nw6B2vF_2sB3JiE-2knr9bJxc75V4"", ""https://v5.airtableusercontent.com/v3/u/46/46/1761854400000/J4c6uo-MS9wBN4KsFhBcZQ/wrnLmBiogCJTw6fVXhk3FdmxuOVzaRXu7cKB42_qVA8WEGJTy7hTAjSGoRJSz99pkQztBqEc22LXMk0k74idD9wUsGYJcTuAVR9ymMN54BdIF_Z7F8ZVqWZ1HqYPOSxC6XnQS-Al6yRIsRKmAjF5kK-bS077QeZR8cD1pHefsFP3LcC1XsUVP9eOmEdQJXZC7dIITQt8iox101Iru5kPcA/EJfJAMzAKHZQc3iMwslf5l3a17xoa2p85RvSRq1eqRA""]",CHUI HUAY LIM TEOCHEW CUISINE 醉花林品潮轩 - 7 Reviews | Singapore's Only Wedding Review Site,"Rated 4.8/5 for venue, 5/5 for service, 5/5 for food from 2 couples & 5 guests: “Fantastic food even for a wedding banquet. Highly recommended for anyone whos looking for authentic Teochew food.”",chui-huay-lim-teochew-cuisine-,CHUI HUAY LIM TEOCHEW CUISINE 醉花林品潮轩 - 7 Reviews | Singapore's Only Wedding Review Site,"Rated 4.8/5 for venue, 5/5 for service, 5/5 for food from 2 couples & 5 guests: “Fantastic food even for a wedding banquet. Highly recommended for anyone whos looking for authentic Teochew food.”",6,2023-08-10T08:28:29Z
rec3m65car1gNCfC2,The Istana Ballrooms @ KINEX,,,theistanaballroom@gmail.com,,,Event Hall,1,"[""https://v5.airtableusercontent.com/v3/u/46/46/1761854400000/D1wNyC5D1bEXInf5dNgoAw/84d25ig_iM4KXm8vM5SEbdj9kxNP1rUwC0DbZ_IvtnH6Dc6vW5pc6a1IbEN7H0nipNsO6U6cC8bQ3Izbi6wg_7_FcK_BOB8auTfAKqm4Dsee4P0Fx3ODpcxrhvs2E9C9MQsNEj4yHVzceGvoZ3v98cFA6efIpF75sWkvq91pskQ/SYLKmNSh_-xikODEPXBK9U2I7nXHLRGt7UfcFd2q_Ok""]",THE ISTANA BALLROOMS @ KINEX | Singapore's Only Wedding Review Site,Wedding reviews for The Istana Ballrooms @ KINEX ·  ·  · theistanaballroom@gmail.com,the-istana-ballrooms-kinex,THE ISTANA BALLROOMS @ KINEX | Singapore's Only Wedding Review Site,Wedding reviews for The Istana Ballrooms @ KINEX ·  ·  · theistanaballroom@gmail.com,0,2025-07-27T08:42:19Z
rec3of72ZNN6C4bcK,Royal Palm @ Orchid Country Club Restaurant,"1 Orchid Club Road, #01-21/22, Social Clubhouse, Singapore 769162",6565552165,venue@royalpalmocc.com.sg,,,,3,"[""https://v5.airtableusercontent.com/v3/u/46/46/1761854400000/5mFpFUpABRA4Anm-pWK6iA/dfPl8ZlWPKg0iKdlCn5I0Yx8yM6Eh2LySoyeHewB980a4BhO3xt9Wm7mhE10vbtJwxZXV9jd4i94a-WAAK5eu4_UsTpxXAUs2PvX6d2s2fmQ-K_IjSYOD94WyaTPIixSCI2Q9fm4P9x7Sy9-OZ2CgVq89zthBr0axlHTeXclDXU/GJfyJWrAbNd0hwxbM20BOZ2SFAb6eP7P7Q0L0bfTXA8"", ""https://v5.airtableusercontent.com/v3/u/46/46/1761854400000/pzD4C4PC3LoMogdB6l-cfw/C3ZekgLu39HUlML7hOaz9QEZh06ehrc4lo7b6JdLeA-KsmE_xSClPlMRBeEMPJnGJ66Tl_AnCN-fQqEul1g9Gwc4NI013l69FmhV6memOxg-4-IPIbGPJHLx9FCFUELjHkpMX4xzWVrC5c5bX2fgg-jlqS7ptfGs5Cjmxfw08QU/zIiw6r5ZJiaXnfDCuz5KYx3GIWLXAOtzOqxVQUTmWII"", ""https://v5.airtableusercontent.com/v3/u/46/46/1761854400000/hNzpU_2e1WFv1CrRjF8iOQ/VRaE4Ed3EPi7nXEgVviwlXA9O6-PlxEFDTSEeImf3RtDOazNTxbBqiz1UWQ2_kABCXKb8Nbmj2P0d76dTspIGhf1ACOMBKs2-HF7GR7Pp1ZMYJvijL4DMO88VJsctg4FA6895HGpVDjiKxSSUZDEVIkORGkPI2sVpcUoR8gtzAs/2qXK84Ss_-Hv4AJ7hQ7-4NaXEdzJqvSzFLmmv0Ajz7s""]",ROYAL PALM @ ORCHID COUNTRY CLUB RESTAURANT - 23 Reviews | Singapore's Only Wedding Review Site,"Rated 4.4/5 for venue, 4.6/5 for service, 4.8/5 for food from 3 couples & 20 guests: “We went there at lunch time for my colleague promotion celebration. The restaurant is the first floor. People are preparing for wedding ceremony at night. The buffet foods are excellently cooked. The choices are ample from seafood to chicken to beef to deserts. The tastes of all the foods are great. The seafoods are all very fresh. I like mussels and prawns, they are cooked just nice with springy texture! Not overcooked! We all ate many rounds. Definitely we will come again.”",royal-palm-orchid-country-club-restaurant,ROYAL PALM @ ORCHID COUNTRY CLUB RESTAURANT - 23 Reviews | Singapore's Only Wedding Review Site,"Rated 4.4/5 for venue, 4.6/5 for service, 4.8/5 for food from 3 couples & 20 guests: “We went there at lunch time for my colleague promotion celebration. The restaurant is the first floor. People are preparing for wedding ceremony at night. The buffet foods are excellently cooked. The choices are ample from seafood to chicken to beef to deserts. The tastes of all the foods are great. The seafoods are all very fresh. I like mussels and prawns, they are cooked just nice with springy texture! Not overcooked! We all ate many rounds. Definitely we will come again.”",0,2024-08-04T06:30:19Z
rec3qgNaCD6xG3F95,National Kitchen by Violet Oon,"1 St Andrew's Rd, #02–01 National Gallery, Singapore 178957",,events@violetoon.com,,,,0,,NATIONAL KITCHEN BY VIOLET OON | Singapore's Only Wedding Review Site,"Wedding reviews for National Kitchen by Violet Oon · 1 St Andrew's Rd, #02–01 National Gallery, Singapore 178957 · 9834 9935 · events@violetoon.com",national-kitchen-by-violet-oon,NATIONAL KITCHEN BY VIOLET OON | Singapore's Only Wedding Review Site,"Wedding reviews for National Kitchen by Violet Oon · 1 St Andrew's Rd, #02–01 National Gallery, Singapore 178957 · 9834 9935 · events@violetoon.com",0,2024-08-04T13:15:53Z
rec4DaUQ6VpmezilU,Qian Xi Eternal Garden,190 Ang Mo Kio Ave 8 # 03-01,6569700002,Torrance.foo@qianxi.com.sg,,,"Restaurant, Chinese",8,"[""https://v5.airtableusercontent.com/v3/u/46/46/1761854400000/XXUrTBLceIc70TajQta35A/g9CGlwlBxWXxmYACGJKv3bvVOFlQc14gftlUG_cDunqGJmQkI2U9pkm-jfF_ETge6XlPm67MYYsMw0bXiWHX38dIgtPYUZ2MgG7Z01dF-IrEFOUylHcLOG_a0IGaoE7oMfJSvCWW7DmBRx3lbmeafku41V3d0mbJq9jDiNgrYUJv4k9pbXwSrnwIV1Oac0jruh95IY3deEO27pPtxz6IwA/yy0d259W_q_cRM7THzWz385qf-3FMonLS9QkoqPeUFk"", ""https://v5.airtableusercontent.com/v3/u/46/46/1761854400000/KNKqMWix7tQ4UyuBtcGH3Q/isWygvegLTvbFpTM50kBbeEN_YsHRmOgCVavuiGhEwysmeW5KZb5rbmKT6Wf_B0thMPwxyqRfEQgQ1thiCk0-XPkAL9hZEimTMW5UKTGZ_iXr2pGr3vWPxT9wcKpH0VvOSPs03RVlihmfqaiHzQSIGS94tNDCq61OOXaWXKqGdnSW2e9vJmt1Mw0BVj1RsojcqnZTvGqdYAKlvQ5Xd1P9g/BC05T_szqyvqa7UTO8dZ5MQ6A9ouCqj2pr2W2TAcxDs"", ""https://v5.airtableusercontent.com/v3/u/46/46/1761854400000/JypUTItrtYx6BDxtK4Ox3g/UPwUMSF3LiboUrnYKQQcqLLLQ5AfhyUZtb9dbY6cj8mjQ22YdyLr08tkSYp7Uz-rsDabQFHnMMcr9AUOuEzCQQFXSunLi3GBBz1i0nDvPFIW1M8kIK3D4-jF4mimVu3BTC117Iyyh4DAdrr6-bhv5Wqptxdnv_RAz9Qs6W5zGWhVZnMDH577pKu1j6E8BYqxhpYVFeeLuwbQm83gskKqmw/GFDeYNEUBXsJar_9cHlnRF2aN-eq1fRQS0hLp95ITv8"", ""https://v5.airtableusercontent.com/v3/u/46/46/1761854400000/5T_k1USFsNs0OAS7a-pUJg/WzDheiU2zCrATPz9fwD8Vo6V8y992zgklFJIKnN31P6UxiXy7bcxbelWtLsmMZkQcEJwHP89jZyWuyF-I3umJW0mmU93_je9BgabXFKWCmsjfKsG8tGN6YUt23ERBouQ4401CWzdE6CDM_dPkSNeiwDZ9JXGkxHOekHtwPb5nvjpoMcm8KAVyg7N2IOyGMJEs4zc8PkH79sBMWl0tjIKtQ/L21sN_84uJA0Wi8tBFlCGlaQDlP7_XGKhBoEsp8-LbU"", ""https://v5.airtableusercontent.com/v3/u/46/46/1761854400000/8tQI4g_Thmi-echWTstWow/A2Qr6ad25PRGZrEvsSTegGa0PJcCwFK1jq7sofbftOYeL6p6spBVlChMNkT1XN2VDLav05esGMCbReXYVbFGh42eicoTK3lqWZblzGgga_25H1RV_yn3BxHJ07le4gESDvYlHt82TrUaX1iYvysU4ax3B5_u5zJgb_DpLh6wx9AFdQT4DMgJL6L0GtPffW4r98enEo9Y-ta5aqQJgAyhAg/nWmdA7Iw7bWCorGf91la0lVUGdzQmBlOxcHNbYqsRhY"", ""https://v5.airtableusercontent.com/v3/u/46/46/1761854400000/NgujOXhNjBPc7NqrBAHBdw/ErBgdCH-2q87pd2MI2q_TlX-UHZ0_IjvKxAavW5U5_8xKeQN8EXAEdqAleQFA7-tQZh4FgZFyr73PtBcrcOta5np23d3f_PFXEXjk6-5DH0ewuYUH5v8nqonr4wFqtNAFxScJw91dJ6C4WFcBgFfOO0vl3RWubF0Tx4SsjgOrKv_HfHvE7hlDPFWf-wNq4xWwXv-KHO5b_NLFvdFtH8N_Q/Q_vEvIThDh5Iw14990ysnMOa1i4JvNu7w7mPkXQsgD8"", ""https://v5.airtableusercontent.com/v3/u/46/46/1761854400000/YNAEAmBMYKFg0ka0EZpCiA/acxABMN2Kuj9nZ00NLu0uK1juf-6JrruZaGTNWriAsai3Ypt5ubzxKVjrLcBRQBix0IdhHt4iWZmM8lmZl9-fo-it5YZeBiiN5U5H3rvH9k-YGVJ1I8Z6svhCyh-7lWB2EpheXzCfcmxSeeD4YQ3A1NX-O4hFw5uFLfpZCBYBWolvNz9qQaTsuMzEwk2C5bpCsqQrf-sKd--LY0HPJle4w/bUsZsgjK42BZTa_LViQIoVTkiu8UFd4z_CdNBsRYyxE"", ""https://v5.airtableusercontent.com/v3/u/46/46/1761854400000/2pPam-R2I1pBNfY01_J8RA/Agdk7VB0328SV6H-odKDGP39Bpum8hO9-V3dEEjLE2asYEG1R8xJRxCIb1ZLBLYyfroICKvcXDNo_XVwc3JgtEo2z6JGRzYqsTrSyl7_aPZlYhLnC1cZR8wPPB38hQNfuNpfLr3B3DuoMShpn63dU4PxXSzjRPbXL1i2GT-3xMU/oR-TgRzCEbgpw7NUkv16MmGj7TS27paFMmX6EI6Wh8I""]",QIAN XI ETERNAL GARDEN - 2 Reviews | Singapore's Only Wedding Review Site,"Rated 4.5/5 for venue, 3/5 for service, 5/5 for food from 1 couples & 1 guests: “The wedding venue was clean and spacious. It was not bad. We eventually chose to go with Qian Xi but i had a very bad experience with Torrance. Torrance was really disrespectful throughout the conversation for discussion of prices, number of tables and so and so. Torrance paid no heed to me and talked over me when i am asking questions about the banquet. He looked at my husband the entire time and it was like i didn’t exist the entire time. I felt really horrible because it was supposed to be a gathered discussion, it seemed like my opinion did not matter. My husband even tried to include me but Torrance would just ignore me. Really really horrible experience. But because of time constraints we had no choice but to go with Qian Xi. Thankfully, Owen was really helpful throughout the entire experience and provided lots of assurance and insights about the flow etc. Feedbacks during the food tasting was taken into consideration and food was really good during the banquet itself! Staff service was good as well! Anyways, we had feedback to some of our friends about Torrance and they seem to have similarly bad experience. Beware of this Torrance dude cause he might just ruin your day.”",qian-xi-eternal-garden,QIAN XI ETERNAL GARDEN - 2 Reviews | Singapore's Only Wedding Review Site,"Rated 4.5/5 for venue, 3/5 for service, 5/5 for food from 1 couples & 1 guests: “The wedding venue was clean and spacious. It was not bad. We eventually chose to go with Qian Xi but i had a very bad experience with Torrance. Torrance was really disrespectful throughout the conversation for discussion of prices, number of tables and so and so. Torrance paid no heed to me and talked over me when i am asking questions about the banquet. He looked at my husband the entire time and it was like i didn’t exist the entire time. I felt really horrible because it was supposed to be a gathered discussion, it seemed like my opinion did not matter. My husband even tried to include me but Torrance would just ignore me. Really really horrible experience. But because of time constraints we had no choice but to go with Qian Xi. Thankfully, Owen was really helpful throughout the entire experience and provided lots of assurance and insights about the flow etc. Feedbacks during the food tasting was taken into consideration and food was really good during the banquet itself! Staff service was good as well! Anyways, we had feedback to some of our friends about Torrance and they seem to have similarly bad experience. Beware of this Torrance dude cause he might just ruin your day.”",6,2023-08-10T08:28:29Z
rec4GYtVaqsmcJLGO,The Velvet Affair,"27 New Industrial Rd, #02-06 Novelty Techpoint, Singapore 536212",,,,,,0,,THE VELVET AFFAIR - 1 Reviews | Singapore's Only Wedding Review Site,"Rated 5/5 for venue from 1 couples: “Just want to give a huge shout out to Casper and his team for the amazing space and their warm hospitality. This hidden gem was the perfect venue for our wedding after-party. Prior to the event, Casper and his team invited us to view the space before committing and it was the perfect venue as there were something for everyone to do (board games, poker table, karaoke entertainment system etc). Casper and his team were prompt in responding to all our queries too. We had our after-party on 1 Oct 2023 and this space was an immediate hit with all our guests. Everyone was blown away the moment they stepped into the room as it was not what they have anticipated. Everyone had a great time esp with the karaoke system and it was definitely a night to remember. Thank you Casper and his team once again for all the hard work they've put in!”",the-velvet-affair,THE VELVET AFFAIR - 1 Reviews | Singapore's Only Wedding Review Site,"Rated 5/5 for venue from 1 couples: “Just want to give a huge shout out to Casper and his team for the amazing space and their warm hospitality. This hidden gem was the perfect venue for our wedding after-party. Prior to the event, Casper and his team invited us to view the space before committing and it was the perfect venue as there were something for everyone to do (board games, poker table, karaoke entertainment system etc). Casper and his team were prompt in responding to all our queries too. We had our after-party on 1 Oct 2023 and this space was an immediate hit with all our guests. Everyone was blown away the moment they stepped into the room as it was not what they have anticipated. Everyone had a great time esp with the karaoke system and it was definitely a night to remember. Thank you Casper and his team once again for all the hard work they've put in!”",0,2024-08-04T06:30:18Z
rec4ILCJntRkE9OG1,Chavents,"25 Lor 33 Geylang, Level 4 Pu Tian Building, Singapore 387985",,,,,Event Hall,0,,CHAVENTS - 1 Reviews | Singapore's Only Wedding Review Site,Rated 5/5 for venue from 1 guests: “I hosted my wedding here and everyone was super helpful in the process and set up! Alot of my guests were commenting that it was a very fun space. Highly recommended.”,chavents,CHAVENTS - 1 Reviews | Singapore's Only Wedding Review Site,Rated 5/5 for venue from 1 guests: “I hosted my wedding here and everyone was super helpful in the process and set up! Alot of my guests were commenting that it was a very fun space. Highly recommended.”,0,2024-08-04T06:30:18Z
rec4Ipr5uIYFXCGKe,Foochow Building Event Hall,"21 Tyrwhitt Rd, #04-00, Singapore 207530",,,,,,0,,FOOCHOW BUILDING EVENT HALL - 2 Reviews | Singapore's Only Wedding Review Site,"Rated 3.5/5 for venue from 2 guests: “2 levels of space for big dinner gatherings for functions such as engagement, ROM & weddings.”",foochow-building-event-hall,FOOCHOW BUILDING EVENT HALL - 2 Reviews | Singapore's Only Wedding Review Site,"Rated 3.5/5 for venue from 2 guests: “2 levels of space for big dinner gatherings for functions such as engagement, ROM & weddings.”",0,2024-08-04T06:30:19Z
rec4OTGIpBfuMuvQw,The Blue Ginger,"97 Tg Pagar Rd, Singapore 088518",,alan.foo@theblueginger.com,,,"Restaurant, Peranakan, Michelin Bib Gourmand",11,"[""https://v5.airtableusercontent.com/v3/u/46/46/1761854400000/hw1pPn6IhKx1QD-c14Apjg/roOJk71XkkDPRsCMMuztHBbIOr7FDAqPUPQsA6I2P4MYtLBVPAT9CtHNRps2eIA3WFgJabu9xkdCdgMT0_ATVezODS-L1aoPU08tSYx8f890C__kPsuds1rs4QnkbYP6RfyJJdzllwZY_yk8NGTF-KpTEYoH4S4bgWGmr2hG6AoYQ-FSAfRlrn1XIN16lbfo/N8lvkZmFtJY0q3FfPaEoCouIT1ZqrMHL0-5Eh_559gU"", ""https://v5.airtableusercontent.com/v3/u/46/46/1761854400000/3Maduhc4e1hsJaANn4vkBw/jDcR36ulTqkDxk7g_caAsUK4Dxb74Hq7o_5vyAoTZSZxgmB53QcrXW5XkJiggmjtcvzlf4dAq0xFkDyZ_ge9axmjw-T13MlGK7yehCzVsGGFEq8qzuSJ0vNlmMStkeVjMXxaPfG8I5kU5L1_91UlQIb6gRyaN3ockePHnPi8AwcQSki-FXHzxrbS4FBh2wna/Y7wzAF8xziSmx73oo2cc0R4xRhbhCUW7en2-i6uVLOw"", ""https://v5.airtableusercontent.com/v3/u/46/46/1761854400000/n6A6-oOhAUJHV1cbDyXGQw/K0ew4bRg6f5VmSmltCvD6mEokleSfmhgm-LC-XdFROy1SdmOWyybY9Xvp_0yIV7khGjXJblcTbk71OlRFYpMmZNnxCsXzs88_fdTXxT3y0dHoQNOYPRRZBwDlvt30VWO0KO1esGSv0lokHmKjNdJML6DHSAdkwSGoK_VIO52qN8HpZkgDhs9LhLGtDJScci3/UKMsTBielPe11eTMr_H4DNARfg6ef9C8OGn9-qOvVnE"", ""https://v5.airtableusercontent.com/v3/u/46/46/1761854400000/kfA0vNYNmYoA1AnAbSL0Yg/oYSvpHnHy82WPU6WnSN_G64Q7N-IedZVBKnBywyiIeS2VhZqefsezyhnT91c-O8rNeSFl0_ftUp3sHvq9s2fII3LFNzoXwKddR3wpODrjqF-xxYDj37uGLGzve6Lav8AoIn-xXnsSL1pXmGjNr0yA0IZgLYzwE3B_13p5yoQIFmSbVxSGuglKFF_tN7a6v_m/GfosjCtECsUffiwd23-pa7a2GH-Yw1--4HAe4f0Vl7E"", ""https://v5.airtableusercontent.com/v3/u/46/46/1761854400000/wn6XiycY6hUl2aOvF_AQSA/XVXWO7JLZ6tV1Z0o56Q8DC8bNvGyEiXuCETO5BS--YyUBzvjAOdHI0JwTxuYFo1FZAZECwLbEaM-2TsIt6pR_KZmWC5THgXh-gq3TQk15Dgo1cAO1TnH4IdDRQRjJtkwPc8p-OL4f53pBTig9MKXIl1gWWCoATcSjgqaWy29OCw/KHo1w6e418AYPXuawOVyZMGmCi1fY-EhZ1g9mlHqQ7w"", ""https://v5.airtableusercontent.com/v3/u/46/46/1761854400000/K2zH2AfPdEEtI5RmKLwbUQ/qrWtK6bBrKtqQS5I6qtPUHNKX_QJixSsFIl7GBMZpB55e8HOK44kcn8ONyNzxVMan7JYTBTjYBY1HpCQQJGlrXcxTU8K8l4Q2hEiq8Msi_SgeaBo2Om2fXwXQ2ExdNkWUIRA00m-D-gd0fQtKo232DFDbXvFpnmnD2KoDEE6jHXHuwm35Am95NGDGDlMR7rn/tfCCzWat_teT1P9Tsu_elwWyjNHsqSHDDx0cniDZKJI"", ""https://v5.airtableusercontent.com/v3/u/46/46/1761854400000/SRumUq2kPe5MzY3q-NAYCA/QTSgvsuhkRgCG1DAozddMBZtJ506q9_D_PcL21g2ZNa6zKvm_cYi1X_jL0be3E1mbkKzQ0ED-gkGBxehX4xxzcyC8L2KejoKxv8BQJAJ0mYk1EnaAgDNyX3cP6aUOchdK8P1uW_1uKQTge1SrC9hBWvKQ7fj1ughG4rYULFIaw3ldBY7KnnPdblJ_XOCm1Gi/zHiT1L5_3lPDeyeGEZ6iReAO3lCaZwj3tAd7wwYiNis"", ""https://v5.airtableusercontent.com/v3/u/46/46/1761854400000/AqDA8LxIj-eDSvKaDeBx0g/SA14RvWZDg7ZZnz4zBYqNNOMJrYJ8VWWAnSo141a_9yC5la9MwSIBtzR-EYk9NTewFq98-WMR6fW5DnBWXZPVQPsLa7jCEUNjtvsD6TvnWi-k4zhga2uPe4cGPQCIKuHWpf_NSoqTY5aS6gG-tQeaSn8ITXRj7zK4f9-C0EIDiDqXIsXf3QEAtwxFmlfaelEsoXauG-OrqEAm25GHim8cw/3Yd4Lw1gCAC5hiCylMYfNdwoUYq2nNDEVOfdJEkba-U"", ""https://v5.airtableusercontent.com/v3/u/46/46/1761854400000/cvRrxpNyKEASm-uhLROHGQ/sZO2D45mrMXGb5C_I_SQ7bwOf607ZVlKafBEHmmDAUIeB4vBAYNWzdBRjBmMnSLGHvIeFKdD7RcX7Dhb_noQ9sQKic5Cj1zE73xvrvzmktjsdIEA8gRS1bXvEAaZCi6_xMUpzQaYOGjOTqxX932LqQQUIptMxZitX6hTdSRfysg5P3sBvo3OJ0AHgoACkn6y/oQqrp51DtXmrUTZP4QZME2vXzgj_KmxD2GHRIEemwPo"", ""https://v5.airtableusercontent.com/v3/u/46/46/1761854400000/MpqMonevXMKX5va8_guuQA/TBmJwYlqeiNMcv-_y7ofvxX9nQfo05sDzo0Ovkgztnl-nwzJUwbfNf69MvGgo0e7saevBCVq8iLVBCihm100A9PuHr3xE3XFlMxXFi3K4AE8N74C_WuTWQSR1CPvQc-EHzVjYWrlRYh5rEdoFu59AoEFGSBq3MrfmV8WUWpa0FkhSuD1tT64jpQ_vof8VDno/Jbx6KhW3sTj5-sed8QTlOadIpRZkBPf68ws9E_TZhfg"", ""https://v5.airtableusercontent.com/v3/u/46/46/1761854400000/4k-uy4lb11oC00YkzspNSg/wVzjR1RC6dgueM9rp8snlAl-5zKzKI6YSUoFBl1SNCfEtvP1ml97YS3nvgIInBHaCDXHhbvTgYxTfVzoiMfD_HYMKRh8tSGo-EakJ6tO3F0fGHMMXP6XA0jxkDv7XQP84FFkmej7PiY5zTehpKHD4MI9-9HcLzuLIqTKUcN-kQBns7j9zWiSmv6t0qBKd0VD/HZxCLSSVS4a0047q6ECW8Kl_U4gFGKL03NBYL_WcbEg""]",THE BLUE GINGER - 59 Reviews | Singapore's Only Wedding Review Site,"Rated 5/5 for venue, 5/5 for service, 4.9/5 for food from 48 couples & 11 guests: “Had my wedding actual day event here at TBG, a cozy event. They do private events on level 2/3! Alan and his team did such a great job organizing everything for us and with the deco. The food was good too, portions were huge. Definitely recommend TBG for events, if you’re looking to have a small private event or party! Thank you!”",the-blue-ginger,THE BLUE GINGER - 59 Reviews | Singapore's Only Wedding Review Site,"Rated 5/5 for venue, 5/5 for service, 4.9/5 for food from 48 couples & 11 guests: “Had my wedding actual day event here at TBG, a cozy event. They do private events on level 2/3! Alan and his team did such a great job organizing everything for us and with the deco. The food was good too, portions were huge. Definitely recommend TBG for events, if you’re looking to have a small private event or party! Thank you!”",0,2024-03-30T06:57:02Z
rec4S8gsKUgJOQZfB,The Happi Loft,"5 Mayo St, Singapore 208305",,,,,,0,,THE HAPPI LOFT - 1 Reviews | Singapore's Only Wedding Review Site,Rated 5/5 for venue from 1 guests: “The Happi loft is the wonderful venue in for us to plan our little buffet wedding here and have an amazing night with our guests. They are enjoyed with all the facilities there .”,the-happi-loft,THE HAPPI LOFT - 1 Reviews | Singapore's Only Wedding Review Site,Rated 5/5 for venue from 1 guests: “The Happi loft is the wonderful venue in for us to plan our little buffet wedding here and have an amazing night with our guests. They are enjoyed with all the facilities there .”,0,2024-08-04T06:30:18Z
rec4SYgnFlSrEEDGD,Fu Lin Men (Temasek Club),"21 Amber Road, Chinese Swimming Club #03-01",,,,,"Restaurant, Chinese",1,"[""https://v5.airtableusercontent.com/v3/u/46/46/1761854400000/0qkxI6col7Nq3Wgd6h4suw/997je-4waq6NHgITZKlA5p7pRKzK-Mua_eiQ9H1A6FrB7Ovtt6Y15L2pA_O6hTpethD4jnVEcpdsZSvPbLOYfFCUBMA8sH9e2zBMVWyaOmKOZdlWfCmeOw6bMhhgZVPCU4vzZa-llAUTeUSMcSbOdpfNOghYZ5j3sChnV-kUKHQ31TfiRIJ-56Qmjd4cK8e8/T2p7EAAfCvg3xsSuggLt6iPcdr-8zRVhzlYy08MjFVs""]",FU LIN MEN (TEMASEK CLUB) | Singapore's Only Wedding Review Site,"Wedding reviews for Fu Lin Men (Temasek Club) · 21 Amber Road, Chinese Swimming Club #03-01 · +65 8611 1004 · ",fu-lin-men-temasek-club,FU LIN MEN (TEMASEK CLUB) | Singapore's Only Wedding Review Site,"Wedding reviews for Fu Lin Men (Temasek Club) · 21 Amber Road, Chinese Swimming Club #03-01 · +65 8611 1004 · ",6,2025-07-01T06:49:30Z
rec4eaFt2IN11Al58,Caroline Mansion @ St Regis,"Tanglin Rd, Singapore",,,,,,0,,CAROLINE MANSION @ ST REGIS - 2 Reviews | Singapore's Only Wedding Review Site,"Rated 4/5 for service, 5/5 for food from 1 couples & 1 guests: “Attend wedding even in vip table. Order just a beer never served for at least 15 min. Need to call captain to remind it. Utensil forget to replace at least 2 time.”",caroline-mansion-st-regis,CAROLINE MANSION @ ST REGIS - 2 Reviews | Singapore's Only Wedding Review Site,"Rated 4/5 for service, 5/5 for food from 1 couples & 1 guests: “Attend wedding even in vip table. Order just a beer never served for at least 15 min. Need to call captain to remind it. Utensil forget to replace at least 2 time.”",0,2024-08-04T06:30:18Z
rec51N1L8UKDGh5Ro,Gardenasia Weddings,"240 Neo Tiew Cres, Singapore 718898",6563365881,info@gardenasia.com,,,,0,,GARDENASIA WEDDINGS | Singapore's Only Wedding Review Site,"Wedding reviews for Gardenasia Weddings · 240 Neo Tiew Cres, Singapore 718898 · 6336 5881 · info@gardenasia.com",gardenasia-weddings,GARDENASIA WEDDINGS | Singapore's Only Wedding Review Site,"Wedding reviews for Gardenasia Weddings · 240 Neo Tiew Cres, Singapore 718898 · 6336 5881 · info@gardenasia.com",0,2024-08-04T13:15:53Z
rec5B0r3qtJycHMxn,Goodwood Park Hotel,22 Scotts Road,6567301821,banquet@goodwoodparkhotel.com,,,"Hotel, Chinese",9,"[""https://v5.airtableusercontent.com/v3/u/46/46/1761854400000/2Ct5FVQYp7M9ydfQMlB6Vg/_liRTnxwJfn5ByOyRRqcuQWl4qtIh7eqVJMVKonJNGgCnOQ5wz9WIqtOowYAo6VEEMHExsZEtVqul8p1r9ybwL6WbY4bXkbOxcuRZII61NF4COhZ-L9ADg6CGsERLWK51O9NnIb6miTDXIDGrWUq9ILWBVObB9kYmddVCddjiEvKA4crytAaJFQzlx-Ku6hSvQsh7tixeqMwj6Y8hG4hUw/vIT6ziJko2mKTYkfd2A5IUdIR3eOHWx2Vq5pbJOa-lQ"", ""https://v5.airtableusercontent.com/v3/u/46/46/1761854400000/vkr4drCvexw6b9lLs4MHHw/sqUo2Jen0fnJAi49Sf9yuHg57mEu449gMguBAUQD9iG5TN4fTIesYt76bzovTT2bABx_dKKhwharh6EFqysW_peCL0MqSv4hJVpZsLeC5qYS3VVFP-XWaiC6j2Ot3De7D-FSO9REg7Zn41c-Z_zYBaaVb6b68UDSYboZ5fCbLVZ0OWkIoSa5A5Cvmi22sNlcgCz7JxJQPv8UU01RmYEviA/PoNlOxR-CheiLCZXlhfJsPvB5VSyxyJasQsgrk8iPhs"", ""https://v5.airtableusercontent.com/v3/u/46/46/1761854400000/VjGnvOmxawVOQrfz84bFYg/fnYFXbAcCExWbUx7ds4AbGgeiADoDSm2DV2L4v7HAJUGs6ZCVVd0ffgd8wICVw3UVa-9ZX6TcXvbvtj10gKN3ErSCbp9_Asw4Vvp_C_1OHhAdGqw-fbWuoAO-8deoXBpDgOMu-tjoyAD6IFAEmLwsnZkmWzAQONqn_nRD3gWCttE1tUInl14AhKtn-0OXyTV/t9RemujKIH11ANA1tX95eSuv6-euR0kvQUzACJx4SxE"", ""https://v5.airtableusercontent.com/v3/u/46/46/1761854400000/4oAiSOY5r9cKvP7HHsjmsQ/9A9Sqf4hOZPKCQOZxqKcXvTqCiGULwyrCTJ7cTRyNMiF0RF_g3jKLPBTu806xwft6aBchCek6UoAFGNrAIwQEJhF4ATRWofbs3MTXzW_sXhcNUszCYOZpyGKqYynEGxFFwSChlg5OZPxIB0DpHH8Atx8qnD1pmaXo6ITAJcFQq3Za2aLKGpZyVZpCUf4a9dysPn19aj67dK8fnaAV2mTlw/87rnsst3CaVPeo4EUFqwyFnVhc6r4UpihdJ5GaZvBxg"", ""https://v5.airtableusercontent.com/v3/u/46/46/1761854400000/ksbNDI3VssWmNU4U93PPIA/1DHnd7CCHTqjrTVPwNriK0tIMJnVa5XkdBzqn-l4G1pA8rXMng80iozunnifr5GJycl5MPGbEgXvbjJ-pB33DE5knkJKSjFllvXmm5zYuxfd1vozqhD0MlbxqgS7AaELMdzu8tcyhb3bBaK_KoDj38NDMJlV5teDVFQj2Hc6wkHSiuCqIzjSpqLhoSFW3XUHmHdQRzgqMiOH2HwpNA77n-IvViQ167de1FgbssAscEs/QpPCNQ4RFYMNMo4pGIU8yziTP2Z_eysNKH7qtB6GDsY"", ""https://v5.airtableusercontent.com/v3/u/46/46/1761854400000/kZHYyFnUupL9v073RLRU5Q/RWgK4BCrKX3oYdq9vS8n3V-jWJ7hHVb7h7cFWPSo0Wyb2svnaMxtVgS-Qyph0Q7uaSpsNzzWtOwNWrOamD7qTenKwgIZzeCH4lxd7ZfdapkRz0-V3LFQ0-pOrG4OTF8J1MWwUuH9A91dhGs_TSqoGvc8tYKYDYcSxQrRseGaXf1plkHV1mYJo0e-mu2x7UbGQsWZHHRIpQNGUKn9Gea9ag/q82Pd6JTFsMQGl7nRy9bB80Xo2goFMwqk3A7AxbqMyc"", ""https://v5.airtableusercontent.com/v3/u/46/46/1761854400000/1FaTf0ayHRb2BqpuqZtT4g/-bzP7UXHSvohpFzVlbEJA5AiZy_MyjBozZqYP4_4GVjyZibvngljm_y8IllvRv6x0-oHZdWqlquGgmKHvUW952TXOZLvM6SPMBqmZCulaYEm3IeDr5kevGsMUilDdISPR_nXierB_lx0XjUXzu4o2L2dJEXEV2sHseSwSG6znfvmsd-A9ygH_NjkVS4v8zXhPWRYEQ1PShl1UOKN_mV5bg/ck0WSr1rXeHrEAOs4MN3LlNfweBR4Ci7kmAYT-AVjtI"", ""https://v5.airtableusercontent.com/v3/u/46/46/1761854400000/Rm0piDdWQnqlgO-9F9KIOw/9OPFrgJNYJU8tEGt70fyg9VxDWDl7m0gtf6fehWA3GUc16H-PNq9MhSdHuz1ekJOSkVGsTvSSEmUEwNdOGGBEuDM7bJrPiYvQqnbegob6HtW_sBU_pVo1pqJLsWRIM4H2S3DWXt8kuP8SupqyGErVqrB-ViObE63O5Wf1GEVHNobDmW23HCyA2KZK3rwwm1s/570pJWP3P5veFytHXFq8viLXWCYcB-cHkxLF8cEYZ-o"", ""https://v5.airtableusercontent.com/v3/u/46/46/1761854400000/wnl8EAzGnEKgx2fiFovUng/YWRKcG6Pn1557oinqoJXdMXG4XQrfk1NH73DwIm5B-U3g99nZlaWIQ1u_jyshbSVmdDbLmbYsIPE13HK2QPd51SoumHPSroReiCI7VdL6pqB6lynjhOkKaDt4cyvx6nSHNso0IJXU8X3CLC4QKR1yVb_mTJgiEeVj1OLX9H3LmCV7xXnko4oLRKyYuC6QIPu/iqtYV8CgI52XfEDNpn1xoIhUBkbRYI7tUerb1h6KPv0""]",GOODWOOD PARK HOTEL - 68 Reviews | Singapore's Only Wedding Review Site,"Rated 4.3/5 for venue, 4/5 for service, 3.8/5 for food from 10 couples & 58 guests: “Went there to attend a wedding lunch. Staff were attentive and drinks were served all through the event. However I think some of the staff weren't that well trained as they had trouble with portioning and were slightly messy at times.”",goodwood-park-hotel,GOODWOOD PARK HOTEL - 68 Reviews | Singapore's Only Wedding Review Site,"Rated 4.3/5 for venue, 4/5 for service, 3.8/5 for food from 10 couples & 58 guests: “Went there to attend a wedding lunch. Staff were attentive and drinks were served all through the event. However I think some of the staff weren't that well trained as they had trouble with portioning and were slightly messy at times.”",6,2023-08-10T08:28:29Z
rec5Do9bNbZmbFnt9,JEN Singapore Tanglin by Shangri-La,1A Cuscaden Road,6568314315,events.hjts@hoteljen.com,,,"Hotel, Chinese",24,"[""https://v5.airtableusercontent.com/v3/u/46/46/1761854400000/SlLsSLzv4v-0RRWPLvTiyQ/Xz5P-zOZYVy_ELUHlnIiE32uRUiDjOdo4CRxoYRttQn-6aHU3dtVbRBiz0Bj87ANNi97WtNbwcFhqafzLrdPHIqX_ckTgxmFd6mqRv7Faedcs5EezZCte1OG5KKB5bFGa_k88jPG9cyEL5ETkE6j4Rnd3ySenJ9dwIVjyH1Do_B4UhzIniitjiFmCH6kjBXX/iBV-3grnhyTKZxj4n_fYk4oyGelLTJPepGQNEP7RNw4"", ""https://v5.airtableusercontent.com/v3/u/46/46/1761854400000/qb47eNUYiy-iI3bO7PIDWg/lLb_Iff3fQCGsz-EiZkG8OaHim_1uwHlZR7P3qfuS0UelyT43rNTRmo89HO1NpTQS3ciDzf5JZ1q9qBufBHS3LnUfysogWx5X39Ifu4WKWIbdCph03jb9_Ukvh-1Pw_i6Y5CbO7c97HnLycNmIzB6le-8e-olaLppZ586h3rC7Y/PEyWjgyNq9KlaKDDo-gv4Fm_qP_hTvCoyJeKOnuVdfg"", ""https://v5.airtableusercontent.com/v3/u/46/46/1761854400000/glA_WZ_eOeVtn_RwzuzU-Q/Mxd_i9Rdo-taYwTttsgtTYoppPwtVz75t8RCX-K1yCnNVSNmF1Ud3QgRh-DdaMsrYnFXLWmpDPL3KTqoCFGmCA_Rp7p5z4vH6V9ZlZ3HTOm-douN7ibD6q-3RkNm92ZWciJcbZ9L5GholmnCAS4uHs-Ew1FbE1gfqJ44RZC52Yw/Ns5zbL1Gwg3jB9yV_Xyec_YjOB2wRKwVS0cny5S_zrk"", ""https://v5.airtableusercontent.com/v3/u/46/46/1761854400000/xxYS5R-m68zr6aI8seLZHQ/6n14ck52uJflO0jrRLAmnNuMErQ3cyeO2ROLInw5LUgymArTQqrQBqLeFBzDzHWWw46P6lAaIq0Wv6mJaTsZPvWApRPdoNrWIqv10mfNvIdNIMRZKiLApBlST-stYt5iC4bq44ohwmpTI8LwqjTI1n-Ixpptnb0DKtvRtEz_jlU/xCRjoZ-caZ9k5aFv7ZKF8ikBytqT3WotsNbdr6eLKGY"", ""https://v5.airtableusercontent.com/v3/u/46/46/1761854400000/xuJSW-E4uuRjY-Fg8unKsA/P0Zc2Wl960JBpDs3P7qkIzQVE-S0zjqWOzONjgKumk8v9lLgteSsquNe2AZj-IxO2-Bk3VKlF_-h4CrUqSZjr5eEcoBg6BVtlkxNk-Z19sSnbxU54GIlWDXfAbPXeMJPR9RAOZPSaiQCC8CqACHfHyduoUCx_oGR2jtbqBh2Dvc/600BcIT-6YVopL0qIgSv8E2wHwzmfAcl95Q35pSxopE"", ""https://v5.airtableusercontent.com/v3/u/46/46/1761854400000/72sedXx8_NGHGYGEVfp99Q/RnsOnfshU5NJRC6C5ZDG5GJhAZDQHDDFKVuGunlyowPvQHh4uikxa4n3lPiSI64FJNAZPNimY1Hm_NnmkbwiorLeS4uBlnYSc-qixfNJaDxA4dUiP-CkuhM52bZxAKc-3WMI6Vi_vJIfEUfrNm4_prOn2Un1WnSknoaH5hiwf50/jXo4ndnS_gmXb5FN3siQHPPzltdgpD1TMFBOgS3wBos"", ""https://v5.airtableusercontent.com/v3/u/46/46/1761854400000/O7ePkP_A6O1BVKXrJXMxMg/i9DzV7K9FO18hjDVmuSCgxrqL25DV5ExjfujI2EjQ5EjNgf1UuIS8_D6niKfeC7R-mGYnQT4ZRX0mpb2YoNskHMwQ_aAwwrdA2cjfRG144pqi-lwsoi1aj1TQkCFcfw2W9Manx0Ioy3p4U0UnQ-ecsWz5i9VY1htS6QwJtr0Q0kXTI1qsiTFEXmHpB2xFvDY/iSffidqymb0-GdfUFnUwGAFvhmfPKBHwYbgh3YMUSrw"", ""https://v5.airtableusercontent.com/v3/u/46/46/1761854400000/GLS1sKxrIDjXDPgjyp2hng/Y2l3kSIc5HAvcS8wbrnTZqWEbEOWjDpdJuEhRQVbmZ2nC-NxdgqG_WOmXtv4JeaQwCzS9NEwj6eJnX6QpqV4WexTHgblRLjOwh2oBcGpYrwMW7CtBFiVXXeZT7qgnDaCU2lo3JGHd9PDB7DMvY6xbQKgR78okifwebEr5FNu55g/CzkVcVGVV_uinagF8siAw30geFIK0QWKQeu4b-_pyZc"", ""https://v5.airtableusercontent.com/v3/u/46/46/1761854400000/TMqLM8lrsxQcFEFhgoWhDA/ILo0z5xc_Jf3noB_qS920gs5tz1tLrOlVEBEXHs037a28lrCiUN_jFfqRXyh4y7YyPzeVauIm-aBWgF4GySVNchCkMIIMOJ232xHUMR_coN1ZbXCr1oxMyzHlDBPgHhG1FlfKDZZNQMstyodVlQJtMDDKJVZu1jQ_hMuZFlVTFtNsmITpBh4amYFJiumZXjH/zK37YdXZR7NZrRhxWu5MCvNYUJ8kGSsKB1QJZrHWA9E"", ""https://v5.airtableusercontent.com/v3/u/46/46/1761854400000/S00IroQJ3TtGOU5_A_NQ2A/szacPtxfu6kxhlBkUTY_I4XoRhQEyCQyJ5OMjSEc83F6t1QuSG-mYj1BCziJ63E2UgSNNoDqBURHsGgkCm1UW6Rp4NhOXywEMEhOmJl5RKO8DsTbO_6t-5I2P6bSRuzXG4NI0LBGMc9wDz1EV8ucMjDnLI1Kaseax68wgEnDf6c_nLYkkRWO7d_VjxoXymIT/l1s0a82CY92puKyf_WPZ_mMzGOV2Sj13uwIxNv3Gz5s"", ""https://v5.airtableusercontent.com/v3/u/46/46/1761854400000/lV2dv1rSHwZoC0FegKMd2Q/pia5Y1SF6ppMBqyb4JfE6_CXnpv33ZbWo7YiDxKJQhsaHBLC9Iy5y7aPOLXk6DgOX0yDMaLlEcIAyIWgg_ALT6CMOxcibTeJsL9ksuAqkjlDcX6lh1279ZDuWV_54YV7WOHMCyy2k1rrZwdczKQrc0rqpnx-1tmEkEqWy1r2gFwJtvvGwdsNNDvIoqDLp0dS/-LiZ6Pxs0_r0RyrycCdF-dtdxJAA5ACcVhOrUk2xkkk"", ""https://v5.airtableusercontent.com/v3/u/46/46/1761854400000/EFVsYjBxZ29puumAfqkNgg/5nZEo8phsUf2N8ijtim2dI5vv_T7VinSEWBkuM3RVF0pL_FV4z7Sg1EvIH6AqSPO5Ovqo0x6QlAn6BXYWni4OCQ_LnYxuj7rimbi7gOEt-Lvm3DAVDrZAK8LDRgfn67eyw7c8-EfNIVwap65nKCdOBm-zKT1w9nmdFVU4fwzGfujTH6uVzkF6sJjhLWqdA-X/MJWyTPm_Syc8Plth60rfIZD5plyfAvIrkDSpvZzHVhY"", ""https://v5.airtableusercontent.com/v3/u/46/46/1761854400000/u0-fR7xkhmpmPoXpfgR6Jw/HnfWHjjKBjgEFFPb4EJSuiuUUZ3EiBtiWcENnYNhptSpdCWrZJ6OvtBv7cNl2Ms-kyQX_cWFCRrDJSpJ-f3n9zXG0e_a0jothZu0Wc35XTXJ9B4EGD--iyAyyoC1NFZQqfvGujX0yE_W2FT1B6O1HoQ70_Z4wESxT1rd0-k5a-H5IXcPEvEH1rQcMatG4fAV/RPL8jE9DlpB_bj8T0t8vU6tbBMHCWUtZqUdaLNw12vM"", ""https://v5.airtableusercontent.com/v3/u/46/46/1761854400000/6o-eN2jEK44XW8ofL0T1lg/MFUfgISe6fiPOvKzWOWUd2uV9iVXyU4mPUD4C4-bDn43TRWXg3w6IpWZxYI4OgmkIccZMg4I5WZ7J-Q5i4UHzmKPytD1AmZZQ3TPZCaHIqZYSDPYjCZEnwA3b2m5-xpQkrOYwQ6KOpGmuj-RknRDXPgFQFJ7zRW2ZSppA42k3IY/AqTp8QCYWNN7SfLA17_0HuHPBwQ0XI6gP_rTmEQ3Kq0"", ""https://v5.airtableusercontent.com/v3/u/46/46/1761854400000/sk6nl8he3HG5shHMy9WseA/UvypMt1xvkiMwWEO_8k1Etin09lzI4PhoEG40ZAtljQc2u2TPDitL8JNsQzjHKGbJYc6iQo-ch-ioyCKQWeud7JlE39aIxqxRIu3J61g9XGw7svckALGV7w4_8qSI68oZXN0mwsMgBEiJU5i0q_eaiOj6_-vRy5P9QIc2jlbZJaaGyHCIbd8IFIy6F9_qOmT/xLPeMoaf2tJIqF1QOxjfqR2XtgW_XH6zUB4VKQrZFZM"", ""https://v5.airtableusercontent.com/v3/u/46/46/1761854400000/GUDm5LSdJowgFdB-sjTf2g/1rKFNOeASfxoVgATdiIERBBT2V12gko8Wh4lPE8QhISjJAc6A6QTYt7lEqtLSs8Y0tiVvIIVFMqYhAalS_y1x_G5qSN03A3h4KyRh9B2OrXTDZnpOyn27rYVIDv2Bf3hDbLupZocKE2BtPX572nIMCWJCa4LctDr0JF9imshp7k/ln1qJGKsVZeNWu0ZdoH4Faivf_btuFgSrtrXA5alz5M"", ""https://v5.airtableusercontent.com/v3/u/46/46/1761854400000/i0xTM_mARvUp0Go359Xuig/80iq5OJRPgaLuPVqMGDFBoA-oXuoLqcSTFYrFCWcnfpvx0za0Ob_JLEzetbINzZKd28iBYSkVlqfdc7p7kJHhC-LpMPpGpO7kMa1XAiaf5B5gc4G0mnfiVDmsZXhNXdTYyY80R-Hmc6nPOJk-F070paR1YpiCAw219NCL8hs7eM/_j2rtPv1ULrxqlrSNUdCK049nolxmJtlu9Q2Qp5i16w"", ""https://v5.airtableusercontent.com/v3/u/46/46/1761854400000/zrqI6vT8XEKoXD53FSIF5Q/tO2dLKPTAczJkDQNZqXu4DkMaCDxY7F17-2kyC9_Wk3PQvEAz9nt8B01I6-mPdRjHQD4XHxxrUzN8EcBhi8Q0n6Hwt8ntmdyCD4OJX1BcAodkTL6-EKe1FDJCeUUGND6yeoBxBg_SsU7hjOdgthnjf1FsPEwLFC6yz5fI_y7Gng/LPpngh3Dc5g5ww9006Lmg0jt2SZZp4AuMZYEZWDiE3Y"", ""https://v5.airtableusercontent.com/v3/u/46/46/1761854400000/CzpZ1FpdahVJ4DCBYUYMxg/ivIiSWMAHYsUtfXa0eoTnXl4gO6AqmT54laTk3xOeU1SGLWh7BPJG4kJDsRDLF8qygjM6f8-syCKjE675rWVeYggV34Yq4JxdbdUNz3tJPydkzGeXVojLod2bI5N27C4J4_E5CpghqrmF8CRSyEMGoi0JyT14Hhzhp6USEhUSOM/UIWuRNCXJ8adWhJxxz9fdBxFMpMNN7rYeGQe_GEmuR0"", ""https://v5.airtableusercontent.com/v3/u/46/46/1761854400000/IAsAonE7_ZL0lQOKpKqAqw/kBP-oVihtFR8rFkWwo96pxR-LhAT8H2fdgCJQx1kf_astiw-abFsDZWFdYjbfPDBnGjVREJFm5BSBu72pasjb3hV12cv1OWiijUEz7ahsW-8ynRQXreCGe3wEjlXj38yBMz_mwnoXvlVkf2itrjwMjJRF9IUC7WBAhHMv2gWLTo/BlCiCyyIaxv3gxIsjiGgKJ_z2f6Jh14lM1zJBs9Fcig"", ""https://v5.airtableusercontent.com/v3/u/46/46/1761854400000/O5CVnCnT2WGVGHLR0BYDAw/JGtOl-3oLSBhLhsfRLPWgVfEGpOz-L4zCjOuV3hqPmCU6H65VklQS6dL1_h7mmAfD7akOumJOlhyO--vNxGsx_6vQFbpmlvuoyBobop8FW1q2hv0hwZRT8gxubHbIf96svtXMuSH08v_gz6ZHiiLratlCCcr-Mv3EPG-8QDnyHE/PrLW7G7ya7uSQbgeo53j9PazdpnoTgShkHvyCiFFqgE"", ""https://v5.airtableusercontent.com/v3/u/46/46/1761854400000/5yTxfjvpypdbAllctEc2_w/DQgQeM_Ohq1lomlizjrivvLVyrRZz6AYQpM4PiUROf-UVCeQesM75r1OSH4SxHnHXDhrKXbhNGWOxbhNF5PvxmveJ1II6b37cT6JRb7pEOYtGORagLscXNi8HyoTqG3_zAxOCL4UcqcuVa9n2iNMtfRZT5WHkkt_KAxldJ8P9xY/-q9Mmm-DNkJJb4DBGgQusljM_bSlKaBCZ2Drg_gdUxU"", ""https://v5.airtableusercontent.com/v3/u/46/46/1761854400000/cHlr7LJw138ndojwKOt9nA/x-uJQegPhafhzJhksF7gVwWG4xLa-Evv8ApXaurL1HvdiVHPtEs0x-0dZUZDstvlPqmF73CAHhdsEYeFX21RZIJAgMr40fjw8ZQPFsisOgTrre_lz8OlpQUwEPQLEwBelE5hjAQ69WLgjjZ_z28_Jl9pXVPD-5Qal4fszcbIHII/fVs82tODZ8WdPahUNcYXXD9Dbdq_Wof37crFRSLl-Us"", ""https://v5.airtableusercontent.com/v3/u/46/46/1761854400000/6TENUqT-PGvgZk6RFeWcYg/f5gv86GIKaitOZGZnmO4Osjg0Ha50GWH7gcZndpa7EQFakJPi2Llv_qnvnEaoFWrvBvAgMs5R9LKt4AnQbDP0T9T-dRJxLsFkLQCKfzCrZoNdl1flzKFa3DHDAvr60E9M_BTLrVTZHwwzfVh0DXPRnEpFmQp1qIQKiK19R6oXm8/bYEi3J-ur_f6P07_eYKz9u6eadmEBqAN5p3E8UCM2Ro""]",JEN SINGAPORE TANGLIN BY SHANGRI-LA - 78 Reviews | Singapore's Only Wedding Review Site,"Rated 4.1/5 for venue, 4/5 for service, 3.9/5 for food from 24 couples & 54 guests: “Had our wedding ceremony at Hotel Jen Tanglin on 18 November 2018 and we were blown away by the overall experience. The venue itself was exactly what we were looking for in terms of location, size, atmosphere, and overall experience. Our Sales Coordinator, Elaine was very friendly and helpful throughout our process of wedding planning. And the Banquet Manager (I think her name is Afiza) and the rest of the staff were nothing but helpful in the run up and during the course of our wedding. As a wedding venue we couldn't fault anything. The food was surprisingly good and all our guests had favorable comments on the all the dishes, especially the yam paste dessert! If there is one thing we had to pick on, it would be the close proximity of another wedding couple on the same floor. There was some unhappiness as their signage blocked the pathway towards our ballroom. The fact that their ballroom is nearer to the lifts, few of our guests carelessly left the red packets in their angbao box. My husband had to station near their recep table (to block our own guests in case they went to the wrong ballroom), their bridesmaids literally gave him death stares.. haha I hope Hotel Jen Tanglin could improve on the coordination or clear arrangement of signage, especially on dates with 3 weddings. Perhaps having some helpers on site would help clear the confusion.”",jen-singapore-tanglin-by-shangri-la,JEN SINGAPORE TANGLIN BY SHANGRI-LA - 78 Reviews | Singapore's Only Wedding Review Site,"Rated 4.1/5 for venue, 4/5 for service, 3.9/5 for food from 24 couples & 54 guests: “Had our wedding ceremony at Hotel Jen Tanglin on 18 November 2018 and we were blown away by the overall experience. The venue itself was exactly what we were looking for in terms of location, size, atmosphere, and overall experience. Our Sales Coordinator, Elaine was very friendly and helpful throughout our process of wedding planning. And the Banquet Manager (I think her name is Afiza) and the rest of the staff were nothing but helpful in the run up and during the course of our wedding. As a wedding venue we couldn't fault anything. The food was surprisingly good and all our guests had favorable comments on the all the dishes, especially the yam paste dessert! If there is one thing we had to pick on, it would be the close proximity of another wedding couple on the same floor. There was some unhappiness as their signage blocked the pathway towards our ballroom. The fact that their ballroom is nearer to the lifts, few of our guests carelessly left the red packets in their angbao box. My husband had to station near their recep table (to block our own guests in case they went to the wrong ballroom), their bridesmaids literally gave him death stares.. haha I hope Hotel Jen Tanglin could improve on the coordination or clear arrangement of signage, especially on dates with 3 weddings. Perhaps having some helpers on site would help clear the confusion.”",6,2023-08-10T08:28:29Z
rec63V33UphG3NPGi,Privé Grill,"2 Keppel Bay Vista, #01-01, Singapore 098382",6567760777,,,,,0,,PRIVÉ GRILL - 7 Reviews | Singapore's Only Wedding Review Site,"Rated 3.3/5 for venue, 3/5 for service, 3.4/5 for food from 2 couples & 5 guests: “Although the initial coordination of the reservation booking over email was somewhat awkward, thankfully Hana stepped in to finally sort it out. Our wedding lunch party went through really smoothly. The set lunch menu and food quality was really good, and service by Jo and her team was excellent. The private dining rooms were also nice and cosy for our party. One suggestion would be to add more fans, especially in the back changing room area.”",priv-grill,PRIVÉ GRILL - 7 Reviews | Singapore's Only Wedding Review Site,"Rated 3.3/5 for venue, 3/5 for service, 3.4/5 for food from 2 couples & 5 guests: “Although the initial coordination of the reservation booking over email was somewhat awkward, thankfully Hana stepped in to finally sort it out. Our wedding lunch party went through really smoothly. The set lunch menu and food quality was really good, and service by Jo and her team was excellent. The private dining rooms were also nice and cosy for our party. One suggestion would be to add more fans, especially in the back changing room area.”",0,2024-08-04T06:30:19Z
rec6STdiApUFFI2nE,The Lavender,"2 Kallang Ave, #02-05/06 CT Hub @ Kallang, Singapore 339407",,,,,,0,,THE LAVENDER - 1 Reviews | Singapore's Only Wedding Review Site,"Rated 5/5 for service, 5/5 for food from 1 guests: “I went there to attend my brother-in-law's wedding. Everything went well from decor, food and service. This company has done a good job. I foresee a reputable and successful event company in the future. The only concern is space with limited tables. It started to feel cramped at the buffet line and at the main entrance during peak hours. They might want to consider having a crowd control announcement to attendees who have finished eating to give way to those who just arrived. Lastly, maybe providing some extra chairs along the back carpark and main entrance for people to mingle before leaving.”",the-lavender,THE LAVENDER - 1 Reviews | Singapore's Only Wedding Review Site,"Rated 5/5 for service, 5/5 for food from 1 guests: “I went there to attend my brother-in-law's wedding. Everything went well from decor, food and service. This company has done a good job. I foresee a reputable and successful event company in the future. The only concern is space with limited tables. It started to feel cramped at the buffet line and at the main entrance during peak hours. They might want to consider having a crowd control announcement to attendees who have finished eating to give way to those who just arrived. Lastly, maybe providing some extra chairs along the back carpark and main entrance for people to mingle before leaving.”",0,2024-08-04T06:30:18Z
rec6UxG2cNCMz0BqP,1-Altitude Coast,"The Outpost Hotel, 10 Artillery Ave, #07-01 Sentosa Island, Singapore 099951",6565137708,enquiry@1-altitudecoast.sg,,,,0,,1-ALTITUDE COAST | Singapore's Only Wedding Review Site,"Wedding reviews for 1-Altitude Coast · The Outpost Hotel, 10 Artillery Ave, #07-01 Sentosa Island, Singapore 099951 · 6513 7708 · enquiry@1-altitudecoast.sg",1-altitude-coast,1-ALTITUDE COAST | Singapore's Only Wedding Review Site,"Wedding reviews for 1-Altitude Coast · The Outpost Hotel, 10 Artillery Ave, #07-01 Sentosa Island, Singapore 099951 · 6513 7708 · enquiry@1-altitudecoast.sg",0,2024-08-04T13:15:53Z
rec6pWfWGxvA1oHH0,TungLok Seafood (Orchard Central),"181, Orchard Road #11-05",6563372055,banquet@tunglok.com,,,Restaurant,0,,TUNGLOK SEAFOOD (ORCHARD CENTRAL) - 1 Reviews | Singapore's Only Wedding Review Site,"Rated 4/5 for venue from 1 couples: “Service of staff was excellent, food and ambience is good too! Held my wedding lunch over there, the manager of the restaurant tried her best to cater to our request. Everything went out smoothly! Would like to thank them once again for their extra time and effort.”",tunglok-seafood-orchard-central,TUNGLOK SEAFOOD (ORCHARD CENTRAL) - 1 Reviews | Singapore's Only Wedding Review Site,"Rated 4/5 for venue from 1 couples: “Service of staff was excellent, food and ambience is good too! Held my wedding lunch over there, the manager of the restaurant tried her best to cater to our request. Everything went out smoothly! Would like to thank them once again for their extra time and effort.”",6,2023-08-10T08:28:29Z
rec70wRHhQr8YICG7,Qian Xi Bountiful Garden,108 Depot Road Depot Heights Shopping Centre #03-01/02/03,6562703323,Torrance.foo@qianxi.com.sg,,,Restaurant,8,"[""https://v5.airtableusercontent.com/v3/u/46/46/1761854400000/wGgvvtEBT7_HF2JryP2SAg/XCnhcLvsvUXvEEzYJ9MxflLyu_rHN1MMVjfprU0SYFpbragfYLF58rFeBFx0_KLpAIlZkjaKZFcWWVu0TUN8H2cTU6yFKhuFDBCGZIEIQnutX-XOIaTdG63mTHd81hEUBIDWScGIArIT012edc8nmxPLXnOe67w1OXReSiU0U2ATMC1JdB48sdIGj9BhTxWCh16HTDHofN5s-Epgscvhvg/Lsms7ddmwMCL98Vqolyo6IYgNXwnq0Nhaa7Z2rSCU5c"", ""https://v5.airtableusercontent.com/v3/u/46/46/1761854400000/9AqvKwjtYobEj38suoGEjA/rzp5oG4DzcIEXHx4aUkqv2j8ny0F7X2hlosftV_708nuTWOVRPPSGeiEDqkgAHQ282pANotNq3RRZ2xGDfT1WYESWA3ihC5C00SaK26M5vglTKj2Zkc0kMzCL3t7Tm3fgFu7EZIkwUT7Ef2bPpchJWa3pdBXzbjEX5DLfCcwM7L0YM8otC3jaYuaMVWL9XjVBa1CacIZGqGqS2takb87hw/3qqqvQji6NRXwkooQjTE7UtKVBRshFkydnByt02v-mw"", ""https://v5.airtableusercontent.com/v3/u/46/46/1761854400000/_WH7EasB0PqT206kTtIUcg/suDKW7x8we89zoN1SoBFOwaA-ypK94R96q7SpbKpLqsHjkLWaAgEkk_m8Xbu2_GtYIaLxg5iMRk1Oub7olsJ8rYVdd8XD6bFW-Uj70L1IjywKVIKeDjsFasnVmQGkikL7C9tnUY4nim6cIrSO8M7tICnTGtGe4a3lG0k49eWpYeBo51IMZ1Z6DwjL1CvnkYR6wHQV369qNpW3sw9bgtKbg/wcQE7ewtIBlOohZAO32yAnNTecER6kg0tta83RaScso"", ""https://v5.airtableusercontent.com/v3/u/46/46/1761854400000/ubgzKDi7e9EspH44aQWEoA/FICc2gEdVXhvs97thvN3nn4bg0DO7eEzeLvrnsEc0_aZT7ZEWFzWpxibFJ9CIw2aE8_nWp3L3u21_-fJzUX3zGIjfmdsR5SoWfoLtcc7JTzD_JaChi-IfOpLCXQhqHHP-5WILUUhVEZcARu0rFkfvcqsfYOosaqo6qV-CefyxJRgFCdAGOQ6D6LH8FwExwN6AuAWk37h4p4yM9ljR7qGLA/XXXGEQwKPyQE28TPoFcacv9ECV5nxr4btGSarSk-F-4"", ""https://v5.airtableusercontent.com/v3/u/46/46/1761854400000/NrcK0v1ttYEbgIKlm4zfEw/iqSj_WcJttb4Kpp8OS-sDB-fG3p6I3sp-ouq7ZzXD7Oaxaze8EDKq_2bJEfkDX7Y9gFT8UN4F69YUKsKOgB46XMkZMXZfIXKNeGoJ61gvFWiJjad4xKph-rlECYGDTZqd2vau5EG9YLG5ghoB6cehgJYXdILpIXtpNUvIHSAXWv9nSsUkaNn8tR06v-aEvNB_JdzVMasuE_LwLqGKbXcVg/Cve612COs1geajbAsquTEAEiuA8MCtQFymGmporI6Ng"", ""https://v5.airtableusercontent.com/v3/u/46/46/1761854400000/HDXkPW9J76xj2sgSc4MFTg/IjjqraSd1Od1nQe53owPmuvSwgTjknMwHqO_BX7TV_aPBiljs6R3Dwq_ZrGlUxAH9RpVcwXPJZ1BmPflL3-_L53bMIOM7Jtx8yKtZkVz34zkxd2RiFCvvbnpYmePLWzqB1F6FEYQkoq3jO_1z1jbruEHV9USClw0Zrm_NfhcripzusMzwS2DZG6ktoTxyNhMpsNqUEk13n_ltco5pi8z2Q/XiUayD7d0EWivi0kOR8SRoNQmbgumauXFuxP9oUEkck"", ""https://v5.airtableusercontent.com/v3/u/46/46/1761854400000/bb5VGbRb85e7yJpBZtM4Dw/vV14XojjujB6DDp35ljlnlnxafHeld-XEk_bL0M3qSOf12LA6oTRvObC7tSoym-oO5CBSQNva9nEK9IkxPy5PeWiSNT57PmOL8zu8V66oJdxeuX2dpA_eA5T6s2IwOR4TigqHX9oLceH8zc077WesuodUP8sDY9nZ2OcDwpo-MK7-SwDuweTsnTSWKgKwo2onuyKvr1wtcfVU5tCSPEIRw/Pzx8VePSp-yD1WmExavYm2j0tXN_e5n51_ty8YXt5i0"", ""https://v5.airtableusercontent.com/v3/u/46/46/1761854400000/3ulgqNmQa0xAx1HTxDU0Lw/W6HV0zms5OKcfZqSUkKgnv77OR8Z115ZRBkG0mj2LKjckTBdhn9Q69DAhuPtaEk7vEt8vv1hqGnEBgi1R8kPGx0tzsubC2SROD5CWty2tZgnKLliZItB-uxtgilDdXTaxmQn7nCJgRh6HQddZ_pytZnG_zhc3oktlUm1lxz_wVgxQNIhCfHm4vWt4jCRDc2RHxUt3N64Hn1cQIeixueC0A/QvZFNZDpQzk6MVWyWTNbAUgKMwhPCSW8c27JmnKa9sc""]",QIAN XI BOUNTIFUL GARDEN | Singapore's Only Wedding Review Site,Wedding reviews for Qian Xi Bountiful Garden · 108 Depot Road Depot Heights Shopping Centre #03-01/02/03 · +65 6270 3323 · Torrance.foo@qianxi.com.sg,qian-xi-bountiful-garden,QIAN XI BOUNTIFUL GARDEN | Singapore's Only Wedding Review Site,Wedding reviews for Qian Xi Bountiful Garden · 108 Depot Road Depot Heights Shopping Centre #03-01/02/03 · +65 6270 3323 · Torrance.foo@qianxi.com.sg,6,2023-08-10T08:28:29Z
rec7JKFYqky8VoiFa,Royal Plaza on Scotts,25 Scotts Road,6565897714,bqt@royalplaza.com.sg,,,Hotel,3,"[""https://v5.airtableusercontent.com/v3/u/46/46/1761854400000/nOufOKZBwIQxef0yUcJyqQ/JBhNxWY-2Mg5di0UcS_aLT9RRh82gJa74d2AIX3-DxTMty1ZCXJjgxaYH-YAe3LvI0hF36AwOBZAeNlRrD-oY-AAa9_QaBJP6dzaOm6t8QD2OkI6vlFdoPYIyDuTddcWPHO5dAcElLTEG6Pwmy3YVsA5w94lWc-1lhY4x_ezJJw/1_gjweaVYWIZE7Eb9Df3kS3p3ME-7Le7QSwt9zMQqzk"", ""https://v5.airtableusercontent.com/v3/u/46/46/1761854400000/B0pX2_9R095NIywjIbqJLQ/x62de45f9n8FRPSItvjXP3cO_YGTfzCJjxGLabdDYXxmwfzyrOcVqwlAC4xbLCKUpEat_KrZlhmCyY-LZ0pnmQpSLsCPJVaBS1zFuU0Zmkn6qwWwajPRGIGmniATETuAwFd-gvzTr-sf7yFWvRTU0Z2zsJaOEwKDt24upR__4uc/Em4uDf1PYdoYj9to5LGSYr_W95BWhmaJqfvlLYkcvyE"", ""https://v5.airtableusercontent.com/v3/u/46/46/1761854400000/Zenz-Vp_epfQmz6-tVRErg/EZMkvSewcW_auS9nySStTk_Hs4bXDywLQG2b6P706PV7oI2Um_M-n7VeOjoE9XOX_4ZQFpszEJjH_6NMc4JzYXkoJekEV2jCXMy2bsHN-a3qFWqy-Yet8K5laolflH-Te4xoNNovbpUEk1U0dCzMOn7REeqjKrdc2yEDDP3g6nU/8vq071l6vDQvIehIvUWiX3nUZZM8OkuiwmgvwCNWjuI""]",ROYAL PLAZA ON SCOTTS - 5 Reviews | Singapore's Only Wedding Review Site,"Rated 5/5 for venue, 5/5 for service, 5/5 for food from 2 couples & 3 guests: “Went there to attend a wedding. Amazed at the attention to details, staff attentiveness, and contributing to the reduction of trash by not using straws! Not to mention, that the food was great!”",royal-plaza-on-scotts,ROYAL PLAZA ON SCOTTS - 5 Reviews | Singapore's Only Wedding Review Site,"Rated 5/5 for venue, 5/5 for service, 5/5 for food from 2 couples & 3 guests: “Went there to attend a wedding. Amazed at the attention to details, staff attentiveness, and contributing to the reduction of trash by not using straws! Not to mention, that the food was great!”",6,2023-08-10T08:28:29Z
rec7WN9QJiiFHMima,Novotel Singapore On Stevens,28 Stevens Road,6564916106,H9543-SC3@accor.com,,,"Hotel, Indian, Chinese",9,"[""https://v5.airtableusercontent.com/v3/u/46/46/1761854400000/7e-RGFq3dAokrvxMDAGfSQ/LMVuwtdXNgu0cjSa92o94WpAYgeREgWckel4E7lQWQVCL_rQKdRFrJHkIyY-VFhomWnj3jr9deYKdpxFXrUjgnm7ANW2bdIzjnNnqiZaH7wBsNw3_7zRutmF1dVeBojyL8BPBFgSweJdj91fUYzRJcMVDtreB8PdCl9psXD6QA9Md49R0Ijmf15Yp_fF4U6i/ri0XRAdpyqPpT-Ksu6JbOSodUhiEvHml6P83m5Wdm0U"", ""https://v5.airtableusercontent.com/v3/u/46/46/1761854400000/DakHmFvfWkug2Cb_oB_rNw/Q_gPDNNcCdBdattmnrA-gpR3yPtQhR-wH_W2e0bW3PiOyvVv5tRbT_t1O4ZsjHw7AuNIwKCAXpbobHKbnQL1P637X2tHkB2M09SI78zJuAe9Na1vosu6eO9qBYpJoVV95PSu_LjFPjRFuFu0t7HBcNlXRQ9iqVf5z3QtDCrvSS11UoBdBch7YO9c7_DLQQ5-5rFmpBaoqqGVNI4av4cquw/p4crnBKY1V3r1SNp4YQ6zfZGaK8MkPgxEEPVHOWL4l4"", ""https://v5.airtableusercontent.com/v3/u/46/46/1761854400000/QrdwEk75HZssmlJrWsb9tA/VuE-0odOk6P3ndAK1_m_34QvmOt1-d-u_yk1m9huvL942jzxLLd5mKknPLJv2CMKFCFKWjhX8LQdKMKUPssDfZiGTF9ytFli5NcmGYetVNA8nA9JeFfvi9Qhknd4gf6x5QPFf2bTajZVN6BVIB7UHpOIj4o0vHc1CTV0Wb7w02JNxuYNLdQSb4Vne_tdNS-b/rIhUQlFFAhIxQDtYS701IXyLqmLxMt3Z4tejSwgYkJc"", ""https://v5.airtableusercontent.com/v3/u/46/46/1761854400000/3B3CxoMH4OupR0sCCFxxSA/7EGz9XkwXvvISbpFdLEr0FRHyhah-MntrpX3rJnJoq1-AIsiyH4YeGjzthC_qQLFX8E3XX5cwlrf_MQ8OBMdpopwMUmBrOKR081nIYc3Jrj1jTPnZrp9SFX10XCE7H3OA2xvOE-QAN0umpp-Mk-w6V-hC3kvPc_cyn7hx84nFvWl_Hbue6-DAfZH343iA-_q/xxZ9dm3rseEdcIjLRPOAzCla-y5TLtG0UyeDcDW0bsA"", ""https://v5.airtableusercontent.com/v3/u/46/46/1761854400000/rXrzJtmdiqXGkiBUb2YC-A/rVHfoBZ-yZdGGMS4e4BTE1G7zTZ8La1qjDuIJD9K4Fq6UhR2EiKTR15lhkNjY4YGUFT7YufHKKOdBn8_4Pwi8EDbBUIRKYgcUXxHRIIlPBtrXkFtWVW8j2gOzr1lVrEXS0jjZ9nInzLy3VOJZAV3dE-svPJp4pbfaj0-twODN5Ev16ur1trzzdE837ZWHibO/dMKTR7pko2HrRtKP1RRgD6I6mUYpv4l-RPhWIleREJg"", ""https://v5.airtableusercontent.com/v3/u/46/46/1761854400000/FeQdQ8W0ZzdiVVZrJGGhFg/x-_6AhClFAntqRLpnZ2rBUeMwlQCDBCG15rfzQkhbclAkS2KB5GUbwxhWXWzwHM7Hl_FXK3emMq0Xvx-muo8WMzp_jhm6zric2Owyzw_OKIoIJl4amWJXfRL-U-i9WwajDFJtlaUHr54DCmyWbw3cGdJQe-p2HwXxB64P1P4nlo/VwpwShVroJs-Tax-KhkAShOlNmZXlfsirb-RnP4A3Ys"", ""https://v5.airtableusercontent.com/v3/u/46/46/1761854400000/x2eUXQbaikXjJ2rPW2xjUw/iSONHO6jciaMn8uX0GeHyBaSD5XQN7-_ya9AjnUGwf2E5keziNL99DX1NWc-YtbFft6U99doYRYlZIDxLuKzjJkAaDVJCD8ID_xoOvAWlk8c8dm7SJrJIZEOKaXPqXxTXbRrU1phzTYEr5EE4ils9PDcBlWTLo_K0m-CV0DGtdM/iInhDDg01Stm6R4eJQwIwgY3eiCrUHd_DxbYANMSLmE"", ""https://v5.airtableusercontent.com/v3/u/46/46/1761854400000/7zhhU2JQUeJKBxFzCXNDBw/rRTDMY-La2XlG6hFyL7M3T_RqL4lEwWUKCDGgVfdMvS2rmnvn6kI38_qddt3pwN0lorkGat8ePZulyiuS2IPsaa_Iv--MgKcUnREHIX_2ziPiufE3GuQ-0I_m0tzcPPOfBFg1REu6Tg5N2AsxyqqUhxWsqGrdHqBtTkpTvaDmUSe35QyoSn6DFmSg6kpSao54gRdHMMsmFZ11gdAPrONrw/3mad75qzdoaxBXfHOl33-rhjGK0KkKbgkO9riF-MLaI"", ""https://v5.airtableusercontent.com/v3/u/46/46/1761854400000/c5n7Ov0G5irLIklXAKpBCg/btrR97PR63J4CKDRTzwwYm4jskr_PfxtReER6gQM7xxh1DMgfRyTQJs3ukLWudjLW4keaQhQjP-8BGi1B1Y8zmVcJO3jY5VfbX98FaHlhKrlR-ybkjWf1Q7XCwrZ43FEdXIOReX1YuVCgHFgRYh1HX9IiQZYnMChwKOagJeGIp0/v2odWh4Bf-3U2XaLuybiR6wkxRxM2Xi_J0kanXsv4_8""]",NOVOTEL SINGAPORE ON STEVENS - 27 Reviews | Singapore's Only Wedding Review Site,"Rated 4/5 for venue, 3.8/5 for service, 3.7/5 for food from 9 couples & 18 guests: “I would highly recommend Novotel on Stevens, especially to my coordinator Amanda Chua and the banquet manager Jeffrey, for their amazing service. To be perfectly honest, it did not start out great as we changed 3 different coordinators and the food tasting session was only so-so. However, after our feedback, Ryan and Amanda stepped in to ensure that at the end of the day, the hotel overdelivered on our big day to our important guests with the superb service and good food. Also, the staff went above and beyond to accede to our requests and ensure we had a memorable wedding.”",novotel-singapore-on-stevens,NOVOTEL SINGAPORE ON STEVENS - 27 Reviews | Singapore's Only Wedding Review Site,"Rated 4/5 for venue, 3.8/5 for service, 3.7/5 for food from 9 couples & 18 guests: “I would highly recommend Novotel on Stevens, especially to my coordinator Amanda Chua and the banquet manager Jeffrey, for their amazing service. To be perfectly honest, it did not start out great as we changed 3 different coordinators and the food tasting session was only so-so. However, after our feedback, Ryan and Amanda stepped in to ensure that at the end of the day, the hotel overdelivered on our big day to our important guests with the superb service and good food. Also, the staff went above and beyond to accede to our requests and ensure we had a memorable wedding.”",6,2023-08-10T08:28:29Z
rec7bVEqoTABLB6QX,Summer Palace,"1 Cuscaden Rd, Level 3, Singapore 249715",6567253288,,,,,0,,SUMMER PALACE - 2 Reviews | Singapore's Only Wedding Review Site,"Rated 5/5 for venue, 5/5 for service, 5/5 for food from 2 guests: “Attended wedding dinner at Summer Palace, 8+1 courses. Food is good, not the usual fair, and generous portion. Good service too.”",summer-palace,SUMMER PALACE - 2 Reviews | Singapore's Only Wedding Review Site,"Rated 5/5 for venue, 5/5 for service, 5/5 for food from 2 guests: “Attended wedding dinner at Summer Palace, 8+1 courses. Food is good, not the usual fair, and generous portion. Good service too.”",0,2024-08-04T06:30:19Z
rec7ccCRuRcl9hjiy,Amaryllis Ballroom,"25 Lor 33 Geylang, Singapore 387985",,,,,,0,,AMARYLLIS BALLROOM - 5 Reviews | Singapore's Only Wedding Review Site,Rated 4/5 for venue from 1 couples & 4 guests: “Having wedding event invitations there .super easy access to carpark too.. place not cramp for few hundreds pax”,amaryllis-ballroom,AMARYLLIS BALLROOM - 5 Reviews | Singapore's Only Wedding Review Site,Rated 4/5 for venue from 1 couples & 4 guests: “Having wedding event invitations there .super easy access to carpark too.. place not cramp for few hundreds pax”,0,2024-08-04T06:30:18Z
rec7mXks7AULWV7XZ,Grand Hyatt Singapore,10 Scotts Road,6564167373,weddings.sg@hyatt.com,,,"Hotel, Chinese",12,"[""https://v5.airtableusercontent.com/v3/u/46/46/1761854400000/cQUEoF5XjdW6F4DUqR6MbA/uN52NXhhNIHMvDexZ9KUD15LoOMJ1fE22b4iYCO2Y6-cHzJR_JFze8GQI2px93GT7OBvF6OvsjR29oY0BvJnmPoB_J3mQ-W2GRZsg4xn3R4H3m5hzxcFitWdYyj0Mj_Nc8ya00I2UNfcOb2SkgF0aLII0_2x88uq8UX1AHppMT8Wc2ouE9QN9wubzdERql4MSUthpO3dMiEnEO5upwBYSeILlqq2ZsCZINJYqncpeTHZJDf1i7d32gkQd3yxkdRZ/gkno8Ne-goks87wdxtF1PLMIlmJpvQbfQPje-CLsd4E"", ""https://v5.airtableusercontent.com/v3/u/46/46/1761854400000/bKtMcN1kWCG1J5ULdbRzcQ/8TE0cWxI3NXD_rqcKKcrzqb4KqkZfGTuYEwRvACG7Or9zrtUvOUugafCZsFc5Mzak5J9LfS4jUeMi9K59Z3yUWrYoa9JYiGhlYbBWlRPSLazveclIKZADJ18Mlvh6biXmEqZhlbwjkvzlEeiakWfgIpvztu2daCpBtjhuUoSz3J2JyxwCu0G_zi80493oFnh/zkJmHekFgyRiiOpVPGFburo4sXn8_cgb76Dr6gZuuHk"", ""https://v5.airtableusercontent.com/v3/u/46/46/1761854400000/4zFumNxnDpvAi_EyQxjAaw/Rn2j_RsbHzhitgtfO7ICo7WaITVuT2gcs2jYvNb46u5IfKtPOBUIbqeOnF5HXLQqnl4_ZlCTe0MJg8pofZF5KHze1Y0sPkKsxAO9ZO7_2DSXZUOitwbKGxJiUeHQLJUyolpcDHG8DCaq4ML6O-y3m0jN3KRhfpYV_LXMVvxzxtb824fuhshiOYkX9fgev9mORWVUy8KmNEXOby7KjTLFP6FYuvPqSaXAVKbGFY-1qwQ/-xc_L3ZhVD0RF02-C9lSTm0_ccLIamMidgb6MjPz8Oc"", ""https://v5.airtableusercontent.com/v3/u/46/46/1761854400000/thBFzRs7hfevJlKWOq2b6g/_aUSs2LFtjwu_PBWRQloHZERwz9WL7_L1v85tvwb3OUsYuuQQpRyXiQ41dIKiJ5mC9rSL0hxaevsnCs0MZmAirTItgdmyICVGE4BEVMTcx2gRNn7zhMzkX1dQBM-xWa7uu3gEbNxxyeNtuUjrzMbuxLy8kN1xJrDbR28cLdXn9YNF4bGx8fRCSCZ8_5VzNxh/Qmxu1wM9oYona2Dk4hYlRfu-UM4vq9lFPLUdgKLqRhY"", ""https://v5.airtableusercontent.com/v3/u/46/46/1761854400000/Uo4dwcRpws15fO1-gdQOaQ/CofacAp57gEYek4iGr9h8FBpF-_cjvRU00IECgW65ugMY2ySLSPxx0Ax9UKRZMTA46b3v3FZq1qj1HXGPuUsIG8W7C62qWgW3SN2JrcNHiRWF4Tj4h6HPHsn8EsysB0UYMxbp8NgDZyqmVoGC3BoZ49FBBQ8oKydFHFV0euhj_c/jBhd175pxR4oOJuENLwareYYdyW3npw-H12oFNv9hT8"", ""https://v5.airtableusercontent.com/v3/u/46/46/1761854400000/i5s5X6wCaKZskGDrs4bOCg/wR5oHRPDN4tHa1hg_ViAwUkCzV-2O9_5tvcF3nVBI87Z1Gk6U8-T97esJoI2qVEIZKCjIb-sjrJ8DdmfxQdXSOgF6_LdTDdZCR_hYH8QmKatd5m0SrpcUQvKNSsNLaOgVrn1YyA-u3A3w_OyP52QeQ/UKyGuvrZLFxeoEcs-I2z4F3izL3ZykYJxgiTObOd1rk"", ""https://v5.airtableusercontent.com/v3/u/46/46/1761854400000/tGu23MCBZ3cgmSq9P595Hw/m1gdmxE5X5w7Mf3UdSffOK9BLlTS6ECw7aJfsZiS1idcuvQiKl1O_5wS0cvh1wN2reUksRTgIaxUWy0PYgHAbHOCl38BUzH9Bq4Mpw-dCZn649mZjIf0kOY1n8T237FnPeUGDfqJRhp98tYyF0LKww/QCfQlms_jbz8CkvYuVv0mslwOVO_kuK2DOy0lIDq_80"", ""https://v5.airtableusercontent.com/v3/u/46/46/1761854400000/W6PXLg-kRsx4Pwe0q0poOQ/qlooU0efDYFZAii3_fOlWBFODX1gOIFn-LWM8HTyWnuOgKU30O-kJCWKc9q2Bc4fp0UQ6mu9U8F6WB9IsCJI0OtE1ILx9vVjzJTWoTFvbWz_yOU1CS3AA6SCWK9Pcad72khvJH_wqQ8PNb_jBwQ4mA/RsBEjqBZeacRznkH1_G6J_W1q73ubVVz3ODGOPnBEeE"", ""https://v5.airtableusercontent.com/v3/u/46/46/1761854400000/8SdYoDGSFKIVpi1Y1epOEA/OdmOgu2mS9MLusqUdVe0DwZWLCuL6197nQdOqFO7XtenhQ5UMmutwPUtaiL2SK-xW7ZV5458fVpd-Fql_Vu6AcTve1eNwlu23iZWw-fVyCmM4i29oQKCxeinEprxIPcFxqjWCW2xGLthdKO64sIIZA/QQVxD3C6OVu-v6jSkO0VBAHstXNF7T4W6Mw2J39YtK0"", ""https://v5.airtableusercontent.com/v3/u/46/46/1761854400000/S4F5OnUh5Tr9ou2pfqNeFg/ZLgCmmS3qgtA5oZUPinjtZWb3snm8xjDsCZ_OWV5YPwLZmw-l0Lgc_CWRCTY4lHYHrpft1adbqIzVPlqnOFrxBkj3Lhe6SFVUlMv3Aibak3HA1jX2u7ab-occQXEkAFnpg0PGDGbc-ls9eJkPY-CvQ/LEdqs1UkVeBC52BlL1C1G8DYJnjKayLk589P3q7JH2s"", ""https://v5.airtableusercontent.com/v3/u/46/46/1761854400000/1SJx2_hgwwOWLwUIVE35gQ/YlExdSZLfOBsQUidc4mn9kHx3s9hVG_wwZtZUIo9iIxw7G1l16ptYt_v6ovtgK_xQJ_fyH4DLidgpYPQWdHNqA91pITDjSkHlPWyB3z2PbBeu4nKrTFZctS8oGbqa7-scj783rZXneseyJbLRXl_Vg/B7af4YK1lvTN0qux65A84rNHEZIDHLDk6k1008rXxPQ"", ""https://v5.airtableusercontent.com/v3/u/46/46/1761854400000/n91qPQxinK8KVdIDMFzTFA/bSpdfpeGLNdCPz5gb_WS836mOpN42g-THjgvByWCTQ24j_BshmQpZAMXWkzw_0tRnicMG6xzVpNBG06tKQrnavTjZeQjwZfn8-KC3xdPTYwH7JAq9Nwjo2W9LFIEAD73iymJWURwzduSjThjYNbSn1oXirJzAeY_jXs1Eiteozh_aIb51oU-BUgCDuWYiL9eDy7s5lCQ-8dqP4q-viqrA99Skt7yiL7W5zbN9gcMCs_dAi-ryt5Q2EquD6wO2p93/AHdo7eEu-JvvOE76ltfV5Z6hqCGYDKRyxmv1mXM1pYM""]",GRAND HYATT SINGAPORE - 112 Reviews | Singapore's Only Wedding Review Site,"Rated 4.4/5 for venue, 4.3/5 for service, 4.3/5 for food from 13 couples & 99 guests: “Do not host your wedding with Hyatt, it will be an absolute disaster. Wedding planner bethany called in sick the day of wedding, her replacement yogesh was so unprepared and terrible, he interrupted multiple times during the wedding to confirm details on our pre-planned painstakingly prepared 20-30min increment checklist. He did not even have the checklist prior to the wedding and interrupted us like an hour before! They even dictacted that we had to do a covid test an hour before the wedding or the event would be cancelled. Literally half-dressed having to run out and buy 2 tests, omg the things hyatt made us do!! I regret going with them for the wedding, everything was so shoddy and all over the place. A waitress even split hot soup allover my aunty, who was sitting right next to me at the VIP table, did not apologise, nothing. Splashed everywhere and the soup was green! Actually the entire experience is so bad, that its actually hillarious. I have no idea what esle i can say, other than good luck potential brides and grooms, if you chose to go with hyatt's wedding planning team. Plus, the fact that the table was $170 pp? Absolutely waste of money, completely not worth it.”",grand-hyatt-singapore,GRAND HYATT SINGAPORE - 112 Reviews | Singapore's Only Wedding Review Site,"Rated 4.4/5 for venue, 4.3/5 for service, 4.3/5 for food from 13 couples & 99 guests: “Do not host your wedding with Hyatt, it will be an absolute disaster. Wedding planner bethany called in sick the day of wedding, her replacement yogesh was so unprepared and terrible, he interrupted multiple times during the wedding to confirm details on our pre-planned painstakingly prepared 20-30min increment checklist. He did not even have the checklist prior to the wedding and interrupted us like an hour before! They even dictacted that we had to do a covid test an hour before the wedding or the event would be cancelled. Literally half-dressed having to run out and buy 2 tests, omg the things hyatt made us do!! I regret going with them for the wedding, everything was so shoddy and all over the place. A waitress even split hot soup allover my aunty, who was sitting right next to me at the VIP table, did not apologise, nothing. Splashed everywhere and the soup was green! Actually the entire experience is so bad, that its actually hillarious. I have no idea what esle i can say, other than good luck potential brides and grooms, if you chose to go with hyatt's wedding planning team. Plus, the fact that the table was $170 pp? Absolutely waste of money, completely not worth it.”",6,2023-08-10T08:28:29Z
rec7whqAq0wT5ISnB,Park Avenue Convention Centre,"2 Changi Business Park Ave 1, Singapore 486015",6568097288,,,,,0,,PARK AVENUE CONVENTION CENTRE - 2 Reviews | Singapore's Only Wedding Review Site,"Rated 5/5 for venue from 2 guests: “Located at Changi Business Park! This space offers the option of a large meeting room and the flexibility of being divisible into two small rooms. It has a unique circular layout with built-in operable walls making it a flexible venue for different kinds of events. The carpeted main hall of 5,849 sqft with a high ceiling is an ideal location for conferences, weddings, product launches, exhibitions, and showcases.”",park-avenue-convention-centre,PARK AVENUE CONVENTION CENTRE - 2 Reviews | Singapore's Only Wedding Review Site,"Rated 5/5 for venue from 2 guests: “Located at Changi Business Park! This space offers the option of a large meeting room and the flexibility of being divisible into two small rooms. It has a unique circular layout with built-in operable walls making it a flexible venue for different kinds of events. The carpeted main hall of 5,849 sqft with a high ceiling is an ideal location for conferences, weddings, product launches, exhibitions, and showcases.”",0,2024-08-04T06:30:18Z
rec81MyjHtoEQuYsQ,PLONK,"7 Maju Ave, Singapore 556685",6562864688,info@plonk.com.sg,,,,0,,PLONK | Singapore's Only Wedding Review Site,"Wedding reviews for PLONK · 7 Maju Ave, Singapore 556685 · 6286 4688 · info@plonk.com.sg",plonk,PLONK | Singapore's Only Wedding Review Site,"Wedding reviews for PLONK · 7 Maju Ave, Singapore 556685 · 6286 4688 · info@plonk.com.sg",0,2024-08-04T13:15:53Z
rec8CiMiGaJoy8OOM,THE CLIFF,"2 Bukit Manis Rd, Sentosa, Singapore 099891",6567088310,H9474-FB6@sofitel.com,,,,0,,THE CLIFF | Singapore's Only Wedding Review Site,"Wedding reviews for THE CLIFF · 2 Bukit Manis Rd, Sentosa, Singapore 099891 · 6708 8310 · H9474-FB6@sofitel.com",the-cliff,THE CLIFF | Singapore's Only Wedding Review Site,"Wedding reviews for THE CLIFF · 2 Bukit Manis Rd, Sentosa, Singapore 099891 · 6708 8310 · H9474-FB6@sofitel.com",0,2024-08-04T13:15:53Z
rec8Ls10aO49SU7Pj,Orchard Hotel Singapore,442 Orchard Road,6567396582,PicturePerfectWeddings.OHS@millenniumhotels.com,,,"Hotel, Chinese, Malay, Indian",8,"[""https://v5.airtableusercontent.com/v3/u/46/46/1761854400000/gOKYpKvCXqi--V4qF6lRNQ/BAGzCYlRetcSYyiJBkb8H5AJHDVfrqtzGu4bT8DsZfEceTZIo2t_LZb8r0bhn6933IFZqtsKyf0v4QkFfLeUzELvDWrVjlNZCNgJDFt6ZNdL0xrYmXtQ-ITHgpw0jLbZEqKw4kzZkZSWkQ10Chq7g6dRs4IEPgXad78H0NYzipg/uhhSkVkWsSA6-skBbgoWQg6dQsZIgLK08uZbl7JHe3A"", ""https://v5.airtableusercontent.com/v3/u/46/46/1761854400000/_TbSV_eLUM1YBm9Fiwhb4g/PSUzt8YY7xJvzos7ky1607pmOA9Mrxbr2qerEypFMyW-qQGvjc3IDE-P6t3WoIfXdw7Vh2qc8hBXntv8jDPDNckIgYDslm2UcK4gH3GPKQysGlVXVfHAnii0ANOkKjktXLtImLEfZXpeHYvDA2eLET69oZ7RTCzw-I-I9ZAL0t0/f0Blm9WklBM7k5EaLCYcRqAyj9NPS6vkO1O5BgbwHdY"", ""https://v5.airtableusercontent.com/v3/u/46/46/1761854400000/IEzWcp7OQ_DbHjOC_Ie0WQ/E-MEBxz4aOjj1FYuV8ibTUGXhMzghj2O_QxHDBRUIjVp5FxxYIKmvbnGOGlvWI22Uhtjm9xFGPYQ2ZRv2-yURgPLuVdgjva6CROZiIQF0hCmsEgFeqPjgXC64zsGKkcFU6DZj8IdOKGRcXqLCHeM_ScDg45DqUlpYiMhtj1LgNM/Rdkch2ulXeJr96NhRIeOpVXPKIb2YN-6NCeKxgOOHiw"", ""https://v5.airtableusercontent.com/v3/u/46/46/1761854400000/gJAe8VUat0zNBeloBCIa2w/WUbasyRzEL8eReaJP1xl3J2xIKXGgAoHSFsKIkL2Aczhr7xuPv4FxlZgXRQ9zr_XUi5ePGp5P3jGjUHvdS5_7FCw5hYBTJndOG9Q8kBitQE0Zl3Uj7aKaSY3OvEpe82a8UWvep1QQwKfzVO4rxnW4XAdWD1vLd8iRL-tEhGpKjU/xWqXowwFW0RXETEd9knSl1uBXssXoUqoZJnROQyGKcM"", ""https://v5.airtableusercontent.com/v3/u/46/46/1761854400000/thnRQiLodgB0wSK45lyGng/QWW_HPyP3bExGGWLCDLNlF4mPTQUcNDqs2vzmnePQ5-_ibuzye3CldXKG0p6sby5_zzLirxxy8zrtGqhoAU2_A3ey7ZzuDwo9ORmtdrvVx0zLd3bLBboUAWLntW8LIWPgz-pVkcpf0DvbhCFvfWELfM6ZzKT0wUQ1_p8mSOVyG4/SUIdLrqwMekRdNh8id2GjFpWQPE14gyeCwu3uMRkNFo"", ""https://v5.airtableusercontent.com/v3/u/46/46/1761854400000/UylI-IGqvF6TMpEivQQ5eg/AgoYL_gBXv5zx3ztoJYTzbZ0YUo4963sRDwMbn_4gAlhyCXH0xxPIn3PbnHcBNiVAbcOnl5YCRSlreBxBaGAt2AQyLFvVwvoWWFxsT0xku5KV_Ib_hehXnkh3C7mwFqww_RCttfahTso9c9e8N5MMur8yiqzInLe_E-HFqybqa0/0PKjCZxk8_ZKIfLyXCCDvid_sYvcjAPwdd5Vgrm8FF4"", ""https://v5.airtableusercontent.com/v3/u/46/46/1761854400000/LT58FA6_061yrNVze8l7-Q/UN2bICNJbgaRBgRH1b4eqhJUpDtH9natHd0FfvFN7jw9vetvkklItseHpDA2BI5O2A4KKScOTFan5ppauHAcg1RzJ_q42ZCscV-og06RgHApB_t-wI0QwHDjkKxzkPs2hZMxC7rK3hBu-Ph69YbaFpf3jVCfBR9zHKm81cc3MBc/2xbMFMetuLUJMlGtSgipcgv6_dmDHzDJlo808N-_CKU"", ""https://v5.airtableusercontent.com/v3/u/46/46/1761854400000/3sqdMywn4xrqwMLYMZz5oA/_HIeqq_cvvZq5vzV-00TKAXBiodWDHrnNXTJpTBXFDr1fDgurDAUMQ8p_8GrnSA50JxL-N9o60DrQMJgndpe7_QugEO0yCDlZnp62eoqdyo43kS4UH8QdC0l-ppGMjbhoctX21p9rXuVMSKzJ5z4ROzOr5-p4WcU13ZCajrJMng/CQEE-dnEzNzU47LQKX8rL9kEtUOyzYmsAW1hLzp5Q0I""]",ORCHARD HOTEL SINGAPORE - 88 Reviews | Singapore's Only Wedding Review Site,"Rated 4/5 for venue, 4/5 for service, 3.9/5 for food from 17 couples & 71 guests: “Attended a Muslim Wedding Event held at Ballroom 1 recently. The 8-course Lunch Wedding Event was Halal and the dishes tasted delicious. The service was above Satisfactory and great ambiance.”",orchard-hotel-singapore,ORCHARD HOTEL SINGAPORE - 88 Reviews | Singapore's Only Wedding Review Site,"Rated 4/5 for venue, 4/5 for service, 3.9/5 for food from 17 couples & 71 guests: “Attended a Muslim Wedding Event held at Ballroom 1 recently. The 8-course Lunch Wedding Event was Halal and the dishes tasted delicious. The service was above Satisfactory and great ambiance.”",6,2023-08-10T08:28:29Z
rec8ZU2LQ4vgQNap9,THE LEGACY,"11 Slim Barracks Rise, #03-01, Singapore 138664",6565303959,,,,,0,,THE LEGACY - 3 Reviews | Singapore's Only Wedding Review Site,"Rated 5/5 for venue, 1/5 for service, 5/5 for food from 3 couples: “Was there for a wedding lunch. It’s a wonderful place for such an occasion. Beautiful place and a lovely lunch. Loved it. Highly recommended for holding weddings, historic and pretty. Had a great time .”",the-legacy,THE LEGACY - 3 Reviews | Singapore's Only Wedding Review Site,"Rated 5/5 for venue, 1/5 for service, 5/5 for food from 3 couples: “Was there for a wedding lunch. It’s a wonderful place for such an occasion. Beautiful place and a lovely lunch. Loved it. Highly recommended for holding weddings, historic and pretty. Had a great time .”",0,2025-09-28T09:15:04Z
rec8cnoKFSmnBN2QE,Artemis Grill & Sky Bar,"138 Market St, #40-01 CapitaGreen, Singapore 048946",6566358677,enquiries@artemisgrill.com.sg,,,"Restaurant, Western",13,"[""https://v5.airtableusercontent.com/v3/u/46/46/1761854400000/WPqqsmHc46vkWMCITLxCVg/vMiU1gd0ckOS2aRmyOci9ZEHjVXsZSNuY-E2_5fTgc6CyWwmEkk2tgCA6c17_DzvdJ6VhxMT0QTVS8jX2-9ojavWvNJu11Vr2__SDp2eGnoUS4TogpB5NcEiEiDMKN0KuW4qoU1GBIi0fZQvTFLRPOED4MneS8ppBMymTLw5q_583X-dNTZACrgDndHoc4t5/2c9jGg7IRv6awcXk44br2s9FbxxRnLPx9xnlFnTZjao"", ""https://v5.airtableusercontent.com/v3/u/46/46/1761854400000/Kb8SbIYq7rEg-h4eRDWK-w/lNz4hoIci0ydzcbPrceFetuMLEajXvTXHynCL12vWclDWW2Pl5pB0o5ZXNn8O2y0KIc7LYffhmdIjupsatBiu0my7YqOsKDB5U7LFsYOswnESpIWNaUjLYMmVFfygYdAkisjz6bkY5myIUzb5GcuEulkZLXzpY3NGBcaOebELGbpYcT9wFMOuBk34BLDTNRU/SoauZHiPZuGz6u26dttGsvCRnh2b696KA4SfNMylw2I"", ""https://v5.airtableusercontent.com/v3/u/46/46/1761854400000/Zs_8Im63tMhkx15Wy0SINQ/kSZYpLaPtYTe1NQCohM7lvcX0Zg1RvFtOSKeijKMqTJzCRDkpcg1B8bW9c3ZFlIskZzIaScYIwVxhmanKmV3Q79PkjRcEoIOvcuF14YBpndcgpjR3XwZ0p76cL0QpAm0UDxjQfPTBU25YCOjX61lofajKAsfOwT4EGsYckn_tyrhvLKq0llHRSoGns7D8qsb/6AjSda0qJegJCBF12tgy9qe9c-Mau3Hc1EOow_w_KqU"", ""https://v5.airtableusercontent.com/v3/u/46/46/1761854400000/oSa5bD8BvzI3W9izr6N5fQ/B3gSy6eSL4gIDI6qNGpc3NLO661zNjDMW_LYRQD2w9CCMXHC9669MM6BLuH1Htf6vyaQMHn1tF9stbI1E_Q9nzUqdgSL-7kI07kaDppWf640b_Ce810Lm0Ri4FW8k6VIDf8Dzk-DuSdNr77IM2DU7aQ_1NTjeDuduLpb85n7fKWXplsE_7MCKQM0Sj4AvwMCPGpsLa1LzS063gmstDioKw/KVMN21I4ZCfvgocLKMlVEIemGWF8xiPGq3Me6-iviWY"", ""https://v5.airtableusercontent.com/v3/u/46/46/1761854400000/_yjW--bHvZf3PhRl-g-ljg/ufo4qQlr7zXwRJ9arHU916oZ4FEFf0bd-V5c7UNSZJC4oIKdHcgSrO88Azs7FtFBpjPmcc8Ra00a8XV1FfZEMsem-LJNK5-2EKhk1JnyyAiKEVxOxZz73CHZTYNUyqH6hsinH3njBY9VMiBM26qcgnd-NQiZ2rSj3UjrlQNcICs3xm9ik1frfaoqEJjyN-cSpQq28AP-ulnuh4CTe8QlrQ/cqtD89On-r-gCcR8jsLzJOjy2doAV1S5SIMvmJY6h6o"", ""https://v5.airtableusercontent.com/v3/u/46/46/1761854400000/Q8jKSKXNe2nULH0Z3HRQ4Q/6OizbUD7M-XaGWLyFWZ44ZTBdI6xKqV8JeKS-CVoHVg1nfFnrLS1q38dT6FIR0wgAPP5kdRd-qIqrpEFu7XfW_BkWybjOU6B6fX7gdn7wHavL-RC_BNvUZiWDYwg0m9-RIuxQ0Rga553Q_wv1IvNq3gfYzLc3l3zmxx9Iwtea-se8oGhSrCt4hluuergF53I/eKXdWjjQ0exRoGXaU9oicEq6GlKdJByWaBpeksOeBAQ"", ""https://v5.airtableusercontent.com/v3/u/46/46/1761854400000/iZjS_Pm7Bmqy5xCwCeS95w/aOGINspJ1PDryXaczN-sxTcwk707tmWqL38bxseh8iJUn2GAdWD-0ahktaB9oUj3giDmLJypnyO2bNmD7HAkGNgFYtZSyIUSp9BmaefCFQJoH4e_fPlvj8mvySuAg0jW7oMlhi_j7HjpD-Pcq_Y8nOHwgJFunaTPDiZbw2i-n5q-lmT4zsxqmjJQqSqWBntM2DoN1bABqDklP1sisTA7fg/GEWnpom0KUW-xpPPR7mcAG5O4SXX1Ere9SNOOGKN4tY"", ""https://v5.airtableusercontent.com/v3/u/46/46/1761854400000/fvwOIl1HJiNFnrzYyTts7w/HS5sBg6et1AbLpYhNMxzGVlJrdf208n7TWW4CvJVEWaYQjFhM2TF3Cxquhrds1RgD2MOucWAfJmwMUCCQTfdIhQhOm62apyRXRjVo-OTJGP64Uo1JkkQSma5iwDj5GB2PxTpolLMlDjh7Al0VMTOJjYmb-UrbusESjiEAtOMYYbIkWzQ9ano9cC-jSuezjsB/GT8H-e4Uz4bMDzI1gCdY1cwZer7epCZMXLFe66D2Eww"", ""https://v5.airtableusercontent.com/v3/u/46/46/1761854400000/TDLup8T0y5FeOr6M0PUPAg/XURSKgXN4AigDSQx_hQzMI_WhrXAiw-6Fz0o4-c6VWOxDb4K4xn5gfMuI4fY4kbunR6p-2D0qer_Z_qDai9lwSmpUuJdnil0ujBG8LuFqeeos3wu-_TE_yCY5OpxKQcdUB8wtXFLs8_FNr_bqTmGkxmTaiBsnzu-y5Ter_C1nFH1msgPtYBWqF7jlIPmdTTH/AeJJPEfygHlJg8Mzklb8GL7MXx04HS-ihXN2HlinYbE"", ""https://v5.airtableusercontent.com/v3/u/46/46/1761854400000/TZon-nQeonPzucmrjTI1VA/YCLGEl042cMG-_sKJlQF21z24Y1bX4oVnTFMeA-3tfVZrB5l3TCXNN_66gV2aBagCNhn-agt5JDOIqaVpaU27qWFAeUlE5Z7qdIxYHhryEgrn5YMz08rSzR13XXns64OeMy6GIn5FiRfBt4Z19wSVjQOeHjtX2gDWDeEWB72nZTg_yooBSQyBRKNUIEeiZC-/gC83DQ9HagWwdzQrb3N06NKzMF39hIhCsj5CkQUyCtY"", ""https://v5.airtableusercontent.com/v3/u/46/46/1761854400000/wVvABwQx9x4dT2IZTZeZZQ/I3aBJOR8vhihBgsxJKd79OzWskkcxAhbgbAHQN9T0REn3kjQFw4R1yZgmz90_GNmgXftOaY4C67_c0NOcFUGawGR2OHE8THEYJu2Tl65BTOhB8XHqXrC3L3LvZsOgqElCyeKb5esjabMRSQToIpE6jQHuIdX043D_Fi4SHPbIHbETP59NiCu10C-Ffn35nNc/AGsCqFt_wxVNwVHe52-13vrucymp2-w5ptD9b_8JrKc"", ""https://v5.airtableusercontent.com/v3/u/46/46/1761854400000/pOBfdGOBXgiM9Q3xxhsVbA/2tUhEdMWcBddWASOLkVgqrS47z-ElVsFXFr0aRvOfHOTUc4pONWAsZKDpJ_vNaJqfOr1MGk_YawnuAqW0MOuNb3-1hN1mcYVDHVykWDAH4ZbhF0f_oEemb177uQV4jt_IryVUvlhwMMje7aqzRgTZDtvuIuZ5JPR9ESQ0vLJy1K4Y6eHFojUvBGukP-JZ3pC/-U1WU2rAmBJIHHQSMr5O-4TrH7aHj07o4_oYXoYbm_4"", ""https://v5.airtableusercontent.com/v3/u/46/46/1761854400000/iwH11b6W4LXXAe8v5PDybw/TJQ_UNsH5fFwLD4gbpZ6C40r4J9PekaVf5g6kA-H71AaKgHbmDqqjEHRKFQrpdy-sAMBPNxX9ItHJnmve2wctFnPCyQPX7BeoFKdv2Kpxv_waH6t9vyNWCu4eDi0Sg9WpB1-wDrnJ52AGU9-l079qjeOi0jO-kKF2byDmwpV_PEtcMchrat1OMwkmx9xUDQDphHbkzzmZyNxeBxgL1Vo7Q/xSum-pW1-ylVqfnaXbUumbr6pGTBaUZbQMtRZxX4rww""]",ARTEMIS GRILL & SKY BAR - 46 Reviews | Singapore's Only Wedding Review Site,"Rated 4.7/5 for venue, 4.7/5 for service, 4.7/5 for food from 17 couples & 29 guests: “I was there for a wedding lunch and everything must almost perfect. Other the late serving of the starters. Compliments to Dinesh who helped on the issue and got it sorted.”",artemis-grill-sky-bar,ARTEMIS GRILL & SKY BAR - 46 Reviews | Singapore's Only Wedding Review Site,"Rated 4.7/5 for venue, 4.7/5 for service, 4.7/5 for food from 17 couples & 29 guests: “I was there for a wedding lunch and everything must almost perfect. Other the late serving of the starters. Compliments to Dinesh who helped on the issue and got it sorted.”",6,2023-09-13T07:57:31Z
rec8ngtGbq7qNEytH,York Hotel,21 Mount Elizabeth,6568301121,events@yorkhotel.com.sg,,,Hotel,2,"[""https://v5.airtableusercontent.com/v3/u/46/46/1761854400000/NbDN1ri8fkWk1V5Tr76Z6w/TB9VU8un6KozXEOWk6rl2_ieIRqRx4EkxCC62DTLKuzl6VnJUH4JD-5i_B4MGRsQc41sC1m8QGmVmrC326zWT2IPj_OdbaYD_4G9jAeO7HpRgRcHTODw7c0Vrlc9zQAeuDqK08ZzIZwigZEg1AX0qHtOOBv_8SCeTNq0WO5smcvEw36NLCWe-dYT4h_Q6Svm/7L4b5ZILIfFVaZt_FzluPrQxqyetLNHpyRsmAm3k4Zg"", ""https://v5.airtableusercontent.com/v3/u/46/46/1761854400000/wfy9u47GFJSShrBmU4j2fg/iuipm8kOQHV6am1OQuDHRTPHasA1zbVzaEqv2MJZr-PZ98DJiEmNsVIZgB2ueAYS7iZUDgjKivuhXl9ddiUmIASYyLfsus6mMU8HLGlJnCP8vpLvTgq4QUVfl4lcgoDuAAvKkC_w9f1pj7rRHTdOK8jC2euCaaBdLbVeb4pQb882tIzYI_Vxa7hoJQXsFv6I/J8R4aN6vXmeZiDHaVET9ADi0cI0KwqUB4SrjC6An274""]",YORK HOTEL - 11 Reviews | Singapore's Only Wedding Review Site,"Rated 4.1/5 for venue, 4.6/5 for service, 4.7/5 for food from 3 couples & 8 guests: “Clean and professional service during wedding dinner”",york-hotel,YORK HOTEL - 11 Reviews | Singapore's Only Wedding Review Site,"Rated 4.1/5 for venue, 4.6/5 for service, 4.7/5 for food from 3 couples & 8 guests: “Clean and professional service during wedding dinner”",6,2023-08-10T08:28:29Z
rec8xJSyBjJtz40ap,Fort Canning Green,"Canning Rise, Singapore",6518004717300,,,,,0,,FORT CANNING GREEN - 2 Reviews | Singapore's Only Wedding Review Site,Rated 5/5 for venue from 2 guests: “Wonderful scenery and a suitable place for wedding since ROM is just 50m away from gate here.”,fort-canning-green,FORT CANNING GREEN - 2 Reviews | Singapore's Only Wedding Review Site,Rated 5/5 for venue from 2 guests: “Wonderful scenery and a suitable place for wedding since ROM is just 50m away from gate here.”,0,2024-08-04T06:30:18Z
rec9DKskQljvHLmak,The Riverhouse,"3A River Valley Road #01-02, Clarke Quay, Singapore 179020",6562611189,enquiries@theriverhouse.sg,,,Restaurant,14,"[""https://v5.airtableusercontent.com/v3/u/46/46/1761854400000/Sk3l8YXQmyo-VfO71T1zNA/urCmK65N_MNCQU5ZtdV0fldv03da0w98Vd4tUGHroGvUpgTTZFdS8HS0C1-jHzwETkHIKWzPBTGyN5CXqomIn8TkvLk9D2qTImtscoteogpJT-8B8qxf5ddEVwWiSFNZIIQSmdnZUNsao_IjXBpMzHqHEf6RAjZpbpQQOAAGz1A/xXktab9UBjTJ3XgMdvgV3_7YtRvaiwXThJA7SXi5Q8k"", ""https://v5.airtableusercontent.com/v3/u/46/46/1761854400000/Su3kRZ0rURVlL2VNYUc3Rw/J2ejyCJ6g9kHbcLqN7yEdcKxUX8pik2su8PG6dbpBtC5o_35EBsnputyXHTwurf39qNLKWoqBBES6gJ5HwnQY6s4tl4LClumqrxTotTrA6S3iltjtpfkBjkreIH9b9VqgwxqgMglDxzpZsflKKaHYuM1Sdv-mW1OrTSjtptLXO4/Y5McAhAYuuYGvegLzM_eOZaS4HPONwVn3fdaAPbT2JQ"", ""https://v5.airtableusercontent.com/v3/u/46/46/1761854400000/cvQ4qC3BDKsNIg5mJj4tdA/tP6dhx1zdUw2pe7DqB20PYJKx-yjQoZn1_mO34PZFZzBMXeqmO-MNiMWt2kKusyKvBN-zsq1L__a3lpjpQJZBLgbzfSHGXmxKk4qjgGg6Do6nhZCtYJnPs-VoQT-heKjUVE0jAyLHosl1slrSlTYySXwcPRR_TSEOz9OG-8ud_o/esjBYHaGqY5JNfFwuj7gHehETNLKo5dNCgfRcrKnLng"", ""https://v5.airtableusercontent.com/v3/u/46/46/1761854400000/xgT1Ck91oB7Zx20pcFX0Eg/TOzl1mK0nKr-kPzoHMfy3m0M--tzHZ-6Z7jP9Eh9Q0NUAsOz_zsJLoOSdT4FnRYVB21f-Vdn5ocVZkQFk0MVptETX6Xkf2PTgPzlecXpEAt713rPf1zUhbc5UeMT2bcQgbrx4mvb9bJ3WCLhqGtHGIbQU7YbrHBCfzoo25xudBM/A87RPbtcRGjyP73dtzb9QFpHIuKdNfPq_peV-Qlk_Q0"", ""https://v5.airtableusercontent.com/v3/u/46/46/1761854400000/nHMNIh893GyQIBEJChU35w/q0hkPM42QwETQsZhy2V3seaegsgAMsMN07Hc_zOH2335dJHj3p0gMz1O6J9vgn8AgsbM3vOCPfS13P5v1dI0NPoSTW9TISEd9rwg90d530YOgfmx1GuMSjMZIUnSKkulRSYoiqTTM1GbdaWrOJLiGhpwIOLsLYdiw_uUAPyG4FQ/p8fjnOzkFLqi-ANfLl2Vk9esj0hTikQwGUgWBVAoV3w"", ""https://v5.airtableusercontent.com/v3/u/46/46/1761854400000/xPuBFkwqB92bD9lAp_swQw/D6RG5i42KTttME0oHLRDE03YNdGOB1D9IQ8jxXTp7yUrQWRS3O05DulcBjqPfMt29ul7_OO_ghWdMe3wGPEMoahLy0lsRthpbEd9XJtd8kfQEsAmDMp3kH0333wDr1yi5ls2rjWDF2jt-4MrOIi0Sn_79usEpQwr7aEaV5Aukt4/WCAIL50C1mgOd0lX7AEPoQiefUV2sXmGfBikbaIwYF4"", ""https://v5.airtableusercontent.com/v3/u/46/46/1761854400000/U9TlmFKtF2Gz2UxRvYEmlQ/B3kjBpqCnUm780FJSLK8e9nzZ8ECtKTYPTVxciDDkUXM8CGpjyGHXvAW0MtAcnzSoXEeRD-Y92UkLdFztgNIPNJMkk8z4hSEShSqrALUFPkTzBhVvsSP0EgkOir9EcF_ZkFwU4q2B17qk5jKDPe1R6dxAr1-L0SBi9td8LmZF7w/uDtKlR31oWABklXwEdBYSnMy4E7cd7GzR-BcjiYZ2L4"", ""https://v5.airtableusercontent.com/v3/u/46/46/1761854400000/IQ2jRgPwuMA0nrzUMS3M2g/7g1CLdLLFys1Rxteww-JuXke8uA4BSxmsgalA2ud4caHm5XccBYo6ZsYggV4diy9_wXdvBAF2FIUH5hQRq9P7p1yCT332iUUdXgaA_G68eY2o6RfZf-MBuYkQpLgBBCzNxEOEHHSaUsGn3JS-4G6C-jF7pL1NAtIXa2X05Ii8fY/ZleNqzmtL47RiI2tB15SnoDD2KUKBimwHjtMfGx1yaI"", ""https://v5.airtableusercontent.com/v3/u/46/46/1761854400000/te9i5scJxSkGX3Tduzju9A/fcR813szr5r2_uoGZL9-6yZhBlBCFa-BzFVXy2EgPeE1x9f_HvkmqzK7tZIsmWNdA1QWR0ALkYOl24jermAJCtR7HSiat6eWId1CQxQDKLWV5QztVO6vluXU7vrj8CFM_jmyFE2CQUtmaIhg62j09pHdsmEiPjhmGdc9zRHPeUg/tztLn82lrEm5Q2Cam68c45315rd9MZ9OZTd8M8XlnYY"", ""https://v5.airtableusercontent.com/v3/u/46/46/1761854400000/HX-M1pNbKHrpPzsPdvw6mA/bkK2R95uYwgF1X5-x02yDqKOnfLZ3D9hnK8W_Eu3PW4APTjKF9y9skyGRCcle3FlJ4dO4wiHnO7tcOxjWyCHeO3mkVMKXcmN7epyADtuIX1pDklK5S8DkT62uEAaLeL1BDf0H5as62XDTtHpFQfFLzqC9SZuH8Yg4mMW9X8JEk0/AAyGmssRs1l7we0c9HPgk_0NhQG1gIwRXUailtYf7q0"", ""https://v5.airtableusercontent.com/v3/u/46/46/1761854400000/K8Cx8oqaeGmWXQ-o9E5j_w/3Qfx-aMIWC0d7I5YtONLLqEkueVpLovV15kDVZbx96qrIKavcIV_rVtLGIgHAzFSQIyWipeNg_sTL6R0Gijp6iM8w8TkKwkdRhEptMvdfuF0UXag4koHme_NFtVFS-98hliOR3Nu5NwjAqc8lZ9eoeV3SBycyWlr8hCm9SuIXXE/R0280jck27uRJcRhZ5FvLmJMPv6SaSk8tsYm_8B4zcM"", ""https://v5.airtableusercontent.com/v3/u/46/46/1761854400000/FbQ7pWK4W-d04Glky20Xkg/HpvJDJyQ6xQchB7xznKnmwm0l0Qlb5ub3bqsrcxlmKvztHiNlviGjohMHE5qdNkdt5aG16RmjRDjkXKV8NTGiLJk7i-_nYz99t4euaZZiTdTetsOOEMoRMqgh1cVDhZxVElDogcVEABZwsEVcQfQKWDilDwh1lmJZePX6s87bfU/_LdVQLdPNqDXDx8LBlEIcvsGGtYf-Li_5k9av6VBhRY"", ""https://v5.airtableusercontent.com/v3/u/46/46/1761854400000/irxMNPBmaXhYMTCee6m8Zw/O7AuoRt7qpi4eIX0Gj63adZU1s8OCOnkUs3gnGnGmi5KySqcG_S9BMgTFY7U_3S76EhHDiioGTVEJceBGr7T0XAVu96JIageC8se7m4q55Udhf4Tilu81qdkM0ABi4x5rhqaAWZB7XZNIP6Rjgvo6OdPZvxVfAc5HsY979MHpjQ/6bUIZLTI7ycaVSO58k69PNuhigTjeDmArEPsnVm3zTY"", ""https://v5.airtableusercontent.com/v3/u/46/46/1761854400000/06C-H7nQddxlupIiK1BaQA/edsgcTGjU2Uo-LgAXxV_2Xx6aqn-oolDggRzsfpmyTAMhKrWpQgEZKsVif1PSMXp59VrpDYiFBmtykJt9aEZ6sIFrwjejIN9FHq38w5vz5EGrGZSPTUQU2LYUl1Usg6KTxPKh6PWx_iiPV1fLD_wuE8XzSIUfRJrAQxcmc06ZwE/uqlstHPOxn4A5klx2wqjgDBwRKzP8LpkyR2l96MT1t4""]",THE RIVERHOUSE - 11 Reviews | Singapore's Only Wedding Review Site,"Rated 3.7/5 for venue, 3.2/5 for service, 3.7/5 for food from 2 couples & 9 guests: “Pls don't have ur wedding here. Outdoor speaker spoil, never bother to repair. Only found out on day of wedding. Service poor and waitstaff very inattentive, forget to serve food and clears ur plate without asking if u are done. Toilets are in a shabby condition. Was even asked to shift our registration booth upstairs in the midst of guests streaming in. Food was mediocre.”",the-riverhouse,THE RIVERHOUSE - 11 Reviews | Singapore's Only Wedding Review Site,"Rated 3.7/5 for venue, 3.2/5 for service, 3.7/5 for food from 2 couples & 9 guests: “Pls don't have ur wedding here. Outdoor speaker spoil, never bother to repair. Only found out on day of wedding. Service poor and waitstaff very inattentive, forget to serve food and clears ur plate without asking if u are done. Toilets are in a shabby condition. Was even asked to shift our registration booth upstairs in the midst of guests streaming in. Food was mediocre.”",6,2023-08-21T13:22:48Z
rec9TcTOYjrk9MDJj,Rendezvous Hotel Singapore at Bras Basah,9 Bras Basah Road,6567087728,sales.rhs@fareast.com.sg,,,Hotel,6,"[""https://v5.airtableusercontent.com/v3/u/46/46/1761854400000/jPbIIkYuYmlWK6O_AGXxfw/u0LF_xscyLfohNZXzrP7ds7REBWd42a22tov0lT1mMNETXa_Mda_uamP80BMKIUksKtX7lq7MmGyJfcpKJWDXf2lQnAIopFtek9MDJ1-XOhRdym1iNaIjbTPByNQLBJqiconu64i15CPftceJWVqgqlwD2XwAoEyK9O6NfdhlL3ncMO_Gqj17b4qdhpYvTw1taVWlYA4sd8AS1PpvvJ5e3aut5wUAv9g70F339Pvoqo/zo3gFNA1J64Buw-pM98GHosycQtN4ErOFdcEpo-evXo"", ""https://v5.airtableusercontent.com/v3/u/46/46/1761854400000/UieCkfoVa17VsA__Z7khNA/7EqAXvPmTtTDOyLNzC_fZkWJrrv19UW6fSfers56d_gQnR0Ju2zmLjWzdU4SzWIZjkoZgwVVly-tef31VbaOZUUv7J0bY1-cvX6_KiuoLZOXvsPd3ExaKW-MiW5ByVWePc5pec662M3bIinEZIIBOmwHTfURRovPPhf1tEZfacH5oClYFES0tZoP8JLr0eZZHwE7azMcu5zcl8HJqXRz-bWZ979xD_TIZ8mSt6Gs_RyJqJya-4A9CzddK0Mir9LF/ZjpVlEEefTC3Sj-ycoRskQJj_WIY5xN89i98n84U8jU"", ""https://v5.airtableusercontent.com/v3/u/46/46/1761854400000/TgdvEUmtmwEYgcQRiOWELw/B47_Sd1EuVQSegPQJ1L890qgufQcrHhc33y8soGVmu2ZbJGFaS1u0bFWlukh9lkNe534xjXWraYxw_6gK-dSHnOCj9I-dF5PWCnRn5XyoQGe-vdmCYF5yVVLr7hSd-IFrOHowVMrP-F-LhcjgZnLWpFdaGXMIO1JrOFkyfOVAFD-28UX76E6dqRg_McU-I1GVI3dFtbn4bkslY4nVj3yYSH3yuhjXpbTJaF7vadwoB9NKMa5ao_5LztgTVn0a-EP/Sx7b-d2Huy11jNkY8o9aZf3MEVE1GE4HKCGt0cQeY94"", ""https://v5.airtableusercontent.com/v3/u/46/46/1761854400000/EaauOPsxAT7mNojFlRi9Rg/9oVdUI9gCD4iIWIVr5doaiudrZgJfzFEQG8djVUhnoItHGhXp9fTl7aDk9gF_G8FaCuWO44ikb0TK5SMo7BQbV7z3KZgaiozRViwmw1cPsjBxblLByLIAyoBbfQS3H6iuQb36SLgo-ODM0MocW5MMc--aR5eB5u-JmUwNqE-tLNeTOp08p3r0HOzs08Scn-tQUE-Lkx_dtK5d8_7iofDdEBwZkZraGj5zcT90n0YQ8h_Wwzj-ucUCPmPzEjgInmJ/ZAhDbNtTEr1rJH0LnLkRR3A2-VY-JYwvFgke7lI8IiQ"", ""https://v5.airtableusercontent.com/v3/u/46/46/1761854400000/jfQFOQSm2D1rH0JL5dmEjQ/yIm7b8CO6i93HcjL0KFz6iiF1hPY3NwHegMGrzIWa33_YR7D7Lh1mDT46mjRfvrqCn8H9AYD_-fdDxu653himOiDEalEo2zlfaXPNX9QIbBL5UOTCCF1w7h-3f0BkRiEOKBD16XZV7mMP2H0fvWVCJRe4MoC2Wup_AM_ZDq5eF1p8xHbsJsr-8iX2Zve_FxGSmoinsAtqBIoxp3iL27Yq2NL3GaxSVZX4A81KCWSNXVvJ4hoa_B09PxTefXiYSM1/U857Ma5imfeOzRGeH-Vks0NIj0NNKBAAPDBgYHoMdYo"", ""https://v5.airtableusercontent.com/v3/u/46/46/1761854400000/flCPvNEYYCO0grM5sc3tBQ/mhmChSO06i7tK5GtvU_j7dvxxAKQ3VfY3Xwf3Angz0e7fUvTgkI2g4N5l5joypMXMlfhGpUzEF-MRCL4Lmi5C3mYHwQJwPjFJQ8EQsEb3oZPwGonRfwQW9ItsrjzfkZnFVab3wW3z-0aojILR9lHf56tsvJUaitNp8Gd6mIdtmkeKw_klPfWcp0lI7_Bz_JVqGoT2jHKRc4VnGOKN04MNOSoJF2pklzYzFHsCOCWAGmCx1z09js8tFwvPG_ubd9L/cQw_MfSZ-tzE2n57YW9Dj2AGga-Fk1mYNh6dPqaKNPo""]",RENDEZVOUS HOTEL SINGAPORE AT BRAS BASAH - 38 Reviews | Singapore's Only Wedding Review Site,"Rated 3.8/5 for venue, 3.6/5 for service, 3.3/5 for food from 1 couples & 37 guests: “Was attending a wedding lunch reception. Concierge was very attentive and directed me to the ballroom. Great food and ambience. Valet was fast to retrieve my car for me”",rendezvous-hotel-singapore-at-bras-basah,RENDEZVOUS HOTEL SINGAPORE AT BRAS BASAH - 38 Reviews | Singapore's Only Wedding Review Site,"Rated 3.8/5 for venue, 3.6/5 for service, 3.3/5 for food from 1 couples & 37 guests: “Was attending a wedding lunch reception. Concierge was very attentive and directed me to the ballroom. Great food and ambience. Valet was fast to retrieve my car for me”",6,2023-08-10T08:28:29Z
rec9ykSgwfiFSyJ1j,COMO Cuisine at COMO Orchard,"Level 2, 30, Bideford Rd, COMO Orchard, Singapore 229922",6518003042988,event@comodempsey.sg,,,,0,,COMO CUISINE AT COMO ORCHARD | Singapore's Only Wedding Review Site,"Wedding reviews for COMO Cuisine at COMO Orchard · Level 2, 30, Bideford Rd, COMO Orchard, Singapore 229922 · 1800 304 2988 · event@comodempsey.sg",como-cuisine-at-como-orchard,COMO CUISINE AT COMO ORCHARD | Singapore's Only Wedding Review Site,"Wedding reviews for COMO Cuisine at COMO Orchard · Level 2, 30, Bideford Rd, COMO Orchard, Singapore 229922 · 1800 304 2988 · event@comodempsey.sg",0,2024-08-04T13:15:53Z
recA5XNL4Nkzq60EG,New Fut Kai Vegetarian Restaurant,"282 Jln Besar, Singapore 208945",6563980836,,,,,0,,NEW FUT KAI VEGETARIAN RESTAURANT - 2 Reviews | Singapore's Only Wedding Review Site,"Rated 4.5/5 for venue, 4.5/5 for service, 4.5/5 for food from 2 couples: “New Fut Kai catered our wedding at YWCA Fort Canning in December 2024. They provided half of the buffet for our wedding dinner with the rest of the food provided by the venue. They were able to provide a fully vegan menu and we could fully customise the menu to our liking in terms of the final dishes. The food was absolutely delicious (especially the sambal 'fish' and the tomato soup) and received many compliments from the guests, most of whom were not vegetarian or vegan. Apologies, we didn't get many photos of the food except for the spring rolls. Their catering prices are very reasonable and Cheryl was easy to liaise with. Would highly recommend them if you are planning to have a vegetarian caterer at your event.”",new-fut-kai-vegetarian-restaurant,NEW FUT KAI VEGETARIAN RESTAURANT - 2 Reviews | Singapore's Only Wedding Review Site,"Rated 4.5/5 for venue, 4.5/5 for service, 4.5/5 for food from 2 couples: “New Fut Kai catered our wedding at YWCA Fort Canning in December 2024. They provided half of the buffet for our wedding dinner with the rest of the food provided by the venue. They were able to provide a fully vegan menu and we could fully customise the menu to our liking in terms of the final dishes. The food was absolutely delicious (especially the sambal 'fish' and the tomato soup) and received many compliments from the guests, most of whom were not vegetarian or vegan. Apologies, we didn't get many photos of the food except for the spring rolls. Their catering prices are very reasonable and Cheryl was easy to liaise with. Would highly recommend them if you are planning to have a vegetarian caterer at your event.”",0,2025-09-28T09:14:01Z
recA7SO3NNRl9QwUi,LUNA Concept (Catering),"39 MacTaggart Rd, Singapore 368084",,,,,,4,"[""https://v5.airtableusercontent.com/v3/u/46/46/1761854400000/u7o_vDL73b8e59zoewtWAw/gKnia-y92EqRL6HTSsZEzQn-JBc5WwLMaMaXrAVfk46Ej7Rnkm1pmVXluZffFqstkMiaRh2ktLQ286yivuoP6fuErHnujiwm5FLf0lLcLyDygBlkfRiYbShQafbktR2GkdB3ImZ4hWM8aC9A72ukNg/A8ZzAMzPLmE2zomTgf8V24W6QEPOhV1dMP73oAuMVCQ"", ""https://v5.airtableusercontent.com/v3/u/46/46/1761854400000/RvH7L88LY0XzrsVVDmuH1g/bPYRyOomskgLuohGgqng8b5hcOs80NthorOxUTOE1FQApVNXZNLj5Ny2ln5VM6j6mrxuGxdMLxbP7KgwnH7V2YBR7Jrp8TToEaI1ngudtWH7JCU9HqJM9qanAXZXhq50zYTsBS5MQWh6iZlbwy_0oQ/YDJFQ0E4Cfz6X3ZbldTzKfmMBSTbVHp2EWc9BNv2lIs"", ""https://v5.airtableusercontent.com/v3/u/46/46/1761854400000/m2of-qcXVk9Sw4UwozLDCQ/6XCFOXSy32vx6AqyQrmYB9nH0gNsoRvMgiIxHsqITw7lVjRtjT2b6qDG96GaEyXlyoBV2pHeDpPMozf5lYIB2gc66ritOPH9_CgwnjFY33z_U1EVODw9wLFDxvTowja4VGGof3Oel8_wFSYAFaYOFA/uwxhnE1oeOGGK-wu_MGWnX5mqelslHSZ-mJ_It08YH4"", ""https://v5.airtableusercontent.com/v3/u/46/46/1761854400000/qk0Ozam8V5dLVX2FQyP_Aw/3R7BoFSiUUQXpIgq-y_mSoFNCfOdegglFAy3kZ7LBS12LZY05A0H-5kSy87cDKnO5vHgMgYyOvTFTY6AWOtEQp_X-CIKi2u-mPhDEJ7KE6Kanz-aSxKtv-YV11ZsyZLZcUQIJNKp28H3A84NOUGZbQ/wO-R-9PHPszYP-sDwiFKHeg0cPixsm3mr8dOYu4b6AA""]",LUNA CONCEPT (CATERING) - 6 Reviews | Singapore's Only Wedding Review Site,"Rated 4.6/5 for venue, 5/5 for service, 3.3/5 for food from 2 couples & 4 guests: “Just attend a wedding dinner had a 4course dinner the salad dressing can be improved mushroom not hot enough main course was ok as well as dessert”",luna-concept-catering,LUNA CONCEPT (CATERING) - 6 Reviews | Singapore's Only Wedding Review Site,"Rated 4.6/5 for venue, 5/5 for service, 3.3/5 for food from 2 couples & 4 guests: “Just attend a wedding dinner had a 4course dinner the salad dressing can be improved mushroom not hot enough main course was ok as well as dessert”",0,2024-08-04T06:30:19Z
recALC4YRHHZLaQlA,Sofitel Singapore Sentosa Resort & Spa,2 Bukit Manis Road Sentosa,6567088310,h9474@sofitel.com,,,"Hotel, Chinese, Indian, Western",22,"[""https://v5.airtableusercontent.com/v3/u/46/46/1761854400000/rXkmxYXu3AXL8oazswWcKg/loeMTUqC7-qp0SGzgw7KO1Ba7vnTJbEhJHfeK7tgY-f4dxowRrpoScTWLWUuCTb_q8yeM6ot2vwaLCwdw858Q5SLsuoIYPG2BtB9Fc1GIM2XJ3rPr09K2Hw8sKcawyHNXKL4dXy81b4_A3KeTXvpbJDEU0wpl8JSc7ieSN5APGmRlQeA2ebccStzAu3JdIWR/yoN-GXuvPl9NQ6_3qXlF6xiPsPordAP9YkPu7z_NCFE"", ""https://v5.airtableusercontent.com/v3/u/46/46/1761854400000/1vYaUyjrmQGmNMYcE02yKQ/9CXChB3-wwETuZtilbrlcqF7SK2yLv0A_hhtYcb8eEjB2KESaEkYmM0O_ZHr0dO6wm6IU7XjiXMzJhTV8AlHR8Mo-YPZEo2D-E6VFvSYQBvqwQhJr2ZWOzTZu2DjURxrYF1OyjUb52AjrxN6OHIG23q9xZSjNwfJXspiS86lrZzJxL2MxbI7vB94flmOpE_p/qMmdBAH6ZIKCkK2wJg0WU1uBhpN65ER_VG3a7aBML94"", ""https://v5.airtableusercontent.com/v3/u/46/46/1761854400000/TLnCuCgg9qidEBFRbxNxGw/I3HEBVXOr84HatsqvBuiWk3S6TCNYneNGg3Z4tKJdykmPXzJHVIPLM-8_Slsur5DzMvNMOSIo7xek_-RV0HukS5OR3Qqw7EmRqXXveXomhQb2bQWcmIlRMq57fFVT0JWveWVJnqpJWDLtxyT8iC8sm53N6Yp9O6ejhUEW2h2ilpG7ROJzsoA-SXkEdin9-5m/g_fgHmHPHPcViXI9Ewts9gOXXfCe04NwuHt5S0FT11s"", ""https://v5.airtableusercontent.com/v3/u/46/46/1761854400000/ZDmagSSa4-JPWRBRGRGwXA/eCKmENLWLbJ06hTFWylhSwgeq76qDtm-INvT5sQyoAPtpx-XKJfPGDBD4yLTnU3UOImp8Gj4UM-LCf0-mz4YlKcmC4sNikErOOHKxnpq4S3DeEkgBqBeD-ZowfDNbzyzuW6aL52Q19EHPszN-Xk4FcNt5VUrfcFg4o7IIO3wJHigvODZkLjz_j33HssFdE6w/r3bJrm5QI9rdos8z9TlJOHm1OHm-q8O3RqgpfiPACcI"", ""https://v5.airtableusercontent.com/v3/u/46/46/1761854400000/QASfYr0kMjgwap3ihwAlSg/rjkOmLaHtnucoB27XK26xjV04jtBduuDVuYK0p328N5sv51f0MU7zVlK5oTA071ZeassVIG5TU2QtZhSTDy_cFO0e5GbURsyqMO6mbr2JvcoW_iJvwZfn2wv_WFw0qPZnyt5JEVMeaNgh7Ed00481rakxSGYt3SNZtNy1tusbS8/YqraMaZn3sOGFjLdmbnaTMmnFkIb7oVgyOuw_LqX54k"", ""https://v5.airtableusercontent.com/v3/u/46/46/1761854400000/0ZJYga1_qbPY7DW7SCx4RA/r9w5slJ7VxMf4wEauW37aZLwyvVHbbAIOjw-3TYqSsMhoUs1SuPB3g_d6ocofasauAGlHGPDwLtM6YcLeKBbjU6PtCnUSTX_jiVxpdUwMJe7qpF9WWFgi6xg_BP0qmxStiFAfoYv-QDpu1Eon399N4wvBXi5TXELYYeJv-vYtJo/CYK2GSnbKJVcHjBVh7CboXzwRZSWGmndQqLlhKtmzKk"", ""https://v5.airtableusercontent.com/v3/u/46/46/1761854400000/fNtF7iwcs6JLfrLMChwNeA/TO3aINzNSv7fbAIi0brsKSafuIr_VjJHxeVJldHF17mvoC5EGkgwzq9-uZ9LxvbwPe_4wmCwLWsNJkNsAiMBni_7BUteU4SdKtLyvUEesD3viIQoQExz6SJN8rrYrdd1TsLW2ZZ1EIZd50DHXgIiDbPxMo1oVQw8XFOZG9-GfZM3j3jG5GVNqSPfeVjEy9lG/RwaRVBxBJQdTRFurXK7HDp3Djqnf5L4dpogSurkZuZQ"", ""https://v5.airtableusercontent.com/v3/u/46/46/1761854400000/i7ddzbx_4uLk3nUeCSN_qg/EFbmPqelhNKYpvvRK1HlYmh0okGuMMbHrnbyNgFMmvpGzeoQB1dYD5MreXQsaVp9Eg4Qx_XhqI4-Y-OR-JAmtkFi5OqIcHuQDaGCIUDecAIarduew0i6et9-yY7Uk9afllh1xl-KV-XvXm5Q6ir1LO0zbwz3tFDUM8ol_1gNFtiAXnC_sFgzKzGCqTSYheEW/Do1dpUmvrDdA3QaOrbHqoG3erwDs_3NESLlftdVfBM0"", ""https://v5.airtableusercontent.com/v3/u/46/46/1761854400000/ngNXAN56YQBsZAhdDTBdjA/-wLzKXhftd-uUBKU3NufkxxO_GXB5Xnz2Sb3XXeXokn2tIbW7CA2SEMt_eQuTk_yaIV3RHVb8MESoyOtn6S8ErkHuO_rilGuPWhFqI5TWSw45D9EIZIi8t2wDNrqwNj4O-dJQjHsinjXCi3SzvKy9paY0VppEjvRrEl4ojhQNfPvpHK0LWN0LP8MFlSMXuvJ/HLCmvdN5j0ctPE2wmdTRuk1Rwubghl0EDfQDJthtRiE"", ""https://v5.airtableusercontent.com/v3/u/46/46/1761854400000/CSu6mKq2eVXYUnYT1DCEJg/tYlRpfTnIs_9BGkzUgWlKPaSMW7EEyPgVMt0ueCy9LbEzeJcXHj02b2e6N1hIdLfVTV9_KVEwdB8lozHz86S6E7_TfUXlHTUxgggMHOcRwhyUT7T-gp2YG4FxSqaBp_FkujProalDSm9_WRPtbhbiGX1x4egjY3-n3tt4lef6YU7GSRyXlaSND54JlKaSduW/bE8Kpeyd4SK7AEEfw0Z7yUUUwa7JBe1M36UGLBkqdvg"", ""https://v5.airtableusercontent.com/v3/u/46/46/1761854400000/3BfJ7TlkuuQiUf2p1wvhbw/l1sTWnJRmOW_fTH_X3PRE00sVCuSB7UhvE3-sat0ySKdb4jFNsmpmyqPYWLWRpaSNynVjfa8vFWbBByfYG_fTocYa2KK-vbdzXNWV-AAqvWbayOkSC6Qhr-I1MIWi6LstTVf_04l9m0dv3xjpfQlJI4dLnBKI0zgLyst5830mMk/KirpFHl81xSWzQI5bFWimlMSlJ7Ek0QJaE051Bqz-FY"", ""https://v5.airtableusercontent.com/v3/u/46/46/1761854400000/Y4vxnJ5rJly2LrVisc9gtg/dSiBdgIXiC-zguVvX-mrAx1CD9dlTUcD4uanFCr56uazxQa0W1yV-rzlo7SvCRxGzj32cTCNgaT31jcfJO1I09LWin77vTO9Y4bTCAfnYVhYVYrywDIB97kJuz1EaO9uqSuDAav4pbgdqRYEnCLd6hIDzmd0v5V-ePUYmH7c5_AGX0pFTprqClsSGQgC3KQV/Hql9kfgl7IajYbM_NBOlJRflDiiN_zhkroP7iAI18c0"", ""https://v5.airtableusercontent.com/v3/u/46/46/1761854400000/5yQOxxW6HzTj-3pb4Ancmg/b4-ppo7wpWN99xFYTJ9AVeVNaYvS_fC9oftirE3kFIIimKys33JSaD8rXU17e5xMp9R6wpQhdSbCVqQnJRnGRw5LErF0V6r83X9BiFzQkJOrjojqpUc3522hdXV0EOaEfWRvxUnvJm2MSdmMtvrp7pDdnZEpdIA9Kg81ZHYpSL8HRqTG1wSas1MZxaL7gv-q/ayAsQkKxShd7eGYQjbBq0OjlSkpoV49u1Xi1BvAlGkY"", ""https://v5.airtableusercontent.com/v3/u/46/46/1761854400000/_KTF2GTRO3HNflA9zy71MA/HApzDx2t4URyJ5fMPe9oEVvXcjXY-Mj6sbmlYGVPsN5x1j9-eOotWZrspkFfNVT0cJKxFRQLX3g9L1_tc6gKc_wRdcmGYrMOGf4JqPFyCd_KslMmWlZWKpH6x6Z9tIeK8xYTHocWJm1y4cVVqv8K-SfZBoPV1c2aesELYfR0M17iBubgnM6-czzjF-k2P93O/Vcv8avZ8qgzGCubc8dLLvpvAfoRRyUB0tA7gVLl1WU8"", ""https://v5.airtableusercontent.com/v3/u/46/46/1761854400000/gO7OdQncpEhqN3Pm24LR3w/VX3_FFXst9OkF9jGDV96ceAvdQqU2j5wPeOSh83ZMgJgign5aJR9XArsyo6bnnedLr9atDrlM8J8vSTtcg2ZK5lGYuqQAueUpTliDP6dWkQjAcjT24Hmy3lpaTvrEN5TvFI4g1bw4hh-Sg42IepvwEMvZYCfGRuNp2JCY5I86hNeOMb9Z4Jp8shetczeEM0x/ICPiW6Kd7xi2CmNT92P23oqwyVz63P6jRoC487-G1M4"", ""https://v5.airtableusercontent.com/v3/u/46/46/1761854400000/cg1FaDQggXcqywzsNooPNw/dR-4cWabdLofM95HcG8OUht-vgo9M78t0rkBdR45zpZ0irvLE7WtrmE7BXYALOE8MdhNeVFyyJSYMbBMehcuTC1bN1TLfaIxo2-KZzEcBIk4SO8WNXjsMBSkZDj8VxhsRTTZ9cPhMKWzScHRER3UAASK6jsMUXcgYMZpC6hLBM0/WpNayheCiCaHEYdy1x3nRqDvftDxQdsBYWMEj6PBgDo"", ""https://v5.airtableusercontent.com/v3/u/46/46/1761854400000/e2Y20suAqAbzbj1S_ULYDg/boX5T4YWc3YFIzDHP6iaj7I7iJassKfl4LzysCg-mq6O6TU0LhjmJwB4rwvAP4-JLib50jy1dwkbuC7KuWSFmrAjSUZ4SrrfSJPMvGxlbCv0Hsfwdu_ud75fUNoEeERMDp0AXJFrIbyz1TzBDIXruqUscEYxl1oqN0YdrLNdXLogTpJEd3De35PZHtoFOrdE/_X1P-9-IBoy-Qzluxr_T7x77WPe0a4skjGVtKqOtwlU"", ""https://v5.airtableusercontent.com/v3/u/46/46/1761854400000/DLCr7E8Zz5N75cbNWn7OuQ/vqZwPEhxj_L6Ef027NDKyIZ6DExbZJjzDNPh3IUkMU5PJBqVaswTm0Xb5jso4xBCqP5m4FbRL1cYOW1gyKGU1c9w6bPSBjZvnfRvHk2s_WmUQuoK23dr8K_Dblc__5oJ2b4xx_dEHAn2lpQYNcw_GCuTO-aJhG0nNlJfJJqQT04/RbDuzpjYQwnaDbFra8R662g4qPVi-cJ88eJ5pYmo5Fo"", ""https://v5.airtableusercontent.com/v3/u/46/46/1761854400000/5J-wPVP5QFOi1Em69kt9cw/wlU6ueopfatjBTyE91VjFEzU1dMab4eYLjQhs9hPzGZktSMJPrLXSro85jVi_8yYYBw6D_DCS1dwVW-8B9jujpS3uCc4H8pi7rISr9StSRrPyI-iz7zRvrAbuezX15k2MPlxxfH0296o0zuBcn6bJVh7ZrohL5oDs4YE6HIq_rw/YV4Ow0J-uIAZ82BVVA5aBTyI4jc0L1up34DqPFB3HU8"", ""https://v5.airtableusercontent.com/v3/u/46/46/1761854400000/arUCMQlvK5Zi6etuwMD-rg/mwjrcyZVUlcDPmICO6axB4SR0hQI7sVZrwyr6-H0cbHv1LTxf1dTZv2H9yIFCtr1ddSj0Iq1kTV_eAJqgRlFY9rC67IJ21Sq700adJ0LXqEKlTWaAA8Mv7VD2WMI9A_vf8Wp-8Uzn0guKF8iyYHvQg/hBzJQoZwCcQxMX4JLalSO-jCrrmBba4l5D2AQ-ZjmCk"", ""https://v5.airtableusercontent.com/v3/u/46/46/1761854400000/1wZllM3-_54VF5qYxaSnfQ/lcR8INXHM5mzc7R5m7BPp7VCDtknQMlUUZXgsztl91H2tYpFYa24STjUuJ-uFCBt2vl3tmBJAUWWpv-b74bt-9wUqHUjc5XQUHVfoSf4Mc8jLzuk6q-PFYSep2klP2aw3rDyqu75n7UzeRH19lPeqQ/KEPJINu4s2DMRA10FCHLIP2WJ-D-SQtHe7d_kLi3o7c"", ""https://v5.airtableusercontent.com/v3/u/46/46/1761854400000/u8j7ao75WaaA74y28EFuCg/c5NDCQElgUTNpOAZU9Ib6bsO8ykUgUnrYHiYuvCGe06hBo_id-Cad2kY4olh3_H6wlaAbc7Z7RC_acyyXo-XthW-0vSMwwNoJns38oN6Hr4GEoMAjQwPHRtMcJYekXfundgIxajkGq7p84cKnS9pBA/BkbrpwjCUtuz3cthIPzGVcQCFKGEImjnkJeyqkIyhZI""]",SOFITEL SINGAPORE SENTOSA RESORT & SPA - 55 Reviews | Singapore's Only Wedding Review Site,"Rated 4.1/5 for venue, 3.7/5 for service, 3.7/5 for food from 16 couples & 39 guests: “Attended a wedding at Saffron ballroom. Restrooms were small and messy, not tidied during the event. Floor was wet and littered with paper towel. Service crew at ballroom were well mannered but disorganized and seemingly short handed even though only 14 tables catered. Did not feel a sense of professionalism despite Sofitel being a well established brand. Valet and hotel staff were well mannered.”",sofitel-singapore-sentosa-resort-spa,SOFITEL SINGAPORE SENTOSA RESORT & SPA - 55 Reviews | Singapore's Only Wedding Review Site,"Rated 4.1/5 for venue, 3.7/5 for service, 3.7/5 for food from 16 couples & 39 guests: “Attended a wedding at Saffron ballroom. Restrooms were small and messy, not tidied during the event. Floor was wet and littered with paper towel. Service crew at ballroom were well mannered but disorganized and seemingly short handed even though only 14 tables catered. Did not feel a sense of professionalism despite Sofitel being a well established brand. Valet and hotel staff were well mannered.”",6,2023-08-10T08:28:29Z
recAjyLcQI7Qc6VDD,Altro Zafferano,"10 Collyer Quay, Level 43, Singapore 049315",6565091488,,,,,0,,ALTRO ZAFFERANO - 13 Reviews | Singapore's Only Wedding Review Site,"Rated 4.2/5 for venue, 4.2/5 for service, 4.3/5 for food from 3 couples & 10 guests: “It was a very pleasant conclusion to our 20th wedding anniversary celebrations, culminating in such a nice and high quality dinner with extremely attentive and friendly service. The view was spectacular!”",altro-zafferano,ALTRO ZAFFERANO - 13 Reviews | Singapore's Only Wedding Review Site,"Rated 4.2/5 for venue, 4.2/5 for service, 4.3/5 for food from 3 couples & 10 guests: “It was a very pleasant conclusion to our 20th wedding anniversary celebrations, culminating in such a nice and high quality dinner with extremely attentive and friendly service. The view was spectacular!”",0,2024-08-04T06:30:19Z
recApqXWAErTga5dU,THE CHEVRONS,48 Boon Lay Way,6566688865,banquetsales@chevrons.org.sg,,,Country Club,7,"[""https://v5.airtableusercontent.com/v3/u/46/46/1761854400000/G5EJRI5U1bsyNM8qrROsrg/YlFqoDOBatcCrR5rlSLZD6y-02iz64tW5JSYIcGR63r8C9iKXftZvFc6mfdjpzs00cZ08LiwWjNEnfvvF2Puw_rDwgA6DHev2B9jAR-P6uXOboeoZDRCHb-QcljxdaRqJMUurj-ZZqiMWVrxAJ7JAqdev_0P4BjkADj_cWFMwb8/N7lPDvvL8RlFuaTARSJ8ZdDL_xZbBuYUP-GhX3w7Sc4"", ""https://v5.airtableusercontent.com/v3/u/46/46/1761854400000/b9Kf4m98VOXNF78dvt5YjA/UbDIGFVVfpCOaSfPThdUyk2dTUkusIyolae_p5TBAgCvUl9B5QiqUnYnz9jptF49OX9_CB1rr7AF2eV78YGVfVLf9FvMz8JojOeNrw0GLbUCp6PA19X-n1ku2rsBzlhLuWSDL5wTGfjcNo9y7YUObQz7HnxWJtAXp79E767O4i0/qv-jBkQYzx-mTbs0FOyxGVdfXmDWD0EZ8gbdDDalWw4"", ""https://v5.airtableusercontent.com/v3/u/46/46/1761854400000/ngcNKH3XG870QqQIhgN6IQ/AWXBjX8r7KWbVnufg3VEwK7a-EeLpTcxUZ_xPf_YMEvNyeXWlsoMmtFMAqhjKXcnDkP4YTeE1NJMuVfZPNM_edNPD1dZKdgLyhtQkdyggDXkbsqk0Xlsf2ku2Fe5OpfjehakmQBWWfQLGkcOZneDuZO45JkEyUUZVoAoa0jBokg/K34RhPNr1tcKnsVBDtMK0hIhXncbF3ESVCTF7c5Keuk"", ""https://v5.airtableusercontent.com/v3/u/46/46/1761854400000/M8Mxewe9QIq3VGwrpI8_uQ/O0ytLWSpu35YYr6_LEwMGt9ys0X-eNJwAqt8yma8R6pdoPP5kHdB7RqGVJwN5jMI45Mc-vmMpbLjl4MX6JVjz8ex8f1BS0fnW11frXDhFcxqV4IAYQR_F2ySZlLAjlDjbSiRbiKsy4LczrAgHCxnB7D7sZ2UoO1Dc-tdy3k3VCM/hGFUeT4Qi0pK_G0Hjx5lA-gqLxbeIc_SuP11uNhwJKU"", ""https://v5.airtableusercontent.com/v3/u/46/46/1761854400000/l-iQADqzaINshtZQtBEbEw/pEfqIvg1j54hYSOP1JnE25JLurFaQNfAw5Vu6ugEalXWKxXPR61ba2n0E-SThjQ_8xss-fluL3ZM5mS1Fu4oiMIA1MmzSYqAU3mj3zH76LnIHVaKhc-BZTHe4v_hNBF9C4-Jn5odnKLSJSP7X2UDmVkwBc-TFo1scA-0mdt5Ekc/SeEJcBgg0TPwhz6jaxiZVhx0UqBd6K4fLnZiMAI2pmg"", ""https://v5.airtableusercontent.com/v3/u/46/46/1761854400000/TGy0z3lJg7lOnUlAxFKjMQ/tGdTkH-EkuZ6wvOGzUgZEvOuHbkfhHG43obv-96DEQdy2W3xVmMVixl64Txke5Sj8GVFK1H0T3pSjkm01H0SqRK2vaiGGFrjSyYT3LaxRH1WxJ8nEAFsht3kQeGRtJ--dtgUblLHpnq3ykzVHOZfLVYFFo2Sm1CCywxa0I-uTMg/BcqUJMxTcXvewYBqDaZkSvwdiWV9Q7CyZUkACBy3P2E"", ""https://v5.airtableusercontent.com/v3/u/46/46/1761854400000/WAyZcEh1sd3ev3n0TKH65g/CHzzA_tl3aAnHpnYo7XkaWGhxCDTNMTPw9qoFqs46fJU4WHZU1Q2OQdG4EzS_gRsPoS6od0lfdTe0whpI0mwuI2nqtQohX57AuMEvfNE7pQ3RojGLkn5HVm11oll-SMCiBBNxSOoUPJpUTbf7qxnlQPVUpKx228_yAuVZg4U354/rGDiMrDqel4BceCs1ZSfXqB5pAA5_v4LMikAhb3R7zo""]",THE CHEVRONS - 5 Reviews | Singapore's Only Wedding Review Site,"Rated 4.2/5 for venue, 4.3/5 for service, 4/5 for food from 1 couples & 4 guests: “Attend wedding invitation , the Ballroom quite spacious.”",the-chevrons,THE CHEVRONS - 5 Reviews | Singapore's Only Wedding Review Site,"Rated 4.2/5 for venue, 4.3/5 for service, 4/5 for food from 1 couples & 4 guests: “Attend wedding invitation , the Ballroom quite spacious.”",6,2023-08-10T08:28:29Z
recAzx4Crr9ajtC5d,Village Hotel Sentosa,"10 Artillery Ave, Sentosa",6565122202,events.sentosa@fareast.com.sg,,,Hotel,10,"[""https://v5.airtableusercontent.com/v3/u/46/46/1761854400000/svp70dC3lUMXRSX0n36c1Q/UH9DKh8aP05EGFEmbGegIbqRIofFyaW7RHinfuVM5Ti0oUpGAppPxx0_Om6T2GTzb119WYB1mwfFFWTU8T9YdtCzCIHN1MkQeSV6qcuIdl0p0nPo_cgIpuGhO65NinG49JUmwrsYn_U-rYDTbwmj50WAm2JkWRPpxxPsUHYmN0P4arVLHmz5ZQUaSZMx-L7UVaaCxzExDJ7wKODUfAtA_A/8XDzHAaZjsQqO75L65sUP_OAdbvZJXTTM9FnEm1zApU"", ""https://v5.airtableusercontent.com/v3/u/46/46/1761854400000/H4ptjsUnmgWtCWVll8DiFw/2Z-J9woiRFDmEZG21MXKjKLAxlHEHUqIsiLluJXvh_imLu7tmSYUQvYJq4ddoFOwrj1rVUFKkwCN56LwSt6oehcOfojbvbUofwgo3WSRwKJGiXfXfpAH7-U2_Dd24H8VeZ4edaRZGF2S6-_jykBoPLJRi64cv8yvPMXfS2X6fcmI_rbPHRV8eEozQFT2qPNqpoTXq-SzoBuxoScM6UteTYgrZ6Z7yKbLvTLL8DJ956c/8i65uOweoWZXpctHiitViQZE4XMDVej8YCacoRdomls"", ""https://v5.airtableusercontent.com/v3/u/46/46/1761854400000/-3KToVy6WzjPskw59-_7Yg/NYdTsaPN0qO0Pxk92TxdzffyoJfH-y4cbOInmGLRiQ662JAiJJ3_sY5LRbwmjVa66z2Re5hGhGH8_uF77j9iiGDinS5vKHyOHlFu-3xepxyN1g78MSUJ832OwB6ps_jcnttfA1NnEshszSqboTZsQrO1RR5NJVYvvDi_xKFRyNqUsQzlothJNIQhIcgEI9CY/mnvZ7ty_dDdIZ8cDXAs1LhZFtoaM9CL2saG72a8JSzg"", ""https://v5.airtableusercontent.com/v3/u/46/46/1761854400000/H8sifEf_wLg9Tr3vf1u9rg/OCMSqeGa8I6rQDX4fxs0vOqO9vTpXqmJ3yo44tc-2NyKOBjByUFDLLNDd_z6COy6GftWf-T8EFYoTS01pdveYuz_pTja2wr6MiTwlu6DEzJCn6Y6V1lxjMv_y9JUOwgAZFolAY9w18tw1i9g-59VPBzHRXnP7JUKJdcM0WCwyHCqH5UmG8V2uyKdW53W0XWJ/k3ZfDcwkiO0zzJVt4vVEHnKev8Zi43K5MmoVLU4MKj8"", ""https://v5.airtableusercontent.com/v3/u/46/46/1761854400000/rArUQWDy9F7dTb_ywdVKjA/Y1swUulpYeYaOo7rH3J8XSZh1Is9RUxvQWTlqUy1m0-sveW2hDFo9tJ6qw_oEcWXm-1tmj6Yu_KXwpAXt2QF1FWx9A5DIf8lByTvEK4kXxPyuinLz1pUyTFlr6loTfBIwdspso0-a1Dj22Zztbyx1rk3gpt1vCt_Sc_lePume4tTh5u0atMN_Kii59GcYkwF/BtT0o0t1ZrZHQ2Otd1-d5IodHZivEhvQGWSztGMDNhk"", ""https://v5.airtableusercontent.com/v3/u/46/46/1761854400000/8gLegWlcqH6mF-bD5jT_bQ/dGWl_PAjirTCIr5ls6jTq5mMBZoLwH3xpvjhUO2HQBSt5b4LO5xfKPIPfH27wH4_wekxMB35ZBTCFmG8WbJP52ApbWx75hqGV7UJh9b5Djp1-leOiSi4AfUjhkPdfFGQL9jK18PQUzo7CGJv6Tqdk0CxVjfvcdnZjeYz-ztQvQ4KJ-OP1Xr-XUxq4IYmJkea/10AhybFIOpyQkMNahmgPuSFA1mxaViFH_IIKTVLtanI"", ""https://v5.airtableusercontent.com/v3/u/46/46/1761854400000/z5uGRwZ356FMyrfAvAGY4A/qd1SqKHXP_i49vy8t-eudQs1VBOYxtrS7ucGR3wH0PKX1cycYHkdVNqDEZvgo_XMzMMX7dcwX6HpSjDFXF2XJfhHdxQDrmjIof5uB7gUEazKBW-d7S1aFNSVPY4YOkMBWSxWVcrvxwz17Xxp6Lqh6QUuY6LG2bJ35slDi7CSvipskc9duaNAwpowdpUq3_80/CBMwfLHpEev46KtzF_Lopyb6zE-K9OOJv-82_p07l1c"", ""https://v5.airtableusercontent.com/v3/u/46/46/1761854400000/pcZIEj54BkJEziB4ooQg5Q/4kb-pSRAvcBtEWVOPwxS7FtxfsphJVduRpIW52vd8S01mq95WB7Fmu1YxMiUosUxbFwOH0SHenGQIEtGuHKJoMxwUmfm1Nq0SXGhe2Z0l2AxQRzO_QOUPshYwR5bb0f2_gvYha7Z7cifqOgVtD5ARmu49C99MqjcHMDJwKWWCar3T7Dl9iyKSgj8U3jd6trH/BHVTdg7y35pSxZjKkpns2wSmlPn1Ye6WPrEndsU-8qY"", ""https://v5.airtableusercontent.com/v3/u/46/46/1761854400000/Ls9hwoHdAf3Sd5ukKqpwoQ/wH7vpnYw3wv8YFHe_syDgtYqSMwH0ryCRQWBVH_RydrOxoyzFOxx3XZAkvCx0de46QTuAwtsL5jzfvTK49pjNqmsh0OZ_tZbYJOARjlmoDFaStoUqQOp15ruG75UhA08dZQLwKWHlW84l0N9MEZ70hA6B26W-lpsOI7urMQxEmQ9RroQfFRNUCzBNh7jyiwb/bV8o3WMy7FQGqEKtaqQQ0k3zFFxoB3poh3CVkn0R73Y"", ""https://v5.airtableusercontent.com/v3/u/46/46/1761854400000/lHTRfVieh-UgVuQl8P3YAw/XkQY38ngPCO4UcDZJT9TLzcGvfhpvsHfjfOo27ovE2HQfrNw6YdX-NgpJOKhp6HWeGpKiPmyAN0Yne-pBXrCL2KaYaiAoHzKXjRf0d0XM_FCYn1eJ9xeFN98NFyZUdFhC3DikBAc4yBf37gRn03vKd-84KKWVdjexuA_t0JMBivS8xLzzQIMyg-iU90GN59B/S8d74KpYdvkmFpwCCl8I8Sg3oPREAgXmL4S_F6lvHq8""]",VILLAGE HOTEL SENTOSA - 1 Reviews | Singapore's Only Wedding Review Site,"Rated 2/5 for venue, 2/5 for service from 1 guests: “Lack of directory on how to get there, the entire place is hard to get to - entry by the front only and not via bus bay and on checking with the FCC, there is only one entrance despite the entire place is part of the building. Hardly any time to explore the rest of the area apart from the lobby as I was there for a wedding. Now, peeved with the sound system, it was so terrible. Tables were very much off alignment and difficult to see the stage due to pillars and angles in line of sight from seat. Serving of food was rather slow, too long an intermission between dishes and food was par-level only. Would not recommend anyone to hold a wedding there.”",village-hotel-sentosa,VILLAGE HOTEL SENTOSA - 1 Reviews | Singapore's Only Wedding Review Site,"Rated 2/5 for venue, 2/5 for service from 1 guests: “Lack of directory on how to get there, the entire place is hard to get to - entry by the front only and not via bus bay and on checking with the FCC, there is only one entrance despite the entire place is part of the building. Hardly any time to explore the rest of the area apart from the lobby as I was there for a wedding. Now, peeved with the sound system, it was so terrible. Tables were very much off alignment and difficult to see the stage due to pillars and angles in line of sight from seat. Serving of food was rather slow, too long an intermission between dishes and food was par-level only. Would not recommend anyone to hold a wedding there.”",6,2023-08-10T08:28:29Z
recBM6cafsBjBiGe7,The Faith by PutriMas,"6 Ubi Rd 1, Singapore 408726",,,,,,1,"[""https://v5.airtableusercontent.com/v3/u/46/46/1761854400000/99s5elsR30AlRNERzIGV4w/42Ft-GOvFxUeCmWftAc1yQMXePTlTyd2sGuX5rM3jT2m6fBGOS8WdmcnGeGpmKgNzEbdqQ8R66FPBxHnWg108do-dw2Ulwcqbf4wIPMyB1Gait1jOzo_nxheS_fGx7QtrbPcarqHH5d0USdtqsaeOApAf9f0yBK1uKdJupLtmcE/BpzyLCk2E4XNH8bq38B4LYBqKNeMuIZbNcBMW2t6Owg""]",THE FAITH BY PUTRIMAS - 8 Reviews | Singapore's Only Wedding Review Site,"Rated 2.7/5 for venue, 2.1/5 for service, 3/5 for food from 2 couples & 6 guests: “was told tht we have over 150 pax when our relatives was not even closed to , had alot of doorgift left after the event and the food still has alot . they started packing ard 3pm meanwhile our wedding ends at 4 . they pack the left over foods but didnt give any to us . putrimas bring outsiders to our event and let them seat on our guest table and has the audacity to say that there's not enough sesting for our family members because we over invited . she also ask my husband relatives to stand up . she herself also occupied one table for herself and when my husband and his father wanted to seat , she said it was for the "" vip "" . the tables and seat would have been enough if she and the outsiders didnt occupied them without even informing us . the outsiders evem drink and eat from our buffet . ( there wwre like 8 of them ) afterall d'banquet owner and the dj was the best and they give their best and didnt fail us . our family members all are happy with them . ( we use putrimas service but phtrimas change our vanue to d'banquet for the very last minhte . but we are very grateful that she changed our vanue because if she didnt , i dont thiink we wld have a much pleasent time there ) we recommend you to forget abt the faith and go for d'banquet services directlly .”",the-faith-by-putrimas,THE FAITH BY PUTRIMAS - 8 Reviews | Singapore's Only Wedding Review Site,"Rated 2.7/5 for venue, 2.1/5 for service, 3/5 for food from 2 couples & 6 guests: “was told tht we have over 150 pax when our relatives was not even closed to , had alot of doorgift left after the event and the food still has alot . they started packing ard 3pm meanwhile our wedding ends at 4 . they pack the left over foods but didnt give any to us . putrimas bring outsiders to our event and let them seat on our guest table and has the audacity to say that there's not enough sesting for our family members because we over invited . she also ask my husband relatives to stand up . she herself also occupied one table for herself and when my husband and his father wanted to seat , she said it was for the "" vip "" . the tables and seat would have been enough if she and the outsiders didnt occupied them without even informing us . the outsiders evem drink and eat from our buffet . ( there wwre like 8 of them ) afterall d'banquet owner and the dj was the best and they give their best and didnt fail us . our family members all are happy with them . ( we use putrimas service but phtrimas change our vanue to d'banquet for the very last minhte . but we are very grateful that she changed our vanue because if she didnt , i dont thiink we wld have a much pleasent time there ) we recommend you to forget abt the faith and go for d'banquet services directlly .”",0,2024-08-04T06:30:18Z
recBOR5hwX0jVABRa,The Joyden Hall,201 Victoria Street BUGIS+ #07-01,6568843480,sales@joydenhall.com.sg,,,Event Hall,1,"[""https://v5.airtableusercontent.com/v3/u/46/46/1761854400000/W2LburaxR_T38LtC2XIJ0g/M1gFsFNy9q_srHPfq1-xyfArCKtwyNh6i4mESflhMSkuvFazVjdUrGJaZhWxMbI0aEUQqDpAFroE805dLeUtDXxL9ajykBgGaZGHjcAo0ZqpX6F0wXt7WBwAUUkpbqZgky-FtFAnrr-BIjfamoWuwih7EfKZ9Ml1_7-uYkoNmeI/7LIUVutQr3ZRNpw1JL3PixyGOowQv1Z3T3Ir5wjxZqg""]",THE JOYDEN HALL - 8 Reviews | Singapore's Only Wedding Review Site,"Rated 3.8/5 for venue, 3.8/5 for service, 4.3/5 for food from 2 couples & 6 guests: “Place is good. No pillars, nice lighting fixture (but ceiling is way up) and stage. Projector image is good and clear. But place is dark and wasn't lit up well enough during most of the time. I was there for a wedding banquet. The food served were luke warm. Only the soup dish was hot. Probably due to individual serving preparation due to current situation. Food is likely precooked and heated up. There's no kitchen like in most non-restaurants venues.”",the-joyden-hall,THE JOYDEN HALL - 8 Reviews | Singapore's Only Wedding Review Site,"Rated 3.8/5 for venue, 3.8/5 for service, 4.3/5 for food from 2 couples & 6 guests: “Place is good. No pillars, nice lighting fixture (but ceiling is way up) and stage. Projector image is good and clear. But place is dark and wasn't lit up well enough during most of the time. I was there for a wedding banquet. The food served were luke warm. Only the soup dish was hot. Probably due to individual serving preparation due to current situation. Food is likely precooked and heated up. There's no kitchen like in most non-restaurants venues.”",6,2023-08-10T08:28:29Z
recBjzDZV6Tmy22FL,Acacia Geneo,,6569952602,sri@abr.com.sg,,,"Restaurant, Western",9,"[""https://v5.airtableusercontent.com/v3/u/46/46/1761854400000/U46OkD8o_3ifoVtHSEbAQQ/R60mRyJIKJrqD1C8urbBs6IlEV4i1-1blDkbyFnMQXiiEJBN6hlG73fnN7tQijU0Wwwj1uSJXJfuQMKOXhG05GPbPCN0_4MFpmNjs3BuaUiEg-Wd31HRsEnl3xhqEM5BcFbou8Ug7IXxJMH6ov0bH8wSDo6ZmG9ubxhkRgAN1fOtT-k6v7lIn-SFvoXNzSQI/xaAYEPwQX7N-Y9Jf9gCIJI_rgMreHl7n6BHvkRfUbtU"", ""https://v5.airtableusercontent.com/v3/u/46/46/1761854400000/NlUgqD5USuHICHyvlbcHDQ/h34a_mHbqG0idqMzZFFDhIfjKuhWxgCw4e6fG_R9MCuVSiiUZLS8J4AvQKUQx3xdzOQzT63WM3YouVCgRWyX9L3km1YDodFMs3XPjfv5R4sRMnEkGTnjE0wEOCTmeVtIBRnbnu9tdW_b7jieeMP-XtBGgijSvHLW2AP1ceU8TroiFPFeFBuU0te2KfXFrxTuH8-SdZ9DddIkkVvy1k_PuQ/mkbdwiRwcqBjtKDNo85u1BWZyMo7WvNjnn67dvjbzF4"", ""https://v5.airtableusercontent.com/v3/u/46/46/1761854400000/l-GTF9e_kJP5dWr6LBaZ2A/mbl2-BgcsnE77KKd41_GThg1EPXrneAnib9Te3rhkNRoPh6Ix1pCgh_zF7OhseixIYmfDJ6lgTngXboI-sWkC637QkKYw1Bd77GHQEhgNMXrzlkCArueUSYZUAnm4Xrbmd9ffeLwXffuJKbWx2-tyVhjRs1Sy5GetMrb6dU8bldU2vunr70BtXF76pDmb_At/VPGsir28JjsiABJwNvViLrlNjXd0n3EtTK2kI54Tz10"", ""https://v5.airtableusercontent.com/v3/u/46/46/1761854400000/b8yHQ-Z6Y37AYyjtygjKCg/Zyr2gsxIJ-J-Ij95w9q6qm5jIiNyRQcQOUMCLfrJqo9kgOGHlRoZ3hC_vGKbdgd0Pb1VGK3MD2xSmXYA_6p1zDJxnGna1coUFvlBFPzvcbWpuiquPIIqzYHp6AQQStL1N6OlGHs_LPS6BSZ3BPJ_dwrQJ4wVOkBlFGWeXYtwVUoTHLMg854-yAaMrqglJfW6/cmli-cYU8brpYOq-9fRmIyaYRndnOledQmBnqSeD6EE"", ""https://v5.airtableusercontent.com/v3/u/46/46/1761854400000/tANBS4r_eBbsy9N7Kv-FvQ/Tl0fI78qv05fgeQXfIdrpzYWnqbmLLwmVSbQ8kZqa523L76HlBm-9gFK8RmTTygYATchd4IC1VsWSH11Wt4boHCUoR16DZmTsNUP_su2TqhjxSAPTt3zeOUjyZDJ-NivHM3BtZR58fv860nrHXy2-nQgBUxBZ2ovnjdqsoWRv_h7YQ7rU1Of2vYkVDIj0tHI/EvOAWqfTmH0RmA1H2Z89Md3wh8eaSMujONT0iii4PBU"", ""https://v5.airtableusercontent.com/v3/u/46/46/1761854400000/-3AOCsk42-Yh5MdvPoWupA/i50QfoHVnV_5fDs36jwaPvEX0yipOdHULGhmQnYoM0OEmQC_BBWzUcCXOZPsY6s9pJB43qBvqz_hPBIpUDtrFryRnTvK4eYZTF0nu_VixEVVSMZ78nsn0dAw50rpKQ3iyabcqfBtns4YvuEkAMdUZLWu2YaSgyzIRizBxp5mIlR3a2HpMDsYa5EWLvHH3bKs/b0OJMrGTBJnvhhvIA4vP1jHs4YPaXkR-Vj9z6JWVo3E"", ""https://v5.airtableusercontent.com/v3/u/46/46/1761854400000/XM_mw6WFxvV55fcBoq3WLw/5fh1pgDl-CXc-2q2g1SD5VEhEVhhS_iHVDMfgxlI-kiXUVt3I2KH3osSezRjb_qlgtbvm02_qW94PI41D65kT8GJ63z-RzKj5Q-kNx4fc3MkOYxBFIgwDJCh4_ln56u6GADPKEAQck2pUEbvgD-1Q-0C-pk81rSc-esuWndW6jWI4OhVRfFpQboBZxPhklstlPm3Z_o-5nCvGyTQWqA70g/nhhJH72VvYivkr9KpJNss_SHyTSAIR8nYYdBA67Phss"", ""https://v5.airtableusercontent.com/v3/u/46/46/1761854400000/fwyRTCHpD3W5w_7FIuQv8A/g13r3CZHU3UKY3UM6sqENjI3vf1oydBw_B_JuhW1TN5vYiVTg1HwpD7ZRioeKC1q3I_sfRyOpIRdT5w3kS46W4SshEIxbUGJKs_gExYVA6ovLGVSE_SG2CSPfDG0ANWOchhUgbUXTw_l98b8_q_hG9y8fKcqnlUKGV-GStn872eho1RKr3uAd7aUi_FQdpbJ/GtyehyCs_ktW7VBD-4sP5mgQDV3Er-Uc-80HzhXbHHQ"", ""https://v5.airtableusercontent.com/v3/u/46/46/1761854400000/ykoaxv1tFe1Zim90Q0kHUA/jZmmHLjrbvuWJmULLQyI2oFiKH96tePY6UpXN_y8gJpGdTGJj0sXZH9PbWQXa99wQc77GFAZGXFsoTGG3UnKogIT6re9ibwMVi1S-gC3DpKvDcey7wNf06Jo7__-4zJVYVbM3gu4zmnmeG0AjR8Gw85RitWQKXlWJbIgMymEMeocadxS2Oa8NnI_4J3tb5ws/ty_er_GIw_DvAarlotGU7xOi4GhQi-KjCeZBxUZ6Dg8""]",ACACIA GENEO - 3 Reviews | Singapore's Only Wedding Review Site,"Rated 5/5 for venue, 5/5 for service, 5/5 for food from 3 couples: “My wife and I are incredibly happy to have held our wedding dinner at this place. Rie and Nurul, our event coordinators, were really helpful throughout the entire wedding process. We actually booked this place on short notice, and they made everything a very smooth and wonderful experience. The decorations and atmosphere were lovely, and although I didn’t eat much on the day itself, many of our guests said the food was incredible and loved the style of the wedding venue. We truly hope more couples choose this place for their wedding dinner, as it was definitely an unforgettable experience for us.”",acacia-geneo,ACACIA GENEO - 3 Reviews | Singapore's Only Wedding Review Site,"Rated 5/5 for venue, 5/5 for service, 5/5 for food from 3 couples: “My wife and I are incredibly happy to have held our wedding dinner at this place. Rie and Nurul, our event coordinators, were really helpful throughout the entire wedding process. We actually booked this place on short notice, and they made everything a very smooth and wonderful experience. The decorations and atmosphere were lovely, and although I didn’t eat much on the day itself, many of our guests said the food was incredible and loved the style of the wedding venue. We truly hope more couples choose this place for their wedding dinner, as it was definitely an unforgettable experience for us.”",0,2025-05-31T07:33:49Z
recBkZCCQtkWf0lac,Kei Studio,,,booking@keistudio.co,,,,0,,KEI STUDIO | Singapore's Only Wedding Review Site,Wedding reviews for Kei Studio ·  ·  · booking@keistudio.co,kei-studio,KEI STUDIO | Singapore's Only Wedding Review Site,Wedding reviews for Kei Studio ·  ·  · booking@keistudio.co,0,2025-04-03T05:44:41Z
recBmNbcJhqX5m7uh,Village Hotel Katong,25 Marine Parade,6563797179,cateringvhk@fareast.com.sg,,,Hotel,14,"[""https://v5.airtableusercontent.com/v3/u/46/46/1761854400000/Y1rvtt0xZdDkSnxgr-ZvhA/ybRgoPPa7YCxSTRu6ijx-OPIs1RMvfMBiq_G4zJCTyXz711vIfYsi73ErouxIEH3lFkcMehLR3xlH5vugn8qUMmhivh_4agIWcC9E1yCD5Le-OGCMhLjotzX1jihgppim9xos_TX5cRVF2VvEevU6khXXLYqaJauRcS2iKwvDzvMYCRhcF1zMUbIdk4B8AykDeaFBs2nJfqOhEv1dUyuVQ/DsxRUYOoaF3_1VmfbyjGGOw5n3VwQRP4KBvRLD5sCbg"", ""https://v5.airtableusercontent.com/v3/u/46/46/1761854400000/yqoyZcEBHJS2Gtvopr88zA/Of_35-Iz4A9HpP_7nUl3tWcNmPiro-phmpwxn3bANX27m6qdwp55IgJSfredpfBF6I8p_KdODXGi2sLZYc_MuuYK9SPcU2BO6MCrIfciaFdMEm-pkdOu5_W2SDT_PpbrE55-nINksYSytjdgjtS6GWM8FbHLabY9-7Gop7bY1XyE7gHaGwWfrEnyhAdo-jjMoZpfm4G8EvVsexLFIP_UslBBLAIdh009VzB8yL3cu9o/Y-fBms9JTinnL-eU2fl5sCqRUA6aQfUcxjUMD8mw2k0"", ""https://v5.airtableusercontent.com/v3/u/46/46/1761854400000/XAoF8_mB9R-ll43K2xW51Q/Kgo6OCgNxODkIekjml-HszYOG_GGRz_Lv38NxfB-CtdizZqgxs7LYHU1Dl0o3_SthFpi_aXqfVkyPoV-x5QAfx_DJpRhq9-S1C7JIWWRSwGj9yR3HNX9yOaU7h-87EoXDDSVc81-Ns3_QIVxDRcfSyKI7XoLyEEvz_D0B-aQWtR9ySqMRJ3Ms8mMBa4PGtI1wxVWfUdCPSo4gCFDftG4YA/ul9VZcMqEObXasQj_exJxJWNhssdBQR7Tb-wdFrIZsg"", ""https://v5.airtableusercontent.com/v3/u/46/46/1761854400000/6odKp0elUBobyXHfBLmTkA/F1-YRTE_KB1MfyvmPbPu1cphV3Sznzulj80ih-EJKzUpLUgVkzi-kW2o_b8QZRZn_GmlBaYO6IkceG6oqymtv9_gMkPI_BKxOl9pM7okXwtlPa5kZ0Q0aaILtSkpkOP8iBOJANgsPlajaPzpM9VXzFVJ1CRzOUDmWK-0b89LAQZRROsiCrZiHPm_8R9S5ECIPy5lkga30SDi2FNeeTf7zA/zu4uecFsGIImrgoq2Y3N6W2ZlD7hMBWiCt_zUPxiS6w"", ""https://v5.airtableusercontent.com/v3/u/46/46/1761854400000/fqhQUDvKTFawIopiFTdnPg/Th-_PWLnOP1sWO3bC5Y2Js3HstkRLL1U3JkfikZiJovMoxmkUapPZKbaM3Cyok3VkyykD5DKfUOYAe0vAdNC_FVQ9mT-fHZfQSLL1HSriUJuJHiiPS380IpUl3unIpFZR01cJNqUubGQtQHyFla3I0EcsrOss7uFWO08JPTX9T1dN6CThsAPtWsouZsRCkqelFdzAaKU2t9a_KB6ewP7TGW1pkdPBVjfF5mkKH9wYJ0/Fqa69_Yu2KmKEP-fozN89wQAz5n44MgQilEPTqqJ3RY"", ""https://v5.airtableusercontent.com/v3/u/46/46/1761854400000/D4auIVRQhWrmBwl-x-IsTA/3bllpD8TsxMmnpY4PyOWzu5io2PZUubMiaC0bJGIvcc-vW3kl7u43FdvrzHH0ApqGMLSHl2RquUSrsIAyCw8LQ9qWQZJvpzbpPJMDkb38N7n5svWqDqyzlBmd-UnMbWvRlNF7NfamlENFflrOvBxyI7gy28YZW2i72RHlX5wPIaZRTUwsN0sE5Dpj2YUc1R7tXDejPOnNBS3w7J6ytqHiDDWNNy0GLsbwl6h81SiKB0/_GziPaG3n76MxZLh4V-7aSvaBX3ot7rzGy-0VsERunY"", ""https://v5.airtableusercontent.com/v3/u/46/46/1761854400000/T01sHLIXwQ-E3Y4YYZ9nmQ/3HV8nhicDx_N-Ain9NO2yqSlczFd56fnEIMwC-cCnDCpvwUvLIOw1rXUK8ROwdjEQDXHR43Sikwg28RDpFVHyRn5mihFOcehkZrzyKQfbG49Iyd4udcennIG0tD2NX-7w6bITjLpffFEMtYCIuWGchmbFigKF3EnIA5TFlOXJNYtCD4K6ZJmYA6QB6jp25LU2WRa58BbPao7_zMndjp4Vw/1Zhe5MUvA1YApifQP3C-8LRcSj8ret6Qxy-VwKsQF8U"", ""https://v5.airtableusercontent.com/v3/u/46/46/1761854400000/XzbLflG9aJlHbh-IAgQmvw/MDaUrjRen_5Zn3z0TWfNgaTx1LjPWuBov41iLBfQpTjQPStlsCtMROtFL-h_Tv6xJYzlaye7-Ch988DskrfD1e5GQlgY2Csdxk1AhLVPvCVpGmnCyOfoEOoqEHTlvToy0ClYtZNwwnrG5A0TpCzyeVF5srQw3zOrNVVi86ybUlnPbN9feT4w2DOYpFag67ZPCwXFl5phbrllaPAbuqRQWw/V3tn6Yk7RipmfSjXjKSwoj5a1ENykUe2eobG94FxoGo"", ""https://v5.airtableusercontent.com/v3/u/46/46/1761854400000/mC2SZSjbhW0_asWdzu90iQ/OoOHQuHsciyr6Cr_belu8GgXQ8lWSd-BM4ubhSsC4xKunrSzMoTWgRQNUiQe6k5I4LBIgO9wtmqxlsvjH4C_GtfeQxdVZytRuOnQwRa-eHFs9_b5ucZNHNdUqxnWFVx966H1QbpI-1L2uE9M3HtC9tto8lF6tm22bldg4rjGCcenznZ1Dun4tOUGF8bhTqCREh9cSMSzJAki9jGQcZ4aNQtPsFjI-MHLO45FSTJzy1Y/UQoiZfZlRmJhQZcscokYMphNTeqaVxmarf_yQKnEfys"", ""https://v5.airtableusercontent.com/v3/u/46/46/1761854400000/KrxOVuTR78kQlfO36-8w3A/RQLKV9kXcnuCrPS743mnfDgc3WJ0sG0-I5tKwnZ-RSh_fHJDZa9howOVWdPvMiTLagzU1ucJi8qO5HMLvXT9pguxJ3D8kZYB6x2lRAj45Qs8ojPs5taNDEWpBwaQhZ2G6DyW0MnLzV6Lzcx99BUnqJV858_p2F4f2p2AKITiRmpwovcQJoAnIVAT_7uxM1BSKmbT5cG8egMbBPIz646prQ/Gz6xYO9NoDxrkdhNpJ0FscObPINU8JcEzUnrMjquHLI"", ""https://v5.airtableusercontent.com/v3/u/46/46/1761854400000/Ayan9bRcUai41ddgprO2Iw/rpA62_j36f42fwxA1yi5peAelwZBOeX8MZiQUYlVYXLVxZzkwMwdrod7DR-ifw4TQDgommWu4rO3K7pSjOOWGnAlR4FntF4cefRrGp4ZX9sDpEykiCzCRbImNfgGOG5u7gBPTdu_jenR6PxDZJYzrjuT_CJtropAePGvX27OC3qezBFbOKfxAK8GjvPZ1vIn_rPwcEr55w6hDpgSLPHg5w/9bJLhelMNA3szZUk_F8PJX635oaH0bdzkbcDgUYmr5Q"", ""https://v5.airtableusercontent.com/v3/u/46/46/1761854400000/A0CJlsWFCfNbChMJQ19y1A/rgUIqsdwmZ3I_iBkUbwlxB7079qDUfQ3-VG_as3KOc-OADaf2kdefv5IAppT4D6D8tTellkByTv7NWFzOhIvCxdMCD_upaB6xxxyVVKPBNvnGZQ9u-2tKlskXFjsTw2EEk-tyj5s38dfUM9InY0sxj4BPWM0OU32pQDCLYJCB8eERBnS7m7kPDVAfC3wdIHgib8VxRRcsMBDO7FgiSzDlg/2RPcKPdb2G3QNfGwTrk27ycrkBVZ_ntXlNl-8kOJRGA"", ""https://v5.airtableusercontent.com/v3/u/46/46/1761854400000/36YII7P_XE07o9X6beDWGA/03CbdPXG6vRTWO5vQk2bFVnuM_4rYYMDmZb-zMQbj9SrH7sEnzctkrGvHQYZLghJT7GfIIu27wk9dbSXWGdGOxVH56ElBN8gfOtpH7dCd9PUPhDQde5hjiMFulOJOKCAXiWdyvO1spjp0a1st2S8Ryg6o9-CXq0gbWlKmBAjhp76Bi3L6-sHRlz9AdPk8q6A56DuHv3nGEs3CPZKkVoWTw/AHZpxtbw3XuQQB3Ukl7tWTOgfxIg5QzPLKeYwXio5N4"", ""https://v5.airtableusercontent.com/v3/u/46/46/1761854400000/KTtQ3OF-2koMmTn45Bm0KA/dh7YA4hgPP3UzUNAePVXPZ0O9-WfqCV-kYA_iK2k9ETuS-M_MZXP8I9SnA9TzFFrKFILcO6P9q4err4_t974WSDpSKAxU6_WSj4fvbyEcYqBfSffymrbl5hyQPdQs2kbC12NHw-Cs2qdJWUK6bc6iDIoC0KGwQQWJ4IB1IZALty2ROFv5-lKE4PfhMS3OMyqv17brUZcQLRqpd_wuFGUZg/RvFTLxuJHjvDTsONJf3n_fBC3StuPdYGzP8LOeU3ajg""]",VILLAGE HOTEL KATONG - 5 Reviews | Singapore's Only Wedding Review Site,"Rated 4.6/5 for venue, 5/5 for service, 4.6/5 for food from 2 couples & 3 guests: “Hi There the Village Hotel Katong was a Memorable and Beautiful place as my boy got married and celebrated his Wedding at this hotel .During that time , as much as I can recall it was a Small hotel but pleasant hotel with a Supermarket for your own convenience .The deco was classy and beautiful and everything was Smooth without any confusion by the hotel staff .All went well throughout the whole day , the tea Ceremony , and the Wedding dinner was enjoyable with a free Flow of Wine by one of the Siblings .We hired a filipino Musician a one band guitar player who could sing and mimic Donald Duck .There was much laughter for the night and Everyone was happy until they didnt want to go home but chose to stay on drinking and eating till late .Thought it was a Small reception , they managed to squeeze table and chairs for the dinner to make it possible for the Night without regrets .Try the day buffet and you will know .🎀🎁”",village-hotel-katong,VILLAGE HOTEL KATONG - 5 Reviews | Singapore's Only Wedding Review Site,"Rated 4.6/5 for venue, 5/5 for service, 4.6/5 for food from 2 couples & 3 guests: “Hi There the Village Hotel Katong was a Memorable and Beautiful place as my boy got married and celebrated his Wedding at this hotel .During that time , as much as I can recall it was a Small hotel but pleasant hotel with a Supermarket for your own convenience .The deco was classy and beautiful and everything was Smooth without any confusion by the hotel staff .All went well throughout the whole day , the tea Ceremony , and the Wedding dinner was enjoyable with a free Flow of Wine by one of the Siblings .We hired a filipino Musician a one band guitar player who could sing and mimic Donald Duck .There was much laughter for the night and Everyone was happy until they didnt want to go home but chose to stay on drinking and eating till late .Thought it was a Small reception , they managed to squeeze table and chairs for the dinner to make it possible for the Night without regrets .Try the day buffet and you will know .🎀🎁”",6,2023-08-10T08:28:29Z
recC9EssAfXWpDgGc,Ya Ge 雅閣 at Orchid Hotel,"1 Tras Link, Orchid Hotel",,yage@orchidhotel.com.sg,"<iframe width=""100%"" height=""315"" src=""https://www.youtube.com/embed/Db9D61VqErI"" title=""Weddings at Ya Ge"" frameborder=""0"" allow=""accelerometer; autoplay; clipboard-write; encrypted-media; gyroscope; picture-in-picture; web-share"" referrerpolicy=""strict-origin-when-cross-origin"" allowfullscreen></iframe>
",,"Hotel, Chinese",8,"[""https://v5.airtableusercontent.com/v3/u/46/46/1761854400000/Cjm7RxODARL4NdL6vTbx1w/4O2c9QZz6Wwy_1qukRKGzzKLQze7EuPCwG1xkeZ1JzVQlA1kYIw9KFEdas-OWdPbbqZRHlPwOH7oQr9yMPMu1YGSMPjPwmuBpZNiDmsXsCigSI2xvc08qEHwclcwwTy2ZWooFvmrz41WqUknXcidpYSFs7C-JBL7AKxK6gspEz5dwteLBPAHegf1X4jKwok4/Wx7SEwUDyx1A7_ostgr7WvwmVuEazoLMq6oJOQ54b-k"", ""https://v5.airtableusercontent.com/v3/u/46/46/1761854400000/NNDzad5WXVgCfrmnLuA18w/1liUtEqpcVMAHeHvbzZj6R8XD3UuE71Cw0dpSPkWOEuMA2ctEmzZ1hdaJX1wGJDFCVE5flcuXnghiLmHCZJpiRB4PNbVxgA8htE-sHGmcnT4_3FGXh-eByrasSNyUzPr83IZ4iHwOQ6XrN5Y18H7fAEVYfci1FBeZgHxMper0s86K_prbTC59Wvb6YBF_Wmb/tmHaoYuK2fAXOo0LSk9CedIiP73-jRu8kUxUe3Gz4bM"", ""https://v5.airtableusercontent.com/v3/u/46/46/1761854400000/gdpsK4HymCvKV-R6I3XQWQ/eWSV9w1hReWj2_wgBaqIbgdWvBgmWeIsfyo8NrFSAi1Gq4_n_x_mcX4K3fGotpDxU0d_Dqhc-hPFgAH4xqMjiQv4sWIYpPau5YX72MVgeuaxwKm0PgSjcRHuRu7s-9lhgi1jThv5By_S3EkI4gKZ_dEaZRT4Hy8xV6EkO_r6b6Y/aWDpDKqUlxvcc_WaqW9sC-MyFOwGns45CKpmQxi_QDI"", ""https://v5.airtableusercontent.com/v3/u/46/46/1761854400000/tUW7YmFqyvAevDqZcQ_H9Q/xDFqUFNQSYkbyayOMZxHydTCBtB4tuNQRVC7oos5pganxTWRv4sVHiVoNlL-tC-HMOHbodLnwUqam-st-I2rSknWM_j8iWnMv9aO6NstoOzRHOsaGK2d6YYPNZUg-yaDn0ZOrhm5Rhz6Q6CqJAWwPj6qbYPSJjz5KqWXYyFb5iE/jpkQ1PLNQSgCUxm2S_B0QBB-XNFvcLS159wYpoQ4bEQ"", ""https://v5.airtableusercontent.com/v3/u/46/46/1761854400000/KyA94u-kecTGCXB4yR4nQA/lUdSyQzmHvCXks501jzLUl1O0G1Kxk3-FSTFI1HdnTkSDjpX-gRD3HMU6_2U21jVqDYnSjDBYajJdWHzP7SD26p53bPdIlM8KjyEhXcTOks9tQ36E78Pp8RdnH7X4vQHn4rgpOAkBrxiRixd2JcUvijwlgioGCYc76R5S5gvbek/F9bpEb6ycyCuzhwebkavxgL-XA88hZmG3Xo_rU0nyKc"", ""https://v5.airtableusercontent.com/v3/u/46/46/1761854400000/Wgw3twP932VUnGiHWO6R8w/Xe552Xs6gxYcrRdrhVUaemBNnV7dx7fQElPUag65Pr8le6CddHtRgB_FtJF2JLduUqnYs5ZwV18POeoe1nlRXwqzgSKmH7M6l2n49zzvW8KLlnS-AUZV0HbfUXRI4aDREr5rkqMtbLMCtv_ycXczPPWk4eLkxyujkKwoDjZFBIs/VqCW5QNby5ueI7ljRJG6zkwUsJgAcXZQpTo55p9XeEs"", ""https://v5.airtableusercontent.com/v3/u/46/46/1761854400000/dUhHplEcJOajLc75IKm_8w/vo6QK-iFs6UkJw9Wu2Z-Zf925uLgYmJTQPwJG-Vpgi7ONl7hzzkELbSnHbaXaeQ9pEZ8cto3rThqsCz6rVZHyrcyj4hm3J7E95A4qcBwTi5unA1qbaSawkJqSzCMGkRKPwVGGXoTnXVVI32_D1RT7BaIb_fTTFCUFdJe0njkdlc5DHEswMLq3-9I89z725NB/P9s3JD_4ntON85qg2toQ3lnDzqyGDjmRUDGfdhrDpu8"", ""https://v5.airtableusercontent.com/v3/u/46/46/1761854400000/o-JJf6sdu8KejhotukD4Yw/y-BSgkp72MdRjvl4QeQcvHr4cUilCIZuKM_tboe_QMowtIIRb-Ds2kd2_riA2TQ7_XwoRpifvH5s5aQBLJBH2s_Ycx-wsZ9f30MVBhtMKQ11Vh8UvtODogHLV-VzKeZatmEATjRHddFgK7WPbBkp7-ioTr7jtcHo4jkSjfBbixH9JzhaNeh50y-gH8yq8V5W/jIAxjdeEcUplEu5SkamTG1kG-em8AxefzUTvqLrNrb8""]",YA GE 雅閣 AT ORCHID HOTEL - 3 Reviews | Singapore's Only Wedding Review Site,"Rated 5/5 for venue, 5/5 for service, 5/5 for food from 3 couples: “We had our solemnization at Ya Ge, Orchid Hotel at Tanjong Pagar and it was everything we hoped for and more. From the moment we walked in, the atmosphere was immaculate and classy. The entire team went above and beyond to make sure every little detail was taken care of, and we truly felt like we were in the best hands, from the planning to the event day itself. The food was especially amazing and our guests shared a lot of compliments on how tasty the food was, especially their passionfruit prawn! Portions were very generous and everything came out hot and fresh despite it being a 50ish pax crowd. Special shoutout to Bee Yong and Fanny for being super attentive, and always one step ahead of what we needed, from decor to the tea ceremony. Everything was very smooth sailing thanks to them and their team! Whether you're planning an intimate wedding or a bigger celebration, I honestly couldn’t recommend Ya Ge enough. It felt personal, romantic, and it’s everything we wanted on our big day. Thank you Ya Ge and Orchid Hotel for helping us start this new chapter with such love and beauty. We’ll be back for anniversaries, for sure! Christy and Meng Chun ”",ya-ge-at-orchid-hotel,YA GE 雅閣 AT ORCHID HOTEL - 3 Reviews | Singapore's Only Wedding Review Site,"Rated 5/5 for venue, 5/5 for service, 5/5 for food from 3 couples: “We had our solemnization at Ya Ge, Orchid Hotel at Tanjong Pagar and it was everything we hoped for and more. From the moment we walked in, the atmosphere was immaculate and classy. The entire team went above and beyond to make sure every little detail was taken care of, and we truly felt like we were in the best hands, from the planning to the event day itself. The food was especially amazing and our guests shared a lot of compliments on how tasty the food was, especially their passionfruit prawn! Portions were very generous and everything came out hot and fresh despite it being a 50ish pax crowd. Special shoutout to Bee Yong and Fanny for being super attentive, and always one step ahead of what we needed, from decor to the tea ceremony. Everything was very smooth sailing thanks to them and their team! Whether you're planning an intimate wedding or a bigger celebration, I honestly couldn’t recommend Ya Ge enough. It felt personal, romantic, and it’s everything we wanted on our big day. Thank you Ya Ge and Orchid Hotel for helping us start this new chapter with such love and beauty. We’ll be back for anniversaries, for sure! Christy and Meng Chun ”",0,2025-03-13T07:52:05Z
recCU4LTFklNKCcri,Ah Yat Seafood Restaurant,200 Turf Club Road #03-01/02 Main Grandstand Turf City,6568832112,reservations@ahyat.com.sg,,,Restaurant,1,"[""https://v5.airtableusercontent.com/v3/u/46/46/1761854400000/I2NV3Jn7wH_th9bi4GvLDA/zbHlGxJmNvcAA750-epZ-Zb2nHrZBaIfiPNpiltUOodnM6IsTXqXvm_jf-0prsKYMRX2mlD7H5N6s7FeIbKlKzPQeoL53WXiSKHOM1bb14sei57SVWX87NFMLORVqYSQKwKjs25dkRLr_v_zQv5jSI8tOXrax7ONxPu7oAUzLrW75GeQ8uemW3oVbuQ9nPVd/fbyAGxg_Q0Al2T6QRyDw6_Mjo8tjqevKe9bxra7KAcw""]",AH YAT SEAFOOD RESTAURANT - 1 Reviews | Singapore's Only Wedding Review Site,"Rated 5/5 for venue, 5/5 for service, 5/5 for food from 1 couples: “A shout out to Cheryl and Winnie for helping out with all our wedding planning and the chef for delivering excellent wedding Lunch which my families enjoy very much!!!”",ah-yat-seafood-restaurant,AH YAT SEAFOOD RESTAURANT - 1 Reviews | Singapore's Only Wedding Review Site,"Rated 5/5 for venue, 5/5 for service, 5/5 for food from 1 couples: “A shout out to Cheryl and Winnie for helping out with all our wedding planning and the chef for delivering excellent wedding Lunch which my families enjoy very much!!!”",6,2023-08-10T08:28:29Z
recCn1RnSIygDAAzg,The Teahouse Studio,"41 Jln Pemimpin, #03-04, Singapore 577186",,,,,,0,,THE TEAHOUSE STUDIO - 1 Reviews | Singapore's Only Wedding Review Site,Rated 5/5 for venue from 1 guests: “Beautiful place for parties and wedding proposal! Love the chill vibes!”,the-teahouse-studio,THE TEAHOUSE STUDIO - 1 Reviews | Singapore's Only Wedding Review Site,Rated 5/5 for venue from 1 guests: “Beautiful place for parties and wedding proposal! Love the chill vibes!”,0,2024-08-04T06:30:18Z
recCnYbjyJW967btS,Tung Lok Signatures (The Central),"6 Eu Tong Sen Street, #02-88",6563372055,banquet@tunglok.com,,,Restaurant,1,"[""https://v5.airtableusercontent.com/v3/u/46/46/1761854400000/FKP6kJYn75RxM0jpjs8Zhw/6AIBcW5MvsbFdEGocnV-fpC-FgubmLpmbxS1js26w5xLiNYUFBmSL6YDA4gopIL9yYd5hB9zNSgD0T113i3QoJ5ywYD8ldV5Jru1kytCLqZqHVyKmPQ1V3Kkk6i755dw4Uznwrzu7q-9jJWI9QxaqngX9EVa0U90Bz4aDJTUEoI/Vlf9zlV49IkMjXvd1W8iA4QKejjjbo_roRnjPB0xZAs""]",TUNG LOK SIGNATURES (THE CENTRAL) | Singapore's Only Wedding Review Site,"Wedding reviews for Tung Lok Signatures (The Central) · 6 Eu Tong Sen Street, #02-88 · +65 6337 2055 · banquet@tunglok.com",tung-lok-signatures-the-central,TUNG LOK SIGNATURES (THE CENTRAL) | Singapore's Only Wedding Review Site,"Wedding reviews for Tung Lok Signatures (The Central) · 6 Eu Tong Sen Street, #02-88 · +65 6337 2055 · banquet@tunglok.com",6,2023-08-10T08:28:29Z
recCw6nQqAQnoxOZQ,Greenwood Fish Market (Sentosa Cove),,,,,,"Restaurant, Western, Chinese, Japanese",1,"[""https://v5.airtableusercontent.com/v3/u/46/46/1761854400000/yz2z8JoaTSSz6-KxTn2uVA/2nH4Oh3goYYxoyGJJ04nKa1uwIxtMsl18Kd8eVd0yEKozCX9-BRvv3cH4NRSNX4FsSt05uaIR_FagfWKW-Hfys9Je6R4_tIlFtxtlIOyeHEBQPUS19P6Icib33nVQqhfkf35H6t-sTrDO1wGfRfEUeHiVynWHI98XM560_hcyQ0/AKDX6sjH8WTWaWv-6KIr9ZldNJPSBjsS3332GquT5H4""]",GREENWOOD FISH MARKET (SENTOSA COVE) | Singapore's Only Wedding Review Site,Wedding reviews for Greenwood Fish Market (Sentosa Cove) ·  ·  · ,greenwood-fish-market-sentosa-cove,GREENWOOD FISH MARKET (SENTOSA COVE) | Singapore's Only Wedding Review Site,Wedding reviews for Greenwood Fish Market (Sentosa Cove) ·  ·  · ,0,2025-02-01T09:25:40Z
recD6M4zVuUnHO6HG,Alcove at Caldwell House,"30 Victoria St, #02-04/05 Caldwell House, Singapore 187996",6563365320,,,,,0,,ALCOVE AT CALDWELL HOUSE - 6 Reviews | Singapore's Only Wedding Review Site,"Rated 3.5/5 for venue, 5/5 for service, 4/5 for food from 1 couples & 5 guests: “Held my wedding here for 50guests here and had a wonderful time. Venue: Gorgeous environment with beautiful sunlight during the day. The venue did make clear to us before we signed the contract that the place is only accessible via stairs to the 2nd floor, and is not wheelchair-friendly. They do have suggestions for alternative solutions for wheelchairs which we chose to not engage, but it was entirely our choice to accept it or not. The bridal room was spacious and gorgeous. Place is clean and aircon was good. Food: Everything was delicious. I loved the Angel hair pasta and many of my guests praised the herbal chicken soup. Champagne and white wine was amazing as well. Service: The entire process from booking, planning, to the actual day required many details, but the planner from the venue guided me through it all while answering all my questions. Response was fast and concise, making the whole process stress-free. Actual day service by the ground staff was also impressive. Many guests commented that their drinks were refilled swiftly and I personally received so much help for minor details I’ve missed out. I felt their dedication and sincerity to making sure my special day ran smoothly. Price: The packages offered are reasonably priced with many inclusions that surprised me. As far as intimate weddings go, the venue and people went above and beyond what I expected in price, quality and service. Overall, my now husband and I fell in love and will continue to love this place as the perfect spot that hosted our wedding. We are grateful to everyone at the venue for their efforts and graciousness. Highly recommend!”",alcove-at-caldwell-house,ALCOVE AT CALDWELL HOUSE - 6 Reviews | Singapore's Only Wedding Review Site,"Rated 3.5/5 for venue, 5/5 for service, 4/5 for food from 1 couples & 5 guests: “Held my wedding here for 50guests here and had a wonderful time. Venue: Gorgeous environment with beautiful sunlight during the day. The venue did make clear to us before we signed the contract that the place is only accessible via stairs to the 2nd floor, and is not wheelchair-friendly. They do have suggestions for alternative solutions for wheelchairs which we chose to not engage, but it was entirely our choice to accept it or not. The bridal room was spacious and gorgeous. Place is clean and aircon was good. Food: Everything was delicious. I loved the Angel hair pasta and many of my guests praised the herbal chicken soup. Champagne and white wine was amazing as well. Service: The entire process from booking, planning, to the actual day required many details, but the planner from the venue guided me through it all while answering all my questions. Response was fast and concise, making the whole process stress-free. Actual day service by the ground staff was also impressive. Many guests commented that their drinks were refilled swiftly and I personally received so much help for minor details I’ve missed out. I felt their dedication and sincerity to making sure my special day ran smoothly. Price: The packages offered are reasonably priced with many inclusions that surprised me. As far as intimate weddings go, the venue and people went above and beyond what I expected in price, quality and service. Overall, my now husband and I fell in love and will continue to love this place as the perfect spot that hosted our wedding. We are grateful to everyone at the venue for their efforts and graciousness. Highly recommend!”",0,2024-08-04T06:30:18Z
recDE70TqO66tuVMT,Little Island Brewing Co,"6 Changi Village Rd, #01-01/02, Singapore 509907",,weddings@libc.co,"<iframe width=""100%"" height=""315"" src=""https://www.youtube.com/embed/videoseries?si=1OrEMavIhn6tolJX&amp;list=PLEUWuDRGTEJ5z3X0IWXJ4VjhSp8IB3Opr"" title=""Weddings at Little Island Brewing Co"" frameborder=""0"" allow=""accelerometer; autoplay; clipboard-write; encrypted-media; gyroscope; picture-in-picture; web-share"" referrerpolicy=""strict-origin-when-cross-origin"" allowfullscreen></iframe>",,"Restaurant, Western",16,"[""https://v5.airtableusercontent.com/v3/u/46/46/1761854400000/l5NnaPdqEDhohZGOPgR_Pw/w-smLP_sSGKACWc5A6TN3GL9qyyk4OSUP_7BzKOO3k_hNV2Xb9YQaPXROsNVKiLPu-5S5JZn9hk3USmlqZU6uyDz6HS6IYiV_le2diUasGqgtN4OxFKDVj88wc5Z7J3_-uRYf6CCYL9VQEUAGtlAodV6QhxhWE824IFx1ZkwzPWVVC6Yqv06TN8OWqPnaQO4AdQ0lzB13g0YB5MER-KiUQ/2kQ7MOuHIuqqTFAlqQoLLYUpf7crIT8rSGkn1ApWqS4"", ""https://v5.airtableusercontent.com/v3/u/46/46/1761854400000/bXoj8wrgIYdRttVj1-T0gQ/1IS7eVgWAU6fzyKxYtpkqR7sFBm6-xu6s4lWBA3Fx-V4C3vlOE6XM3nw5hjPjSXF8930OuBIUrRbzneLkkRnp4OIsifJBhpZEH98w8OANEoXjN5Iq8TliiZmrw5KH64ci2kydM_wuiJkDl_4cESGYzAodSYKJ3eVovvMMY-BWWwVsvx8W3IEnKQakErTWSoB/NCZNLE1rJ1USAOCWrBHsk8GoRHn-gkatQdyPQ05kvwc"", ""https://v5.airtableusercontent.com/v3/u/46/46/1761854400000/NSRJc3BUgHfZQFhxSE2DdA/EQcAXeG5QFF_3c-dOG0-3ooA10Cswng91wa1BS4dzQ2bX2ckXaPi_9VL325EKOIJDgCSI0dy1S-DC-D8dcdMxWHKxa_tY7rRI1v385TTQIky7WK70yRWcMIxCkJ_lvh7a6N-uImFVrOVlCxe3swscSE5rr2wf8MUKENJTt1qU43aCzerMLOXqN_7j6-Y-p7B/adBwllRrInIrUTxNnrj9sLfEIb1OXmcwFyP9TEz6ilM"", ""https://v5.airtableusercontent.com/v3/u/46/46/1761854400000/D-xqLFb_pCHaIbfpAPgxQA/MDRpZIMtIABu9iw9Do7wZD0O2ZTsdgdHeDBdJwGQPuPc-NQ_s2rg9M_vodoipuxghMbtE0Z5S7MdIx_M8TSk9sgvlj-mepc-knL_g_-yBxrIiNp2ePV5HcuelOS2Kz1Elz9aq5swgqtx1e3Kc18xecjuq9lflfqfH9v5gA7wRsYoGEcnUaFLKk9Rg0XDEv-e/m3KHr49ZVqQElnRPTWeJomnGwhRKuQPGOh_zyaylniE"", ""https://v5.airtableusercontent.com/v3/u/46/46/1761854400000/SxSbu1FI19uEDdZrl61oNQ/p2NdXrjb7imT2pdg3aHpT4L_OuL1Mq5pFXM-sevZkZUjEkLnKtWy29wdpg-NVw36bpROCm1cM2_tCJAWB7wBIvi_Ulrz_qyhvbnsahlUW4xw3VZQEdi1_3u47z9vkosdGhP369BawucrRem77AX0P3GaFTE9uHgAs0QC8RPGkAGlG0oH_UFFNB5bgxs6a_ZgqxuGZqQgivmQ_LvS1L_Z1Q/2J6UHPYcMPIVUYaV2YXFtw_L-TpDe0xddt-WNtxoWs4"", ""https://v5.airtableusercontent.com/v3/u/46/46/1761854400000/nuC-eSFiyyXJDsUaAXQ3sQ/r0ZroHTkz1Ca0pxU48-0O94NyOeM3AEsnk9inNnzNDua9k_HQ0baHyPKeYLPrM_ZiYBFAMFEynv8NKyfNV_krVtk0KcGpLkbOE-lSYz-kwr7RxZhY2zqjkEcnuKu4B0nrFnR9OArCnGGHuEmM6xwLSEq0R6fEYM4RYZd90EbsX1wpsGHlJnUmOHIUntMay2P/4tf5Angsf1W23fVDW8GOVCbNbW9MyK93VH_ieIIESLY"", ""https://v5.airtableusercontent.com/v3/u/46/46/1761854400000/19XNrH1BCPwdoUaqrqwj9Q/M9drIwO8KdzSG4ryTgzKW7o9WyQmdtmlEM0dbqjCw0WAW9b7LPIXYvCa8Zh39Qe5t6EwuhYBXwS6SKNc1jeya-PjxdmRZDa0pdEGbk3pwuX8XPLqoQPdFCU-G9neoa7t2XG2RvWNuc_1RB9lIQHjRolQI1FoEe9RZ_WmlxfjpuX4FjOVjbrqn0-PKaKmVe_p/QRMyLTPjyqEk163zLAQikaVsjjJnhenN_-Sx77eQAMU"", ""https://v5.airtableusercontent.com/v3/u/46/46/1761854400000/ereeEYapV8iaqj3j0WkPxQ/ly06PzJXz15LtLIShnTm4t6oqR1xhuP4r6NCwtDp0S1uMk24PKa0szGMlSszLbU3gX56aY2ufSg4LPYlkSB1mBgXLgGQrKcWgP8gjjxNjhqxCFUgc8gHLdNNe3RhcJkG3qv51-oKADTtlx5WBRR-DCZO52ElThQOwZFh2jKx4Sa3yPrsjq68NflVLnD8SDvi3FI1Po9YJfENALERC_mvlQ/oJD-ZhB7eQYS1Kh8GYUeq59qYon_e9V41lGGbp3__Ps"", ""https://v5.airtableusercontent.com/v3/u/46/46/1761854400000/GFcxZu2ORgqBc9zqRw83ZQ/qiB5xW1xTljoojNc69NrDElcsVcfEQxBXOqZHJPl2LS0Zmx6M1ppxZzIjMVCTqMEldyYX7CrwvwRKdxSBMkaTe8dnUSo4BmcohsXzo-icSKZS2voL8UZ9RlWFH0mV0xBxM5TjSFCsqm9zlyH3Zds2dsWvBgrjonBg6YlzTkFwDQHqq78p8oSyhoMTjzu_YY5_xy1QYtDr2SyXo75pNgcuA/oUrZExlmmnV0lekQCLEs7tRzS7R5Sv6_FdGisT7vqQM"", ""https://v5.airtableusercontent.com/v3/u/46/46/1761854400000/fwzbLd44MC3XnmNbBDqa5A/Pq5rHPjQ6j9rJiZxJkL7dXkdynxTWuXjMNXLvc2AvZzY7ZXl5TxtesG50ZhsI34otaT4rVqFgo9b3GSWDYR01pKd7eB3mPCRRIviqzHv1NBvFZod0WUetlfch_eoSvmAo4hrz1CN9fVb7n2l7fCOrPC0iMt9ooDH3Qvqw1hnkgpJS2EWaojxjyW3h6i2gU1x/9_Gz16awLaMEN8NytH9MAO7A4wYkWcSLczihVmHt-YA"", ""https://v5.airtableusercontent.com/v3/u/46/46/1761854400000/Yz5O6e3eEAeqbUhIrWe9Ag/4oyIMjd-wCgAAvgIT8_MtqDE8yHuSHLhoYI_dBF16JfhwS_D1AnW3yFpwLFp4wqFrylZa--yB1_hxLkvaa27gahi6gtW2VUvYZVqGdWZZUSFnQoyI3K_5PWlgPBos7ofSu-SUJRwT8G6zUa3TqHbW-9f0skqJQvUvajyUrubkuRZiOa42TIslJk8G6ITjVDl/8cUOT7KeVZYHlZI-1b8VEJIIKiN4QCz4Ul1dqFgrALs"", ""https://v5.airtableusercontent.com/v3/u/46/46/1761854400000/GPhJlkVv5fV_SVRGQKbblQ/BzpIshPqwvrxAQ2Cue6sAbmbLWJxtPwtSQiNFY4mR1M8syHaH-Nf4pO1huXWbVzIolmWVBkps2rSbZ6ea5Rvs1UXDV0d5JvCkPkq_vb4rhe5cDO1BelGJu8kMx6lWOprSJ-J1RkpeFGXwxo7ksDJqiZfandLo_4KOEN55aATaS_wTJ1SOX_H-1npR-jaYTx_bOkP08vMazdri5bC46t6sw/V-Y6vajO9Pn4VEDkx37SIASzZ-6aM1s6RPx-ay4CeAc"", ""https://v5.airtableusercontent.com/v3/u/46/46/1761854400000/nphb2S2JZKlOWJAxItLWhQ/LOt-2Xx1-L8lm160EFXAIGFQ-gSc_bDvXU6XFaQbQyrkdKOFyBHZIzZpyWV8HFsMFE-_2nal7R8xpSDVWlbh_R1LMK-nXj9BNWEpRxZQVx4EVdlfZT0auR5ls9KjWatzhAnStfuGZFqsj4ybosR8pieMMevpdwse9bAfUN-8_TYSaWLSp8Wv2zk0F_LE6MSt/zyxRYt9g2VB71BlTEeoZ9_7XtDklYcpG4cXN-gGyyo0"", ""https://v5.airtableusercontent.com/v3/u/46/46/1761854400000/VWI9TcHbUjaEQiaQSsZn_Q/UVCB8A_qd8d6P80QC5EX3ZJTwLXpOoaYNn32RvUFRBco8i0ndyRq3QjJaZ2-7PSBFnG1Fwz8C-VkXwM2WvtQKz3fdcuNI65VnMWwvOADOtGdpSPfHg4D66qmDiYr7x_Fo0dDN6JstvGBascOZA2LxtLo_pMGaBo5f6_SVSIexh5_borh4m3wKiMkbmO-gynBLYn3KGpLvpUOW5dwfgLiwg/VAaTaeW03WPGaHp48gRg7iUhM38xeOC28Hn6seHdRwE"", ""https://v5.airtableusercontent.com/v3/u/46/46/1761854400000/nMmVlj3sVSUXWvR6d9Wd4A/A8B6nk4mN1qRP2Zo33rUapcDcyrpN7Yf3wzMD7mTPG9giKrjRk5VqYmIBMXJb1i-Cf4KS7g6t3VNo4guNaK9H5URhIjOqibGNkgUY6FP5YQQHgEDvwpUbfXjyJYUmGu9BmO4hsxOr5aDhkUJCYSikYOyZRjcUog6_kpLb8EC5ieiUP2LWdIOGSKD0dd9sUQ-b0toneewVyCpMxJsHB9PJQ/pBKegLXgOgs44DrbIduGG44RpBx_d1N1s7n2tvo9MBM"", ""https://v5.airtableusercontent.com/v3/u/46/46/1761854400000/Td5MlN7C5xTL1e9oR4V-Eg/K6Kc82uscrwkI-zqsXgQPbqBE-LKwXBlJHkkoxi3ptGcIMNc7WK5ciogVqVV4GhglS5IK3__K55wLq5mNGcqEAjYNyO2cwPODacW24txx0FQdghAvdMdB1V7l3IGLuVUjVcph6mK8OyD9-0b64uchd1Wfu09FJdT2AZ9JuAIPB_XbMVi_ks55t8KImth0tL-/4sh6XyTtKh3jiqcqK41VxeFv9tWXXWpR-vvgcfU1OwQ""]",LITTLE ISLAND BREWING CO - 27 Reviews | Singapore's Only Wedding Review Site,"Rated 4.9/5 for venue, 4.7/5 for service, 4.9/5 for food from 16 couples & 11 guests: “Have had my wedding here four years ago and I'm still spending 💰 my beer 🍻 prepaid card. As a craft beer lover, I think it's safe to say that Libc never disappoints. Would love to see them hold beer tours and sommelier tastings.”",little-island-brewing-co,LITTLE ISLAND BREWING CO - 27 Reviews | Singapore's Only Wedding Review Site,"Rated 4.9/5 for venue, 4.7/5 for service, 4.9/5 for food from 16 couples & 11 guests: “Have had my wedding here four years ago and I'm still spending 💰 my beer 🍻 prepaid card. As a craft beer lover, I think it's safe to say that Libc never disappoints. Would love to see them hold beer tours and sommelier tastings.”",0,2024-08-22T12:07:48Z
recDTXxx4UBMHDiXt,Raffles Marina,10 Tuas West Drive,6568691880,sales@rafflesmarina.com.sg,,,Hotel,5,"[""https://v5.airtableusercontent.com/v3/u/46/46/1761854400000/JCeiNbw-nmJ23ICFtnVKTA/dXXCJz649pa2lYXmeuwDaIhh1lifMvUaRiF5FomJ5vbMnmz59kMhyPWheW1cXvE7oMJfQn2XyV3WbrLV4sAj1LIfADV9Yl82ujRUnp_9pSVpR3Intl48fvtMG176M4lJGI_4-7nHP1MNLFEpePzuz-zp2AusuOImpWwE01zr5W0/HHay6nN7H2u5vUtXYuGZdlxH8F1W5PdIzixaQVpIMoU"", ""https://v5.airtableusercontent.com/v3/u/46/46/1761854400000/GqACBygUFFEL9MBBLA7QvA/FmEhwTKsIxQLTMFs0RkXw3mtMYqeuAjs_MoLo8TiwEJ4Qkx-mMKKVci8nbzNF__LyaFn87Fce-qLoAl_qIG3W2f4Q8ct_OREGbzIy5TaVpGVaHsLNHXnFN2ErxFT7UpCtvo0gDDFPLzgKDaqdw98H9QZB-mEM_APgF7UCrK1DDg/nUoTbrOGjwEj0XEKIBMO3Rl8ZTaXzQl53hLc7l_YX-A"", ""https://v5.airtableusercontent.com/v3/u/46/46/1761854400000/sqtJjLNXuDHVUS9SIaKuvg/NVlyk1bW2Csoqpvy6CBPl2Gd9eOSx_a0uO7nYS_8kk7PjPlfMUVcz8eim1pJRl9epelQTzK1KYGO7vAPr42W91HX4QVc-KPU4PXFgfyE7Q9Vk1AVnaFwTRhhnz3pGffl_f78ZH-IgXz-oFawGwvuWrwgJWjN2tvPjk4nkn8l1qU/5FbpgcsTuw-Ufm-4tfWbq-HaFGKBHH5yfqpqHgF-aFY"", ""https://v5.airtableusercontent.com/v3/u/46/46/1761854400000/D_m3cw0ysJi6hdt7Z6fSRA/1u50fVpaSNsEyUArJyALbh4SJhsI7Y5HroiSif7MCorIfhWTDOFCSXSDUlBRybdscu3ZC_6VkQD8EO-qcB1ZwalePgtN00-md7LD4d7a1OA0k_YVdzk2MurNoBIr-ta2C_svXEwguOYLy8xXeqvi-5XOBQkjh-vT1Ibw9lBJGBA/_NizuU44KIKM9mfgboL2bf58S0drtqxNdBs19j_TXTs"", ""https://v5.airtableusercontent.com/v3/u/46/46/1761854400000/FQzP-Rs5c2ih65UmWV5_dg/6Zsj1_6Lzxg6nCqv1Mtm-_QCrLYd-Zg51vjAqQDELvLJckdx3uTb3kcOCU9bGbEgKxt5934tlv5VDvMCrI1HWW4bMgBJ2tz9xqIQ_wtZzwy2-drdVriWn4ASYQtWvFvKnNuOXydnkerKeMLvlax77ab6bU0CHthkOZUjTSYhS8U/x0Rt1WGF7nPA6hUGyacZB5bmdO6UNoIFgY41EwumR3k""]",RAFFLES MARINA - 10 Reviews | Singapore's Only Wedding Review Site,"Rated 4.7/5 for venue, 4.6/5 for service, 4.7/5 for food from 1 couples & 9 guests: “I was there to attend a wedding. It was an awesome place to be.”",raffles-marina,RAFFLES MARINA - 10 Reviews | Singapore's Only Wedding Review Site,"Rated 4.7/5 for venue, 4.6/5 for service, 4.7/5 for food from 1 couples & 9 guests: “I was there to attend a wedding. It was an awesome place to be.”",6,2023-08-10T08:28:29Z
recDiH8ebiFBl1m3G,Qian Xi Pearl Garden,333 Boon Lay Way SAFRA Jurong,6563169595,Torrance.foo@qianxi.com.sg,,,Restaurant,8,"[""https://v5.airtableusercontent.com/v3/u/46/46/1761854400000/HPRw7riMC735x12SGqZWnw/S2VNV_MZyxKVZ72ElUZgoXloiEZQdr3SY-UObXVl6vW_Qv4bJJE66Tl4sm68T1-wuo0e8fzLGEMBapQwVEkoVDPn37YmK5NvLGPpcakSlVCvBeqFE5dl8pK3nSQb6NuxqHGOqI8KIPGYZ6FKF-penAMrfG2dRGTCWCa8Ulz-CYnX3O4lDYHETdzd7fNP0K27pkVzJPNn7WpozyLX40Gq_g/RPzOM87xzi2BlYtVnyAbthEoXdxuHE8SNi99X57rX5U"", ""https://v5.airtableusercontent.com/v3/u/46/46/1761854400000/0bmH17J-YvpRmmGoBFGM8w/Gj9bI6fIr91xNbeCCDVBGycfwC4hXfydFUwPOGu3808dhObbp3EqbFZHWcy8nHM-Mrv2NTCkCBQCeqSr2Q_Vv1jyNzdyDLySY0lE17FE_Dz-6URC8rtMIN9ma1L19duGmN7hjFyL3K--sVkSd9D9iSILl9tbBmDnSQYL7mhVPtmCS9I3xJ4dlTZlwTVQg5Uvv-uRRFeLOmIVqZ8fvWcMXA/Kpynuz5FYuPQKybyKPu7BN7gN4tiANX0crPlXEU2EaY"", ""https://v5.airtableusercontent.com/v3/u/46/46/1761854400000/v2wd3Rg9YanNTnIn1m1OHQ/56gV1aAPWSFcsDV1MHZLcvSQ2p-Qhw9aL0pnO4PgcriuWsZpjMcn5QWRC_E1Z7dbgb_26J6dV5BfmeLJdREU4deEULGAqS6aqGZHLXtCNruyXq6NbaYl_3i6HwVkXQAih9ppbQ9E-71VEDHlhG39RFrnTQ_jAHe5hDDMIvXVm-ZmLwGoI3AERsNxvX7Z52H8Zc6rruVper4ah87urTK0Kg/ZNrFXtB66eUxCrZ4eXEFf-iclfecKjo3sbaUBArWsUY"", ""https://v5.airtableusercontent.com/v3/u/46/46/1761854400000/Xicxum2TFixQFdrWTL376w/jzrrP6whIpJQGkZG7INXosYgnCb1sD5UYxVFjNdWwDt--hH1u89ZZ9abwcrpQYDtbttfbiGfuMosFIPdWJ6PJEBtJZuwC9q-OW3BiHJOS_a-zGqRzqCNcoc6dxAknJNzt4e6d8uRKPrThC5CZwdA18C-maEbqDpqBUeOirPkYrm50-LmiuRSoqQOmYgnAxN0NS94_9P4-8xFZduUFtBHeg/GqFf1c5Rp51WLEextApcWO_canNubB7MYmk2BEhA0cM"", ""https://v5.airtableusercontent.com/v3/u/46/46/1761854400000/D0NnYTFVFW0f_pjfACnqtQ/PyVTvHSeg45QGeI61B6QClkPpBatXpppsdMhIkSLkSXekmrWNhe0Y76YaM3ffhHJHe7T_ubDrDuJE7oLDms-YlGM4uzo-rcsaeGTEiS-exOCUYWrubQSss6Dfld4MfqnEV6I1SiUwxLICKNHhoGMzkg8mCe85Ynm_IvnoGz9i7OJQML7EmQpDTSWNtcJ2VWBckpSc0sKUS6W5M68LoH8-Q/hbbSj_yfs1DNhsmd061MqgLf7sgKjWVctCAuPvCsSrI"", ""https://v5.airtableusercontent.com/v3/u/46/46/1761854400000/P5-UYYB_HozTkiw8a74olQ/SlrEmuGyegoZU-rdlcGv6yQyK7Sn_x03QGIGwPaT6vZ7g7RCUkiRd7bDxc5uXIZENBq8gJixTqOWZKkRVi2dfC-XnkGAZ0H0PTgk7emNeZGFuxRzVHdLdknAFkhm7s-0mfIL-qS8YKpmNcV0WeKpNO-sL6ncux-aFQEA2mHhuEYwaq2qzehtCwmKc-OeLLxnB4csFO-yUgdVW40O5VYYcg/QliwcyxHmGvk09TsO5b_ZxHgMXuO8xx43BbKsVumgQw"", ""https://v5.airtableusercontent.com/v3/u/46/46/1761854400000/AXeznxMJ7IJBcMGa1sUNRg/SYclK3GtMeZLt7htiu8Ya0hp_EiSX3Qoik9kod9kZfBHatuuqpQUBXz80FPxNsQ1y20VPU0JRpjrDlwbB1DJR6ZQV0bhpFwIqZL5i9B07P7atjPKKFF1m77_WtTveQHS9fmXNpzLjam1vswzovIP-PzTKTOc8_jUZKmOk77FLLyJQPhGgTe4HNOA-uBsfgeE7Khs8N2gP3-d5JGr6PnAvg/J0LnUq-j_8qBWEF6-b0PCUoKZIiPMOcVaAy2Xi6PN04"", ""https://v5.airtableusercontent.com/v3/u/46/46/1761854400000/7Rm6mtlyKmLsxxL95N30mw/pdIVFOTX7_j8pjz6gg_uF4IliPAziTc7oJ0I_VwZV7c6euS1imenOcRZWPcrbw4F4zUVGZ5Ih3K7BTkXOGslr78hrQEwRtoKePhoWz1T5V6_zUJJgyAnHRja_yBG7HyB8aIg5eBIVtbXUJDbzVLe-ROvBDz08FSB6lMjk9JEfrBw8XMgH3QPQYzGSbdha2asXnWzwstQgvUeZqLUei4t4w/0IjY9zX2-pCDNJqGXyKGjStHKiSkY4lLmM7W4AZxg9M""]",QIAN XI PEARL GARDEN - 1 Reviews | Singapore's Only Wedding Review Site,"Rated 5/5 for venue, 5/5 for service, 5/5 for food from 1 guests: “The food is always up to standard with good service provided. Good choice for company events and weddings!”",qian-xi-pearl-garden,QIAN XI PEARL GARDEN - 1 Reviews | Singapore's Only Wedding Review Site,"Rated 5/5 for venue, 5/5 for service, 5/5 for food from 1 guests: “The food is always up to standard with good service provided. Good choice for company events and weddings!”",6,2023-08-10T08:28:29Z
recDoffEI8F40Vlop,Sentosa Golf Club,27 Bukit Manis Road,6563737135,sgc_sales@sentosagolf.com,,,Event Hall,2,"[""https://v5.airtableusercontent.com/v3/u/46/46/1761854400000/NLF7QN4Rsc5AppO-v3tmwQ/rEPbHCHirTihu-z08T-T9WeDf7wee01m1kwhRv1-E_dkT_EKexT5q_ibcUCPpSXpukA9P9PwBU2JJUx4toSiUVgizvT6AS3Q_cxuJcIVPqdmjkb5oKsITKe4WbSfGs_Nc567ZiVl6OQRwaUQQlEaTG9H7AesR9Dbr7qJ5zfRNHc/wOqCkPWb3l345ye91SMLiM7JNkCyCD_YxqOjA25FRfk"", ""https://v5.airtableusercontent.com/v3/u/46/46/1761854400000/tc5mXmsr6iADPt4nLbfCRg/NEPa1QVfXg8lpgu1F4aqvs_K2no8hlVwRD-SAaxWYHjpOhIbdTwOChPxSdrGykADpyjMsnaWVNFuRVXCuIW7tDjDmAZSrOvRPK1OUe_mKxudWAKNhtPAmHXyySYh-4sf-4hnQvUsO-KGIXyxieSsGeEO2P9eirRtgX9cjT1uRFI/Jd7wNGsKhtybvshlRiS4KAhFDKkzm2MiEYF7wS7ufdw""]",SENTOSA GOLF CLUB - 2 Reviews | Singapore's Only Wedding Review Site,"Rated 5/5 for venue, 5/5 for food from 2 guests: “Attended a wedding here & food was amazing 🤩 very private too!”",sentosa-golf-club,SENTOSA GOLF CLUB - 2 Reviews | Singapore's Only Wedding Review Site,"Rated 5/5 for venue, 5/5 for food from 2 guests: “Attended a wedding here & food was amazing 🤩 very private too!”",6,2023-08-10T08:28:29Z
recE2FB5imvj7R2ID,Straits Chinese Nonya Restaurant 土生坊正宗娘惹餐馆 (1953),"8 Raffles Ave., #02-21 Esplanade Mall, Singapore 039802",6563393683,,,,,0,,STRAITS CHINESE NONYA RESTAURANT 土生坊正宗娘惹餐馆 (1953) - 13 Reviews | Singapore's Only Wedding Review Site,"Rated 5/5 for venue, 4.8/5 for service, 4.8/5 for food from 11 couples & 2 guests: “We held our ROM and lunch celebration for around 100 guests at Straits Chinese Nyonya Restaurant (Esplanade) on a Friday, and we couldn't be happier with how everything turned out! From the very start, the planning process was incredibly smooth. Kelvin, the manager, was extremely responsive and helpful throughout, which gave us a lot of confidence leading up to the big day. The team was also flexible in arranging a reasonable payment schedule, and even offered discounted rates for our food tasting session beforehand – which we really appreciated. Additionally we had some relatives who were vegetarian and Muslims and Kevin ensured that they did not missed out as well! We chose this restaurant for several reasons: The food was delicious – flavourful but not overly oily or salty. We were able to share our preferences and the kitchen tailored the buffet menu accordingly. There was a great variety of dishes, and two big crowd favourites were the durian pengat and dry laksa! Convenient location – just a short, fully sheltered walk from both MRT and bus stops. As a bonus, the ROM registry was just upstairs, which made things very convenient for getting our certificate printed right before the event! The traditional Peranakan interior was beautifully maintained, perfect for colourful photos and something that our older family members really enjoyed. On the actual day, the team was on the ball and very responsive. Guests got their food and drinks promptly, the AV setup was a breeze, and the team was proactive in helping with logistics throughout. They even arranged carpark tickets for us as requested. We received so much positive feedback from our guests, and honestly, we have no regrets celebrating our wedding here. The atmosphere was comfortable, casual, and relaxed – perfect for a meaningful celebration with our loved ones. Thank you again to Kelvin and the team at Straits Nyonya! We’ll definitely be back for more yummy food soon. 😊”",straits-chinese-nonya-restaurant-1953,STRAITS CHINESE NONYA RESTAURANT 土生坊正宗娘惹餐馆 (1953) - 13 Reviews | Singapore's Only Wedding Review Site,"Rated 5/5 for venue, 4.8/5 for service, 4.8/5 for food from 11 couples & 2 guests: “We held our ROM and lunch celebration for around 100 guests at Straits Chinese Nyonya Restaurant (Esplanade) on a Friday, and we couldn't be happier with how everything turned out! From the very start, the planning process was incredibly smooth. Kelvin, the manager, was extremely responsive and helpful throughout, which gave us a lot of confidence leading up to the big day. The team was also flexible in arranging a reasonable payment schedule, and even offered discounted rates for our food tasting session beforehand – which we really appreciated. Additionally we had some relatives who were vegetarian and Muslims and Kevin ensured that they did not missed out as well! We chose this restaurant for several reasons: The food was delicious – flavourful but not overly oily or salty. We were able to share our preferences and the kitchen tailored the buffet menu accordingly. There was a great variety of dishes, and two big crowd favourites were the durian pengat and dry laksa! Convenient location – just a short, fully sheltered walk from both MRT and bus stops. As a bonus, the ROM registry was just upstairs, which made things very convenient for getting our certificate printed right before the event! The traditional Peranakan interior was beautifully maintained, perfect for colourful photos and something that our older family members really enjoyed. On the actual day, the team was on the ball and very responsive. Guests got their food and drinks promptly, the AV setup was a breeze, and the team was proactive in helping with logistics throughout. They even arranged carpark tickets for us as requested. We received so much positive feedback from our guests, and honestly, we have no regrets celebrating our wedding here. The atmosphere was comfortable, casual, and relaxed – perfect for a meaningful celebration with our loved ones. Thank you again to Kelvin and the team at Straits Nyonya! We’ll definitely be back for more yummy food soon. 😊”",0,2025-09-28T09:14:40Z
recEFFC3bDrpanLMO,Wheeler's Tropikana,"9A Lock Rd, Singapore 108926",,marketing@wheelerstropikana.com,,,,0,,WHEELER'S TROPIKANA - 4 Reviews | Singapore's Only Wedding Review Site,"Rated 4.7/5 for venue, 4.7/5 for service, 4.7/5 for food from 2 couples & 2 guests: “Love the place . Had the venue for my son’s wedding . Love the lawn especially”",wheelers-tropikana,WHEELER'S TROPIKANA - 4 Reviews | Singapore's Only Wedding Review Site,"Rated 4.7/5 for venue, 4.7/5 for service, 4.7/5 for food from 2 couples & 2 guests: “Love the place . Had the venue for my son’s wedding . Love the lawn especially”",0,2024-08-04T13:15:53Z
recEVqHq1aNQ9gkfi,JW Marriott Hotel Singapore South Beach,30 Beach Road,6568181900,jw.sinjw.weddings@marriott.com,,,"Hotel, Chinese",38,"[""https://v5.airtableusercontent.com/v3/u/46/46/1761854400000/SK_r0expkqUHDUKRqxZuUw/y9hxad1Ry4zshJ30-hQ9qbX8C4a-qbH0dBtWTbWLwOFU7jRJxtpLPG8XffOE4nUj1VFHsTKyztXwcK49C0C7k9FVcf_nsORFhLwZijAfJC5D1JFuF6NTqVyqgngzXTVci6XqH7ux2wMSRyPik03xoRoZDRz-lU5vpJkCbyqHVNwI9LQs6PgymAnYBi5_NxY4/PqkLGTkK0V1Vtiu8hpGy_88G7G-aKRD-nI-xTrkM3MM"", ""https://v5.airtableusercontent.com/v3/u/46/46/1761854400000/r5zr7-XTO7i0aazlnHwjSA/cpNO7yG64NJJYfXvGJAWqmaRO3T7WHpDv_VAcbZouXbgW7BDFFVn-ScXz135LRd4dIMVoaifHjUwinva0S9C1-7EAYzdnoTJx32sADwZvvGue1-htEEYlmq1RggMqn7at0a7bbEQTUVRMu7NfZo8-1qvi78b__6zb-zHCc_KQ_Xi18QocEuNTgPL5gG1Xtq4/JJhcfVEMyo0dJYd6aU81mQsv8ZfhvjQb9VHpCKonEZU"", ""https://v5.airtableusercontent.com/v3/u/46/46/1761854400000/AN1jg4aej_xopKxghx9aNw/hYjn7guObikJ2kh0-x3NlFafGcFSpn4BO3RSm3gMM44N9MnJbopyOhLwQSphEOUPIsppIp3kzHPwrWcoPPD8pUgi2VLxTlJt1fdXosotyUZwOO6JliQAmLHU_LXSdAQnAjs6Ihp2ehVQ6_cvxzJ-aqLDA7noIWM3NGE2wtZbxHsMmj4Jhte413QYtP4f7u-T/LWcjDw9Epen0yfjrQ1fjQu2y2in13nkyzaIR--Hnu4k"", ""https://v5.airtableusercontent.com/v3/u/46/46/1761854400000/EZGtXsSCAThIFmmzmuB4NQ/lt19WCaPF2xMHtjfaVhTRxCm04sJPbp5O__tYUQ68n0eihwziR2MJg1qaXWTXs9HOtqhbhiFcfEJnXqMd_5a1RuL0zXEvRcyNKmek0Bir5YCyMOuXhEJNzvspdXjBmtuUHr_aJ_XJ7iIgS5ssNoDNJK2Z4EtKwW5wxmnxRjEiwt71uREjDPtlX48X1a5K1yO/Drrg3qyqmytdLcJOgTgUANBfFi_WhzPKsGMr_ppuq10"", ""https://v5.airtableusercontent.com/v3/u/46/46/1761854400000/bt8KUlD3sMtO48qLs0bA0Q/VmtIv5vSjuaPCeo-DEoEj50YO4zhw7M0RY68yU0glsRzR1ewB8RCyH--on7DpXP6-yMDhA8ep8jE7T3iTUH_Qe0CGAhabGodiwgapX7gefzLPwxev12czUHjoDaucupaMZtLigNl2z2E9iEYi4KrDyjnatdqGbluJ3gjqkUGPgMSnu00lBtkfY_2RLNl_0Hi/xNwPpFcUcDLcCvjDtLjDEUtiWhvFfdLOiPXCFCYckUA"", ""https://v5.airtableusercontent.com/v3/u/46/46/1761854400000/klCgBCUoA8QUmbECjq1aZA/pwURwba2umg46GmKs88V6iwhtBbdxJQ4wAVztNwzmgc1755B50kuHHYJC-z2oVr9E35fbWyc3mBHIOWhWEHECkFoolUGI8qb1wzu3Ynco_ZmutFgcVypiBBm1ilR2ObxSBsYaDzs6rT80k0PvNxaiznqNU4ZAvHubHZV2qGOBHyYzfzLBmWRfzjPX2d3IBTo/fBqT3Epo_dTVuuRs41e1o9t-eYfRvgp9Mj1oqX-5GSg"", ""https://v5.airtableusercontent.com/v3/u/46/46/1761854400000/ynQGMj0SpZZUN4JTQBELBw/J_RWTWZQMYmzYYUSsujgBRKy8XQP9-oxMV3i6WeXFtIyCMDkQbssJYazWjv5FM9CqGa478koJjmvGqCuxp4wg0ogo2npUvjmnB0U6ziHjcQG333sBMY8DMTLaG3C_egiCty1CDgOL5j83ySzeQtVXkxPaBfaw-X4tH9l8b14nX_5v81oLW58gYaD5dDNhs2H/Dl3dVeQSj9oNPkq1U6rxSQ9K2SaFlWSxceDidQFmhVs"", ""https://v5.airtableusercontent.com/v3/u/46/46/1761854400000/HnqNOXGQCpRJTaLY9vxTVw/lcwrFGahXnoMcdqls_L_lNf_8b8DaT_UNyiG60Ld-MUIrVZIxWmhROySYodgB8rgZoWTqHEjPFsiiMPgSwUnhQHnzkTwW6r2ffPJRGjRJKmM2C6NIuIeJO2FaeX1Cg4qHKMaqTtDKgiJA8T0o9KgmiURt7juV2HMu0R53tBTLe8saJwtSCwMNz4GJkosFDJj/wh8ZF_cT9YbKpQ4L0qnaEVcrlyhyiNrr9T6cCFk1o1E"", ""https://v5.airtableusercontent.com/v3/u/46/46/1761854400000/FEyv8VZzZ5Ab2dhL3Oppnw/l2Js0645iiuFAfQfxgX4AelGrjuCTSsrfPsAD4xZlHnC_rEQc5Mkt2lfDL9Ktw2vBV8GOLtZqjWSe6Uw4yNb07PFsoi8JdGfiWq8RQwwioIkQZLwh8DnWLPqXWcWpO20KZz2HTdGXvHkwOYRumkXi9IhOJpvuRtn4FgUJaWhq0ijlF-s5AHN4vTQZKk9y6O6/fbfi009K0CHsdm-TvtUoB1t4M7z7hHt8qjgURdbFclg"", ""https://v5.airtableusercontent.com/v3/u/46/46/1761854400000/9h7MkPTd7-eoYpHcIXXmPg/DtNj-G999_6tYBwUnoSfv6qr2Ve3RHHzRxKMXtA5hpsV6FNSxYyCA2ugSzcfadT5h7bbeahdn1Ms8fzk8qLMiOf5sxh50RTrgH1XWbebRADthh6DqQ-OZcu5aPr0C__o4zszePKpVpu2lX1UUTE8eqQ6EmIEvnK9kIbw9HD5CwxgSheYYuJf6ldF_7pkAT9E/Sm-SwwbHnzyUfSr6sWwHcuBY7_olx_-CAjyEzn9lUn4"", ""https://v5.airtableusercontent.com/v3/u/46/46/1761854400000/UWcAZJD5i35momZEoYmjBw/8eRJjj24Hh2s_zDoh1fW2d7D_uO-LNJVbMR5RXBmXjGIV1UMWi2YKmRVwGScA24gPYcKElcWt2lCDZExvljzseZhWZomF__oOrHXHfv_y10QVAyX5fdoTPHQrgiAYK6920npj3iWLfUjExVJsDDFHwfH3l3lE9d31AHlNEwTWy9MjHHyatFONu92kyZdUqit/tyoescTNuwBSfiBrZ4LLIyW6lvHlHMWRfm--kBYbucE"", ""https://v5.airtableusercontent.com/v3/u/46/46/1761854400000/pidvtkcAjcrZGKFUtf2cAQ/qdngccIcFxHDMUuuC31rJuR_JrmRFbrUtJ6Jbh0oQZQazz31r_4NesbhudL449gNtWYs3_aaFBqX_L-GvuC-7HjmVogJ1e6N8musjPNGY3C8fYudQwXP4-2DOiZRIJb7IGh_27gZv7kcXivgGhD_Zagx-lCPR_-P2fbieLOzEhNGoFyNag_TV6Kxq1OFVh_4/-qyXw0iE-XCKDgmdvMCzdEqUFFBI7-IxtgSYnfklWxU"", ""https://v5.airtableusercontent.com/v3/u/46/46/1761854400000/Zvz63GNYQ97Nn8WYQglakQ/LQaAIEdNweauGKjxrXSo_JaB2mx4q8lOBPeMTjDY259cp6ZR5l9hgmcrxyVFA8Pt4veRl8KVdtZFdRr9a9HXgSQBZVRB2nGeaXR7ut0AcU-kWZLyXiUEALapprvdw2fLoWKkqrNU-ADRDWrl_H1IDvLJkbb-WJCLjLvkGDLKxxtKmAopxuTwfV7u2VyILJrp/wz_uUMpe3r1fgVLX7WpbSoYlhqKkqYr7olNGoASWeTM"", ""https://v5.airtableusercontent.com/v3/u/46/46/1761854400000/Y_FoWRt6ZpuKH09phMghAA/14OjVUWdsR6A-hkM17127tSDe8LiRFsX1pV6HvJSiz3TFJZyPZALOErVkw618p6ZiLH5GfHjFvret3OXTE6SM4Du9h6dIgo8tGn35KlNaDaxWZ1d5q7dXiX-g4cIJWWe5w3Q7gMPl6XVYg27KWImeQILfp5Pq2_liy-COGaDoqylam9gNil7YqNRRmNgQmeO/JcXUk0P1uA54wPjWnsN0b7dHa1fjLwwDGDlQ2dFcgFc"", ""https://v5.airtableusercontent.com/v3/u/46/46/1761854400000/26hfI2O2vltWXoAWDnmgcA/mvjmXm8VQH5RTg7eWwgdVo89dT6omwfLlmZRxXkX2glKX2Jlwfmy_nH2y_6DSggXhO2-NPQL68qxAEspg1oQAeZjMXFeJqN_PIw7vTqDAvv7_m4iCCtP-o_61ZRE7eK1-HJK1_psDuvr_Vxk-7dmCoh_UX6ISX1_jxo8CPYN_Ctkh8z-MG3L3dJywS-vBQzv/dQhrWWNmawAoRSeAqz6IEoMTQfRU3Ot_sDYyRpwT7n8"", ""https://v5.airtableusercontent.com/v3/u/46/46/1761854400000/6VOnhgVW23zNtqnym717sA/sSo6izqt9Wdt5b5Domml9fXRDmHQCFdtwUta1u97cxgcQ2FbxmxSwfJyRiGuaaCNkQqFksbaAYLR-QxC8TSfOvSXg7lgHZBPUqktOB2SgtFF1lI6or3b_peyN5josnIxsuWsxNNCAoWKsADmnAksruOyHq34FNKFAVqRW9SrELOui_2wGQNi-HiKsFazmdH-/cqLlu_sX8lcT_b2qDFgX_BQ3dccgSIyIowL2vrO3SU0"", ""https://v5.airtableusercontent.com/v3/u/46/46/1761854400000/TL6x3ttsKH4m1ALvSqSgGQ/sOrwhj5CbhdmUL3UiwOOlU66PjAA8fsqaoD6LdnXRWa4Zwaq1OJ9zClYn-3_VpA3lqa_FkQN5lxIIDLl5nalZSqE0UVY9cIM3tB9tcmnDtff4_R2hSOPPadjUBQ_Y1F8M-4UrcUOepryLdRzrIhoi3Aj77vSvhVUoscAIyo-1qumhQ3AB5vIouQVKWMGw3jQ/b3c8QsZqs6ixj-_I5B5oOAQlQP_5nTL4_E6VGgSW3-4"", ""https://v5.airtableusercontent.com/v3/u/46/46/1761854400000/-9ME5HnVzo9VHsKtJpGafA/F2FTjD6ldDfJPQGzQDJR4_URwc5vBpELx49nf36m7BBT66vSuQTj54wXiibLEKcnoCsp9bKQpOEOrsZ5D0lCEKOGi5X55LGE_yCRvmaAGrDfQN23F-E7hwIlOT7SAHvgk7SCFVBGeeAMpBX40nNJdbxlUC4HoK0-cfJbbQmp5ynNN5-l9cDG3klAny17_4a8/RnJfg8vtdTqf4sWUGPq5gzssgjBfi0Z_KyYYUohsV1o"", ""https://v5.airtableusercontent.com/v3/u/46/46/1761854400000/0OoW3EnBC5ZJsWRRD7qOCQ/eQsw0Jw2FArBfMmn9CR7PVO7M2nFdyzxtnuIcGqCG8BYiIFccPpPGKweD8TR0RV3jsmY7ZelAhH_xjVASn5rf3-3NxhaKBSn5W4XGg4mp-L3P7vRZet2mT29fidSP3olJKoymQB-V-NmcVhZDjzO-UhBg8M7kHI8X65tgB__i1CBbe1XESHKeODJWDuD4JRg/vI14qRm31FM4m_FUoE5LstjlAK-Uh0iWeKuBTd9Mt34"", ""https://v5.airtableusercontent.com/v3/u/46/46/1761854400000/NuZFo3s2kUBTw3hVaHTqEQ/xTEI-lyJmYG3gSCzsLRJnclkS2j48kvdwY5IifBWTZTcpmple2ih-aWwnL_9CuWAPuuffUaX-PJCJ4ilcuVcSaTArwQn1ERaCQjKaXVxtAMBCZ-9NnBqBnR2DIOI6aiLC6aF-GwpsN8qRKfqylvWASbSIGhCp3ZGUtxVM0iCeeePMSwbSLjvVs5xBWH3jzuB/ahMxpgB3Ss2E22Yt9F_2qt3cYAdoHHOHsTJw7pPf4M4"", ""https://v5.airtableusercontent.com/v3/u/46/46/1761854400000/EUe3duOxz6rKDeFcK4ErCQ/4FqFBjPojxc26XA-Sn3qoD3GgRCaanaa1VFaAczn336gc2YgGYf1g3CEIyUlx-abOpsvRe9hUyZvxC63b3R3kwvrFzXRIQXwaGQkfnQBOMyP7A0d5sfqTyXvnHnXP2Rpa-xJCCJfee17_FfowUBJZiX5oo710GvGaVODj2Yo-PtIQlj91Kco_RvYwgl4TknH/hgOBdaeKIZAYG9zSk6T-Pj4CwnI52ypHcEAZvDLJklg"", ""https://v5.airtableusercontent.com/v3/u/46/46/1761854400000/w34rDqFcziWqSn3W3vLtOQ/d-1zzSE3Bf1uSrxfZsjQIu13IblGdhlPLYo1Tvr_ZEAw-MBThQl_6QxD377KJA23V-Yln5Rs3ti6Wb3-ZYsmSGLzcpCSXNF0zXUNzpUSxuRL83pfscCyd7twn90DIPfPjTL29brjZ1pC8DgngnOLwfI4yZRJNkp49fZySP2XbpfmVd3mj4hAaZPKQW4-qQR6/S4sHJolLh9Cem6I4YHd4W1nM3CcNLN_uxpNu785IRlE"", ""https://v5.airtableusercontent.com/v3/u/46/46/1761854400000/ZK0abSW_4o9T7RSHn8bprw/YqnXSaLG1an0E8xwnJTOtL-dGu8wxzhAWRQGBnYGz3oeH1-2pJtP0WOiZJN6ty0B-O4tZ30WQBy4wO9XIXy95Ynahu2nBMu8WU2qz46hhfsTQKkr24jQMyv6cqtd3yybZ1z87p9kPxQZHQMLqtbKt5ba0NewjJRscEHoa8vHUaSe37WjLvMBToG55O8IxRSD/nBaoxoh3DlgZiRPZ12tbcqSNA1vdrmZzddqa2kTLq5M"", ""https://v5.airtableusercontent.com/v3/u/46/46/1761854400000/dm1rI2wciDLhQtZaafIotQ/0yv8R9Bom39Ttb9yqj-8-eWztZo5Sqv-9D3j2RxYT266tO5O-F9PxLK7DRoz4GAlitMNJX95GB5BVI6Ep3HEGs0M0L3juL27Eo97rvfs0UFwWoT9uxaCCOXpoXAm_yNOc1NNRBi9WrjAHS6e_-Ibj5di10dxODjFQPqyqgStxX4zaX7JRXh9eIX5HSP9tIXu/1xhEVCEBYyNY0nODnCl2ls_Azoy9Sjh973whAxBw1eU"", ""https://v5.airtableusercontent.com/v3/u/46/46/1761854400000/QVu5e2BcwJ0AhsSglhSK_A/wEDt4xeWarBWHfPCrYUzY9Ok1F0YQWzLzpFrzAjg4hvbaMivf-scjY-UB9zrzwC15BMkWiXupxEoCm_377IWuzCmAZf6h3AK_rl4fH8ng3faIgGRINmVCmIQezsrtov-AuVN5soJ0WMEXVPs_Jk7UX3oWgwTnE_GQasGOmTacDRW0EzV-qYgZWbYrAZUvcr8/__Iaw-MIXMijdyc1Ic18Ln1h6nMbFVuA9vEvqwu1oF8"", ""https://v5.airtableusercontent.com/v3/u/46/46/1761854400000/mv7QZbKY61ytysyeceGfzg/19M-DKYHBN0NB6FicMndDahheSyMxKF8khUhWmWAPPUFZV1JCAlkBhlvK-0KOeV3K4EeS5GL1ne8Irk0pXeDqJGgdg90VxAARfh15RwoNnp8oBjeezB2ba5AZ7eFTcN9V6uOXae7QJYfwr6xBulO-LVg49HSgY_16FEkPtBlW8s/v_ywtP0D8mvRo7FuV6k1Zbd67KYrQ6d19Skkc8w-T48"", ""https://v5.airtableusercontent.com/v3/u/46/46/1761854400000/Qr1WC_S61JR9HjV52JOFRw/UU-8fMkPfZnNpV_pBsT_krhrao_kdJU-4Q8Qwy6bEkbJkacIE7q2G8LPce-4Tg7NkF9-qWNxyeG7KbQDEHCpFF419h4TzXfWEJ8n_soc7YT_cPKa3gR8R6_lceSOF2XSgcP4b5WwWl6rs299oRmQhBb31J2-0VP12cAJmb-atwM/4yeS3DtWuceclWViIWhnxnP7c_uIE7gYOzIhlaRm7V0"", ""https://v5.airtableusercontent.com/v3/u/46/46/1761854400000/No7IiTgfdC3q5Cf_TtVVxg/nEFdyq-sIa9TS81iAKklOG41FhJdjtcn-GJAk6uBhx9jUlVE1UCj2W-pqp7AIxSdtG7CvWjTiKLLJVkw5EQidLH9PB-WV02YfIcihZppJ36-0rkaSa5_Hgt78fPQgXSs3ISCGyQxnUh1x8qbW5eWDNPDEoZcYtvvXW-RNdc87Widp8HOEj0_qFBkjgHfQXFM/JKx7YjlFc6dcTiw14ypxd5zO-veVTm3ToHSV9gH5SkU"", ""https://v5.airtableusercontent.com/v3/u/46/46/1761854400000/3i-nZXdMhiN032jLamaApw/RwuieBCHxeSFSi1OGaBfwNlWvm8RqcJ_2ryRVezvtkhCnZvoeMbiyAw3WlB0Uu47ndpYS2K60NrfU5X9efCCvshSF-wpimclW886E5IC9l-O13M7K_ADrMddtfNe0BeMz4k4K12seup22TrGeGeW1asb3fhGivLNAX8W6XUH_Q0kJcSmWEszEwh_e25TEgY6/EqLdOg2TgTjKXO8MpuK4yGUBQSBWsi1AhcvSBk-cBMI"", ""https://v5.airtableusercontent.com/v3/u/46/46/1761854400000/7ND-M89dmTxiXQO4F7Ut3w/ZoIiZ2MiCscURdACIpzl6_3nHpwfoBbtCgPcACps1EwOkHHtmc6cZqarw0cfOYavsC2-pYN5kzij2XuztsxOL0ANxTZww445wjgmBa00DGfGGpJSOWt_EK6tmc7M-Umqo2mM_je4IL8jYQSV5oCv3axbwNnkn_OUy5S63R2ppjfUgUvTvLePXUryRX1oVHCZ/BJbp0nNGmOWSbXW0wl8Zu3N7lzOCtGOFwMsh8EyX8Ew"", ""https://v5.airtableusercontent.com/v3/u/46/46/1761854400000/NR4slxhNAN4fa5GStz5GFQ/EaTwSUsqFNie7dH0fRZhg8ufRnLNJeAsAa_MBurZDhHf9vYSjxNoIAdyBK9BttheC8GJl6PDWa3yzx-sHhOIImVqbTpFWB7TbTSZ06ixKnUN0Oj-qfa8cBzNHwPBN7k_EkaOD1YPQuGL7lyIC1GVm4oT35ui63GmPugzLbaCi2yJI0Su8-Ushw-j9hlKmyRS/l4pSeURXkERHfzBIcwmbPGkvHj8XezIsyf4MJzz_GgU"", ""https://v5.airtableusercontent.com/v3/u/46/46/1761854400000/yG107nAaeMbPGNAi4XleSw/Hq6TOo9xm39m8w9SHYTwmqJLDEDUfz3RpUavMQqcHC3HKeKmD8CSQ7yg-OXdxiUymkrik3_g0qMbEmn9nFeJF0eMVHpOTDULNoIyP6mrwTVnlheBbyLGNEyPPRYxCdTICPAa2XQPfXLnNdeGMpTx3-3lLqXk1EiCHD8XeXh3Zl_KQFbTkQ3_vSU6KwxH6176/ILZoVr08XiWMv2Tf-LEndfZlZ_8F7Rse4r0mAPx6l-Q"", ""https://v5.airtableusercontent.com/v3/u/46/46/1761854400000/yh5vgvklOIrwsabZVPllmw/iRHz1npdB4eM_K1OZ2BXHpxM8P0AAUHvVWEMaj2nkhneS2q2dVdbwIfEt0RKX_A2uuluC1OlNflcEmJirE2yzd2TC8veGtnTf-CSJq7E2SJXZ-t9QSai0AYcbPMP9F41feaCznXje5W6PmruslkgeqSwuSpASAVsSe6v3kwystuvkUGLP-SHEV4w0houNMqg/IWsNhHnKHTkffKI8f4Y2T2QVmnUiFmst0-fpC_oGVjk"", ""https://v5.airtableusercontent.com/v3/u/46/46/1761854400000/orJnK3GI4v1pWRTEMhkxLw/9yuOD8RTQ5R6n0NmPsodsFNPo3jaHcaUNmXrINWf2dO8HjhDJZIDPZhN20MjbsA_3qJxYM9HdkmnZnDeAxMHfz3eTkE2-r1nJJqNWxCkUyH3p6TCZ_dLDReNN5uIJpAQdtWGlWyaPd2tLQz2iIlD3g10qPkjSRACuSNw5H0AkMWuamyodzwcuQ-syU9uL6mE/P9TXTvz7fvh7YDKQsu5EkP1q5YxR3WJq0ffkEWtwl-A"", ""https://v5.airtableusercontent.com/v3/u/46/46/1761854400000/kzrC2AxBQ7LYE0wBPvfiiA/Plelro9KqjEbuwzKE118dMNc4_LqRb3cT_hDJQpzPL1FnhQmsDubUoYu_UqovvQpj0TqCDYxYO7359ywsH17LaqwMVKHdg16wHFj2LtNRKSvOzPrKZo4fyiXNUzZEOVvYHf2cLnYa6UPn18n8B2JMKnjObx6Df3LcM7TLwPhDJIuNQK4eqL5HX7GjKoBQNai/qcG436uw_pa0gUuTdYJxuvZ64ul80CVfq0MFVrLrsGo"", ""https://v5.airtableusercontent.com/v3/u/46/46/1761854400000/7sQznCRSnEKgeFD21hLCiA/nubWmXgSyWBNXGaE2QnIQGKrtkhxZGt26sghGvxp8Tzbfj1JELD59BHuliLe8QsIFW2m5o12xYvzjWTyv3wN_qauwgnKXIe8nMHPmN_7OT8wDTqknJrZBpAU_7LiXH2BeKJeDxosRmSdyrzKC_igcGbdldAqkpHlBwvnIV1TK6Vvfz54LHmYVsnPqa_ydudC/e2Rux-DbWtOUBADHdCfDPOolte6K8vPqgxxrphMlZg0"", ""https://v5.airtableusercontent.com/v3/u/46/46/1761854400000/H3rIgbdeXW5xmC9MozLaCA/NqFcbz_x4pNr9Ew7fE90lqal3K8JPclByE9pGXVeep7lh5OuH7CwSBJXd3Er2PqXnKwUW6Q7QJNo0aVsWXtkUtuqfmiRFRgem9UwJjWBbdaxOBWsz4bC9XGqytUV6NCLcOcjuopxWA99ZPs8GAP47Urea-4-UMM_aDnc-yaepfqfeRNR2mh3D9ktY7v_E3X7/soyK27EeV0aJ-MT6WqLqNiWRzG8pFkm3ObzUtkJS6y4"", ""https://v5.airtableusercontent.com/v3/u/46/46/1761854400000/fBFQMMepGFn1ajz_3nCQOg/qmtejvzh71e_e-pPEl0KFwSNJbId-dbSglQSpjzlX65IYEfYayn7-BuvDIbRjMhFLkqaFQKB5yMu1QgcsryrX79G3frGwTfHNT0q5UFoptGlv213MACUK23xQnndA8RkREhGdet6hciYckAFGjjaSMWF9pGVidWuOv8jPPU5VJJcYIcCKpQUQKOO85YuUQB9/8x3oXVCzgGSh3uFwH6UlWGkBUzEDUf1afMY7Z6fu0Zg""]",JW MARRIOTT HOTEL SINGAPORE SOUTH BEACH - 63 Reviews | Singapore's Only Wedding Review Site,"Rated 4.5/5 for venue, 4.3/5 for service, 3.8/5 for food from 16 couples & 47 guests: “I am there for a friend's wedding, the led wall is huge and amazing. Service is prompt and the environment does give a gd cozy feeling. Food qty is lacking as for one of the dishes, only a single prawn is served. They could at least gave two prawns. Toilet is abit out of the way as u have to go down to basement one for the Gents”",jw-marriott-hotel-singapore-south-beach,JW MARRIOTT HOTEL SINGAPORE SOUTH BEACH - 63 Reviews | Singapore's Only Wedding Review Site,"Rated 4.5/5 for venue, 4.3/5 for service, 3.8/5 for food from 16 couples & 47 guests: “I am there for a friend's wedding, the led wall is huge and amazing. Service is prompt and the environment does give a gd cozy feeling. Food qty is lacking as for one of the dishes, only a single prawn is served. They could at least gave two prawns. Toilet is abit out of the way as u have to go down to basement one for the Gents”",6,2023-08-10T08:28:29Z
recFGCc3qhW32gxmn,Copthorne King's Hotel Singapore,403 Havelock Road,6567330011,catering.cks@millenniumhotels.com,,,Hotel,7,"[""https://v5.airtableusercontent.com/v3/u/46/46/1761854400000/a6egOpdLLwzhoyJK6k309Q/yKDtgNOZ0chSmrlVYI0WS1RWV7NdNWGWIX5Jas7DqkmryvPEVwSpxIsG1_ifZKH4CB2Q0AM5co53dVRqGBxh6avr0PIAW3ksFSIjIMGRZMV2LPDL7ewmiPgxHbEQ3uja2d_pZxGrU6fmsCLFJ1NoyaNvTJbe5jBy4tE-tcgMX2A/yS7dLaE8trV_zk-HclbL5XEYMnxEnCm64fn0kv_w__g"", ""https://v5.airtableusercontent.com/v3/u/46/46/1761854400000/jLWnPfrYKFlPma1PpEKVcw/WcaJ0Uk0q0z0OWV-JGh-dqBt22gtR83mRi25xyev1sNC7ndVmAS8UY_lm1DEfDU1k32ZdP89HGRONwNAqlkc8dO2RgbqUUEPLMnhm1k3uwkQXr4kE3q59Fin4K2wyKWGphpqaIjZsbYHpi5LtTOHmdlO2ZZvzjiE2GbkfXasqm6IQVtULVqSldTwnd8a7CtG/XH2k-dNn_38rS-_-aTxfHM9ezyF4eYyRQyfYZfp5MC8"", ""https://v5.airtableusercontent.com/v3/u/46/46/1761854400000/D76qJWFqcyF2KeLQhErIug/TZoC74VypmPBFCfiFdDSHnOByg7Uqig7ifKF8K2N__d_FwTcC2usMFcWTkSBZR4U4E-lTuXrolpWkAB4nR4JzOz9GA_g5OthI9tJXvOXLT66al_-kDWYcd8VET7bxVVVnQ9u-BS93KxfVKoLndqZfV5oCR0T3McDxGL_IVVe9P0/7R7X3GiHgGBXhHAoi55FNn0Rszam-1OTQaOv7F3CDvs"", ""https://v5.airtableusercontent.com/v3/u/46/46/1761854400000/ORZfXLD26cqpu6ds3Ol4Yw/sxv47tgRaXievCHyi5A3PsGGApFEIdjOGCQsm5x7ur3GMX1QIWxr7pKdhoEFv5UdMBHBUSBJ_0-xbC2Iq4VddpgdroJELqDlpEfy2VkfJJM04iqdBgNWiQiaMHnueRm-z9wPnF5pYxxtHdHNcvuofhf1GZgmcZkuAz89uJ_wM0YtiN0GV8eNS-6ekxt0Soxm/8c1YzznkvJ-BzbpAXzfgLpC6WUu7NvWFMJefrWpEin0"", ""https://v5.airtableusercontent.com/v3/u/46/46/1761854400000/ryQgY68WnjaxwJAmQ1oblQ/UDi7WKzrvblj0RypMYZi-UAdx-SX5yEckhTphUChQtE70vcWHfbTvKnH7PPkUJxUZC_6PkcAQKRPoaWDHnBBU1ofbFwX34HlVLbbopw2Vzm1bV7pWHcoBmurVgcPrUCYMPrgcJNC60HIjMnrq_Neva0xKA8-wNDsjEfyiUuKows/zaQ2VePk8i2WOJFF8vs_K2wV8Z18Y14xZb5DhUznOdE"", ""https://v5.airtableusercontent.com/v3/u/46/46/1761854400000/4QxdvVrzRbHWEMebWfVUqg/PBFW62wHNrTYX4ppXtyXFuBXH6KdnQVHLioKOhxuXXRxgUtosk6UGYzJE0q3PF8dt6wuJvIgdIVFvHdPofKoz_N6ntzglXR3ESwPRRFvGBsMwgoWblhikaYGL6JY1Q4AAHWt0CBGCdh4iQtzFPplzDy6ETVrHMULzM-GIXcEBM86csH417kuTs5qA4vT84lE/y7zPgwVbk_Cob3HMUzEGe-Rl-Eqx2mK-zqxpd8wug5Y"", ""https://v5.airtableusercontent.com/v3/u/46/46/1761854400000/8Fs7AWyfGN0M7Va_ygg_-A/jDtntcJJKusI5CZDGalDhIDnfmsos_MuDYzJ7zymlhzPDBxhybgTjoYPaIdduM-kPb6tmC7l4qaiLjOx8i96NBvDFE1XXJws1TvPlsVUL6Y52UEDMBoqjvve4RI_cbNDTvDF5Jlzk3cepW3MIc78X9LE-gcG7WLnnruy6MnjcSk/l7FmH_FGKaGxmVVNiGMgSMv5li7839N3lX9ml-4f5gs""]",COPTHORNE KING'S HOTEL SINGAPORE - 49 Reviews | Singapore's Only Wedding Review Site,"Rated 4.1/5 for venue, 4.3/5 for service, 4/5 for food from 16 couples & 33 guests: “Attended a wedding dinner banquet. The reception area was comfortable although small. The food was nice and fresh. The servers are attentive.”",copthorne-kings-hotel-singapore,COPTHORNE KING'S HOTEL SINGAPORE - 49 Reviews | Singapore's Only Wedding Review Site,"Rated 4.1/5 for venue, 4.3/5 for service, 4/5 for food from 16 couples & 33 guests: “Attended a wedding dinner banquet. The reception area was comfortable although small. The food was nice and fresh. The servers are attentive.”",6,2023-08-10T08:28:29Z
recFlHgCXuGan8Eum,The Iris City Plaza,"810 Geylang Rd, #04 - 28/37, Singapore 409286",6567477777,theiriscityplaza@gmail.com,,,"Event Hall, Malay",5,"[""https://v5.airtableusercontent.com/v3/u/46/46/1761854400000/xv83BaU6kRskFDv0g2QbZA/LrTRlri9iLgT-vTIaAtpmRg0KJXILLjIHgO0Nt7SAdrDK4pxZU6oinf-njLHsy1MjeXpsPyJe1gaYWXGBtake1L0rq-pTHqStYi6FIo3Szv4TKT8adQ3FtRoBPtI_BS-kvo1pdSG-RY8ZCOwRa5OkA97BrzJqEC8IxnwwyYTN6k/AaEruEfVhLOayDIaZmHsDyxVhO_Ef8GW0y8obl8QdZ8"", ""https://v5.airtableusercontent.com/v3/u/46/46/1761854400000/ypTU3Cn9v-BgdpPGMeL_gg/YqyP2hJrAziAadi4BCkuS-hh21nSBi3oQ_gBA7ko3bsP7M7v8GVonPLW5DyO8bDeXAY1kBjpxfnYJmY7KtPip7vkS93dJyTTv-1Cgv-pUUGV-aXuVFiZCaZMIcuYS0Xt4GNR_aGhAcTPDjPtbogjxG1az6Hs3FZmARVc1l-sM88/6HHxsoHetuCI5jQFZDedWlqZSfO3D4nqbaW-lsgDruk"", ""https://v5.airtableusercontent.com/v3/u/46/46/1761854400000/xLM-B7B85IiThcjG2qjeQQ/JgSug8PxdrIaaJl4S5Dk1-SD8g2gLtDWgOwqm0F3WXBc4M0S2ydR0AfTrcZwZ3HJ1SiFjpODk98QnEzSxeAkbn8c8NwyB0qp-nmOzrZyXXVVxKvS38KdcAQ2rk-FTFBkD8xRgiq0IOglci2QbitLTVK8d1kRXvqGhdFUHNm2ZUs/I8BATP2qFCp2Xn7YoGEbxM3waieo6kNcWEuserzZwo0"", ""https://v5.airtableusercontent.com/v3/u/46/46/1761854400000/IJY5blWLUz7R2VBsVq66iA/nyGpvN62GYEujUqsRA4qRJ3ozQK9LL2aI5mFmoXfsIWcVavz27aTaf4bRj_ab2_v4CRmx2FGPVzCzef_uuNRHmkA6Zg1wbh3t9ti5O8pz8mqd4gJDGz33nNSBR3Mc66FhHRQrQ4FYOk7GJALikCpO4Kau701O1x5Nr_K4EillCU/b9JTeC1QfwrE7Fbaw5yVGTklKunsSLSf7qyqv2Am068"", ""https://v5.airtableusercontent.com/v3/u/46/46/1761854400000/iyJZmdT8mgrKorNkUGe_rg/JhYzeK-X8r9TvbYTmXHodZH_jlSEGJGUJcSP5ICOsG9oVXaZoS8xKjl7Y5qlyzBA3feNE5qsJ2I147Xvmcep5azmmp5B6ti8936AkrojVUfnt2xQm5BJ5S4vjH5YYhaw7TdnxUy5A2lGPUWB0kpeSPC20__2R0SrIZfhdYOgyzo/q4iLFL0kW73MyyWUjQrrPzpMt_bK2P4oZe_wPRRZ1kc""]",THE IRIS CITY PLAZA - 348 Reviews | Singapore's Only Wedding Review Site,"Rated 4.6/5 for venue, 4.7/5 for service, 4.7/5 for food from 235 couples & 113 guests: “Nice food for a wedding. Mee siam was nice, taste was good but no need to cut the mee hoon into smaller strips. Convenient place”",the-iris-city-plaza,THE IRIS CITY PLAZA - 348 Reviews | Singapore's Only Wedding Review Site,"Rated 4.6/5 for venue, 4.7/5 for service, 4.7/5 for food from 235 couples & 113 guests: “Nice food for a wedding. Mee siam was nice, taste was good but no need to cut the mee hoon into smaller strips. Convenient place”",3,2024-08-04T06:30:18Z
recG06yBh33vV1HK9,Village Hotel Bugis,390 Victoria Street,6562972828,info.vhb@fareast.com.sg,,,Hotel,5,"[""https://v5.airtableusercontent.com/v3/u/46/46/1761854400000/TLvHldV_ag1B9ouHirF-qw/Wsml_rvWDXas9JpSCO3Hwq7iEPjgwRy3OVcbdjvI90ur-a4AnpZyjAZYkFkbAX3H1orJSemWCLtYCId4b6pl0d4V-lODuxmjlxTmkxZkaa02pUI0kyucfkN0q_mSyeQwhWrg6oPwVwYjFDdVXi1WwobPaLlyLWAEleXyzrd3zHFaZzkU2LYIcoK90XXVDSGB2R0_LOgio9ObinXZUNihzQ/3086mSVPa7mBJJEupR107n_XppFu1T6RxvGuxhVX_0Y"", ""https://v5.airtableusercontent.com/v3/u/46/46/1761854400000/2Ykwg8yqj8ksaB4yuPbhrg/sKi5kLALOhhvK7TCldSNCgRgvevYA-ib2xW53KPPabZCmI1X8pk7jK96VkK8NR67lPsnmesy1IwUsnU-owu214r_mUe9oFOLnTWPiOYAYmANxYhI4AZdnAcoiSqtDc9J6x-NDh9YZXv-mYcSuTRzqNlH8NpbKQwYNSYn5d2MnCE/OyEfH6xM_K0wn46qc5A_nyiUuX8s9xRiuQLaO1mrv9Q"", ""https://v5.airtableusercontent.com/v3/u/46/46/1761854400000/j9JsesR8ZZ4y2elUusoGEg/WY1pmL8g_CLQAgWFgU8P0LmgKv9ExjwucI7Slbg3dtAkoxBrSLCIevviX_daonXvnzlhK4tLgoF8swtFC9AuHGIL8nK72dkSKIAfVOlq6SVrzYF43s7dhEpG81rkZ80lO4fxQ6H6Fosjuu2kpuleZJ9QvC4GgIm35_HUWkaVKnIpQsdOjZr6ZvEDTQ1KFP8Wy4CZQPLtcwsXz7E9DtmmeQ/sZJ5c8WOQ61AVpRN8ykMM150cjDZOPFmqLV-oF1imwY"", ""https://v5.airtableusercontent.com/v3/u/46/46/1761854400000/rvm5Ix73lVqU39LE2G1_9Q/5a7Q0T4Si4FX88SAXj4sh2gipJUzPfNopBP5P4zaRclsU-hrKE3Y9BqU79u4PfwU_2H_rwJ_NS82yg9fLeMrZzx3wqtKIGLhcjOSkPYws3uHchHZYYhr5sGJhE0j-tpA7g9_23jnXUy9fs5v1ZS7RtXqPPJrbo_qB30TZ34PtIHeHtB20TJUJg1fWKPFeWT6/mdTjpqt2e9HJevn4qI8d7Z32xa3qgDim7xZ-V_6RBy0"", ""https://v5.airtableusercontent.com/v3/u/46/46/1761854400000/PvTGcAsAm69i3Mbn0bJ6qw/Hm1uq_4ECFDUqcnUvLj7AKft9ER_8A2MCs88T4yu651DWzOW6VKcEJK9BTDyubisD8qsW6sJpLFsRiY60Hl6ZMY1g-rZg5xpi8SyQD9oZxxCZGkNNmas_PDmXoBw3ZdBL9qpeqv5rrLBpK3l_4fKjYxF94BrfNp2p3LbJiOK6GS3Ii4puWwQjwBZSY5hFPoe/9mBQ-Z3LXU8gBLGPLdkYhFrkxKRkQSCFF54D6S1CHhU""]",VILLAGE HOTEL BUGIS - 23 Reviews | Singapore's Only Wedding Review Site,"Rated 4.1/5 for venue, 4.1/5 for service, 3.7/5 for food from 1 couples & 22 guests: “Had lunch wedding function by the pool side. Service was excellent was good roof top view as well as good food.”",village-hotel-bugis,VILLAGE HOTEL BUGIS - 23 Reviews | Singapore's Only Wedding Review Site,"Rated 4.1/5 for venue, 4.1/5 for service, 3.7/5 for food from 1 couples & 22 guests: “Had lunch wedding function by the pool side. Service was excellent was good roof top view as well as good food.”",6,2023-08-10T08:28:29Z
recGQnFUtGvuYEtZO,TungLok Seafood (Park Regis Singapore),"23 Merchant Road, Lobby Level, Park Regis Singapore, Singapore 058268",6567219118,banquet@tunglok.com,,,"Restaurant, Chinese",1,"[""https://v5.airtableusercontent.com/v3/u/46/46/1761854400000/HvQD3p0FBy5wnwmVetgshw/uLjm-0RL1rjZQbhlARuVrikfpQjvw-cBgwaEZwch2lOhmKfg-AFnb84RMKnJC4wfbNGJVMPlH2QaddHpmWbfP09ej7ZmqT9SFycjdNFnbSpFeuvMu6nDvCRlPm03L2F7hbZ5VLeBywH215aQTj-_higYTMTtN3pRO8FpYD-AbIxgiox04yoJf5PRlRxi16Ls/Xj0sO5o6vu3WCEedMjx5NnYg5-4S6sVz8hlfmxHhYyc""]",TUNGLOK SEAFOOD (PARK REGIS SINGAPORE) - 2 Reviews | Singapore's Only Wedding Review Site,"Rated 4.5/5 for venue, 3.5/5 for service, 5/5 for food from 1 couples & 1 guests: “I just held my wedding at Tung Lok @ Park Regis Hotel and I have never expected that the manager and her team went all the way out to make it a memorable and enjoyable banquet not only for my wife and I, but for our guests too. The foods was commendable and tasted good just as our food tasting before the wedding. I am so thankful to Tung Lok @ Park Regis Hotel teams for giving my wife and me a great wedding banquet. Really appreciate their efforts in making my wedding a memorable and exciting. So for those who are looking for a restaurant in Hotel to have their wedding banquet. I will strongly recommend Tung Lok @ Park Regis Hotel. Lastly, thank you so much to the team at Tung Lok @ Park Regis Hotel!! I am so glad that I held my wedding banquet with you!”",tunglok-seafood-park-regis-singapore,TUNGLOK SEAFOOD (PARK REGIS SINGAPORE) - 2 Reviews | Singapore's Only Wedding Review Site,"Rated 4.5/5 for venue, 3.5/5 for service, 5/5 for food from 1 couples & 1 guests: “I just held my wedding at Tung Lok @ Park Regis Hotel and I have never expected that the manager and her team went all the way out to make it a memorable and enjoyable banquet not only for my wife and I, but for our guests too. The foods was commendable and tasted good just as our food tasting before the wedding. I am so thankful to Tung Lok @ Park Regis Hotel teams for giving my wife and me a great wedding banquet. Really appreciate their efforts in making my wedding a memorable and exciting. So for those who are looking for a restaurant in Hotel to have their wedding banquet. I will strongly recommend Tung Lok @ Park Regis Hotel. Lastly, thank you so much to the team at Tung Lok @ Park Regis Hotel!! I am so glad that I held my wedding banquet with you!”",6,2023-08-10T08:28:29Z
recGSE4cMEiR29mHX,voco Orchard Singapore,581 Orchard Road,6567372233,vocosg.weddings@ihg.com,,,"Hotel, Chinese",31,"[""https://v5.airtableusercontent.com/v3/u/46/46/1761854400000/Bc36-nZ9auIcl8ViiyEJxA/ih6fVc9sT_RVw1ve0VuCrvulRz5DWDDgeRALz0WEj-zW35tBEfFqpCDYRuokQHE72wBzVRVTH9RDNr0mMYPWNwJvtEc59_NNIIjuqnsel2gvulL_6LE5imgRRo79RkFVUFJMTrc1DqeQ1jHg4eHbIMA4IVMdEs-yc0PRApcaNfY/k1_i9QMXaV95x30L1-B9oWGpRyPGBpMykLqaIHKPI9c"", ""https://v5.airtableusercontent.com/v3/u/46/46/1761854400000/pC6L-cKrox1-CMDj-QkRkA/e8WCz0Gn2jsPLvfYhhKDd7X5XXSBTqb_PSBBhO84qwxHZ1zR4HZbSr3nHKE5L1tfP8aUWUIpVdGFz-wuGCL0j30iX0UHd7kUmiYk_qvogRhiMW9fGRzs-Z08F8RbXs-jfv7sGhgmNtw5Ciwvtr73P1L4f0-Od6IhU_6u_CSt6fA/PPxZqzLkwGad6gIqyG13ESFOZkv6lYp_f965ePSMq6M"", ""https://v5.airtableusercontent.com/v3/u/46/46/1761854400000/KvQLH4G4TxpkPVSKwnN8zQ/aJ337zDV1oq8WvkhVolpjN4XfQ2YUKWswovUjRxmj3PSQsOjtpgvjBuy23sPV6yEv9hpy7frePgbJFYzmDRpYePDY7HNYXuIdROsts2kAXu0k-3rtq_wY-3W-XcYxwUUf8FnVkU5Au3X0_97XLTSatgII7uOz2IQfRPty4hfRnw/Bxf8GRKaWpNMUcezLlF-5r1GzUAZh8m72nNQ2f-hy-k"", ""https://v5.airtableusercontent.com/v3/u/46/46/1761854400000/68hjZ1ngWFUXGSAUEWqfCA/hUfhYQTiOQfajko2gViqYB0YoeKTSAS_ry2Ka5Y2oPQ5J1FngUlUB3aDdbV_d0zDqe5nJnVcfmBvnEVGHne3pWo1dtn0k-ca4kZTHDncxBIIFSHxBzHDWlebUGmY_DIzMe2Eb32WViPNmKKvzLOu2pAtouCA9giDQfAOG3MhS_E/tfAnUtz9Y3gPTR5woOdPzBfbumo1C2_7cOLNpXN-3lE"", ""https://v5.airtableusercontent.com/v3/u/46/46/1761854400000/sOoQ4Ykk7rPLei2bRInw9g/S0RBELI33Jy6UoHZNC-wHmnFmDdqMUcvJhy4H4lnRYfrIhwy_tkm8AIeDHQlE0OvwdmRfplHHLV_MLGBZJX8m48uJUo17UobCpBIYCsaSMsgY1P_-oNVGEl8qjLzizIXSX3j3H96gV_v4M5gvjrlJi6RAUSFaM5QOVXlMyyyG7I/LgU3_9RGeI8OGmxsmE83jCjrWbbXHQSfcu7Kva-xDW4"", ""https://v5.airtableusercontent.com/v3/u/46/46/1761854400000/rtrz3Pd3FENnWgfmc4TjQw/vgMFPKheRINt0LMXtuiMfQ2YofYOzrq8XYLCtbAtKQTpAAyNnQvMk04_CPQayYa-RI2yXsAJGDA9cnP_Dw8Dx023dNVsncwjQLweK8Mf6-0ha1wTGD9FQ6lLbJR6ST9bWVeoci6_aukKXbRqMNwaeLNlb9nnPv9sBiKKAKbrMXTSxrH--rV9Nc0o6UoBmZBn/FUtWvi8h6IYNRaV_McET5Ce3Vvy-hmiVnE-Aucq0V-4"", ""https://v5.airtableusercontent.com/v3/u/46/46/1761854400000/QGdt-8alZFQIk01dIBXwaA/93nx7RUDbm2KTgG3wChJtD18jdDX2EVcCfHmd0k3yK1DLcbgjtv1V4Y7I4wZ9y9O6Qfp6riT0xKpjC3S9Q_AzXVwgvKjOVL-0pBXsOXg-Pg9NRpEWW7RxI_qt5a-UgrU9VVfy0ONCUxTO-Pit6o-PbolYD9OGomjY4NjF3BuZlc/HCNjezWWbCVvFKJmMlf6w0JyyDM-Fdkcgq_isRpo1Po"", ""https://v5.airtableusercontent.com/v3/u/46/46/1761854400000/xrFOCKL0x_46saw09zrmTQ/86IqXldkv7TFHsOc_HWFUg_josa3CffVi-F8kCdHsGDRzGQw4eRcrqmEK4CAGknKPWr_ki4ra0CKl9dBw7JweX1LUx3GZ4XSVh6gQQm26TqZVops6NEaR14mzAs8VdRUMbsCoYV9KZnvC1iMeBPOZyrKNxCP-qgOaGYm6FSEpvM/s63R5_h-eYXzBZHWghuADrAkG1toLj407Mn5zHwkCv0"", ""https://v5.airtableusercontent.com/v3/u/46/46/1761854400000/5B9pNxTJVZUWd8iBjUvD2Q/4ZD3kWhey9DyN_soa4Fz_Cb3fngInrHivZeqg0FL4b526msZkpGPukIOXjIhPYHHaFmxkyZmobC-Jlz2UQ-xEGCv3GoWAHn87nVAt8XdEKfpYKEUypEjp-Wt7ou6UHyDIj4FBWbuxxcXf6bBSMe05cEeIoniWaQzu9Cjc3R-f-Q/DKyguKQlzx6ENl8VOhjmMkoEp5peNORrVY3-TmUSJx4"", ""https://v5.airtableusercontent.com/v3/u/46/46/1761854400000/gM25ALnZm_txwjcjlTerrA/EIPVOLNkUTsDyoagevA_37mPRONPDxtutazMfy2GW51ZeJG8g3bdDnEcg-36udqYt-7eMWHLjdW1Chxuszr4MEYvMHacuc-b-YPMc9yrBxTEBzeFH9X79ls8Gder3jkYkGFaGgW4RuVzciReH16Ljp1uSXFaWZ2AZnDMioi1jyM/SrptoUWed8HitqcIHZi2NPcNOg2AgSQ02cuJflsn3j4"", ""https://v5.airtableusercontent.com/v3/u/46/46/1761854400000/N59hENjWjpTiY3iqs4UniQ/IBlTTaXRB2_iDAh15hhPBOSzJnK0wzBcquxuS9tJTZXBmK-6RU2FxwXkLvkJtJB2ykXWECuTqjm0l4cBVtIz5u3bsZW_-Zn7E3AWRPeWNxW_KiRTayJNHzxyK7Skwb-F-TBmVY275vZnceH2CqU96dgB6oyr3jaJ-vCrx9jridM/ozY77UCojIwW44yO46oDSkjBbSB51ciH1ADW-BjyqnU"", ""https://v5.airtableusercontent.com/v3/u/46/46/1761854400000/rnNckX90Ljxm_CnH22rPTw/9SzrgaaTqrDY33lnIFpGFmjThKKRfBDhoT9uyOescrx9f81jVMXiwtBeRs0YNjA2Zate4N3YNnJg_SO_WCJJUkry5GjORD6-AOtwRmqsmhW5K1tFI2IPWWVjlQ2UKe8iyMhbhLxzaQooePkXoOShtpAF4UuJ2wmexOhcvwjgE-0/Dur7urW4QL_oJxn52iWpGOy7n7uO0to4QOMd3j7-06I"", ""https://v5.airtableusercontent.com/v3/u/46/46/1761854400000/3xNpDxzjRVPAZM0rkVvsfg/T1CkCUJ2lew4Athr3-H-Q0FL_4eQsA9xQ7iKRJigorFiswp0kpauWvaU7NFwRBiDe_bqrz7DPUyuAvimeqx7uuWFg1W2sbx9FXmGGxk6M8KTbGJS8hAHsGY7xxs2iZvojXuLTbjNaixLXsOS0OU55EtL7Es8JwY9SnrE2OMJEe8/obLBKVV-hb7LM28PN6iPKcatlZN1PalIU7joWr5OrBg"", ""https://v5.airtableusercontent.com/v3/u/46/46/1761854400000/ubXmwmcKluJ0ZBiCYi4rxw/148YI1G5fAWD1dykKRjQSZVK_AxfBew9jbMBdAkgHr111yQxqYUuPVuBfgs5pL_oGqv1FOxeR1V0XzWGc6JBQA8DRfokRawPuYL2ZNkQ9bqGQRfrq5Q_BzJGZ4GkhX7Ia8_dOO6fuFLgJpsx-40YHJHNn9AMM7qlucHnfeR1FJE9hh6ymfs64KO_fX6Oe4oc/VkC3zALbzK0jGWtpmgh89Vju6zRlZGBabO_33FqNrFI"", ""https://v5.airtableusercontent.com/v3/u/46/46/1761854400000/wivXuVvsJT95kQD3fuZcpg/gy6gzneZAbP53F_zf9LIU9FfynkXMO1wcLAPK9ccUW1aC1eOz6jnilQWadKVlGpuc4upYbGQcFWEFjbwJYUbRc7HFZmk1gJFhcwQi4T-I6z-z01t3V8GuX3TnE3SAx4T-uCEcO_MLow7nTYHpGDHQUKWQSbDGQXgyirHYuM3ksgqLgA91A6HJ3yhy9LQWGBO/XfnVZccgfjuU7L0wdnLjlxfMieqkrLS2WTUiA5L77CE"", ""https://v5.airtableusercontent.com/v3/u/46/46/1761854400000/6mxjhXvOA2McP9NEcrw7Cg/BcC1MjvgiekTe1FNOoVZJxdoB6Re5eVJ-1xxOQJ-l92Mo9OTFv8jIMN_rQLVgw5szAFdGN8Hkzr870wpPoIk4dvwrYYgISNX1lJygkwLBsovXLavgsbCRAkEuWvfe64ci1_dBswaCFyQP9XDpjtUTBREiY2MVMu-KTVAaK4u6krjY023YevMWvISSwz0X04-/wLGvwOIrsjJEL4fhXYpwOmwvBi7u2dct9tkUX8EOLPk"", ""https://v5.airtableusercontent.com/v3/u/46/46/1761854400000/d2P1ICNi6K-C7ZjOF4APlA/pj8DaSytU0zwT8tdF_Rt4ldnuncSvS1kHhoJYOiW6Lh1AODz61cR5GKGXBhhKpnhiJ-o5nASF1xCbj6G23ef-IBjDkkCPzxvSwzS7p3RQ6glcJgjc4VY5Wv0me5ujkD7maSD8Ds4DLi8jXLIJjh3GhPqPRD19CZFmESXDnZ1PiA/P0gFZbc10m5jZ7y5dpjTL0zQug76qAIPEHZnriY-EJM"", ""https://v5.airtableusercontent.com/v3/u/46/46/1761854400000/k0ZMhVCRYltJaOL0BVULzA/8h48YeKT0so5ZfjxzxcBPOo3g8dB_jtjUv2F_9NAwFJ8AdM7Dd0osPPpHN8jnwIyc1Oxc3_tdJN_EJPfBVghBKUwglaOJrpAOBljshAet3VXyOEZ6V6mjp8bHzOs8FA-AomD3vIBxnfDewJ4vtURWDaiNhNmoNsXKqU4qGbi2-Q/jmE5NSsfm1GCu_FOVgarMYUsZgHtmLMRpmpsHdI9qt4"", ""https://v5.airtableusercontent.com/v3/u/46/46/1761854400000/r7sGa-Knlg_kWPvreUhdpQ/ue3GETToQT-6QO5rZrN2R8xWHwFIZ9zSTIO741WQJZksl003IcjWnoZEhEzvhax7MhGf2WG9Y768kNgGft9BVtFWkO5Qvg6MjLMCTSrpyrqqJxfPW90HOhIyERQn7_YEDyKua4gC-E2LNZVn8mvrP6r8HIAJR_ZwdrldFeVIj4c/Yoaz2eKGuiI2vLbrYHkUitIf_H7crdV6NlpifZ4ziSs"", ""https://v5.airtableusercontent.com/v3/u/46/46/1761854400000/OA9CNGCh8bbfOaC45J_ypQ/8TxjvspHPWQkk2reMN6fgTMSq2zpz6XhDv_q2um8VcErDyvso2prLL-GzUePqLdGRI_s-1YB6l78FheGf7MuWQYA0wYOQ1AtVi8CJQ1iOBgqOltMJSwOBZMmlhyBWg50yW5Bf7wMz1nL1F6nTClMjpWKrEoS9Ao_XkHmbvk4EVA/zjET-byZkx2G9iXbHwjU67QCBqVPJdwlyMVQfNGCvOo"", ""https://v5.airtableusercontent.com/v3/u/46/46/1761854400000/5IdGIXloJQ1UCh86MOqk9Q/X321BXGljpeiMQDiIW6sspvNrfRACplKPitIhxejIIikb-5x4rHkJd9Bdzgcr2tV9DkWnI5GgVniR2F8BlwsuW-YzSlt_jUUP9sh2NE7s5YXQT_wWfhS9aEoP046x_Yx49Gj5oxJ0ej7BftQw9mAWdcPaWQ431Qh1fyG7P67QzY/o_ry8fdFWbqmD92Y2OksQ9iwklqiRhqFMq08cjdbOpg"", ""https://v5.airtableusercontent.com/v3/u/46/46/1761854400000/ofGYJGKqm2YrIUr-1ajK3Q/FcGCNi-fSIlM9OTMtzMgOTQvgPPtRfVREFy8zgZkJ-9KBE7RRIcioS1zmU1fDifIBaX3EjrE_U_-kQ8qRViTrJTXTAksGagTYJUHVk7LYOzoWPt7isEz4C7EAxpfbrLiKBLD-cr6DUmvz2p7wSouVhfrk7kntIgu1l7iZxcimXs/M3M8CcCfwJjBSQqy77WiPEsUTYBo1bpqjtWiswN1Ziw"", ""https://v5.airtableusercontent.com/v3/u/46/46/1761854400000/6ziUVuVYf0Ibdpa9SX1Yzw/Go4j-xD7As8gxbNsy9-Yhp5ZcK6dbR9qeXZtXZhM0AeG9ShStlg0iLIIp9p0Fl9aaMwUhvG7KdgzWbfk8dh-sFU_qxI2xx_J-wN5-gXlsw12Cbue08CQngxKbLpOhKUdtNWVzpV1p4NNLK1S223VNQc7rZS-TreJm0OTW8unEbs/_LBCI5Zqs9jMp6-95BTPnqtdFsyiWlvC1Fq8RI5Xkqc"", ""https://v5.airtableusercontent.com/v3/u/46/46/1761854400000/-_HrjSBSUs_XyPU2zT7HJw/YulzoNV4IIV0IdSLuAe7nIiM6BQathe_HrZtRYHvvkKx2UeFCJ--cblJSxZzQWb-ObbCyu0OUZ9n7k7qZIK9n7zYqOXuvRNStbIJRNU5e0oD2kAb5N_ggMKqhkT3ZLRgo65SIsbP2RLR5tAznIndA7dGHWxy25lJA7YUfaBYki4/NMZ5OdvyH0AEi_rweUk2Bm5eO6HZvnL254m3rYlFFoc"", ""https://v5.airtableusercontent.com/v3/u/46/46/1761854400000/MgXg2TSBzRisj3QWF_wwoQ/4nz12W5zt76arMPCCkQPwBLVlQ9pR_wdRurmth1O7UwX-Lk_iKr-GUhAGDPrI_FxQ8vaX4q8qpHWYeDsL8MW8Nofy569Ga74WTRPV7n4nP1XlF5F06yqPmfFUxrcupALEa3UZTcJnhtBurreGAIADixVOj9WmrjT1uQt4ASJFYw/UQG8ma02kEhv1JJB-2Iot47i_Tq9tw0TkaWuzC7kgTg"", ""https://v5.airtableusercontent.com/v3/u/46/46/1761854400000/MIBaK3UZzkB_0eZujophiQ/8MzR6O32e6AfSiRGKxs5Ynp0YVUNvpewNKLcmPVnnMHB69y6wcIdPh3Y0k-Bp4Qi6gGWRU2TU4gNDTKx40RdY2O2F8sDg9tBTz5fNSWlGnsUTvAD8xGkvlakUCZhHyJpcEmBdIuxKX_1QtEKVdAdYcscgbqEvArJcwUrEz-EmtE0hSKy3R40B9nvGIHS8yZ5/5F_ZWxV49iV3mOjHdjKyGvGIM83hiU9WODIexw5n550"", ""https://v5.airtableusercontent.com/v3/u/46/46/1761854400000/AtilAyxbKW5M3NgoBv8-mQ/YvKm6Pq3DKOCYMjTIB10s-StMwoqBI0znwDfU8yyy7HNsHSnWKIEwIlENbJ8CVYtV___OyhuDtUkTd9sP5iOsJWAAZ2vGorFEhjxVSlJiVHRQpwGHeIGlLYBJIWGX5Hz7ppdxRcDk-Wc7VQzaff41pYw8CfiehQgdBwHCng16fM/RIzPspD5lGjilBX9rw1u9ciNQ_uEO5rvTiwI7UlYbhY"", ""https://v5.airtableusercontent.com/v3/u/46/46/1761854400000/xzLef0eyewnRD_-2IC8ePw/FpOFdaqM3WmhLOYzCoTRdNk-bRzejU_djMEZNfqa8M2naZIMlZNPx7g0DuG0RJtrqxAS8Gejl12NOHUkg2KINOLQj27nvK2-VQhv4quzjqbqkgUxfoHUOZdkWB_R-77PLHUKJEZ_YPuzHrNg8jGRCRZs0W1lt7WGWgVyYBEYG3w/p2J3OzpDuNxIbvXAz5ny5jnEz7CtutMRvZ0fOHadDfE"", ""https://v5.airtableusercontent.com/v3/u/46/46/1761854400000/JMQ2OoiHBwVsnrp0xKbf9Q/kiPMCmT9THlLO_e-f7ExaDmy8mTc2Xqgy1B8kMaqtyMT1jBkBp4V3Q2JoZnRMoL6ZbFRtc1-vYElQLQNsB7dDwZfJYM3IHYYq-SL52OKkIubpynvw0nBA1-k_Ot7m3wMEC9hSpYnlucFGHM5UIbnO8wtbWi47FGeKzCIAsgLuaY/qAvL0QVIlXEWqby-Jw05voyekf-GVKSUVd9VEn4qX2w"", ""https://v5.airtableusercontent.com/v3/u/46/46/1761854400000/q6tAymZCmM0a1H0fl3Jfww/bN8cFy_5Lqc1wtmwxN2YqUpy8r-adfWW218X77NiHv2fDTBbDkCOKqlTKYPX_7n7gqbrT9y2rg1Tvti8W81Delbnh_9SEhyLlf1HLbL5BNKWYu1yTt2UDtjZCo7aZY1EvI39ArcR82Tld48w8rsqCmO0pgnVBb27Y2B0PnPtPo92CM2OK25uJ1DvL7rRKjpWFKyDPBazEp7VDtmVql0Lhw/O-3C5itHi2JL5Ab9KEhLXq8C_2Y7dOdE_kfm_4Hsx6U"", ""https://v5.airtableusercontent.com/v3/u/46/46/1761854400000/dxpcGrMPY6EPZpYqf54DSQ/fxGArK0-6Zo95LM6DyehBnl2Nj-OIiOHfLshaoe4rjXc0KIlKr79FGvy2cs6JbqdeZnDQ4q3KXXa88w-pfb1uWBdYgO16n67aChnMKfO0J9iPENfZY1fKwBkU43xVDo9BkoxO8r-wtD_Ac9Enc-nNTrKDVIYkl4_5ZHlQMrJLf-0Fivnh8OLRkGWb6lo2cXt/qyvQKsGret_MQemC_1sujN-D_qAqy7WwwELLPV2gYHk""]",VOCO ORCHARD SINGAPORE - 15 Reviews | Singapore's Only Wedding Review Site,"Rated 4.6/5 for venue, 4.6/5 for service, 4.7/5 for food from 9 couples & 6 guests: “Our wedding banquet was a success thanks to the amazing team at voco Orchard Singapore. Special thanks to Mandy, Anthony, Lina, Push, Don, Charles, Joe, Chau and team who were extremely accommodating to our requests, ensured that all details were carefully planned, and ran our wedding smoothly without any hiccup. Anthony, in particular, helped us arrange for additional food tasting of vegetarian menu as our main table is vegetarian, a second day for AV testing when there were issues with our laptop on the first, and made a last minute change to a bigger venue for our tea ceremony as we had more guests than expected. Push also gave us very clear instructions throughout the event which made us feel assured even though there was no prior rehearsal. The hotel also specially designed a vegetarian menu according to our preferences. Both the Chinese and vegetarian food received many compliments by our guests. They especially liked the fish which we thought would be hard to prepare. We also enjoyed our stay in the clean and spacious suite after the event. We were surprised by the champagne, strawberries, and cheesecake that came along with our dinner.”",voco-orchard-singapore,VOCO ORCHARD SINGAPORE - 15 Reviews | Singapore's Only Wedding Review Site,"Rated 4.6/5 for venue, 4.6/5 for service, 4.7/5 for food from 9 couples & 6 guests: “Our wedding banquet was a success thanks to the amazing team at voco Orchard Singapore. Special thanks to Mandy, Anthony, Lina, Push, Don, Charles, Joe, Chau and team who were extremely accommodating to our requests, ensured that all details were carefully planned, and ran our wedding smoothly without any hiccup. Anthony, in particular, helped us arrange for additional food tasting of vegetarian menu as our main table is vegetarian, a second day for AV testing when there were issues with our laptop on the first, and made a last minute change to a bigger venue for our tea ceremony as we had more guests than expected. Push also gave us very clear instructions throughout the event which made us feel assured even though there was no prior rehearsal. The hotel also specially designed a vegetarian menu according to our preferences. Both the Chinese and vegetarian food received many compliments by our guests. They especially liked the fish which we thought would be hard to prepare. We also enjoyed our stay in the clean and spacious suite after the event. We were surprised by the champagne, strawberries, and cheesecake that came along with our dinner.”",6,2023-08-10T08:28:29Z
recGXXJ0e1gseLwYh,Equarius Hotel,"8 Sentosa Gateway, Sentosa",6565776868,weddings@RWSentosa.com,,,Hotel,3,"[""https://v5.airtableusercontent.com/v3/u/46/46/1761854400000/4uciZQ60L0oZ9ceR4BBRtw/PIFKgQFWSnVlmcDl85sPyJeueHbtYkiH9Um4I8sozYH61HUB_5vd540Y71Sxtfgbx3VxrTc2RL-ujTsZmE0mSeiIrkWv7WTEjFoCh7-Du5akTCrLJz5YEg7sU1lpFlgz3tnMnz-G5iW6JjL7OKdkWpTth2ZBdBWXhojpoky6M5E/J6nct4e14Pon8-TrVBp-SeEkexia0v0xf9RDFVtJf2k"", ""https://v5.airtableusercontent.com/v3/u/46/46/1761854400000/Yx_xOxqc5LabAzOGF5_lfw/x35Wb5FHTIA0OESkOf0If4lqKa7bG4GKmRWnZ5LKyZDOnBPUDJNiLvpMgO_JTbf1nC4fWacxxIUdZDMTeox3gReVWfhFv3VInJe3bO1Jn4mrKhrbSN42IR6p-Hk_T-p4hHkUUaSxK91uCXWRz0EEDDh8cgYgIwpHrOaiXQpdTsM/GeHNFAUTan4uQG5qOyxiGa2M3VWjzAp2tlwymFV_Gp8"", ""https://v5.airtableusercontent.com/v3/u/46/46/1761854400000/ggtKtWZf2bWnQDMK3Ws0Fg/4ELpd7a-TV1xLICeLZr3vwgC86dKLQsdgtBqEbBDfL661gmF5K-2edF1_oQiw2jjZyykkcJ6yFMCeJvP0i1QmWG5Hofzy7Q7FmhBizeRf5nXrGfvH2qG-D07lerBiucAFZrXqGWx0toUQN8c0zwi9ZCKyDHUAdoloUAOeV_cBE4/qh9tIWIiDazJnwQLscfkHqFRo3elHkCyzGTWcRceKbA""]",EQUARIUS HOTEL - 6 Reviews | Singapore's Only Wedding Review Site,"Rated 3.6/5 for venue, 4/5 for service, 3/5 for food from 2 couples & 4 guests: “Went there for wedding lunch. The directions was clear and helpful. The ambience was great. Food was plentiful and nice. Staff was helpful. No complains at all :)”",equarius-hotel,EQUARIUS HOTEL - 6 Reviews | Singapore's Only Wedding Review Site,"Rated 3.6/5 for venue, 4/5 for service, 3/5 for food from 2 couples & 4 guests: “Went there for wedding lunch. The directions was clear and helpful. The ambience was great. Food was plentiful and nice. Staff was helpful. No complains at all :)”",6,2023-09-04T16:21:00Z
recGcN2UgwEcEbf7D,SAFRA Yishun Country Club,"60 Yishun Ave 4, Singapore 769027",6568528200,,,,,0,,SAFRA YISHUN COUNTRY CLUB - 1 Reviews | Singapore's Only Wedding Review Site,"Rated 3/5 for food from 1 guests: “If your into adventures or just want to get out of your house and make your life a bit more interesting then this is the place for you! Swimming, shooting range, gym, bowling, rock climbing, and more entertaining activities are here or you just want a place to hold an event like weddings, primary school camps and competitions then you can do it.”",safra-yishun-country-club,SAFRA YISHUN COUNTRY CLUB - 1 Reviews | Singapore's Only Wedding Review Site,"Rated 3/5 for food from 1 guests: “If your into adventures or just want to get out of your house and make your life a bit more interesting then this is the place for you! Swimming, shooting range, gym, bowling, rock climbing, and more entertaining activities are here or you just want a place to hold an event like weddings, primary school camps and competitions then you can do it.”",0,2024-08-04T06:30:19Z
recGmi8cWilq2rlHu,Furama RiverFront,405 Havelock Road,6567396452,banquet.riverfront@furama.com,,,"Hotel, Chinese, Malay, Indian",9,"[""https://v5.airtableusercontent.com/v3/u/46/46/1761854400000/YhIWG0E2aRlxdlLfYK7_0g/1lfTRHgp6tDuG6MrIKsKnJ9roolMd7qEDkLNrxfiGhSR9q0ujp736GEv0zuOv-K2IkGiANmG4vvh8O1E4oBjz1af4Q4-MEHlkjF3dHleY66sKj9p7ZpPGCfeJFE0mJQRsKYPoaUHqmHMC_r_ljNtjjBWgkf6ou1R5wJDA32m958/8c0mAtN0d9zOyPMahNxMeRDm1x7iwhvgkMfGh0RB2I8"", ""https://v5.airtableusercontent.com/v3/u/46/46/1761854400000/dWSycu3TGx6l86vt8IKC2A/UVh2NjTvfT9nMzphb4Nxm5_7Ya78aHFtVX7-asW9p6VghLa2m0j_-f0OOfoVS8ldN2aZRbmEf5LwjF93YeqA7318LRM-AimfRPLPpBf5sr8UJwlpUveH213vu6e8FUDTzbQNpuJBptd729KbXCGBOIThNDgO43Ktl7MvTnGEIFY/ztfDEUCuhTCEEshDHWbszlbmpaobJ7mcxNn6esNbdHQ"", ""https://v5.airtableusercontent.com/v3/u/46/46/1761854400000/Q9ICTyrJAQKr7aq1jBEKuA/9wztkuSmIoiFD5X5WHENdzI6v1AQR7FTl4n0hiBPJkDT__bkYNPJ837igT-uBUjCGRFA_HNDFGdy1KpxOI1AHSnyXlPNe9QVHu_SP7VXWWBMBZLxU53sp2hvb_LCOztVXupGWWMNkhKL0KSKqgFSYl1dRzqrIuLMSUoU6o9d74g/-83s-G1xrGpfnb2NTwj-2spKED4lLKxWPuSB1bD7few"", ""https://v5.airtableusercontent.com/v3/u/46/46/1761854400000/s-0kdUlWtQnSb0H4ut6k8A/O4f6XCfZEST0Ow-qxlSXV8efhjugRWfUJdDyqAp8Nxd3JSfkBSbiqvT_dR6MLUgp6Epi1bls1_yMK66tl6223R-_0lpKOiZLOqwZ7NFkaCUIeyp06zSgZd6GJmNv6ZVhiyfujS3fhApq8DSZ6DWYqFp9ODXy-g-AN9cyTnS3WnE/8gU5HFiPsnOn-UwXH_MuFG5uYGLKRVjvb42ZmzAgjDw"", ""https://v5.airtableusercontent.com/v3/u/46/46/1761854400000/l-kff2wA8pFIUfum2sHO1g/S_riz4Sx8_5Ouk8CZyQLBY7dWdsbS_3fr9AP5RDuKPSuz4vyKRKyOxyXWOV4dzDfdTTmsJP9eMU9Unakdok0HIijRBoY1kt158diZFU7hKrPjJZ3Dbsrc-aD69sTj3Z86D4we22dO0ndPZDKV_qVFMflwHlNukHOJLWCf6rry4Y/Bg7GClxHUyZLsHx07ow8IXWnl57VvQbKWIsjAoF2DB4"", ""https://v5.airtableusercontent.com/v3/u/46/46/1761854400000/vR1_BQu0017I53FMhScHxA/wzCAXsr1k-zJXMVeT-S6-XqCRRALnFYSuSqLtmTxAslBeRSE50o88F3zRfAXoeqdMoM3MnPczuK88J7KgGD4u6D4uTujnXTnaQzJGCjQ7KHiOOTdIui4z57EybmHWYZlJsyGI0SXoesvzeEulL90fBrfYA2n_mMZppb9nd5LCTI/01uFxRpaCfHFO47KUZCckLBYvv3r2h_XKcDtBHa4Sp0"", ""https://v5.airtableusercontent.com/v3/u/46/46/1761854400000/Baa_EB64KwZJ7UbOFp5lrA/DZJs2OFLUtP5cMj-2qDWJIgQaKmuwCAakTcqPQspH_tSVq7GQ4hv8ML4IwTOsMEyo24JqaaU3DEWtXfp0_rq_I8PzDT__yerJ85jhIdSwFmOhH8SavO6cZ7gHdubqVZCcpCm6ianoCpa8dRpE3b2KWY6NrH8jB9tnx17c-JriXg/u7k3lJEHR-IjqqWrhAgMF0MaIoH3WiqBBCYBkeh2iKY"", ""https://v5.airtableusercontent.com/v3/u/46/46/1761854400000/Csr7jyL5iK77QxJagcrG8A/AKZONMB9LEu0HdazeWOfmU8i-xPAFi7pNTFHOBudN1-B9Wn01ZdM5Yfcyf__O3vCgbxO8L2cLVQb2HJXkVbF5zdqqvQ8C5EOBzItq9lPNa1tuj7_IxPn0WzHapWMz1jwva697YnB4gpq-GKUQKn89lKeb6U5YqsNIn8N-aIzOh0/VHV6dTsIlYnTw2D3qSlyo-GZ737x3R6orkLksqEKVMg"", ""https://v5.airtableusercontent.com/v3/u/46/46/1761854400000/qqplnHx3vqnQXAqiderOhg/WsrLNEFcrFtWqvcoKbUzyr7GTQ_nk2NWprUvddOlXyn5qb9h_W9Bkxlu1o4fivg4elRyVyOUUhfBVIify8lcElDK4dR-xYJSY_KO63v7PB3-95cjBS3YIJe9wf5h8l1Cz6PprkiEsb831fz7FQUInTOeDm8C0wjBepoHIHcVSAU/Qs0NLQzNMz7Yhr0pUru4hefsxm5dF3BZE_STu86UmeE""]",FURAMA RIVERFRONT - 96 Reviews | Singapore's Only Wedding Review Site,"Rated 3.6/5 for venue, 3.6/5 for service, 3.5/5 for food from 11 couples & 85 guests: “Was there for a wedding banquet at mercury ballroom. Though small, the food and service is awesome.”",furama-riverfront,FURAMA RIVERFRONT - 96 Reviews | Singapore's Only Wedding Review Site,"Rated 3.6/5 for venue, 3.6/5 for service, 3.5/5 for food from 11 couples & 85 guests: “Was there for a wedding banquet at mercury ballroom. Though small, the food and service is awesome.”",6,2023-09-04T16:21:00Z
recGn2Pz2L4rbRGR0,INDOCAFÉ - Peranakan Dining,"35 Scotts Rd, Singapore 228227",6567332656,enquiry@thehouseofindocafe.com,,,,0,,INDOCAFÉ - PERANAKAN DINING | Singapore's Only Wedding Review Site,"Wedding reviews for INDOCAFÉ - Peranakan Dining · 35 Scotts Rd, Singapore 228227 · 6733 2656 · enquiry@thehouseofindocafe.com",indocaf-peranakan-dining,INDOCAFÉ - PERANAKAN DINING | Singapore's Only Wedding Review Site,"Wedding reviews for INDOCAFÉ - Peranakan Dining · 35 Scotts Rd, Singapore 228227 · 6733 2656 · enquiry@thehouseofindocafe.com",0,2024-08-04T13:15:53Z
recGpM8sl3i7wdWtB,ION Sky,"2 Orchard Turn, Singapore 238801",6562388228,,,,,0,,ION SKY - 4 Reviews | Singapore's Only Wedding Review Site,"Rated 4.7/5 for venue, 5/5 for food from 4 guests: “Went there and attend a relative wedding, Atmosphere is very nice, the food look attractive, the food is fine dining, portion is satisfying full.”",ion-sky,ION SKY - 4 Reviews | Singapore's Only Wedding Review Site,"Rated 4.7/5 for venue, 5/5 for food from 4 guests: “Went there and attend a relative wedding, Atmosphere is very nice, the food look attractive, the food is fine dining, portion is satisfying full.”",0,2024-08-04T06:30:19Z
recGyhQdlqcDkCZla,Resorts World Convention Centre,"8 Sentosa Gateway, Sentosa",6565776868,weddings@RWSentosa.com,,,Event Hall,4,"[""https://v5.airtableusercontent.com/v3/u/46/46/1761854400000/A6ohRD_BWTbOj8nnJoUHUw/0g978DkrygqYNqx_KduyugbXXVWuohHeoTYACGGUBmN41dc3i5IBDh1JMKB3suLDTxYuPXH4HDaFiy-TBSsPiqvQ7Q4ZDJiSGelC783-fP6twHeoTljYw2t2SUmCiUDN5rMQZAOuZP5x-aogDpAa4wBMGjFG0PRkCEtkbwC0AW0OXn6j7NCL1EF2v05Mj797/tqhgl2hpZIxoL8M_d7w54Fzw4XxMubc6o0pPYAH8RYs"", ""https://v5.airtableusercontent.com/v3/u/46/46/1761854400000/q5-ni0i899bMaRHG_5I4YA/9T5FMA2VgLDxbzxCIiiD9VGZVWXfUkFE3zSwOK8Xd_qJOqkTn67S9V3iDKWfayaGoeMfKGfmLMuVrji1w0Bfgz7MwHmg-kx3atn7dWrJ0gyAEMBO366C-zlgEas09MjmAbHOyzg2pNlf7PWRlmBPYYTqbmxIyaj27H_1B5LwoortPFHWzezGbd3aNY85CoJ2/ovrQdVycUwBeEAKjl3XTo9CmJ5z5aIdEcJsf6-yXNk4"", ""https://v5.airtableusercontent.com/v3/u/46/46/1761854400000/iTyeumZDbbMzwEkmL5cX5Q/1o8cEwvo9l0c-CCu7xgmGNFNVGex1uFOOvYPBUd6hM6lvbmMWp3sim6fFgORsklifJPQhcGd3Wpgkjs33FJw1YpBpPF2hk7sLb0yEF_0p7rxzRJWrG8CJtl21-wjZSR5T-KoFKkTLXAk6eVTTPny_41OmzjGJXv_cn9oDCKFMRgsFTmiOG4OftbhrR61RynV/Il9kAfJNG_vBjMZoA5NAhhcOEoiOmBxeUGJM45_tqKs"", ""https://v5.airtableusercontent.com/v3/u/46/46/1761854400000/reGmXU37vjEKio1AIpGqtQ/h_UWX3WkHu3a4WofOdvNNQ7R77b_XMnP7RLA3CMvT7miZvO1Ln7_ov0XhAaD-_hyt-c5SVf8FROJV15zgdFqUJNxntf0SPah1tgI9-IH-8RzuyX7JorfrRpTwkHLZonbJVh3iri0jtzuvyBdPTQs7BorOmSt9sYg4amXXg4BUvKa9b2m5FtpS-vjh49gRVFu/g5dgaW6f8fDVwARcS9PeGf2nf4JAcudQR211RBDyVYM""]",RESORTS WORLD CONVENTION CENTRE - 6 Reviews | Singapore's Only Wedding Review Site,"Rated 4.5/5 for venue, 3.2/5 for service, 3/5 for food from 6 guests: “Went there for wedding. Nice for the decorations, but food & service? Not very nice.”",resorts-world-convention-centre,RESORTS WORLD CONVENTION CENTRE - 6 Reviews | Singapore's Only Wedding Review Site,"Rated 4.5/5 for venue, 3.2/5 for service, 3/5 for food from 6 guests: “Went there for wedding. Nice for the decorations, but food & service? Not very nice.”",6,2023-08-10T08:28:29Z
recH5VkryHPzX3B54,Grand Shanghai Restaurant,"390 Havelock Road, King's Centre Level 1",6568366866,restaurant@grandshanghai.com.sg,,,Restaurant,5,"[""https://v5.airtableusercontent.com/v3/u/46/46/1761854400000/JLaj7Kw48wG-KzanZTNtIQ/eyz-yEr-DrjmzigfbN0OfhhBvkZA5KIY-ic9WbxD2lYa_kU3S3Hn8dhEtLq9NWF3hziU4NBoAwJhSGjoXl-1yXq3Rv_3nNXhlfv-2NPwwQBFYNDP5RiezLzYoNZEL9-hu1MKYsRhXZkxbirv4aOpn3d9DFglIjIe0006bVRRhjYAAdjpEglNC9xqYRUctAhb/-_ffC2wl_yztOhbG-TYy0vn_myYy6yT_nN_QDT22m8c"", ""https://v5.airtableusercontent.com/v3/u/46/46/1761854400000/aQKoJMKHVkcjmC7dA1iXSw/2CImU9Vy95rndOb-eQYHWnIaUolumhu-qDDD3Wy4xI3Ban4DbhabeE9WUNl1T9GqR8jGG4BYFa88eooxEFWZoCfiA53EAL89cIpkNzYX6GOtl1u_wB8om5pMXVgc0KE-pRcQKkCWicd9mOaahO6rCNzruwdi2uVTmlf4TMlWiWO46mabSD1pGuxRVUAPJxCzkUS4t6s6PXZa1FbpGuGc8A/lYdGQq4zofut3MAKIENJaTQaMrfadQgRSO2nxQxRUq4"", ""https://v5.airtableusercontent.com/v3/u/46/46/1761854400000/pAQ7izUtOUS-c_YFh91hFw/prRHmCyUNOTpI-juBcCWB7kKxjBX1DlG6H4k8HVPyLp-N8OA9ty8oyf-mfDs8OPU4exBeoSgjL7K77bsB3qXZuLD7rqpTkGbi1NJeRpu1YZ2iPIMwdkRc4dnJ15rO1l8s9LUtZD9BciRlPA4J83xSW2fjAN27TZN_dvi5pn7kB2RfEW_qOjaaKUezGa3di31/sCg45FhuIWXjtgOjIAeuDjK3IWKsptoFfrplwoSrKcs"", ""https://v5.airtableusercontent.com/v3/u/46/46/1761854400000/rGhWm05FLy89jj1DABRHnw/cNagJ6kmNBK2mfYQX5rA8d23FoQ2UyrlTk8_XbEMM6oxfVDk2Tx2MvzADTBnPKRHG6x9T18Y_8vCz2Ea4GY2RIuvuHyMl2FyadKmWUw8UbdBZfboLF3oxD4JF5zVp8CN6Te-BX-AdbHyIiHJ6mbF9E6gmBkJk1RmbE4V0ErD18zgt2pkBZW5vuOVjwJWeR9i/g1QA8GM32bMHaPmyqdQt6oPUPffm2Acz9gkzTC09mA8"", ""https://v5.airtableusercontent.com/v3/u/46/46/1761854400000/_Ao0yG7o2bWE8K8YcBFMMw/2TOygiyhlO_wqIfE49VbkC2ahC5lmwDpxuQ2HSnMPjA7TVhOnBEUhnXzgu4fgCZQ6e2ySzDoDAVZ5i7VHyS7iMx0j5oeRAWL397McX7Db8DEcdklotx8H4fMxcDwMm4LqQjSDkzWpN8w5uFhjWknqs0dXh38Sl8zTy7PO7DK6Ssle9hCQZPKoHz1jGNC6VHb/v9BRk3uqgOf1gxPvEEXLR86yOWrclP-R5z2Gz0i1jwY""]",GRAND SHANGHAI RESTAURANT - 21 Reviews | Singapore's Only Wedding Review Site,"Rated 4.3/5 for venue, 4.1/5 for service, 4.7/5 for food from 8 couples & 13 guests: “GRAND SHANGHAI RESTAURANT A Tribute to the Paris of the Orient – Grand Shanghai reopens with a brand new look and refreshed menu Came for wedding dinner. The new Grand Shanghai rated number one by TripAdvisor among the Chinces restaurants, promises a feast for the senses. Inspired by Shanghai’s golden age of the 1930s, when it was known as “The Paris of the East"", relive the lavishness and vibrancy of Shanghai’s swanky era in cosmopolitan Singapore. Amid a contemporary “East meets West” interior setting – iconic art-deco motifs, elegant chandeliers and modern oriental designs – Grand Shanghai invites you to immerse in a vibrant atmosphere of fanciful soirees, live bands and authentic Shanghainese fare.”",grand-shanghai-restaurant,GRAND SHANGHAI RESTAURANT - 21 Reviews | Singapore's Only Wedding Review Site,"Rated 4.3/5 for venue, 4.1/5 for service, 4.7/5 for food from 8 couples & 13 guests: “GRAND SHANGHAI RESTAURANT A Tribute to the Paris of the Orient – Grand Shanghai reopens with a brand new look and refreshed menu Came for wedding dinner. The new Grand Shanghai rated number one by TripAdvisor among the Chinces restaurants, promises a feast for the senses. Inspired by Shanghai’s golden age of the 1930s, when it was known as “The Paris of the East"", relive the lavishness and vibrancy of Shanghai’s swanky era in cosmopolitan Singapore. Amid a contemporary “East meets West” interior setting – iconic art-deco motifs, elegant chandeliers and modern oriental designs – Grand Shanghai invites you to immerse in a vibrant atmosphere of fanciful soirees, live bands and authentic Shanghainese fare.”",6,2023-08-10T08:28:29Z
recHDZVH5gjOfdJwA,Hilton Singapore Orchard,333 Orchard Road,6567374411,hiltonsingaporeorchard.weddings@hilton.com,,,"Hotel, Chinese, Western",21,"[""https://v5.airtableusercontent.com/v3/u/46/46/1761854400000/fOePzlmZmnbO5i6nJWzoWQ/3gkZ6jc6P4hSD2hy5cVsf70jUCMfKvefS0i-UsoHsaZdG8LQh8WVAXySkD_2yq2RBAfdyPoE4RpSEusOG0DYg0l2oTj_mNV2b4IATo1rxoHAexz649WSB_ykfla3jf7qn4ZundlQVQcV0_960dpbO1qK1z84WgOLTpd2eLj0gaCDhCmdXtOArv71PWipGMDHVwaMEqhhm32NCO2mhMZrHJbIFwUhYsbOYjU9oC8HhVE/TMQUFPre663SgCg51st2-Mi7CmJHqkrklTwz6sFB9f0"", ""https://v5.airtableusercontent.com/v3/u/46/46/1761854400000/yyBBlY7t0CF3lG_bzMrJtQ/3ApevdJn5k9vvjjvCFj4G5irmd0aiuN7JiJyMqKS6srt17qDuw6FkHjRmUft4wWkc4BmkG9T5paevpGkIHf3-Uv7lueC0cC97tYEkot8cD0gLN-x-kfvrd3NC-U_q8K_IN6APNH3AOgcscnKlnAuHm59C8xee3bMQLnlUbDBkj9lQ7D1GHFmu_5_fjzeZKjMv7c5_PBXiwtSSRcIWIXFPrKGffjFLvge223e-Szzm8s/jHGqIiEqr2t2E1n9zV5G18nCgiyIalJmCaGFqV6kf3c"", ""https://v5.airtableusercontent.com/v3/u/46/46/1761854400000/WT3o2uXEX-Qov12ebpI_hg/j9LyzD9AN-dO-qL2XMKxXrNhtqdSjiwS4NwrbEFVmtTnVjJFONNhBHcG65sdnTHkiRDXHodGsMVwSMtqLJXZRmx3LQmgUGFoT-7wGf2it99VVQX21YYtjBmwbsMZj2wgdaN1Gof-ZC5h4sbl40QOv5HyfYikryAsxIX_Xds0GjiokxamiLgtS8v2THoDl-ct336f6NC64jRPLSr_kgZ3Jq7cmYtK4sXosDLkitrjdDU/hJKaVg0fvhBlICTxf8atsd3_nNh92KVX47R0M8tkmLw"", ""https://v5.airtableusercontent.com/v3/u/46/46/1761854400000/hMVE2rq-pnzymkfzpg9Hcg/tCjH9uI5o3qmAhpatqgyVBOXb6OqJf7odk7Vzod6C8N_JLP5v_RaDbJNuWR5qOqPav8jDLGFdYdDQGj77ppRZcgG6iEMhKzlVyApGgdPoYuvvbetb3rE9gbXOYvmdydNz1Nd2nDdNhZswVesP4r79F02nsgUZ5LQvmKV0vt3cjOZ-WVCq5BO92a9zzrKsZEMYhpZouVGivp0tVi-n_Yhlg/159jv-T4_r3bFngLHvn6D6DcYGSdFGr8GI-o82GoG2k"", ""https://v5.airtableusercontent.com/v3/u/46/46/1761854400000/2FSEXfQvdCd1jiMfTm8y-A/PmwSNK6dGOsnO8C7y789a-6tMeBs8byzOMpUN3y683TmY96WaBOAickLg_muNj5DTPznF3VP3x1JpszGamDlOfQVzWHiQtYr3Dj3yMrm_ds-Q_w25mF6p13mqOJPUo7sLI0aDTvX-A-FTa4uFm4sbBCLBrOSUT1OGqL6-9mHYoSPx1OxbGhMNdGDcLvN2ZYLMvdtL144okd2ygfyPEHPeIfL0dpi9lpboMc0a0xVK84/pFrHxGOzC2wxyGT2Qku4qoEnxNlXbKrvHOhtWX5lN0s"", ""https://v5.airtableusercontent.com/v3/u/46/46/1761854400000/arJ6xzIWYfhXf5T8vt3Tzg/PeGhdA6ZeWAF2sbhSi5DoA9mbLcaKHRu7SnPLRopjNWisSHs9AgUeW6TDPzK42PD6nh3mCLs4h0EQ_g6BYyRDuDzzm0LZXm0vNxLMfJ7o4AR3sKGL4Bv8174GkK8hOOSVV7fn6MMrNrWLeEYlmhGsZwpa62E8fzr5t27VLZG3NWZl8mBNq9GhkEThcfhF6dA2I9OacPhcDn1QERePv4SIKwO7QIK9-VgzW1fuyWesTE/IN1oePEgc7MhgToWOxsW5IVVTBreRl2lEFaRuMnlEQw"", ""https://v5.airtableusercontent.com/v3/u/46/46/1761854400000/hXiZzz2Kl6vvkVKczJaGtQ/8bCDK3YRSw1WqBTQVc_4ybImpGpuOp54yZNUXkFfEnnbUxaAonGFodRiJ6qbj421yvzt9-5DpOz_Y_3a1z7I1uPwTA6xe2_4wGl7IFaywdHrPKufoDX1PYMiLUGLxESc40Ra_zzARaJ7N_j0B3GmiF3tWc6HZnfQKLW-Sm3eqscIbahCDZsTxcKvs9lWhAZC0nPRiCvgUKht-Hb3aQnTtg/g544dMKiZewtwib12CfWjlZJ-uG_HH5m8WIAUmqTdf4"", ""https://v5.airtableusercontent.com/v3/u/46/46/1761854400000/cXTs78Hz9iVnz9fYYgeNbw/57oRNiaGLokJDTT63aj9x3UoFZUj1Ex9LmeePZCOomECHo59q9OwlslXfokusSlESsN-QkPy0QkGnJLWTfhwBhxK7adW8VqO6Eq4CBY81tMWE9_8wcB1ruFw1LulFGZ1sycf9tW1jHp7hIuv7JFqpJszDm2xzdj9BDry1JOp8bGHXyMuLataZbkZ1r_kgummA3SDUR4KWj6-v4-CMo8QpQ/0d61j4zxyXcV1sQuTVuraQLyQtRpwVr3Eoy1LUXjpFQ"", ""https://v5.airtableusercontent.com/v3/u/46/46/1761854400000/e9W2DyglHElOyPvzaONKWw/3L99eT9JLxqSug_Eg8TAQQYoCqAx1ygh5vx5q6z6bHCnsBgpQDiXVfrRA4koVOkhCr9xNZSssnpLIhvEn6ZtObmJAqxF1H7magEYnp1UatOaEUzKwCpisaNwIBL55R4PTCPjGrS05SCjeNu9qhNKnh-ppdyZeUr9nEkXnizdWuW6TNDWO-_W1svIN5GQhN_Md0xNGI_VnzAgledmo3MlBL5_iVMzL0cWpVyr3gOPEIc/-r5dFqZeCnQty0nsor6qfSfPGtEyA32PsFFs-AbzFno"", ""https://v5.airtableusercontent.com/v3/u/46/46/1761854400000/khBBoPs1sFegwRMra9kfIQ/g-kas8nh9gKSbsw5LtYWVBgW6YPFUy_zh9gUHDyiPha2pYlDLCawDbRE8LheKuvw5X_jl6usX3oLe1z4CmXD_zZmRhFzG8j05fjvlxe5t7Cq2mX-4aKMtmGM1TQ8VEF-ljRNoI0C7iWHmXVApHLqfzmcyUkwKy0ZBBwjSERv379O7YvtQWE1qBYK3ssW1AMA/oLi-ovi5AtbCO2R8I1s5JApgewjrvWSTDZbbvp5a32s"", ""https://v5.airtableusercontent.com/v3/u/46/46/1761854400000/rb0T_y8tirak1Xfr8AXMSA/ARthymxnsv2Yufabd5Nx9l2nmkV0P1cz4xhhKRF_7EU7vBqo_gDaF5vhdWLx2tLtQPvzRZcg2qSwE9v20nFKuV6y_Ak7Ahw4psWWMlrMaHMgh-tMydhXCgqEV4UdC8xDcbFrOPfN58EqPftnYetp59jHjz8IjolT-DnCIHeMZaxfIS5ShtYYQzf6F5w9Mz0Rb9xmqQvrekIkZBvcvvFF8b_75TlUywjlvr27EuTGRpta4XwrHKwlYm0jmkdi7KBG/l0vsR6t9q7uSTSilideSzsY2jUyokOWvVD9eXKJ2RhY"", ""https://v5.airtableusercontent.com/v3/u/46/46/1761854400000/bJQbckxua3owLSfJ1j02TA/Y_Gg2Jh4D_-cB09odM_1Qk6Xgui199WJo7F9cfQvfrgDFyaF37As1LkDHGl_AkomLGRkzIWO-y6dlThhRjp2JX9T1ffHR9gbtaVQyILGKFckJQdPS1t1ecPN2AsRCKSaRzk7kAHg769RSPOKIdwjagTcg4UDG8eQrKNlKWfG5e61rkGV83d-oEXz8zo89dHYW69OP_xPdO1d6tvU6pPC5g/_QGLOeW-XMgA8PElL0gQaYjWT9Oi8C0cxkhGEfUXDLY"", ""https://v5.airtableusercontent.com/v3/u/46/46/1761854400000/4qy7d2Yr6AeerIq9JeKdVg/kdCcboywqqwv-Hb4cpeL0Nr4Hq8aSQgYg-rci5yg-EYmxa-DybWfauFLg83CUVjIG7pGz2k9CvidTsPVHTXcgorLD7YzYJq2yW08KJITNplcSwHTdBP2o2Rqz1YTcHVWqO0qUviPkwXgOcfRkCVQJ90nh4CvgNplkoQ6Pglp5yb5mS2SCzoGpoA3f2DQnnRio9swNU5QGT7eyEEIR7QeuJHoyVpO2B52SnJ1AkLRMKw/XP2S7S9b2bs5DzLSlB-D7gqPlG3utyJuPuRNr0lff4Y"", ""https://v5.airtableusercontent.com/v3/u/46/46/1761854400000/w9u44oYBCxcNi6QOqm5pyQ/cZzjvsZpssIt09yTcE2lC-uMtWL1mU7rHTnr5ZUVatrjrj_ld1hJiB1E8VwDU8up1dpEoFb3_zu05nTWFrToJVqPYgZQ3DUgpq1QXkejkEHvN7ks_c9qnWqAu1NSAjSr0h-MNFSi3-a3vjLju1QdDgf45OQpD-3oNyk-ImLwJVWlYFTqEkCzBa5BaPAgrYsa-Jv3h6xDiel3UqdRUSwwPQ/GRN6mdt3tT9t3TwTAmm31NwwV1Lm1B1ytu24MTQ74FM"", ""https://v5.airtableusercontent.com/v3/u/46/46/1761854400000/ufq2CFWsqLAyzNxhbAa1Zw/CYYRPIIBJWkDAl4zOa3Z1qJBBVPU4Ls3DmbdqAS335G5blHG9COl6UZOe14V7Lxx4OuTDF7gkzsjjrpdhqV6nsa5G_hvzKoLMxd2jhesYNSJv6Dj6RP3eI__Lhd0jLijDQTJ9TiY37MGTAQmSfGhOuliNRUlDGwXVHOugniTyGpXQwZIZtAJvEFZ_3TImnjv/aJxDIUled8TS7jq0FXVFMwzY5qsTtgnCJoETKutkgFg"", ""https://v5.airtableusercontent.com/v3/u/46/46/1761854400000/etaGinG4s6Y50eDdzo163w/pHta0rjqkIR24Nf6SFaS539iJcFZGPQUxeAnbT0E66zU9n4LQdRQfgwJuWskn1hiLt7Fy5ou-BMoRTiXo3c0oH-NO87F_dZXf591nGyhDQBsIIEFMP2PiLkVCeZ9EXbts4uVtRD4qFV-2YwpOfQMaEKNGCgt8F505Ulq8hdk8YusnqStlIqCSh3Wx49psGeD/7h0NqGBu9uf48vfDOh1eqlFt91Ppz1sAb31UXPbVoPY"", ""https://v5.airtableusercontent.com/v3/u/46/46/1761854400000/EKeptXY4ysgFXKVwDVHCKg/NSR7wSwifHaJbsQXdYM2HtwaQLUJpk47RPLiQT1oJjfTif-pm5O1OCgkp-GjfXl1LuKSvIDw_bta0Tl-RNJv94-gA46-TRlG6XAfA86qKg_rRjjvODGCFHCG_Xc7a-ypOLgf1oOzU1GjOZL8DkBmqUPJ7UGBeHxbA12Uap28yfjRk9keGLY2iU6mIzMJJBWA/oceY4IXPF_xMRbacOwu3IGOzY-ks2Ljypz8-4_Acbwc"", ""https://v5.airtableusercontent.com/v3/u/46/46/1761854400000/tg2DKuEPNeWeM5y9EmSCUA/YhTlDAYpaFKjoK6LTJ6bss7_lE6bgYC4lS-Gzhs4EOwTcP1w2f4OpGDU2OWByydHz-8KZxCBTmXhqE0hm0Hg3LIGq6s_zWSIglb7xFGYi7e9TrYFCOfj9f9oweUeaxXbeKraUmJqu4WePGX8QhV54o2UiRI2At1LOudygupVCzYxoj9olUHjbY7LhIU1Pfm8zA0BVoZV9rkOFRojmpEbgg/wFKqZYdL8zbVryOhlXaZWE3Z9PXVcAH6xNNERsO_I5M"", ""https://v5.airtableusercontent.com/v3/u/46/46/1761854400000/kg8PcWHBkxwZgTbLpK_Eyg/B8njPvFeZ9HCurY-FMqBYfUVwi05qYO2GH02_PYmOb1rb3Mje3ik8arFtUHPGLLTS29iaaIePb2N-UO6Rd8TCItCmHTtFbg5Q5Lmd9-JueqDz4OE7Bk4eCI7HaDo2czUZDkLmMFQZ0tgNLcosOegPirUpvLlZWJuy02L_uMFb7J267s5DA727K0NjhmqkXEIG3COLTsIyihVLhjMP3pKZg/E91PtXC2NS8j6Gf9ToOJbp0lAs7V8bK2ap7VjoIdz1I"", ""https://v5.airtableusercontent.com/v3/u/46/46/1761854400000/FPqhY-TspmDG14pvmAKwTQ/1wA80jHA26cERv2PYJAOYmXW92xWCQassSY4x-ktG7fgxJTlhcXg3mC9M3RorCO0oWP5i_k5YNieecB4jUyRu1abMZsQvk8woydF4OVWSiqYWBnbplxftAscB4qpDHNvHpLcNYivWobJt8gi5klAWzJXHnWj0wsvo8Lb9BtulucEYi8kPnJFkg6C3bDkmMETam8vtHj0YTv1HpEeDo4ItA/HyY78Wi1VgosTnY2y50ZBpl78C493NGeOgurm9E-JXw"", ""https://v5.airtableusercontent.com/v3/u/46/46/1761854400000/YPeLsXYq4FPWcaENBr97Iw/ppEwhsLFrsS1rvoYOreToWrxIopBhGOCFqyJ5uvBlueRzugPJMvrytE75pFasDx7mZjlF5wdpnPwwGWoBYQBayE1YnZ2AvnNcgfuqUNL5cQP2GDrgAnddE4B8bJzKB6k_2l8V_6bYjwbNgEpWwjUmsY57CYlAhJF1Qpqvt2Cx1Q0P1eu6alx4kr93ZqVh5ko-cWUMGyiOnzn_iHCR47mULSYYpToHps09vQyBFqWRW8/J5BzZiaq70xB0pzUS4BdGuHg5LMmSSO0JssjqYsidkk""]",HILTON SINGAPORE ORCHARD - 8 Reviews | Singapore's Only Wedding Review Site,"Rated 3.8/5 for venue, 3.5/5 for service, 4/5 for food from 4 couples & 4 guests: “Ok place to have a wedding. The AV team here needs to improve.”",hilton-singapore-orchard,HILTON SINGAPORE ORCHARD - 8 Reviews | Singapore's Only Wedding Review Site,"Rated 3.8/5 for venue, 3.5/5 for service, 4/5 for food from 4 couples & 4 guests: “Ok place to have a wedding. The AV team here needs to improve.”",6,2023-08-10T08:28:29Z
recHImSsUINgV5fjB,HIGHfive,"40 Sam Leong Rd, Singapore 207930",,,,,Event Hall,0,,HIGHFIVE - 2 Reviews | Singapore's Only Wedding Review Site,"Rated 5/5 for venue from 1 couples & 1 guests: “We booked Highfive event space for our wedding after party (about 10months in advance) and it was generally a good experience with Highfive event space! We worked along with Ray, one of the owners of the space. As we planned our event such that we would transition from our banquet (ends at 4pm) to an after party at high five, we appreciated that highfive allows us to book the space from 5pm onwards (set up at 4.30pm) so there isn’t a big gap from our banquet. Most event space allow booking only at 6pm onwards, which isn’t ideal. The event space is also relatively flexible, allowing storage of alcohols and our stores in their storage room for a night to ease our load. Our guests like the event space on the actual day, with a good variation of games and activities (Nintendo switch, fooshball, pool, board games, darts, karaoke, and even a kids area for the young ones!) it’s very comprehensive and suitable for family setting with multiple needs. Strongly recommend this event space for whoever that wish to hold parties!”",highfive,HIGHFIVE - 2 Reviews | Singapore's Only Wedding Review Site,"Rated 5/5 for venue from 1 couples & 1 guests: “We booked Highfive event space for our wedding after party (about 10months in advance) and it was generally a good experience with Highfive event space! We worked along with Ray, one of the owners of the space. As we planned our event such that we would transition from our banquet (ends at 4pm) to an after party at high five, we appreciated that highfive allows us to book the space from 5pm onwards (set up at 4.30pm) so there isn’t a big gap from our banquet. Most event space allow booking only at 6pm onwards, which isn’t ideal. The event space is also relatively flexible, allowing storage of alcohols and our stores in their storage room for a night to ease our load. Our guests like the event space on the actual day, with a good variation of games and activities (Nintendo switch, fooshball, pool, board games, darts, karaoke, and even a kids area for the young ones!) it’s very comprehensive and suitable for family setting with multiple needs. Strongly recommend this event space for whoever that wish to hold parties!”",0,2024-08-04T07:29:48Z
recHKJ8g7S2vgvmCe,Alma by Juan Amador,"22 Scotts Rd, Singapore 228221",6567359937,,,,,0,,ALMA BY JUAN AMADOR - 2 Reviews | Singapore's Only Wedding Review Site,"Rated 5/5 for venue, 5/5 for service, 5/5 for food from 1 couples & 1 guests: “My dearest friend held her wedding solemnisation ceremony in the Whiskey Room at Alma, and we thoroughly enjoyed a truly fabulous meal and top quality support and amazing service from the staff there. Yong Chuen especially went over and beyond his duty to offer us his much-appreciated assistance when we were setting up the table decorations on his day off. We were hosted with warm, friendly and attentive hospitality … combined with exquisite, delicious food, making it an exceptionally memorable experience for everyone. Thank you, everyone at Alma. You made a special day even more spectacular. If it were up to us, we would give you a 3*** rating !”",alma-by-juan-amador,ALMA BY JUAN AMADOR - 2 Reviews | Singapore's Only Wedding Review Site,"Rated 5/5 for venue, 5/5 for service, 5/5 for food from 1 couples & 1 guests: “My dearest friend held her wedding solemnisation ceremony in the Whiskey Room at Alma, and we thoroughly enjoyed a truly fabulous meal and top quality support and amazing service from the staff there. Yong Chuen especially went over and beyond his duty to offer us his much-appreciated assistance when we were setting up the table decorations on his day off. We were hosted with warm, friendly and attentive hospitality … combined with exquisite, delicious food, making it an exceptionally memorable experience for everyone. Thank you, everyone at Alma. You made a special day even more spectacular. If it were up to us, we would give you a 3*** rating !”",0,2024-08-04T06:30:19Z
recHjY0pvMF8Y3Jdm,Muslim Delights Wedding at Concorde Hotel,"100 Orchard Rd, concorde Hotel & Shopping Mall, Singapore 238840",,sales@muslimdelightswedding.com,,,"Hotel, Malay",3,"[""https://v5.airtableusercontent.com/v3/u/46/46/1761854400000/087mWhgq1QFMgfjuOp4v3Q/dDjI6pQIQOUHwloJRKwmq56mRmEFIKlpfD7oSY2nTLv1YFxE1zc4SW1gv-poZWemLI7oiW-I5rasLMEj-9OI-DxEHaWVik7ke4OHd415bud11VFaHajSp7jAgczDbGdyR_R7WryDVvAbRfJrBovQ1ujbJLjEwIeMq4_Qb9SQXlY/YxtrsjMuAfCR_BnA2Tab0csG4L1tM2yLmjfWMw1ufxg"", ""https://v5.airtableusercontent.com/v3/u/46/46/1761854400000/uaQqqUkvad4dEAM__xLcAw/P_XrMpzDqP6B_UNPoqhWv1FOkidJBkSU36kxhYSqDCMlTJeJkkF5yryknU4h8Tx4BOtBeZoz1B3QpYJm7TsPU8BVP0xrAGua-a14BwGXRatLdAA7EB4nZFu6myZXP5iUIoQG0fSDXx9AwbPUH2Nz9WUtbkdiyqmgy1EHCdnKH50/keni3SgQ-j6FQ2bvtsEDETZugTl5PLPlGCEeeIHvL1w"", ""https://v5.airtableusercontent.com/v3/u/46/46/1761854400000/jPR94XaCisYeZpf9VxcPug/NC97L41LykGmZjzsN76X1NlYGm8s498tBbz3UoCfw3Tq5CwaWvoWfdpkuqIexbVmn4lSUVanVXXAXDhVKC0G5lZbf_GFiIXb7RP3Sr8cGyfgK9ESBcsQwoyxpF3XQYzzvZ3WiUz397H7F6JHQd0jqIzZCoubETZqAx8AIZyK484/eLPIQe9p6sKoV2F9Ry84k8XuugXQ567kuyRdbhhmdho""]",MUSLIM DELIGHTS WEDDING AT CONCORDE HOTEL - 50 Reviews | Singapore's Only Wedding Review Site,"Rated 4.8/5 for venue, 4.8/5 for service, 4.9/5 for food from 21 couples & 29 guests: “Hosted a company luncheon at Changi civil service club. We were very amused at the wedding decorations. Thank you to Aishah, Hariani and the team for attending to our needs. Service was good and food was very delicious. Signages from drop off point could be improved.”",muslim-delights-wedding-at-concorde-hotel,MUSLIM DELIGHTS WEDDING AT CONCORDE HOTEL - 50 Reviews | Singapore's Only Wedding Review Site,"Rated 4.8/5 for venue, 4.8/5 for service, 4.9/5 for food from 21 couples & 29 guests: “Hosted a company luncheon at Changi civil service club. We were very amused at the wedding decorations. Thank you to Aishah, Hariani and the team for attending to our needs. Service was good and food was very delicious. Signages from drop off point could be improved.”",0,2024-08-04T06:30:19Z
recHxBtYUfvzJxJia,Royal Albatross - Luxury Tall Ship,"8 Sentosa Gateway, Singapore 098269",6568639585,weddings@tallship.com.sg,,,,0,,ROYAL ALBATROSS - LUXURY TALL SHIP - 3 Reviews | Singapore's Only Wedding Review Site,Rated  from 3 couples: “Such s beautiful evening on the sunset dinner cruise. We took my mum and dad for their 60th wedding anniversary. the staff ate truly amazing. such a beautiful experience and highly recommend 👌 ❤️”,royal-albatross-luxury-tall-ship,ROYAL ALBATROSS - LUXURY TALL SHIP - 3 Reviews | Singapore's Only Wedding Review Site,Rated  from 3 couples: “Such s beautiful evening on the sunset dinner cruise. We took my mum and dad for their 60th wedding anniversary. the staff ate truly amazing. such a beautiful experience and highly recommend 👌 ❤️”,0,2024-08-04T13:15:53Z
recI5AYDzs7ZZLTgz,Qian Xi Jubilee Garden,SAFRA Toa Payoh 293 Lor 6 Toa Payoh #03-01,6567458822,Torrance.foo@qianxi.com.sg,,,Restaurant,7,"[""https://v5.airtableusercontent.com/v3/u/46/46/1761854400000/VZQlTh0Ei9b13MDQZFj0ug/lUTxx_8uX0bN-ApDwXhWEjfHAVZZGaUTYxJkmghhCgWxyyWJvkbmm9YKKuUpGm8FcaWoPqPHiaMhlBzShaknin78k9oHyoIVHaoZsb1m3ID8t8A5aV159EDNoaVN4jQtwLxkKsHHMbuoav5fFgzfO8u7YmLeI_xXq3en3LQ6y3ySd9N5VyThZfZz8fFzsidovssNO3r1TvaEyAohuQEtRg/MFnKsODHNDMG4-5giweZgQFEIyx6W5nYOjLjWSKLE2c"", ""https://v5.airtableusercontent.com/v3/u/46/46/1761854400000/Ph7HXjAkPN28KBeYY4CsFw/Z71DOah1eW2lP0Bp6tvDU6oOwQ6QkWfT3DP8iHhL6BVRt3j5cyCexEmkOW7jOiC2eHrIv1HOCzzVwZPcvgwUOGrML17XKlxMNLAXWdM2QcBgAE04JWsnL2sENwzTVT_CZwY2AuzKTyPRdXYEl-dguiDGGEJJkuCHF0U_uOdTphNwKN8fU-2cVoZqpyPIp4wRLNgJsViHnW6dar_qZIBAXg/N6SpO9VzJhNIeGqVlVgvVqkmdxuwWJtXzM7bmJDPxFs"", ""https://v5.airtableusercontent.com/v3/u/46/46/1761854400000/1OFLpH3_bwIyRA4fsYLrXw/WSJTGyIVVvFU0qSkDn-FVV2EBPe8dGWDXIp6Z1LmQyej-rZzZ_wQVog7_Ss3pbv4Op3SyQ6MjiiHww_rtQChq-fYn92n-Mgc6gW91a2zI94-Dp7Bib-MFh3jU-ZLVeAry701SKomhHAPPIrclgm7J__5GeGxtyy9Kc8glTpUSLJWY3rJSMv16DxRhOvoAcg36Z2-69Zg6FbaH2W0EzsTQA/a1BX4w1MT4309YEW5AqB0hHIqzVwLvKoPvsfM53M0x8"", ""https://v5.airtableusercontent.com/v3/u/46/46/1761854400000/TwBlUVLTlvDjmUmJYgqRxA/8FY6TYX9ljC-qoFQvItA2i5Kw1l0Ots1WpLoSUdOO2WKSHLgusOSRwsyGEoHqjIDxGNim5vbx24B1PoHk0Ge3dbVMiQqmg1BkNxlPl2pX-RWX3ezTrRZBOXCTqA69QJ_IlhqJ1jiHFlKgRr3eqbOSr7VKit01Vyq66jQYJ98BU1dXIOq6-iJVKP4ZsqS61pTrcVdBm6dmN7RX_euD6JXpQ/cOsbfAlDLrqR1pu8kvCO5muUrXkNba5lE2O34a5ep4k"", ""https://v5.airtableusercontent.com/v3/u/46/46/1761854400000/vgq6YCqQHX__wlfIoQOoig/t5_aoP2UPoXromukAGPCCQn2e5UZ-I-SyCWSHAHhm7Xqz-jtIt_8EbznMWLzOotmQfPj6RiUtQHZUmeeQu11AyLhtH2kyXWEEieHRWvfdjEUjZgW3kpwB3IrVdwvNXrmAcMreY4IJQFRRRjTLSwNRRJe2bFwAXBrUC9vhSyD46ukWuOsq7457ELRVDIV1LatEX4X-EUS9Iv3kLyFbl69NA/fL-Zg_n-jH8y_Dy9Bf3HnfBBIrWIWyYa2mLaRrjVBn0"", ""https://v5.airtableusercontent.com/v3/u/46/46/1761854400000/pP5B52wSgjS8zuiorzkb9Q/I1YfxRxkpGKlaJ8AlQ8hGpsEwd1dBVhIWAVIUnYJkieP56zy1-vqN-Pd81a9NTO0GdadMdxL0YtY2y_0sq4k--9b6m8_rr_B5RCjI79w56rZG0wR6rM4lxpqxQZV76pmwZntjEN6NBuWzpxRfg70fD6n2hTdpyN9AtE0Knp-bqUgXSRJk_T7LZdGnAsbzNM-6MdjcWj335TznqOsrHG8Ew/SXMiN8kzPo5BlorueKc3J9GxRp_AXFPYsQ_GsrGYWzk"", ""https://v5.airtableusercontent.com/v3/u/46/46/1761854400000/IrcFfjWaSDX1kcahUJ3msg/7vQto4lxc5rGfh1eLVbvU5BzqO8y1adFaEi8NqnGdxJM04Ky2CWqm8RxfTbTkt9xqdZd8Ofz7wI0u59CfMiJh7xjkaCu_5CP_g4t7xfaIpc0RDD1TyeC8RsUKXPrJ01TDTHcwloFZe4bNMFEPG1SBEiwQqIzKYWuVeWU4rbZbPA/9ePdKms8qgOKWxZ3esA8pqtR99-Og7ZrFNLpVof7DHo""]",QIAN XI JUBILEE GARDEN - 8 Reviews | Singapore's Only Wedding Review Site,"Rated 4/5 for venue, 3.4/5 for service, 4/5 for food from 3 couples & 5 guests: “It kinda ruined our marriage, even after 4 years later my husband and I still argued due to this. Couples please reconsider if you want to hold your once in a lifetime wedding in this restaurant. Here is the post 4 years ago I host my wedding banquet on 08 Dec 18 at qianxi TPY and it was a disaster. My name was wrongly printed in the dinner menu. I didn't know dinner menu were supposed to print our name in full and no one advised. The display TV outside is showing my wrong name as well! my guests did not know is my wedding! This is basic knowledge but yet overlooked by your management. I have emailed to your management and was simply ignored. I guess this feedback will be as well ignored! A year later we went back to complete our meal in the same restaurant, the waitress accidentally spilled hot water onto my feet. No it wasn’t busy as we are the only table being served by one waitress at that point in time. If anyone wish to host their wedding there think twice! new brides beware ! If you considering the same restaurant it might ruin your once in a lifetime wedding!”",qian-xi-jubilee-garden,QIAN XI JUBILEE GARDEN - 8 Reviews | Singapore's Only Wedding Review Site,"Rated 4/5 for venue, 3.4/5 for service, 4/5 for food from 3 couples & 5 guests: “It kinda ruined our marriage, even after 4 years later my husband and I still argued due to this. Couples please reconsider if you want to hold your once in a lifetime wedding in this restaurant. Here is the post 4 years ago I host my wedding banquet on 08 Dec 18 at qianxi TPY and it was a disaster. My name was wrongly printed in the dinner menu. I didn't know dinner menu were supposed to print our name in full and no one advised. The display TV outside is showing my wrong name as well! my guests did not know is my wedding! This is basic knowledge but yet overlooked by your management. I have emailed to your management and was simply ignored. I guess this feedback will be as well ignored! A year later we went back to complete our meal in the same restaurant, the waitress accidentally spilled hot water onto my feet. No it wasn’t busy as we are the only table being served by one waitress at that point in time. If anyone wish to host their wedding there think twice! new brides beware ! If you considering the same restaurant it might ruin your once in a lifetime wedding!”",6,2023-08-10T08:28:29Z
recITWukbNkhbbWxF,Singapore Marriott Tang Plaza Hotel,320 Orchard Road,6568314769,mhrs.sindt.sales@marriotthotels.com,,,"Hotel, Chinese",3,"[""https://v5.airtableusercontent.com/v3/u/46/46/1761854400000/6El9mCeyIf_zbFFwoGYp9g/_RZZe6sRNdEPl2lxbll2pwxbquq-dIh4eYNEv87UD1oaJb0QQFI_TApG-b3GaChzOIXOO-RJlzzhYaC5mcGevChdVVXk56WSSEqwyDL6faeQ8vmjVPDsfscVTfibmkyyngqWITixZVL1Chm_5gbgWm0gaAT1ZXVgMk0_qOemAPgY0-KPcvjCt6h7rss2r3u8/QA8Ot9MTBICJzLnV8hM3AXN9DXLxwKmhEA0mPsmadhg"", ""https://v5.airtableusercontent.com/v3/u/46/46/1761854400000/BbdJMSzre63lg9RP-BvU6A/98Sy0uUmFFKj9ZR0Gp6cVfTVIHQsqYdZ5IAH1qJwpcz7trqxEI-gBNlhN9AzHC_frmFrMP6LPDIuz2Ov7FpeCocfvdxFgkyZQ1GYKM5PI5qC9W0C_rfb0gNGlRfclwcDnonMvu_o6FkT9_Nh7BG1Ukk55zMD8fOevQ1lvEC5YcTvEupY1yJr0PoAkd3oCc0y/N0RmUD49j-U-_YConlSQiUyVmMpQyCkoISYwcUb3SYo"", ""https://v5.airtableusercontent.com/v3/u/46/46/1761854400000/idtRI9edN085ED7ho1oVrQ/GdTfxCJXPUgE0uRlOb7Xm0ESF7kRagtxlyiMsXeCIG1nnFUCMGyBrGQlfsk_rTDVKEtrGuTimYkmHbPH-DOxqakfngYktEQOG8oHOc0I8BaNJIlNw2RGeXHLri__5w0yhd5KtF24eJbv3xEkwP0qvrwVD15oD6lWMBWUpdGTOrjbqKAK17C7AfBPhqNDGmaw/LD0ZKhfmBrzrlGVLNplvAeQBBsVMBTqqdane1BlkX78""]",SINGAPORE MARRIOTT TANG PLAZA HOTEL - 95 Reviews | Singapore's Only Wedding Review Site,"Rated 4.3/5 for venue, 4.1/5 for service, 4.1/5 for food from 16 couples & 79 guests: “Nice environment. Waiters/waitresses have certain standard and friendly. Only issue that I deducted one star is that they do not have nursing room at level 3 where the wedding is held. To make matter worse, the ground floor nursing room is under repair and not convenient to go fron 3rd floor down to 1st floor then walk a distance to the nursing room. It will be good if they can have handicap cum nursing room as visitors can also be in wheelchair. Thank you for reading my comment.”",singapore-marriott-tang-plaza-hotel,SINGAPORE MARRIOTT TANG PLAZA HOTEL - 95 Reviews | Singapore's Only Wedding Review Site,"Rated 4.3/5 for venue, 4.1/5 for service, 4.1/5 for food from 16 couples & 79 guests: “Nice environment. Waiters/waitresses have certain standard and friendly. Only issue that I deducted one star is that they do not have nursing room at level 3 where the wedding is held. To make matter worse, the ground floor nursing room is under repair and not convenient to go fron 3rd floor down to 1st floor then walk a distance to the nursing room. It will be good if they can have handicap cum nursing room as visitors can also be in wheelchair. Thank you for reading my comment.”",6,2023-08-10T08:28:29Z
recImULdJleYpUoyS,W Singapore - Sentosa Cove,21 Ocean Way,6568087236,ido.singapore@whotels.com,,,"Hotel, Chinese, Western",20,"[""https://v5.airtableusercontent.com/v3/u/46/46/1761854400000/4qdnBHmHHthgzVRnxOzLBg/DN1CuUIvXLTYq4QwGUyxVBfig3o4EQ0eJ4o6zjrjCfdCud00X8A3QzzFrS-Ha6XI9wQpeXRlHHbZfBUl6Kl2jFIsk9-ou_SJiDW3gh-mXd1pwS4-fzjCbHdFn2Xb4o0BX0Xt_ULYvEbow8PcaNoBwlLgswNUJCWHtEiTnFf25Kq-HbaG_Qcrcxzi2oVav8Zy/skRX7NboHgq0YRmHzSmcWuX4BUgyJqZkgjzzGjsHrYY"", ""https://v5.airtableusercontent.com/v3/u/46/46/1761854400000/SZN9ymiyBQFfAhTt0JZpbQ/B8xAo0VpYBDLWwIOOcoLt3ttFF5n-0qI27JMC8mOZVnSM06b6imQrY6chf05pF7cbTl4GkV9GK1pOUmNCQYkE0S-Ekwd_TPbnTVpoYR6HY8zN9j-J6OAR7tGTlLGjuDLIbG_UcTrN7Fff3ivadfzI3ONPWmQXiLNHk1RoTTgJ0R1okVF5Wv9onpcl1mCIiuS/N2SlGmeSdP_VGJH-FJLFR01mE4EkqqI8mDVCSPdkRog"", ""https://v5.airtableusercontent.com/v3/u/46/46/1761854400000/RcNxbTWl0nfHWGfiSOTCSQ/Sb5F2mCuSjXaCY_f6Y0IBEvp1pbO6vWYUiaDD4EOyvMkfUHjKAaFUiTFXGh54VJ7VxccnL6Gr4g_Bk7qWiVKf2BWjOSBNl7Y03D9NHBgHK4YfJLqHH0FoSLvL7iZxL1mBrGpfI9OIpHjIW-NlCQ0MMjOdSfIjMdksFedZmzrOm8/5ZUp71aMIPosmSYQbq2VBFU3q-qDSuUbyJchho25dVs"", ""https://v5.airtableusercontent.com/v3/u/46/46/1761854400000/8EZfqlI42Vt_x1IJum35qA/3iMrZu2JoPgMuO-0Je7lDwQ6NIGD3xkQBLu4CWYG9w3qYbOFf0Bz4n2M1222YCQzJvWt5nvQbpcM610gY0Ku1CxTZOnIz0s_vaX0M3gHADh1CMF22rvglaV5WVbIWu98e8M1zzM6tf6VPa1P9xCVzVAAFo0Zfe8sjoacVmEYr5MKtbYUUKowZMtNPbFv1Mxv/a2ilAeT3b2mq_nF08HtqBrAipQi9DFKDwmdkDF3Ik-4"", ""https://v5.airtableusercontent.com/v3/u/46/46/1761854400000/kW6C8LQaNjU1FkR8CMigTA/OAsIsAcwo9B-ce_nyowM_B3KvTdhWvhqjh1-5jctpYXuITRexT35HNQHYXnn7QyTopraAFZNFtl6SgmVWBmGdrp4m3y6UdQxi52hl08Sde03BmS5VihU4UgMQLu1KyqiBtCc-wFbWOSZCuJxOiIkJVOiY_2DXmiarVHzLsQzbUjESYyqlbZlAwU3fjcDh8PU/deXyBdNDUmHj7ePrzRQS24KQdQUfShe9EIpGBNE5nvg"", ""https://v5.airtableusercontent.com/v3/u/46/46/1761854400000/PvYmZyqbjJNr4TZSux_cQg/UghrDalhRig5wMrmXHO_CFrsgSk4l_FgK5YEvoWw6R9oU1-dhFR6vKX4z9gBz6HjYGvtKYzHoFyNONc23evLOG-U8IO6GHSSZVr6YcvhiPrT35_t4TcvoUTrheafeV73lb0xVx6rVJu08JMyG4K2CnJKBGx8jD_xSxzRySU6UxgqrrYhUa6gQ77hGbhwGzKT/7ai30Pfq-BlaxcrULTYST3qFCW9iD9VDCkfGSv8U94M"", ""https://v5.airtableusercontent.com/v3/u/46/46/1761854400000/1FA8wRjnbMQm9Nly0QA5ZA/qhKX-OSHgWi3u837UxD9jQvt64GI8aDlOr5c7uMIHwIxmbrxEJTia7zpVQIUJXEQlKIGegSkYOpDsBo7pVT_C1pABrdMF_bHpNYiiXjbWBfAgxrLlyVX8Gbw4GYyHMPdHJybHqxjSJIpUk5AkapqSZuFeLVyfjYYpd55uNvp3UxYG-2OaIM1L9fLycPUzgbF/lRzYMJbv1jwQBoplUqSn3MKa9K4hrovxRlKJai13HyY"", ""https://v5.airtableusercontent.com/v3/u/46/46/1761854400000/VLTHbPbZZzZJLMH_h_Yq5A/TayClVYn0bawxbMe4YeZv8omFDYvCu8uXQNA6e-kHUpZ1SgHaOB1YvsRWKKHZoxQq5N_6bj8w1kAsroHejhUFyAyHDGFhIY3BO62x7romDfgYIoCp7GEuWELUsainO7wLd0RB2X_QG-0lX8Jn1ikBKaqRrIF_tLw5dXJKffbbUzqTyV347pRNgrScc4feoUC/_gKDVrZ-NU9sR2I0P4dQ2c0ogFOxMoD5ORWAbAxzQ1Q"", ""https://v5.airtableusercontent.com/v3/u/46/46/1761854400000/OyT3I-UIgpQ1MggWvI-P1A/xQFEoUdbIvYw_uATaOXaBpVpeMXlpyNs5pSE2N5wLSQbhcXBU_WjbDn-J6tm_HuFpauJs8I4wSnYhkYMDV42tTvVazcxeX5ElsGNhtUZfmjt5jy_s1RNNu3fJTEv1WyiYcZJullbueRaYZ84hmdVxHPcdxOmXzMFUU9Pz2WXjHLg2nZzjxaWTN4SpOLv4OTR/YvaImMwOGQNPK5G46JEjgtTZZCthwfRK9NCNNlnD3ac"", ""https://v5.airtableusercontent.com/v3/u/46/46/1761854400000/Ds72yDYY62tGei4_vr16gA/6tnIq8f6rkidEKi3jgbnJHQx0ezDiYwHxUm0H-budmyjaYWpcpcC5AGXCp49enWKOzN9QXRnrVBwdboBo33Y2gI2XPst5-S56J6yzKbllmlLi8NQKgVtNrRaCiy_HOCbaAGNr6KjX0y7MGA6DiYDaaD9ugHfyCDVWZHwzRulZekGjL6HWbLVvOvW7ENPUyCN/_mvioo_CcrOzjloXeO5VGSQImkj0d0h6TAIIRT1i6KM"", ""https://v5.airtableusercontent.com/v3/u/46/46/1761854400000/HCSuaLAMi5RtYRT15aNApw/SmJoo_WEmetxg88t3_c2a_iAsjo23f6nxdWrYLbNptA7wJ1Z5-q9iw6_XNQt7qsPPvQl1xrg0NJyY0n3YmvqR2V34Z38lVYJ6x9pmbD2c7nT6fs0wn2cP8KWoObpV2bvPDWsMoMFJS-CmAdtGypqtUruMhbheQ1E8m21iW-nMVIshigInieEdrP69jaqbNZy/xrwKqSSkh7FwL-iwwp1XeKG7ZZWV4pP7bmdk0aCY5to"", ""https://v5.airtableusercontent.com/v3/u/46/46/1761854400000/K4H5e3e8OnJqiXPJujrVUA/FfFiydiBlq3_l88CStE8bCVNuqdHOc4ikvC6XMWP4pjLZ6eDSOIkYMaW5r83pkZ2E-ViZvt9n3KD2NDgfj1nD0fgFFn0PErHaCBDO2eDnWnFwj4Q6_vEXi-_frFrIoT0KR7ApfdSRO8Fo9S5n-lS6MFkrQq2M0DnRRN7SRVgdXgt5DcQIE_RM-gOHsHd2-XY/bOqm-jOu3VePpEt--vEzpetrsECXPDXk4C_XK_l0tAM"", ""https://v5.airtableusercontent.com/v3/u/46/46/1761854400000/vQ3SVZVVBPqx0FsGbIUudQ/4TgXXaTcQkbIMqSXkrsgsCuFq76Sg0MK-STSrFpbLxNF4FrXjpswmVW3GA6D4itbpfbWNANG_09AFhF4AUTzgMu6jwV7L4fDivRU-4PsTFOTDLxxI8rM1Fj-Q64jg0i-n8Mapjc5U1HJuFLhv5G5qyWXInJqDv8MUe_xeD6-cgMYeaCzyMwkmTkUMdOmTKwZ/rrMffAfMmUHAstdYMexp7Gst1pi12bcXhYdAfBF5-IU"", ""https://v5.airtableusercontent.com/v3/u/46/46/1761854400000/s1qDUedn21j198ZL7zmXRA/DYxb-TU8MaCtrZbJ9ErmHteLPWzilNwRvuIgbl-0enG9J6RNjAwhDpWcuA48zwVIb8lT9JpqIuWgW_0WAxCaST8C4QWK-EJKbF8MuiIe1-dVr1Zu_dsOSDRP2WaXx21a1LDTVoYONEsZtw7-q3oo1C1HXkoZ87XvWEvj66lZ9OSuXcMZWPNRvthpMaaQWxNR/svtPIMvtIIRoOmPFlbCPcg_Qg1zNal4tBBer3osRS04"", ""https://v5.airtableusercontent.com/v3/u/46/46/1761854400000/NNf-Wy4hIK_cwHW30r9ATw/TUfN471wsyUBdlsOeORWz6q9IoEzalQWiubFx38ucRbd4gKQDHriL4CWZZgQ7uwEhBzvsS3riNZwJnfRPajt_mfGl3T9ZGKC_fie8uNlFEs73QX58NYXIjRGTpaWnQEhEuxiVek03J_q9KMha5O-haPZWfj8Syh6n3kN-KpDmB4/V7wajBwt4CcO3CFO6Ua6fic7QXtvz5E8v8O89ClC5Jk"", ""https://v5.airtableusercontent.com/v3/u/46/46/1761854400000/2mR2a6Hh7oYhKI2eNDNYaA/EVu9EE1jvoKIEKflnoE2uX01KTu4q-LOFJFIqZgWh0qlp7VlPS424D6lzKZdcBLQLQtjCT0KR4hjulZfmh6hdfiUbGWJe0ysiVcpttSt4FVG2ssxXQ1w21LArGtsovRB8eHJflJX6F84DlHGXavH24hGR0wTpyuVISWs6D0_qO4/_mJsEPJVTNpSez80YNmlbNgZf51HTYCSIkDzAHlPBxc"", ""https://v5.airtableusercontent.com/v3/u/46/46/1761854400000/NmZDicwOt-qfo51MDUrRDQ/XljV4KflMALxBn4jZbITdMpAXB03xKNTAIlZamVedZml002XC8vsMOx5A5lZ_xwFuEzj82hYCEtJGhFbztU3Z3jGTD2jIUIstd81QS3XyI1Spr0MkOvJjk0EABrjCqhU4qRuE0PSTwoo40oHX_vKCwJvnVA3zd6ReYl7J0bWzJJWT2_cQIxqWrvmIBfIyMje/Ko_mmCw7mttihdfSwIiTP6tXQAFVxXBIw0HATpucPhA"", ""https://v5.airtableusercontent.com/v3/u/46/46/1761854400000/zohcKM4owx7Ss-HaoKJW-w/-xt0IcySk9L5MgCiMHjGgvVJl2AxatExpMafyuDDGMFS8U5vyH57bm8U7Kij6Dv1ANvFbbyVXm1ZBJwhc3wgGhsWrKPxfs9GPtO_fWqPcm-D-UHj6fxnZqI8D3TcucsR6w37L3khrcxFcpcmWEcMTikkyyA7v4vj_XaII9U1ecJOcc9BenU0HovCTdU_7cxiTnfDToydlbZnkzRlzYsLyg/oUjp-32Nfabgy4x1CZKXyJV5Nu467HTE2wZch1MR_C0"", ""https://v5.airtableusercontent.com/v3/u/46/46/1761854400000/7S5i2iQ7OD-loBm3lRDhlw/riDoJnkoDAwdP0nIFwHKoFwxqpDM6OsZyo5_AOL1Z11QS1BTioO4Bl_2zLEveeebwuIM1ik-xUaHTd0TntJ9_vSXZ0V_mqfPzB-pdjlQNYJ6i-lWxF-plI5ST9c7VlLw6EtSNIXj0IYJRUdttR1NTajKxHPefiAUrLujs8h9ow3uFi20ZfYXqN3jLUD0YfiWUxMGrzh0pN8iB8qOPVdnmQ/y2cx9a4efi_PeQ1sXOn_atAj6tB3gopKf9XePPYvrWo"", ""https://v5.airtableusercontent.com/v3/u/46/46/1761854400000/ICSXiF2vEIb60zQkPwhO0Q/HxefIxIfN_l0WrRqKjOcsyZDvBDW7rFw6EwwsQNKjPcAxdQPPmxe2Fk6oH9ytuTBy-1yz2sYRayr62lORv6OUJI8HLRKv3ZRIpIiv6FA8VJALSPJcz6zTdAePjOBICbISMNei9iokTkO7vCzw3Fdij9zoZMIVgjTOw-2O9nhWldnizSsUbz5b7bf34CWop2P-vA8cTMjQLtV538v18VK0w/nKIwGy4IeeyX8HAj520Y10VlXzU7zIEaxxsEMqY1dA0""]",W SINGAPORE - SENTOSA COVE - 58 Reviews | Singapore's Only Wedding Review Site,"Rated 4.4/5 for venue, 4.4/5 for service, 4.4/5 for food from 13 couples & 45 guests: “Went there for a wedding -- every dish was individually plated for everyone! Service was pretty good except for an instance when a drink was split and one of our table's servers did not take the initiative to clean it up.. otherwise I had a great experience!”",w-singapore-sentosa-cove,W SINGAPORE - SENTOSA COVE - 58 Reviews | Singapore's Only Wedding Review Site,"Rated 4.4/5 for venue, 4.4/5 for service, 4.4/5 for food from 13 couples & 45 guests: “Went there for a wedding -- every dish was individually plated for everyone! Service was pretty good except for an instance when a drink was split and one of our table's servers did not take the initiative to clean it up.. otherwise I had a great experience!”",6,2023-08-10T08:28:29Z
recImuMgglu5rtISW,PGP Hall (Sri Srinivasa Perumal Temple),"397 Serangoon Rd, Singapore 218123",6565938400,,,,,0,,PGP HALL (SRI SRINIVASA PERUMAL TEMPLE) - 21 Reviews | Singapore's Only Wedding Review Site,"Rated 4.6/5 for venue, 4/5 for service, 5/5 for food from 2 couples & 19 guests: “Yoo class Hindu wedding hall after the renovation. The best of the best.”",pgp-hall-sri-srinivasa-perumal-temple,PGP HALL (SRI SRINIVASA PERUMAL TEMPLE) - 21 Reviews | Singapore's Only Wedding Review Site,"Rated 4.6/5 for venue, 4/5 for service, 5/5 for food from 2 couples & 19 guests: “Yoo class Hindu wedding hall after the renovation. The best of the best.”",0,2024-08-04T06:30:18Z
recInqyn4eR7X7cxb,TungLok Signatures (Orchard Rendezvous Hotel),"1 Tanglin Road, #02-18 *Rates exclude other necessary expenditure",6568360984,jasminehuang@tunglok.com,,,Hotel,17,"[""https://v5.airtableusercontent.com/v3/u/46/46/1761854400000/NnKtDebIVWiMZPEH1v16uQ/TIunrz8PkhIMTBnVskxhJuOkkVO7GuGWX3Idlx4iYFrjY3ns6AjrCFmKU1a-kY5cOlPpiOoB46SRvArNyxE1LhUYSKplQHL_3k9eFqd32ZOfuQjBWKbI5F539scnUtSgA5a-SiERL82TjClPhMOSFP-ILNiHHvijnWX81uy7R9A/WNU7dBOKBVp5N5jhA7jn-xibfXIo56r3PMfmabdji2Q"", ""https://v5.airtableusercontent.com/v3/u/46/46/1761854400000/OOO7t51V6PNNZny-h1zoeA/au50QebjCGcB0t-3DCQ6Hr-jh38z1yNpyE1iYwzQbPAikKjRz7zfCEWWNMq5j9Je6IChscDmTcJdf9gZwBhv5xCZ3bv7p7AAiBhqq18zcDyug9Y7qh0D65DFINLvel4t4hvdK5ST9QclCBKnnZZ2l5Si_Lt4RLdpb23s3Z7zMiqFLzIEYJqKyWlHb3VSBIcn/ddjZpDfJp4KTt8jgQBb_cDZW6D_AwhdSKOtKPsYBjnM"", ""https://v5.airtableusercontent.com/v3/u/46/46/1761854400000/CHron0nvjqQxtHmfUYBdIw/h5gWW17IJyuh2MJ5JFLlI7x3jJS3-8TyC1lkYOVvit8tMT6-1WX-TkUwIfOy7rqB-UmJCJib-Scsz2PNpz72FOzkDFLmr0wOQ7XJKwwBD7dKXmQt8MHD7FYWNqlkAy1bkKfdyVXb4OuNmznImAxGXl8Un9g68gd99pe3rV-sxcs/seXAq2cyvYAm7xf3NtPbkjWrme9QLdIP30BRobpk_x0"", ""https://v5.airtableusercontent.com/v3/u/46/46/1761854400000/KYl2aaXU8HqdBIWeKH95ow/uD2eswr-BtsDryhQpywJFfO6ENcV6gTPe_SKz5lruAadn-YXlfS8WulBde96AH7WcbV6hDzMt5bnKH2iNAscTfFIXF2RVRynCOG6PbYiKtKUk33bQU_3pcLL3mXLR4Gvtxg2sW8swtlA9dQczGDrJD9G3ndVzVOeRrsUnspif5I/N-Gslwe4fJUUanqGge_5P5seRZs9S3sXSIwq0E9-vTM"", ""https://v5.airtableusercontent.com/v3/u/46/46/1761854400000/mk8iDs3VmTZ-aOeLIA9s4w/vN6LDAw7Bb6JQoT_K1K8cWmuCgnTXd9144pnf36M6HIxLLVJnrelfMQIRe-UYEstT_NIY-PgN5BEbnV_GJgM2_TCAVPBA7QlWxyXZCQ_UxjJzguxWK2eE39_jj9bHl-EnmjxQa6H0h-NulW-LvdT5lDQcDv08buiBvdIOXbbRm4/6GOuuEwVZ2oqhLztah6Wp88sUcnCyMr5l2LQ5JPM9Mo"", ""https://v5.airtableusercontent.com/v3/u/46/46/1761854400000/spmp9okQ4cLpj6q6u0ojZw/-Cnf3NW3TXuGzIV8C4Z3Y5zJsew3WHqUKBhCWbn-MZjxXB6bmRmrjIeeP5SUGT0OG64pdtkNNHzZmI3iWTVdq_MSjaCf9CTWGB_qn2KpD0g9wRabdrJ5Ov_gpGO-eeN8rMjeI1W5w3w_7qWDPUbygERkYkhhqYlOd5DX3tOVhOM/UdjYKUhKQPfVRVWoK9mTSSkBTGXQy7JD3MPZCueD1rM"", ""https://v5.airtableusercontent.com/v3/u/46/46/1761854400000/LDRN9TpNMtio35tLk4G27w/B-rABokqIhv_MxgLoplacf9ZacB1YB8fv1Ut_1IXLYc4drjzdP-qY0-0qHwoGHPR28A3MSrtnU7US3xIPaxeWoWKWBEAwA0PZrUmOw8rgCXDp2vChgR9G4P5yE0XoOPUiMAEm4katFwJ_Y4_mArCsi2dZmM7lm16VLXlvdEL4NM/pBYydOdW5ejtYfDkSL6Emw4SzAbUCi_A7zvBpbE5ZVk"", ""https://v5.airtableusercontent.com/v3/u/46/46/1761854400000/vjegmOfmbLTn8OaWfSHiXA/wUAR9n9yDwrYD42nnyS6WofeL82zTlfMepKfRyr5oVUzQaaem1CHWqSWX3K_t6VMByWUbf6BToQqO7jBfOp9x5St2tp_lK7upds4NdwSH_LvLmcDVeRqOmDN37JSoVhRe-W8mWaSHXxuyKBI2i3XGjCBycSj6z1EIC4RWwqq4ndV-6qxxE5z3IgsMbEzyoPA/gFpaMIJACzK4iXd7gC81v8pNDPvob-szutL-AmTTNiw"", ""https://v5.airtableusercontent.com/v3/u/46/46/1761854400000/a_JBeTevdsSq4ponVMV_QA/GOoFtSRbJoBt17OSffS3hFrgdJ1-1EYIQzH9BYmpBhLMA_xQ7G5PGAJUiKvunaSSx150hpPppLeK6p59KmjCGlMVPPj691U-cOUJy98U8cqlVyTKkHIvDTi8CGrToKqRYIXtvXbnaGGywsXCiqv-iaMTju_nhCYHOJBG_JmFfAc/FLU_Z0FHjnTKe3fqdezhU0Fr-3Ei5YIjuJap4ZHvU_o"", ""https://v5.airtableusercontent.com/v3/u/46/46/1761854400000/aZhy9JBIxhSEf7U0YBkU2g/L3A2JMdtmc70Xnnmwduv33zSOOJdqhhoUO2gS4SkO1LLtVhCAxk4dH_qtIExWeFAvYiotM_Z9eLeFIRY2ElWIFIfEjcsEMINDIkAEr8mKQLz3WsFeZVau93SZz9zpwwTt9SKt6OCxb1TcBNocqnzKiUaM-A3yjbEfCEJoqPcoV0/xmhMT8w67S0EIpCM1U102kYXJVku4ljNeOSglHaeWmI"", ""https://v5.airtableusercontent.com/v3/u/46/46/1761854400000/kU_NNm6DkPi_ln4sI0xvxw/nVa6A5ZGpTil4jFcGfhzkVaJBjnlmC4X5nFSJkx86-RqU1AFhf9FDLdK9DMnW2gvMk7fsTKeyUVBw23yx0KkrwWnm0QibiVhK0RfSTb7DFWzF7it6oMvtfqNqDMq2POvpTUPUOnByDstyTAJ1k9DW3vrnJVfSRBuFZ1lQRf2nKA/g2TJCR8_n_Iq2pOBihp1G42xy8bN4hIFs2-Uya88uVo"", ""https://v5.airtableusercontent.com/v3/u/46/46/1761854400000/AX0Km0uOqnyWuJ1-Kw6UDA/e8-kIal3_LmuLOOSLz5scihI1LeXWu-_vlSp9ImMltD74xY7dke0nqim7j8uoHQuveiLQfDhfLQ94VMv-ty07Ktgb6dRwSjxLtLaowNem1SIFhcvIYuPQf4gxwcUWYstiCwzNGhEnZ04WH8sKepMXqnyChtSablMjOmX_VXtYEo/SK5lZoqJzI6X3sJbJTD8WljiMM6kxKsqZRBhNtLV56Y"", ""https://v5.airtableusercontent.com/v3/u/46/46/1761854400000/Up_0atlKYDkmxFQw2UDVtA/YWERUch_2tolCpNF6IfMCNV_aqNtdVMamvnpWmDgsw5DpH6rwRGgx3sF0kjyU8vsz8U1a23kP9QkYYiSiVjatoqr0GSMUTGfMNQyavfv36Jyaj5Rt5bU-Tec50emwS4KhcDOSeIs9BF_lk0LMKXFQm13FNp0JXDKfMbZaejTDss/iuJ_2sqyMp0gaQrdWpZBQ3xaXJameacZRytN-w96vuA"", ""https://v5.airtableusercontent.com/v3/u/46/46/1761854400000/7PHdQUyWyjEsJcKM-rYMKA/fRba_YMggqrKzQGT2gJbEqgthoV49X7hu6XUrh5aznnUVH7KfnPYukPXINZTsKsgCc5DrWc93O-0qbQxcav5TwvUuxRzzJxHb50Ttt4ov9Hu-Bk5qSKIMCCZW-KVfowrXF4GjDZEAhlOZWENmP_iKOH0_ulkzypF2uqf5NOKL4s/wzJTxZYlaBNQcZVhATUVupnV1wYqtQYlZTxQ-1Hbn6s"", ""https://v5.airtableusercontent.com/v3/u/46/46/1761854400000/W_biSvV919WTBCnA1KfUkg/2gwFWWDnsOe2_jUEHFHvoz0rUAN8-27cNnrVvBrWPCkrQwhFWg8u2QodUlxDA0T0CberwsYXGDSPthiXGof1fSbh_kgnYGHf4idTR4BB04S5diLq8XJpFTc7rxHAXRzQ8R567R451PMQYo2ZggciSMcSLJnpVgpNfhK2-5_qB8g/fMz9jAucZj52xcZtA8T-b4RBMvV_H85JRAHW7Ew3gik"", ""https://v5.airtableusercontent.com/v3/u/46/46/1761854400000/5DG41jaXOslpl9LW6kgODA/BG15onfviActZ14BR7ueSBTSyKfdISa1XLJ73emrCU-xs4MATe0Nneqo-7EAexYSI4zdJ7R9_mvIcpZ_N2IvoyA9182-wtKGyuM491eKUXiwbmi3SIvtKEFcYX7BH69srne3a7iQZKSk0-WixK6W64r2ioKDiK7O_RM972_Pyh8/RLQNAOVJ8_v5MGqCfG-07zko7EzdVu0Rl35ce7STtjc"", ""https://v5.airtableusercontent.com/v3/u/46/46/1761854400000/LJ33CPNFCSAoWto1HBS4aA/UJdvJLZxKFMzhvormB2tEob7VpF9X1-5vJ007NjCPv3D6P2R9MlNKqSeFSYFr40UcQvf7z9oXT4poBRkfoZLLuQgWAcLWFcVV96disATJj1HqD7aFW37U_L76eMrjYkOkIifCKWqRL6vCoQyqFmlWsA_t8UR8eouHqegVx13Hxk/qa1Lwl8OMJUoYkCGWXFzsJOhVbZK_BX36pJeaIqiwUk""]",TUNGLOK SIGNATURES (ORCHARD RENDEZVOUS HOTEL) - 5 Reviews | Singapore's Only Wedding Review Site,"Rated 4/5 for venue, 5/5 for service, 4.2/5 for food from 5 guests: “If you are getting your wedding food from here. Do not get their 4 course fusion.. Definitely not enough for your guest. Either find other place or pay more to get their 5 course fusion”",tunglok-signatures-orchard-rendezvous-hotel,TUNGLOK SIGNATURES (ORCHARD RENDEZVOUS HOTEL) - 5 Reviews | Singapore's Only Wedding Review Site,"Rated 4/5 for venue, 5/5 for service, 4.2/5 for food from 5 guests: “If you are getting your wedding food from here. Do not get their 4 course fusion.. Definitely not enough for your guest. Either find other place or pay more to get their 5 course fusion”",6,2023-08-10T08:28:29Z
recJh7OzM8HwIQxYq,The Barracks Hotel Sentosa,"2 Gunner Lane, Palawan Ridge",6567220802,info.tbh@fareast.com.sg,,,Hotel,17,"[""https://v5.airtableusercontent.com/v3/u/46/46/1761854400000/6q_VoZ2ThFUMmMBhAjSTzw/7821G5YLLJQHxnxBrVY0JtYtRD2omaS714dz5HRqbFvN8ee10yUt52wyn9YmAlNXpg5CHSRX7dLEZNToTgY3ljrRNCua_-9LgnHP2aZuRJGxhea8rWWNOesr21Q4RelVKVwOoBkplZndzzoycobtCqY8V2TgUpUZxu2N9kAJ0kOV90sJo3GAbz2s6LaYFUbE/e2yzunazXnQXHqaoZTvTTxcE6p7vaoraBqVCpBgxNwc"", ""https://v5.airtableusercontent.com/v3/u/46/46/1761854400000/PL33fxFP3bWRZhVY5Ta0CQ/cJWJSenZGr_Yh6VJ8wrYZm6bhUOd6jt_uLgcJlAluP7A7R_wmIaylGXX8JQav2cOsrMtfbE95WiTTyd6ygip6-XvCcZs9ZG42nP0rjOxm53P_Mx66TR2SyiFlUo2zl4sL7mK4gmnQwcHY5ZsSPee3UO-F-u5y56Es-ucxVcwDZDfovSW4XuTuxJYDgVZKhGR/_sbXqAAsNYw-n9SpRASg7u1FBNtUj3iDYv6e4VaO94I"", ""https://v5.airtableusercontent.com/v3/u/46/46/1761854400000/smZAn3VcBwm0l2FRmxQ7ng/3ZLsPF1p4EIMNPjIVIaHIN_xYy2VA8CIRUaoK-qJ5xPgs-6DITGoYVLA4ixUbEuetLhU6oQJQ7QdkOcAhQ5BmZrtwmzDtzR7rKhBSecl4vZT5W29CBdz81j6JtVfl0_V0Hpe4twOmC_b4d9-lzVsR4k27KJy8UWxs6OnBhxzU9Srx25r3oH1Y214lwXK8O3N/7msvrmx3TndVVbB3kSYdamhVetwABemS7JxZSacJdq0"", ""https://v5.airtableusercontent.com/v3/u/46/46/1761854400000/u-oNGYwS4BoeCrVywmiJxw/WubkvADEfzh1Djk2Cm6BrgdXsD0I7EkaTVI-832_sLDx4YNglujrLhPqsn9gI41gdN9IPa3zN_cbBleL4tDDfph7zwSQmqAl9ywwv4CDt5tm6jmWIkIiCfMfydqv9KS5IuYm1yJMM_dApXev2zWy9wY4mU74sR0zWS6CkYnRtMsjh4dkYEMHfJc-g28alf1t/tzbqHxI3lV7cxIxMRW6oRK62YCjKINwOKlvtB9WB-xo"", ""https://v5.airtableusercontent.com/v3/u/46/46/1761854400000/CNNmEMbPEebFUprz03xTLQ/Pn3sBM8imDGJjRC0gxpCqFcdAmS4kPTxw_je2nBFzv0UJF_AhcH1BK952apIEtkuETkuDtBywEbOwvgJmeUxW25BTMxFA2YnVHP2gJuMjhwTQzrzg1l3KVvvAnEAP8iblpFck1gK_lUpHHae2AteILa5Z00vg_14NwmCd4erII4f0aCskZJ9OJS6LcmF1yBg/7nZ98doPWzgBKDCr7l-JoNaJLmMpzXW6XAgjHy97sRQ"", ""https://v5.airtableusercontent.com/v3/u/46/46/1761854400000/j4_6jbhf14ehioRcPSnKUA/svcJoNQfv_7YPKH2l0T4iVuuOTbqYc0RhfEtBuIp939tRHzIrHK-hXE7VumZQ530ReC7cXWeGfTKrDIXO29oY2CVYjw0aZrqDdzKiwxU4o430f99kxjKR4dXFoOD9VVSj_gZBWhYPgxF-B5CN6AwOpcLvQeA1F8jl-KfA4gdk9DolFqd5B7HYAwVyx_zPOhS/-IbG2IdP6WmmnMag7-V300N5RvTBlcKrkSp8emhCP-A"", ""https://v5.airtableusercontent.com/v3/u/46/46/1761854400000/oh6at-EQrDd44pYrhYexNA/1qLvDkPtC98RKpe_kb1vajZhxXxUFLExyQA8_Bb9SxILt6qe752Is8dnKTiUT0hWtb25_2DyNMVrPjRDXoSi0VMSS3reZvPxNG2DHVod_2CIt3CunPZPkkL6Eu7w7ljjwU0djyoMAcYJfZcJaFo7kY93s5cBJtE5IBW94Nr0l9siePG3YeysBFkFUQe4_wc1/Hcd0Ua1w7FEtPhM538m3yiYb0XCPisfp5oKp-XifQR8"", ""https://v5.airtableusercontent.com/v3/u/46/46/1761854400000/H_VhhlfAQHQIA0i5B9_Y7g/mj7F4G17KSnkewQU3tSJiZeKzLjApqM79o83O4vi4EGj_GO5efPYBFG-0cVZu8h0_eNfR21syYb8RhzB8-84ILTJV1hK01zgcKf6s3-3FMgzN2lgEKQQ6De8XLaYO0baZh2NoA2thmG9gLBQNBPDFs19Xo9K7culyjFy4YVP22eJnJ7jjT4zoLIfHkEiJJtP/G0g3jSkSyLAW47D2eQOcWdn3ZIp9BeQCIxVKfaNetWg"", ""https://v5.airtableusercontent.com/v3/u/46/46/1761854400000/ZxMrxuSE0-Xbv7LW0saz3A/i9Msijaw4Ig00oMqzGs0oSmi0-IcZruT7BsHKrZf8DZef8n6jx0JcteZ78JFJZcmytA5VTZ2KNF11vEyqKoY9aejGm_no2x3_N9LYfAhJFSar1CZFjJU1CJFcvA2zMzUG_pimeUYWqIXjPiiaVbRjMaTf3mxU5iV-9VnQGo2n5nRQt1O083emQCwO1RAz0VP/sDhb1LEk0o4f6S9BeGsrm_VCWCWExNuaFckeKBrLu_8"", ""https://v5.airtableusercontent.com/v3/u/46/46/1761854400000/GrsBJ4xNjmnLSkQ_nU75Zw/XF6eDjaGMylQZDuEqiCRnCsDRApxHSZ2Um6W9W1joCa-4biiS-Hg05F2g_hcGtbFi1bE5xKaTfHbLtCGgp2X29KTMMyvKTd0UQQTRglBrj8Q-51VtMca4LXQrcMdCD3nFtw_xrfLhbk8GoUdmazAcBN3gzYnBbC5FgLIoP-OyuDctHMpDysvP5MHow0BsznC/DHsF-tsGFeNocLHysfrJL9JNSl6lHxIK1TxL7eLNT6w"", ""https://v5.airtableusercontent.com/v3/u/46/46/1761854400000/rUcSedAzgRvOj0ID1aMCxQ/rzyiR6j-Cl2eHjSzfjsZ0Ijk_HjlWAf1qbGbtiNuJk5UA2nFyZ9F_wrhuGqwkWXZOIypyxNLhx34pTgQR6w7WA335XJb6R_qATf2HkI8Gn5eQiyCA9d72kaHYjzzH4_fDc8-w8umVgMHuaG3iK5LvfnjGjvcdvL7TWS0rEv_Pmcb93-8p2uVkRH705cjH4s6/63bv6DKPtjuZxTvi3nBI0O8s6UHyjYkBiR1Fd_BYmtI"", ""https://v5.airtableusercontent.com/v3/u/46/46/1761854400000/mJxMTv2dmQjfhW2K-sw-Og/TLh1N2rF_XtIGMEtXm2vEoLIHBymTkQRP97ImJsb3RNGImzFfVnqldco8VL9GyVEpwfREoipykRigSrHAwyQGZ9cI4LWdEpTG853jaYAMTomJJ0I32wwbTvFMUCIPYj4urTC_jE_vH2a55V80tg5v0emeCU5p9Ykto9cu0zYjdC2GeJn8Z9Vuk2P0xuwnTuK05OEGbZy1FHgqldNcPbquUEvr5Ie2m1gik-cHguJa-4/-jewQ1-3LgYSU6uNvWs2VTq-Zy4tRqFHBVxN7aOG4pk"", ""https://v5.airtableusercontent.com/v3/u/46/46/1761854400000/XmxcOQs1bwl7n-VlnlRzAw/9w6EqPNuGcBwzHvWz00yHe8a9Yctgyb7rxC0iUBm4y3A7C0HobaQQ0-iGigs6zweGC88QHr-SkXn_HNpJ_GdNGbEsjH-2nMlN6NGJUWcBHXOAzYnOLNTBB7CO6PN7r5a3Qc59ScmZcn7cEf_CytycwidALd960TRbCiOWHJDUQ5KN8vguDjF14jMaKxGmUWiRmdF_0pqJ1NZYUzpJcCU_Sb3YKuw4Jo_J-KBbF9pLLc/DMiaBWa9lqOYLT1Da9w_qGWpLyrX9aE1KlsA-6z_9Ys"", ""https://v5.airtableusercontent.com/v3/u/46/46/1761854400000/ldAo4GK2Pce53AjmFt3IVA/oFm2ZviIsC2ZQUKkYuq2OWr5JLQUD84wSz5Wq_rO0VyxG_i7XZNtO79C5uPFWliZcHarQN034sA9VjqwzqFiKrhrIGxFKmlPckpTyWTm7YBR-GcsSJHXkbXcUvjXsztyUeFG29pYD7VUdrhk1D8NLvBNrOD_XNdtzM-8-m6gq_M8KPZLHGXO_aJbqy1JKBhFVPzoAChvSZVdx_WDqKMjWAkOjYRLPft0L6Hb9mRqwTo/54er3tThIgxZY7cSPfvg8mCNoPJaf_DCMl14xhCs-x0"", ""https://v5.airtableusercontent.com/v3/u/46/46/1761854400000/GIzrd2uQ9j7GrcabvArRtg/2Z4vW_JEzhGNGD49ylnyZOjaMdLh1tHkiTFJtCLYcnG3rxGOJWl-C4lZ0U81kMBjXWJPzQspM2Hai59YjfBLvmPEsaWzEcN3hx9SZ8X0CVblQJW9DBVpLpxesQP-l5u40Vr3RopthxXKqefqeFM8Mn1ae5vUYTCV09NhC0UnenkJ89RULU7YeY4XCT7HTJzhXK1nRvIED133Meyfxu3f3g/hPkd9N9jaRNsR0qH1mxlKJuI5iw1XwGAFStPNJwv6iI"", ""https://v5.airtableusercontent.com/v3/u/46/46/1761854400000/I7nB-GbvMiJpDF2IH7iXEg/ORjrQHcRvTafCg2EHUb2F8wPfKO5OCrBE6ulJyVuqcbbghDQSj2A0XoJZ4bFeLuREzXbia3zneDdTr-9e4ppgxyzU9NfyG1EqgwDm8RB3acDKphaM2h7Sr8Tuzpp7uo9Eizh1206w7wqIH6eRSwi3lAWeIlsHLJ7udTl4VuMbEY6YWUgFRPuqY-wvImjXEB4ju8obF7dUyurAUSdUuYzzfcYvXb_RDvFV_-T_JjTRlc/AbnrePoPkuxXMe2_aj9hRb_kHOJ2lclrZ7DDjv8Sw9s"", ""https://v5.airtableusercontent.com/v3/u/46/46/1761854400000/AQEL-uyeUXWm7s-Ghv3RMQ/ESbTPAFjqU6iACrgqmF4I0hCUITfsAdsyawTYv07OUKFgr_NQweoUYQaN98AgJgqAvcUEYKJC1YzgACrD4ER7I7ncTks6Mu-BhKcxV9S1c1B8rXj3GjkGm-eIoA94tG7pKpHI6-mAuaO6iLKFpeox32MN7tklEBlXH0mEYrhN20tfSW9qx-OHmtJUAhtRIoeD7WRZ7Mv0ELo5Ne4RUHLyA/eGHW6y_igK0G2tU5Y5SMv3utzf46mlO5JFIan5XXN94""]",THE BARRACKS HOTEL SENTOSA - 3 Reviews | Singapore's Only Wedding Review Site,"Rated 4.6/5 for venue, 4.6/5 for service, 4/5 for food from 2 couples & 1 guests: “A unique and memorable experience My wife and I had stayed at The Barracks Hotel for our wedding reception. We were very impressed by the top-notch service both at the reception and during our hotel stay. We would highly recommend any couple to have their wedding reception there. Manju, the hotel event specialist did an amazing job coordinating our wedding. Planning a wedding during the pandemic wasn’t easy but Manju was able to support and guide us along the way. She was very efficient in updating us about the guidelines and gave really good advice. We were able to enjoy the planning process partly because we had such a caring and understanding event specialist helping us out every step of the way. We would also like to thank the banquet in-charge, Nuril, for working so hard and making sure everything was perfect on our special day. She took the extra mile to ensure that all our guests had an enjoyable time and our additional request for having a Zoom meeting during the ceremony was conducted smoothly. Many of my guests were so impressed with their service that we received multiple compliments about their service after the reception. We were so glad we made the right decision in choosing The Barracks Hotel for our wedding reception. Our stay at The Barracks Hotel was like no other. It would be hard to compare with any hotel as we had never experienced such tranquility in a hotel before. It was like having our own private villa. The pool was just a door away and the living room where we had our breakfast and evening cocktail was just a few steps away. It was extremely easy to get around. The hotel staff were all so friendly and they always made us feel at home. Kudos to the hotel staff who are so passionate in serving others with a smile (even behind a mask). We would like to specially thank Andy for his excellent service. He helped us in so many ways during our stay and made us feel so much at ease. He even carried our gowns and luggage for a distance to our car and helped us load it in the car. He is definitely a gem in the service industry, one who serves with passion. Thank you for giving us such a wonderful experience. We would definitely come back again!”",the-barracks-hotel-sentosa,THE BARRACKS HOTEL SENTOSA - 3 Reviews | Singapore's Only Wedding Review Site,"Rated 4.6/5 for venue, 4.6/5 for service, 4/5 for food from 2 couples & 1 guests: “A unique and memorable experience My wife and I had stayed at The Barracks Hotel for our wedding reception. We were very impressed by the top-notch service both at the reception and during our hotel stay. We would highly recommend any couple to have their wedding reception there. Manju, the hotel event specialist did an amazing job coordinating our wedding. Planning a wedding during the pandemic wasn’t easy but Manju was able to support and guide us along the way. She was very efficient in updating us about the guidelines and gave really good advice. We were able to enjoy the planning process partly because we had such a caring and understanding event specialist helping us out every step of the way. We would also like to thank the banquet in-charge, Nuril, for working so hard and making sure everything was perfect on our special day. She took the extra mile to ensure that all our guests had an enjoyable time and our additional request for having a Zoom meeting during the ceremony was conducted smoothly. Many of my guests were so impressed with their service that we received multiple compliments about their service after the reception. We were so glad we made the right decision in choosing The Barracks Hotel for our wedding reception. Our stay at The Barracks Hotel was like no other. It would be hard to compare with any hotel as we had never experienced such tranquility in a hotel before. It was like having our own private villa. The pool was just a door away and the living room where we had our breakfast and evening cocktail was just a few steps away. It was extremely easy to get around. The hotel staff were all so friendly and they always made us feel at home. Kudos to the hotel staff who are so passionate in serving others with a smile (even behind a mask). We would like to specially thank Andy for his excellent service. He helped us in so many ways during our stay and made us feel so much at ease. He even carried our gowns and luggage for a distance to our car and helped us load it in the car. He is definitely a gem in the service industry, one who serves with passion. Thank you for giving us such a wonderful experience. We would definitely come back again!”",6,2023-08-10T08:28:29Z
recK861nUJU6hEjHo,Grand Park City Hall,10 Coleman Street,6563363456,sales.gpch@parkhotelgroup.com,,,Hotel,19,"[""https://v5.airtableusercontent.com/v3/u/46/46/1761854400000/aYLbNx00kpvdt1xmQX-3aw/PZrY1yMhjxMz6L1OkxXNs6fDivua_gsrf2wITdTaSrQUa_WubXqCGLIwRP5ZCE2BIv6edRcxuujIekugQuuLOl54rmLicusNnA7fPQPw4WcdRe06LyvE6m_7GifN0q1kAN0k3n2jHUoIX7t5Cgbe-Kk2S_nMfPsOYW1Pm0T2KszHrSk-NuIQ2BpHil7HuIUCC-XzzeNfeMEyExm35f3sEfsPtmTfMCB_eKK5aydnUww/qbIbUN1PhiBjfFdiXtEWgB6tmtCUkfspShM3TR8gG7I"", ""https://v5.airtableusercontent.com/v3/u/46/46/1761854400000/IwBkCuOq2BmmCp6H_i0lRQ/5skh4-Bzbtpe59DbPe1KaoyoLS1N4Wsc17iJpqQKgyxcIbWZUwGGHkOGjqlyESj8rluc2c58tMJJOlJVksdqHRr9dpmK-sS6bOiQUV55Stjp-17WBXsQ21oW1EFZbC5WjmmGYl1o1El4UkZS5r5XU4BD2V4fyi2l3X_aiTRG7bBAz3WRXEphGhtn3G7Zr5bn6cS7y9aurn8MNy770llO-Q/-6OwVAW2nHrY8NSwMtSAObzhgZjTKn-XJoFKGIl3Nco"", ""https://v5.airtableusercontent.com/v3/u/46/46/1761854400000/Nns1ElKnqnS4JwSn2M_52w/HBuJj12_u7KcwzUjDtggF-opaeE0XatyPaNYI1XXkkhzloqOqvEZO5UuoE1o6Qb0qwuQelE7oWSkpv2l6KboQqkMh608PNySx6rdf6JXWxbPlMfjVkXcLIIvBUZ2ZLQ99tuggcJlSQvPt9OI2SrULOJX5zQB-GAX7JMBA_Vg41y2DzTsRv_9S34zg2pwcKIO5Koxg1_GswKZM2zyHSvalt2Lc-3vkE29X5ypIOhbVLfOM6VC01Qoa8bDCnbjw3uH/Z7PjJWHB2bUx6KA7ghplgz7pHEXaiGdzR4aH4WeE02c"", ""https://v5.airtableusercontent.com/v3/u/46/46/1761854400000/IDrhHZ2QXZc4eXUYOHqcwQ/7O6Zm0OmKeoSXzw1MoC5sH1mMO4CYvuLm_kLIMvAKiWS1rdv41c5svfhr6kEB2Cd5tEmn4RcnfTYbs9GvzzfQbCvCf59lYKJDUstj_k389OK1lnl44pjxWhR341-EJF1c_48ctKL79qsCFw6stPtUGdVPoM65Z4k-AzWwTZ1gjzAz-Psuf3jQmeYZ8c5PmuQ3DROir8XinVADhxhSu68hvABvSW0NIB4Zx6OA_76E0s/jMVCT0CGsfe8-HdnThSv6H-nIdfXIc2gCzqKmBhUTYM"", ""https://v5.airtableusercontent.com/v3/u/46/46/1761854400000/ugte9Y5GVqvIJcjUSvoR2Q/nFy5lZ9GkDuZkGujWbRdHBL_souCiWVzk-Upz2LHf_s09xfS53KqFhcqwDvJRDhafSohAqlfXv7TJhIpOEVekDUQiUvoJg8cIFId0_0aPtbCELmTHabra8bXDCbSJSp417wbEGUOSK9TKkl7s4ju8zDAUJ2-vu4_93YecmDdL4qswovhQIi-4Sr0gkGMeYwnZm2QEeTSsE8PJkP5i4VeX_PzzI9kZ7BfvkclROfowMs/VFspdaQZqXWl96qlrxk4iQNcY7F-BQVTJOBdbAB4DU4"", ""https://v5.airtableusercontent.com/v3/u/46/46/1761854400000/b9ZtBSPIz9dq0C7PV8pNPg/0HA8ml5yGJKQf4vyu3ohmkntHHD_SDzrtEgLLTVR_vLCy-xTnar0D7-O_pCpyuIT2y7LtrpV42ajl8y5JyvP8YZI7RNFYVUx8SC34dYJ4FvoFzybOp06uhoLHlYzWizYFgUoxK-aM2l8HXbBs4lxQTV7O_KTCmiEGJIdh1CGd5kscQijMrREwWlZxROHmE5Eil14vO9jKlv0NNn1XuieSA5UdQFox-HmVI3hkBKNOhY/oyp1xDFnmC1TA2GSTX0X-rmoO4M_eB0eyon57-QCZW4"", ""https://v5.airtableusercontent.com/v3/u/46/46/1761854400000/FnM8CU_AD3JUzEY5xAR0iQ/3dzoY7_aLitVeFmq2xWE3ZibzHeT5pk10BZU_t-dqbrXc8vcXNWLNS-4_yxNRqSlSlJeT_VVPfZTY9gUHSEayRxFYP2Vmf0TdKN3KM6t9rAb8Svbsh_WtD37zD-ta-hxm8t4Fzz7QQiMNM9yWxv0e5hb8HRWwBos1oHcvNY5WFM3E2rtsmgmgji7x4moQMe63UVaLOPcK31h5tT1np5WNA/isq58wY3mG2M_kxEr9coQ9r68xc1l2gYnPsJ6b3yFiM"", ""https://v5.airtableusercontent.com/v3/u/46/46/1761854400000/1TERDBGIMCQxEaSmiPZ95w/wD9K8NYDBxHzTEmIB7Nc64x6-9MezzzpzM6soKtX2jcyrWO2KxCQqKzMguZShsb85gclcYawmS1SZlA2FWanMtcn7pMCYheFGlQrqXRfC3aOhusUiP_xBW2ukkjpXF5byNUcJLYE8CbQjSCngUrDT4mLaaDkF1E9TA56yca7UsPrGvGTpOgcHGS2SWo8TNSCiu10yc-v_ZlcuTaLTf2UZ2Y4QBCongp7BspcyniDBM0/6SQOmVLKGUD7t1pawrGsuveg8XCW5SJ0z2AgPY1Be2A"", ""https://v5.airtableusercontent.com/v3/u/46/46/1761854400000/_4DSZ8LCOgEHBZM2bBBlIw/QDawULXzkqWap34XYBRxfE8fdPAWmH9jrvHEEsv55d0_MI7Gvz-lWrUSBVtemrEYQWUVse0C4obU02_waTH2V2f7gidnwewoeINH4RfUu2PjJHyFlhLKoM-BNtLb9zZE9k4SdlKUQiT2qI_bEPN4z4Cz9JixI7ncMhCpq323ud--gIyEEjqtOG2yfQP_zWCYQkVHDRW1ByR4fKHWK3L3Gw/HNhLq6EKok1WhFLGJ2fjHWJaxMhL9SB4rC1RM7R5-s4"", ""https://v5.airtableusercontent.com/v3/u/46/46/1761854400000/pshGhGsW0m50Rp3H-jZxUA/s-eWquVZODsQfhgwE7q9YOc4VrRqfDcJm4b9Z5j7XSF7tlhp1wcXusdBy5QWocbgJ6RVcrYaN_LSAZ8N_EM2G6Mx4wiJcdwVoFgH63PbgOgt-DTSlAJahoLRPLcLF7H3tmbFBCpNUrgUllF_OrCrIrbrpiK6PtNcMa6xYKGczigUqzhxgBpmz6fnQzXynxBDscYw69ArmtWaMJWKnyeVRPxjoNzTWkA0YAuLnwg7xp4/Xj5DyrOc-yRbIlY5RzVIrqMx3krBJHcNviL1x8LG02g"", ""https://v5.airtableusercontent.com/v3/u/46/46/1761854400000/ztR3kgBrccu2WzLO5r6Fow/M5Ipr3a5Raf18qW8GMVX8q1jAjegnGjzd7rR9fSp4-Lpf0yXsDsqsmgiRO6bMALwQAG9U9IqMegqMadVlhBXBse3US2VR2XXa_SjGaZ9W7inJ5931VF7BHIM00UlbZzVPfJiSM6gHUgoBWbJF9vIUs6lmN_mlPLIkUPPw9oNusJkB4K_NYAk7frdX-b1SOD_Ptvshm6AKYwvnpwPhpn9tZDQGMGKIZ48NAsi17sOu1eimSWGP7HeSJ6gFFWWih-7/vo8bsVmgXk2_ceFLkjy47eUZY8_mINx6fWHPfK_6knA"", ""https://v5.airtableusercontent.com/v3/u/46/46/1761854400000/mkJh1Fk_XBUsOt7i0WeqUw/8mnids7AYe-DptshAdnqela0zIM-m5SHVB33OTLLVtCkQ8A0TLGAnvupaTmRb4PnyQqcTzu_VGOE1MznwzYnj8l6oeg-fie_JJ2m3ZQH9H2w3vx2rkj2Xp_aIRk3LgmWEZgdV_CsO1QQQaLplrdGr1aQOLQef5o9qh8BWLRTfz1qcwZyC60o2oNRGsppoV5oc5kiDjePzbeFUkKMaXW12XaV9KDBVWsII6s4JkZCLp4/jC0-DgiUR3rKzvVQBAqMGJv1ZMcvk-ZC3u1bh9u0de0"", ""https://v5.airtableusercontent.com/v3/u/46/46/1761854400000/ih2ZrQlfqhu_blOx6ElqGA/XRKifFSm1shR7Pk1WPJiKBmol0Vv4t99v7H0XC9WgGZm_natR06_bANKHj0PDIFCPMQZ6sYjZQTPjSTQUr2CoV42-cs02uA3ahhU0xzJkI09vh86_biEEV0SDlOQxvu_dQRvgUNow_ZMFSGPW5aw9UXWJLswLFrjHHW81OQH0mfRmKfA8k3Pwmctfzb3JgHLBm32aWU5PbB-70D0QLWtEVDxldZRmg7ebSROh0fyFHNb-rDDgjQeiztpSBNo5zN6QK6adatI2GxQwkrTsshL0w/QtNOInsZklPXurcjXhP5FyZJP3102cxUekMvDmhr1ZQ"", ""https://v5.airtableusercontent.com/v3/u/46/46/1761854400000/gvdKLcQ0KLNcx-WEAiaF2g/CXNpvMZAvx3ljbQLrgvCN0VRnMeThsGLqrlHYhv4YqvLLPOQ0lRvMtE10lZuuvExUtSQfvTnCw2kKNkyD5iD5XdqeTWz8EBhkpwU-dBqumNroWy502Aoi5tbx4wJfHQsgLS5B5IB3bqPhJM9qjojw9imoJ_EiZ51EsCP9f8LUXNMSJv37oc7yOJiATzW5xe8HuHX0tBLpGFAlwYwC0XhdPv7wSo2wbxmSl-rF03Flwc/CqzuJ2KFVc3GfTbPz_VXA_uoS-bECaDT53s6yS9HHv4"", ""https://v5.airtableusercontent.com/v3/u/46/46/1761854400000/Rl7UoWws1Y72p_mmKI6e7w/mOuWgYRtbvganYnbOeo056YC1txPlwF-_UCsbZ6cke7cBT4OioDU48qJv79-3ciA24Ln3Lv49EgL6ZaYF2CNRE_H74t80V4lNyCPqK8vqJ9Vx1JvJ61-Dr6MRPBo2koVDcz1u7cVqeGB5V4OI_wTj0olSkOi7y-R6HmvWmZLSzTnp86E8qXgu5Ee_iORlYv_/5_44eqKZgHTO2UbHjq5IMp8jYGgoe86R1P5frCCDLuM"", ""https://v5.airtableusercontent.com/v3/u/46/46/1761854400000/sjQpRKboV_KERXm9zv4SIg/rPBuV7sXBWhvSsgt1ulKTqvLMNtfWcLzPhjF9-9TiTCy4m2pOlkXE5M7nQNh9Yoyrfd1mE7LphViobybEScHQXV1bXdoVmqKSRuwAOMEiYpyCFHtY9k0YypEo6NvdPPYrjjq9fYNiYoNTTT5kQlUY0b8cmqRyIA5jp3mMI44ek_5HVZ8tdCaUyb_N9FSc9hO/Wt4DutO2K8GF_jhFCbzvb2zlkATI9uVoFvzCFAbH4-c"", ""https://v5.airtableusercontent.com/v3/u/46/46/1761854400000/5Tl4WQ5ztf6y6cYXt_s1rQ/jbSQ0Lx6dvB5LMQURu4NjdIL_ZAFA1fCcvApED3tiup8gj-8QeJbJDLPECFs9kw8OOV-qoUYN0k3HjgE37YVcRGpOdixMYM-HEVHL7sf_aKRQHp1PlAXVnRgvcyevgCDNJzJDK4k-e2YkcC8M27anQAqcdrpaVMP06xRaZwyoWd8lOAv-_U-VRLHrHvGqfe2/WKu64b7UFoZEHeFKK8etx5qrkreUAMFJ6nx2ibwm780"", ""https://v5.airtableusercontent.com/v3/u/46/46/1761854400000/GITG-m3551CSnC261K5vWA/UuK9oNjUGbJRrsK5sthPHI-33R4sjucBfPpbPNDXgVyL0WQPjveQmzaWhKv5Pc5Zw8rqgAHY62fXMybDfFJdg7gQxw7fBF_Ha25DVvMVgYqY3IX1o2HpWpLKxlPRc3ojwxS7wALArIsqrYrK0IcdvPzTPJzcxCvbALivhCM6M9MXfy7bzrKsLNiw18IDszkBhDGmUCTGbxg0QGGwmOPT6Q/q9da6UjTNeV4xYw4KrRxLkN8M6s992JK4oqEllfdCr4"", ""https://v5.airtableusercontent.com/v3/u/46/46/1761854400000/OrRpNfG53Q_Vw9BdQDBM5w/MM2nuo0tzkGf84Arq7PyaNprvBQjE6iUt0b61eSoybsATgLNwB9-EaeqMSt31MpyrbrMWeF7qC2XIxTf_Zw6dkNRSp0qqvghIvGyBMuCkP3x8zFpQYJ47tfydejJulgtA7nCUthxfZnTw4DW-Yhg2ujz129A-cGgjX2gkpxyRnm384eEkd4kiooaxp2Er6Nfvgs-jtKCwPLRKco2VUT3BxwaBn4LO4ZmIskTUM8_bjM/TXT-6IrNAD1sNyGnc-v_lWcfA1GCD5xDeuQ9PNRdaeA""]",GRAND PARK CITY HALL - 7 Reviews | Singapore's Only Wedding Review Site,"Rated 4.5/5 for venue, 4.6/5 for service, 3.6/5 for food from 4 couples & 3 guests: “well decorated, beautiful for wedding venue, helpful staff even to vendor”",grand-park-city-hall,GRAND PARK CITY HALL - 7 Reviews | Singapore's Only Wedding Review Site,"Rated 4.5/5 for venue, 4.6/5 for service, 3.6/5 for food from 4 couples & 3 guests: “well decorated, beautiful for wedding venue, helpful staff even to vendor”",6,2023-08-10T08:28:29Z
